job_name,population,label,job_start_time,n_tasks,n_distinct_task_names,sum_inst_num,mean_plan_cpu,max_plan_cpu,mean_plan_mem,max_plan_mem,mean_plan_gpu,max_plan_gpu,n_distinct_gpu_types,n_instances,n_distinct_machines,mean_instance_start_time,predicted_label,risk_score,calibrated_risk,uncertainty,correct,primary_failure_category,secondary_tags,decision_time_availability
4b52cc8265b9b527ff456892,fold_3,0,5668729,1,1,1,600,600,29.296875,29.296875,5,5,1,1,1,5668734,0,0.15491651205936921,0.15491651205936921,0.30983302411873836,True,correct,correct;high_confidence;temporal_regime,DECISION-TIME
e2ca2eda9ffdd9fadd42a55f,fold_3,0,5668729,1,1,1,600,600,29.296875,29.296875,5,5,1,1,1,5668735,0,0.15491651205936921,0.15491651205936921,0.30983302411873836,True,correct,correct;high_confidence;temporal_regime,DECISION-TIME
9159e312d2b0f4038671048f,fold_3,0,5668730,1,1,1,600,600,29.296875,29.296875,5,5,1,1,1,5668735,0,0.15491651205936921,0.15491651205936921,0.30983302411873836,True,correct,correct;high_confidence;temporal_regime,DECISION-TIME
1d58f7e0322c9636ec9c3d25,fold_3,0,5668731,1,1,1,600,600,29.296875,29.296875,5,5,1,1,1,5668743,0,0.15491651205936921,0.15491651205936921,0.30983302411873836,True,correct,correct;high_confidence;temporal_regime,DECISION-TIME
6a92af3ae5d632d4e090cff3,fold_3,0,5669307,1,1,1,600,600,29.296875,29.296875,100,100,1,1,1,5669309,0,0.15491651205936921,0.15491651205936921,0.30983302411873836,True,correct,correct;high_confidence;temporal_regime,DECISION-TIME
4de9ad8aa2bfc98fba64d2df,fold_3,0,5669359,1,1,1,600,600,29.296875,29.296875,100,100,1,1,1,5669366,0,0.15491651205936921,0.15491651205936921,0.30983302411873836,True,correct,correct;high_confidence;temporal_regime,DECISION-TIME
c7ceab7748d99d8a34fa3e72,fold_3,0,5669909,1,1,1,600,600,29.296875,29.296875,100,100,1,1,1,5669912,0,0.15491651205936921,0.15491651205936921,0.30983302411873836,True,correct,correct;high_confidence;temporal_regime,DECISION-TIME
a7b8696fd11e17307f25e6eb,fold_3,0,5670508,1,1,1,600,600,29.296875,29.296875,100,100,1,1,1,5670511,0,0.15491651205936921,0.15491651205936921,0.30983302411873836,True,correct,correct;high_confidence;temporal_regime,DECISION-TIME
0c259f2300044a2491a247aa,fold_3,0,5670803,1,1,1,600,600,29.296875,29.296875,100,100,1,1,1,5670811,0,0.15491651205936921,0.15491651205936921,0.30983302411873836,True,correct,correct;high_confidence;temporal_regime,DECISION-TIME
ef25e639f150c4271447e49c,fold_3,0,5670809,1,1,1,600,600,29.296875,29.296875,100,100,1,1,1,5670812,0,0.15491651205936921,0.15491651205936921,0.30983302411873836,True,correct,correct;high_confidence;temporal_regime,DECISION-TIME
e4739f29c97ffc862b88c161,fold_3,1,5671410,1,1,1,600,600,29.296875,29.296875,100,100,1,1,1,5671451,0,0.15491651205936921,0.15491651205936921,0.30983302411873836,False,high_confidence_error,false_negative;high_confidence;temporal_regime,DECISION-TIME
9a82a81e600a2662c92e808d,fold_3,0,5671920,2,2,13,400,600,2,2,25,25,1,13,4,5671925.538461538,0,0.092592592592592587,0.092592592592592587,0.18518518518518512,True,correct,correct;high_confidence;temporal_regime,DECISION-TIME
18583a0f290cfd73957bdf0d,fold_3,0,5671958,2,2,3,600,600,29.296875,29.296875,25,25,1,3,2,5671964,0,0.15491651205936921,0.15491651205936921,0.30983302411873836,True,correct,correct;high_confidence;temporal_regime,DECISION-TIME
e894d1a495b09a917db6edf9,fold_3,1,5673409,2,2,9,350,600,29.296875,29.296875,100,100,1,88,88,5673529.9397590365,1,1,1,0,True,correct,correct;high_confidence;temporal_regime,DECISION-TIME
387014b968ef449417ea9cda,fold_3,0,5674069,1,1,1,600,600,29.296875,29.296875,10,10,1,1,1,5674081,0,0.15491651205936921,0.15491651205936921,0.30983302411873836,True,correct,correct;high_confidence;temporal_regime,DECISION-TIME
cc91db2f8eb2e885d8f9f930,fold_3,1,5674389,1,1,1,100,100,29.296875,29.296875,25,25,1,1,1,5674392,1,0.79462102689486558,0.79462102689486558,0.41075794621026884,True,correct,correct;high_confidence;temporal_regime,DECISION-TIME
d19ba7dfdbbde93200d2f174,fold_3,0,5674408,1,1,20,600,600,29.296875,29.296875,25,25,1,20,7,5674411.0999999996,0,0.15491651205936921,0.15491651205936921,0.30983302411873836,True,correct,correct;high_confidence;temporal_regime,DECISION-TIME
e0901dea9b9e0d3879be02cb,fold_3,0,5674463,1,1,1,600,600,29.296875,29.296875,100,100,1,1,1,5674466,0,0.15491651205936921,0.15491651205936921,0.30983302411873836,True,correct,correct;high_confidence;temporal_regime,DECISION-TIME
09d9183673edc36fc926faf2,fold_3,1,5674613,1,1,1,600,600,29.296875,29.296875,10,10,1,1,1,5674624,0,0.15491651205936921,0.15491651205936921,0.30983302411873836,False,high_confidence_error,false_negative;high_confidence;temporal_regime,DECISION-TIME
c9c62696552fdea53dd10bc4,fold_3,0,5674686,1,1,1,800,800,31.26953125,31.26953125,,,0,1,1,5674689,0,0.15491651205936921,0.15491651205936921,0.30983302411873836,True,correct,correct;high_confidence;temporal_regime;feature_missingness,DECISION-TIME
5b227873868cf59f29281c70,fold_3,0,5674755,1,1,1,800,800,31.26953125,31.26953125,,,0,1,1,5674758,0,0.15491651205936921,0.15491651205936921,0.30983302411873836,True,correct,correct;high_confidence;temporal_regime;feature_missingness,DECISION-TIME
c1cf5e73f43f8f458f3087fe,fold_3,1,5674838,1,1,1,100,100,29.296875,29.296875,25,25,1,1,1,5674845,1,0.79462102689486558,0.79462102689486558,0.41075794621026884,True,correct,correct;high_confidence;temporal_regime,DECISION-TIME
14fa8e0a0c425f9f218c8e67,fold_3,1,5674842,1,1,1,100,100,29.296875,29.296875,25,25,1,1,1,5674855,1,0.79462102689486558,0.79462102689486558,0.41075794621026884,True,correct,correct;high_confidence;temporal_regime,DECISION-TIME
7d8864e82e3d99fca9fe5a85,fold_3,1,5674852,1,1,1,100,100,29.296875,29.296875,25,25,1,1,1,5674854,1,0.79462102689486558,0.79462102689486558,0.41075794621026884,True,correct,correct;high_confidence;temporal_regime,DECISION-TIME
3cab9d4e0a0a97cdc82dd462,fold_3,0,5674894,1,1,12,600,600,29.296875,29.296875,25,25,1,12,6,5675018,0,0.15491651205936921,0.15491651205936921,0.30983302411873836,True,correct,correct;high_confidence;temporal_regime,DECISION-TIME
71577e6f5d84d7549454b4d5,fold_3,1,5674943,1,1,1,100,100,29.296875,29.296875,25,25,1,1,1,5674955,1,0.79462102689486558,0.79462102689486558,0.41075794621026884,True,correct,correct;high_confidence;temporal_regime,DECISION-TIME
a79cac6545825e498de0baf8,fold_3,1,5675022,1,1,1,100,100,29.296875,29.296875,25,25,1,1,1,5675026,1,0.79462102689486558,0.79462102689486558,0.41075794621026884,True,correct,correct;high_confidence;temporal_regime,DECISION-TIME
2279805ad71f8ea56c4538a3,fold_3,1,5675092,1,1,1,100,100,29.296875,29.296875,25,25,1,1,1,5675096,1,0.79462102689486558,0.79462102689486558,0.41075794621026884,True,correct,correct;high_confidence;temporal_regime,DECISION-TIME
a053ade5950d2fd12a2a9a0a,fold_3,1,5675097,1,1,1,100,100,29.296875,29.296875,25,25,1,1,1,5675106,1,0.79462102689486558,0.79462102689486558,0.41075794621026884,True,correct,correct;high_confidence;temporal_regime,DECISION-TIME
81092c09c4deac93fb44c26e,fold_3,1,5675340,1,1,1,100,100,29.296875,29.296875,25,25,1,1,1,5675348,1,0.79462102689486558,0.79462102689486558,0.41075794621026884,True,correct,correct;high_confidence;temporal_regime,DECISION-TIME
3049babe7a52403e101ab3d0,fold_3,0,5675346,1,1,1,800,800,31.26953125,31.26953125,,,0,1,1,5675349,0,0.15491651205936921,0.15491651205936921,0.30983302411873836,True,correct,correct;high_confidence;temporal_regime;feature_missingness,DECISION-TIME
52800e95b1d1e28b3682e4ba,fold_3,1,5675451,1,1,1,100,100,29.296875,29.296875,25,25,1,1,1,5675458,1,0.79462102689486558,0.79462102689486558,0.41075794621026884,True,correct,correct;high_confidence;temporal_regime,DECISION-TIME
9122d82c8a74784596794561,fold_3,1,5675466,1,1,1,100,100,29.296875,29.296875,25,25,1,1,1,5675478,1,0.79462102689486558,0.79462102689486558,0.41075794621026884,True,correct,correct;high_confidence;temporal_regime,DECISION-TIME
092e13fc33d1a481ff732bb3,fold_3,1,5675512,1,1,1,100,100,29.296875,29.296875,25,25,1,1,1,5675518,1,0.79462102689486558,0.79462102689486558,0.41075794621026884,True,correct,correct;high_confidence;temporal_regime,DECISION-TIME
c2bcebf0ddef54b015a60ab3,fold_3,1,5675598,1,1,1,100,100,29.296875,29.296875,25,25,1,1,1,5675608,1,0.79462102689486558,0.79462102689486558,0.41075794621026884,True,correct,correct;high_confidence;temporal_regime,DECISION-TIME
4cc6199bed875ba9a073c815,fold_3,1,5675603,1,1,1,100,100,29.296875,29.296875,25,25,1,1,1,5675609,1,0.79462102689486558,0.79462102689486558,0.41075794621026884,True,correct,correct;high_confidence;temporal_regime,DECISION-TIME
de5e32e9f41dbc44d5bdbc06,fold_3,1,5675616,1,1,1,100,100,29.296875,29.296875,25,25,1,1,1,5675629,1,0.79462102689486558,0.79462102689486558,0.41075794621026884,True,correct,correct;high_confidence;temporal_regime,DECISION-TIME
10ea6819f79060a68a02f46f,fold_3,1,5675632,1,1,1,100,100,29.296875,29.296875,25,25,1,1,1,5675638,1,0.79462102689486558,0.79462102689486558,0.41075794621026884,True,correct,correct;high_confidence;temporal_regime,DECISION-TIME
fa6f63e26f48bcecf376b093,fold_3,1,5675706,1,1,1,100,100,29.296875,29.296875,25,25,1,1,1,5675720,1,0.79462102689486558,0.79462102689486558,0.41075794621026884,True,correct,correct;high_confidence;temporal_regime,DECISION-TIME
341fef70f14cd7063b871e6c,fold_3,1,5675743,1,1,1,100,100,29.296875,29.296875,25,25,1,1,1,5675753,1,0.79462102689486558,0.79462102689486558,0.41075794621026884,True,correct,correct;high_confidence;temporal_regime,DECISION-TIME
3fa7d37fda9265a21c182b3a,fold_3,1,5675752,1,1,1,100,100,29.296875,29.296875,25,25,1,1,1,5675760,1,0.79462102689486558,0.79462102689486558,0.41075794621026884,True,correct,correct;high_confidence;temporal_regime,DECISION-TIME
810a190d72270013cb664d23,fold_3,1,5675844,1,1,1,100,100,29.296875,29.296875,25,25,1,1,1,5675851,1,0.79462102689486558,0.79462102689486558,0.41075794621026884,True,correct,correct;high_confidence;temporal_regime,DECISION-TIME
16e031fb8fe47d92a3c54167,fold_3,1,5675862,1,1,1,100,100,29.296875,29.296875,25,25,1,1,1,5675870,1,0.79462102689486558,0.79462102689486558,0.41075794621026884,True,correct,correct;high_confidence;temporal_regime,DECISION-TIME
9723c75f897bca60e0768a64,fold_3,1,5675879,1,1,1,100,100,29.296875,29.296875,25,25,1,1,1,5675890,1,0.79462102689486558,0.79462102689486558,0.41075794621026884,True,correct,correct;high_confidence;temporal_regime,DECISION-TIME
4133f02aadb76ad6a5a3397f,fold_3,1,5675886,1,1,1,100,100,29.296875,29.296875,25,25,1,1,1,5675891,1,0.79462102689486558,0.79462102689486558,0.41075794621026884,True,correct,correct;high_confidence;temporal_regime,DECISION-TIME
8cce0b5a8d72a06ef735f125,fold_3,1,5675976,1,1,1,100,100,29.296875,29.296875,25,25,1,1,1,5675981,1,0.79462102689486558,0.79462102689486558,0.41075794621026884,True,correct,correct;high_confidence;temporal_regime,DECISION-TIME
bb34b7afd5d3d5ebfd91130b,fold_3,1,5675979,1,1,1,100,100,29.296875,29.296875,25,25,1,1,1,5675992,1,0.79462102689486558,0.79462102689486558,0.41075794621026884,True,correct,correct;high_confidence;temporal_regime,DECISION-TIME
5fc440b16c05d161fab9f801,fold_3,1,5675982,1,1,1,100,100,29.296875,29.296875,25,25,1,1,1,5675991,1,0.79462102689486558,0.79462102689486558,0.41075794621026884,True,correct,correct;high_confidence;temporal_regime,DECISION-TIME
68013b9fd465c8545a9df970,fold_3,1,5676071,1,1,1,100,100,29.296875,29.296875,25,25,1,1,1,5676081,1,0.79462102689486558,0.79462102689486558,0.41075794621026884,True,correct,correct;high_confidence;temporal_regime,DECISION-TIME
7354ecf06cc9d38e92b62b43,fold_3,1,5676086,1,1,1,100,100,29.296875,29.296875,25,25,1,1,1,5676092,1,0.79462102689486558,0.79462102689486558,0.41075794621026884,True,correct,correct;high_confidence;temporal_regime,DECISION-TIME
dc53ef74d5d2728a5c0ca2b3,fold_3,1,5676091,1,1,1,100,100,29.296875,29.296875,25,25,1,1,1,5676102,1,0.79462102689486558,0.79462102689486558,0.41075794621026884,True,correct,correct;high_confidence;temporal_regime,DECISION-TIME
dbff3f739bd9769d2c52862d,fold_3,1,5676121,1,1,1,100,100,29.296875,29.296875,25,25,1,1,1,5676132,1,0.79462102689486558,0.79462102689486558,0.41075794621026884,True,correct,correct;high_confidence;temporal_regime,DECISION-TIME
20c4fc762eea1263c1088621,fold_3,1,5676141,1,1,1,100,100,29.296875,29.296875,25,25,1,1,1,5676152,1,0.79462102689486558,0.79462102689486558,0.41075794621026884,True,correct,correct;high_confidence;temporal_regime,DECISION-TIME
006fddbfda308e702bf173d7,fold_3,1,5676225,1,1,1,100,100,29.296875,29.296875,25,25,1,1,1,5676234,1,0.79462102689486558,0.79462102689486558,0.41075794621026884,True,correct,correct;high_confidence;temporal_regime,DECISION-TIME
0f6eeaaa0a60656f951e2614,fold_3,1,5676225,1,1,1,100,100,29.296875,29.296875,25,25,1,1,1,5676232,1,0.79462102689486558,0.79462102689486558,0.41075794621026884,True,correct,correct;high_confidence;temporal_regime,DECISION-TIME
8da6e158b0d743935bf5abb6,fold_3,1,5676293,1,1,1,100,100,29.296875,29.296875,25,25,1,1,1,5676303,1,0.79462102689486558,0.79462102689486558,0.41075794621026884,True,correct,correct;high_confidence;temporal_regime,DECISION-TIME
f7335e54066c968d14589aa4,fold_3,1,5676490,1,1,1,100,100,29.296875,29.296875,25,25,1,1,1,5676494,1,0.79462102689486558,0.79462102689486558,0.41075794621026884,True,correct,correct;high_confidence;temporal_regime,DECISION-TIME
3e88b906009921781365cfe8,fold_3,1,5676518,1,1,1,100,100,29.296875,29.296875,25,25,1,1,1,5676525,1,0.79462102689486558,0.79462102689486558,0.41075794621026884,True,correct,correct;high_confidence;temporal_regime,DECISION-TIME
6cd9b5f5c8a509bbae11a9c5,fold_3,1,5676606,1,1,1,100,100,29.296875,29.296875,25,25,1,1,1,5676615,1,0.79462102689486558,0.79462102689486558,0.41075794621026884,True,correct,correct;high_confidence;temporal_regime,DECISION-TIME
28cf649d93a477f52c640d69,fold_3,1,5676612,1,1,1,100,100,29.296875,29.296875,25,25,1,1,1,5676625,1,0.79462102689486558,0.79462102689486558,0.41075794621026884,True,correct,correct;high_confidence;temporal_regime,DECISION-TIME
003ecdbb8b548b556e84eac8,fold_3,1,5676661,1,1,1,100,100,29.296875,29.296875,25,25,1,1,1,5676664,1,0.79462102689486558,0.79462102689486558,0.41075794621026884,True,correct,correct;high_confidence;temporal_regime,DECISION-TIME
290a679fce25c1288b93aff9,fold_3,1,5676825,1,1,1,100,100,29.296875,29.296875,25,25,1,1,1,5676836,1,0.79462102689486558,0.79462102689486558,0.41075794621026884,True,correct,correct;high_confidence;temporal_regime,DECISION-TIME
35ea27367b37e2f749cf32e9,fold_3,1,5676860,1,1,1,100,100,29.296875,29.296875,25,25,1,1,1,5676867,1,0.79462102689486558,0.79462102689486558,0.41075794621026884,True,correct,correct;high_confidence;temporal_regime,DECISION-TIME
4a90c50f888db9cd2e471c47,fold_3,1,5676876,1,1,1,100,100,29.296875,29.296875,25,25,1,1,1,5676887,1,0.79462102689486558,0.79462102689486558,0.41075794621026884,True,correct,correct;high_confidence;temporal_regime,DECISION-TIME
a06f60065f051c64fef09161,fold_3,1,5676931,1,1,1,100,100,29.296875,29.296875,25,25,1,1,1,5676937,1,0.79462102689486558,0.79462102689486558,0.41075794621026884,True,correct,correct;high_confidence;temporal_regime,DECISION-TIME
9bcc8cb71eac4812a4417de9,fold_3,1,5676941,1,1,1,100,100,29.296875,29.296875,25,25,1,1,1,5676947,1,0.79462102689486558,0.79462102689486558,0.41075794621026884,True,correct,correct;high_confidence;temporal_regime,DECISION-TIME
1280d0ad3d26f8fc11ef62ba,fold_3,1,5677056,1,1,1,100,100,29.296875,29.296875,25,25,1,1,1,5677067,1,0.79462102689486558,0.79462102689486558,0.41075794621026884,True,correct,correct;high_confidence;temporal_regime,DECISION-TIME
a73c7b286a844048ceb7abea,fold_3,1,5677126,1,1,1,100,100,29.296875,29.296875,25,25,1,1,1,5677138,1,0.79462102689486558,0.79462102689486558,0.41075794621026884,True,correct,correct;high_confidence;temporal_regime,DECISION-TIME
e73064e654aa3db1b000982f,fold_3,1,5677274,1,1,1,100,100,29.296875,29.296875,25,25,1,1,1,5677279,1,0.79462102689486558,0.79462102689486558,0.41075794621026884,True,correct,correct;high_confidence;temporal_regime,DECISION-TIME
ed37c06efaf8c07453437c8c,fold_3,1,5677279,1,1,1,100,100,29.296875,29.296875,25,25,1,1,1,5677290,1,0.79462102689486558,0.79462102689486558,0.41075794621026884,True,correct,correct;high_confidence;temporal_regime,DECISION-TIME
817cd82a41c8172b7f564a10,fold_3,1,5677302,1,1,1,100,100,29.296875,29.296875,25,25,1,1,1,5677310,1,0.79462102689486558,0.79462102689486558,0.41075794621026884,True,correct,correct;high_confidence;temporal_regime,DECISION-TIME
be9635bdbaab562f69018ba1,fold_3,1,5677303,1,1,1,100,100,29.296875,29.296875,25,25,1,1,1,5677309,1,0.79462102689486558,0.79462102689486558,0.41075794621026884,True,correct,correct;high_confidence;temporal_regime,DECISION-TIME
e9a5687d3180a24a20fc6fe3,fold_3,1,5677352,1,1,1,100,100,29.296875,29.296875,25,25,1,1,1,5677683,1,0.79462102689486558,0.79462102689486558,0.41075794621026884,True,correct,correct;high_confidence;temporal_regime,DECISION-TIME
33c0090d704a136288aa16bf,fold_3,1,5677463,1,1,1,100,100,29.296875,29.296875,25,25,1,1,1,5677471,1,0.79462102689486558,0.79462102689486558,0.41075794621026884,True,correct,correct;high_confidence;temporal_regime,DECISION-TIME
103da7e2acb436ed43a7b5a5,fold_3,1,5677610,1,1,1,100,100,29.296875,29.296875,25,25,1,1,1,5677621,1,0.79462102689486558,0.79462102689486558,0.41075794621026884,True,correct,correct;high_confidence;temporal_regime,DECISION-TIME
c4fdb0a7d5d0f0ca9d7c06e1,fold_3,1,5677681,1,1,1,100,100,29.296875,29.296875,25,25,1,1,1,5677693,1,0.79462102689486558,0.79462102689486558,0.41075794621026884,True,correct,correct;high_confidence;temporal_regime,DECISION-TIME
fd66a38bcf4d558408ab28f7,fold_3,1,5677693,1,1,1,100,100,29.296875,29.296875,25,25,1,1,1,5677703,1,0.79462102689486558,0.79462102689486558,0.41075794621026884,True,correct,correct;high_confidence;temporal_regime,DECISION-TIME
02a22f2215317b11835d2d2d,fold_3,1,5677815,1,1,1,100,100,29.296875,29.296875,25,25,1,1,1,5677823,1,0.79462102689486558,0.79462102689486558,0.41075794621026884,True,correct,correct;high_confidence;temporal_regime,DECISION-TIME
aef2fec654c4309b34939b64,fold_3,1,5677815,1,1,1,100,100,29.296875,29.296875,25,25,1,1,1,5677823,1,0.79462102689486558,0.79462102689486558,0.41075794621026884,True,correct,correct;high_confidence;temporal_regime,DECISION-TIME
03d73fb923a8792feee3ea61,fold_3,1,5677868,1,1,1,100,100,29.296875,29.296875,25,25,1,1,1,5677873,1,0.79462102689486558,0.79462102689486558,0.41075794621026884,True,correct,correct;high_confidence;temporal_regime,DECISION-TIME
6e1bd0eb333cfec8d3804d38,fold_3,1,5677874,1,1,1,100,100,29.296875,29.296875,25,25,1,1,1,5677883,1,0.79462102689486558,0.79462102689486558,0.41075794621026884,True,correct,correct;high_confidence;temporal_regime,DECISION-TIME
a3ff94f05ee97d2ed1136ec6,fold_3,1,5677879,1,1,1,100,100,29.296875,29.296875,25,25,1,1,1,5677883,1,0.79462102689486558,0.79462102689486558,0.41075794621026884,True,correct,correct;high_confidence;temporal_regime,DECISION-TIME
0a5f533adc34eae7f803eb0d,fold_3,1,5677885,1,1,1,100,100,29.296875,29.296875,25,25,1,1,1,5677893,1,0.79462102689486558,0.79462102689486558,0.41075794621026884,True,correct,correct;high_confidence;temporal_regime,DECISION-TIME
c589e5a0c36c692530e6a9f9,fold_3,1,5677900,1,1,1,100,100,29.296875,29.296875,25,25,1,1,1,5677904,1,0.79462102689486558,0.79462102689486558,0.41075794621026884,True,correct,correct;high_confidence;temporal_regime,DECISION-TIME
edb2069b400557a534a6c3b4,fold_3,1,5677986,1,1,1,100,100,29.296875,29.296875,25,25,1,1,1,5677994,1,0.79462102689486558,0.79462102689486558,0.41075794621026884,True,correct,correct;high_confidence;temporal_regime,DECISION-TIME
7d8606d9adcb06adcd8870cd,fold_3,1,5678010,1,1,1,100,100,29.296875,29.296875,25,25,1,1,1,5678013,1,0.79462102689486558,0.79462102689486558,0.41075794621026884,True,correct,correct;high_confidence;temporal_regime,DECISION-TIME
7da5471735cf9f8077190bfe,fold_3,1,5678100,1,1,1,100,100,29.296875,29.296875,25,25,1,1,1,5678105,1,0.79462102689486558,0.79462102689486558,0.41075794621026884,True,correct,correct;high_confidence;temporal_regime,DECISION-TIME
5eb247fb4bdf8174909299df,fold_3,1,5678172,1,1,1,100,100,29.296875,29.296875,25,25,1,1,1,5678185,1,0.79462102689486558,0.79462102689486558,0.41075794621026884,True,correct,correct;high_confidence;temporal_regime,DECISION-TIME
6504db3679915e8355cc29b7,fold_3,1,5678216,1,1,1,100,100,29.296875,29.296875,25,25,1,1,1,5678225,1,0.79462102689486558,0.79462102689486558,0.41075794621026884,True,correct,correct;high_confidence;temporal_regime,DECISION-TIME
a7b5967fd6528f1ad997e114,fold_3,1,5678311,1,1,1,100,100,29.296875,29.296875,25,25,1,1,1,5678315,1,0.79462102689486558,0.79462102689486558,0.41075794621026884,True,correct,correct;high_confidence;temporal_regime,DECISION-TIME
4a1a8635f4155accbc0b69bb,fold_3,1,5678367,1,1,1,100,100,29.296875,29.296875,25,25,1,1,1,5678376,1,0.79462102689486558,0.79462102689486558,0.41075794621026884,True,correct,correct;high_confidence;temporal_regime,DECISION-TIME
98e8f3b19263881c00d895e1,fold_3,1,5678499,1,1,1,100,100,29.296875,29.296875,25,25,1,1,1,5678506,1,0.79462102689486558,0.79462102689486558,0.41075794621026884,True,correct,correct;high_confidence;temporal_regime,DECISION-TIME
0eaeb08f6f2aa4a14988ac76,fold_3,1,5678544,1,1,1,100,100,29.296875,29.296875,25,25,1,1,1,5678557,1,0.79462102689486558,0.79462102689486558,0.41075794621026884,True,correct,correct;high_confidence;temporal_regime,DECISION-TIME
1cb25d851720bb46bf3fe2cd,fold_3,1,5678547,1,1,1,100,100,29.296875,29.296875,25,25,1,1,1,5678556,1,0.79462102689486558,0.79462102689486558,0.41075794621026884,True,correct,correct;high_confidence;temporal_regime,DECISION-TIME
809cebd0c105e476d5d4fed8,fold_3,1,5678555,1,1,1,100,100,29.296875,29.296875,25,25,1,1,1,5678567,1,0.79462102689486558,0.79462102689486558,0.41075794621026884,True,correct,correct;high_confidence;temporal_regime,DECISION-TIME
257d6d2b1ed2ba8c8aec043c,fold_3,1,5678633,1,1,1,100,100,29.296875,29.296875,25,25,1,1,1,5678638,1,0.79462102689486558,0.79462102689486558,0.41075794621026884,True,correct,correct;high_confidence;temporal_regime,DECISION-TIME
82b28811cd6e8a1bb2e3c9a2,fold_3,1,5678639,1,1,1,100,100,29.296875,29.296875,25,25,1,1,1,5678647,1,0.79462102689486558,0.79462102689486558,0.41075794621026884,True,correct,correct;high_confidence;temporal_regime,DECISION-TIME
2c2ea8653b7722c5782b3884,fold_3,1,5678692,1,1,1,100,100,29.296875,29.296875,25,25,1,1,1,5678698,1,0.79462102689486558,0.79462102689486558,0.41075794621026884,True,correct,correct;high_confidence;temporal_regime,DECISION-TIME
a3045caaf113ae3d15605dce,fold_3,1,5678711,1,1,1,100,100,29.296875,29.296875,25,25,1,1,1,5678718,1,0.79462102689486558,0.79462102689486558,0.41075794621026884,True,correct,correct;high_confidence;temporal_regime,DECISION-TIME
27dad18c0f6f403bbd287bd5,fold_3,1,5678744,1,1,1,100,100,29.296875,29.296875,25,25,1,1,1,5678758,1,0.79462102689486558,0.79462102689486558,0.41075794621026884,True,correct,correct;high_confidence;temporal_regime,DECISION-TIME
7424384542e208af21737850,fold_3,1,5678745,1,1,1,100,100,29.296875,29.296875,25,25,1,1,1,5678758,1,0.79462102689486558,0.79462102689486558,0.41075794621026884,True,correct,correct;high_confidence;temporal_regime,DECISION-TIME
1140adb42fc9dad817a3058c,fold_3,1,5678768,1,1,1,100,100,29.296875,29.296875,25,25,1,1,1,5678778,1,0.79462102689486558,0.79462102689486558,0.41075794621026884,True,correct,correct;high_confidence;temporal_regime,DECISION-TIME
42facabef02da4042105561d,fold_3,1,5678818,1,1,1,100,100,29.296875,29.296875,25,25,1,1,1,5678828,1,0.79462102689486558,0.79462102689486558,0.41075794621026884,True,correct,correct;high_confidence;temporal_regime,DECISION-TIME
458cfa302deaa7c237f0ee12,fold_3,1,5678887,1,1,1,100,100,29.296875,29.296875,25,25,1,1,1,5678899,1,0.79462102689486558,0.79462102689486558,0.41075794621026884,True,correct,correct;high_confidence;temporal_regime,DECISION-TIME
6adf970f6cd3d3a27b5f03d0,fold_3,1,5678950,1,1,1,100,100,29.296875,29.296875,25,25,1,1,1,5678960,1,0.79462102689486558,0.79462102689486558,0.41075794621026884,True,correct,correct;high_confidence;temporal_regime,DECISION-TIME
09eab8eeed29bc684e065d2a,fold_3,1,5678952,1,1,1,100,100,29.296875,29.296875,25,25,1,1,1,5678959,1,0.79462102689486558,0.79462102689486558,0.41075794621026884,True,correct,correct;high_confidence;temporal_regime,DECISION-TIME
f888de8c5e80aa4313986925,fold_3,1,5679009,1,1,1,100,100,29.296875,29.296875,25,25,1,1,1,5679019,1,0.79462102689486558,0.79462102689486558,0.41075794621026884,True,correct,correct;high_confidence;temporal_regime,DECISION-TIME
f3fde0f71f626b846d4daa29,fold_3,1,5679141,1,1,1,100,100,29.296875,29.296875,25,25,1,1,1,5679150,1,0.79462102689486558,0.79462102689486558,0.41075794621026884,True,correct,correct;high_confidence;temporal_regime,DECISION-TIME
334c7b5ab673e43d1c8c2197,fold_3,1,5679160,1,1,1,100,100,29.296875,29.296875,25,25,1,1,1,5679170,1,0.79462102689486558,0.79462102689486558,0.41075794621026884,True,correct,correct;high_confidence;temporal_regime,DECISION-TIME
7648d4241434ee56c6c22c3c,fold_3,1,5679202,1,1,1,100,100,29.296875,29.296875,25,25,1,1,1,5679210,1,0.79462102689486558,0.79462102689486558,0.41075794621026884,True,correct,correct;high_confidence;temporal_regime,DECISION-TIME
ec2776d9619fd23383214a15,fold_3,1,5679225,1,1,1,100,100,29.296875,29.296875,25,25,1,1,1,5679232,1,0.79462102689486558,0.79462102689486558,0.41075794621026884,True,correct,correct;high_confidence;temporal_regime,DECISION-TIME
4d0b5949b843d23336784f37,fold_3,1,5679320,1,1,1,100,100,29.296875,29.296875,25,25,1,1,1,5679331,1,0.79462102689486558,0.79462102689486558,0.41075794621026884,True,correct,correct;high_confidence;temporal_regime,DECISION-TIME
200178ff4c95c0d9ded9da79,fold_3,1,5679354,1,1,1,100,100,29.296875,29.296875,25,25,1,1,1,5679363,1,0.79462102689486558,0.79462102689486558,0.41075794621026884,True,correct,correct;high_confidence;temporal_regime,DECISION-TIME
fd402a0d5dcadcb40a495ebb,fold_3,1,5679356,1,1,1,100,100,29.296875,29.296875,25,25,1,1,1,5679362,1,0.79462102689486558,0.79462102689486558,0.41075794621026884,True,correct,correct;high_confidence;temporal_regime,DECISION-TIME
48b7ed11b442b7ba2a100aa3,fold_3,1,5679357,1,1,1,100,100,29.296875,29.296875,25,25,1,1,1,5679361,1,0.79462102689486558,0.79462102689486558,0.41075794621026884,True,correct,correct;high_confidence;temporal_regime,DECISION-TIME
7b23c7517f503a2f315554b7,fold_3,1,5679380,1,1,1,100,100,29.296875,29.296875,25,25,1,1,1,5679392,1,0.79462102689486558,0.79462102689486558,0.41075794621026884,True,correct,correct;high_confidence;temporal_regime,DECISION-TIME
ddf70e67d779823407dc3f48,fold_3,1,5679435,1,1,1,100,100,29.296875,29.296875,25,25,1,1,1,5679441,1,0.79462102689486558,0.79462102689486558,0.41075794621026884,True,correct,correct;high_confidence;temporal_regime,DECISION-TIME
d07daf8180b32192452fce16,fold_3,1,5679436,1,1,1,100,100,29.296875,29.296875,25,25,1,1,1,5679443,1,0.79462102689486558,0.79462102689486558,0.41075794621026884,True,correct,correct;high_confidence;temporal_regime,DECISION-TIME
8944a657c348e02e00117919,fold_3,1,5679539,1,1,1,100,100,29.296875,29.296875,25,25,1,1,1,5679543,1,0.79462102689486558,0.79462102689486558,0.41075794621026884,True,correct,correct;high_confidence;temporal_regime,DECISION-TIME
28659681a2363da90ac5bfcc,fold_3,1,5679545,1,1,1,100,100,29.296875,29.296875,25,25,1,1,1,5679553,1,0.79462102689486558,0.79462102689486558,0.41075794621026884,True,correct,correct;high_confidence;temporal_regime,DECISION-TIME
6c94e1fa8c69bae8bc79918f,fold_3,1,5679599,1,1,1,100,100,29.296875,29.296875,25,25,1,1,1,5679604,1,0.79462102689486558,0.79462102689486558,0.41075794621026884,True,correct,correct;high_confidence;temporal_regime,DECISION-TIME
b58673c4b1f6a4323ab0ea90,fold_3,1,5679678,1,1,1,100,100,29.296875,29.296875,25,25,1,1,1,5679683,1,0.79462102689486558,0.79462102689486558,0.41075794621026884,True,correct,correct;high_confidence;temporal_regime,DECISION-TIME
3f4d913181f481ed03339b13,fold_3,1,5679689,1,1,1,100,100,29.296875,29.296875,25,25,1,1,1,5679693,1,0.79462102689486558,0.79462102689486558,0.41075794621026884,True,correct,correct;high_confidence;temporal_regime,DECISION-TIME
1d6b560a1bd67204911efc9a,fold_3,1,5679743,1,1,1,100,100,29.296875,29.296875,25,25,1,1,1,5679754,1,0.79462102689486558,0.79462102689486558,0.41075794621026884,True,correct,correct;high_confidence;temporal_regime,DECISION-TIME
aacf7d23cb0568dca0cad09e,fold_3,1,5679830,1,1,1,100,100,29.296875,29.296875,25,25,1,1,1,5679836,1,0.79462102689486558,0.79462102689486558,0.41075794621026884,True,correct,correct;high_confidence;temporal_regime,DECISION-TIME
5955981a17d5b6ddca08b0a7,fold_3,1,5679837,1,1,1,100,100,29.296875,29.296875,25,25,1,1,1,5679846,1,0.79462102689486558,0.79462102689486558,0.41075794621026884,True,correct,correct;high_confidence;temporal_regime,DECISION-TIME
44c2b5a5d03706791bb70566,fold_3,1,5679846,1,1,1,100,100,29.296875,29.296875,25,25,1,1,1,5679855,1,0.79462102689486558,0.79462102689486558,0.41075794621026884,True,correct,correct;high_confidence;temporal_regime,DECISION-TIME
83c0add9422cc0983d139b73,fold_3,1,5680027,1,1,1,100,100,29.296875,29.296875,25,25,1,1,1,5680036,1,0.79462102689486558,0.79462102689486558,0.41075794621026884,True,correct,correct;high_confidence;temporal_regime,DECISION-TIME
b8162f96ebaa4145d2c91c8d,fold_3,1,5680028,1,1,1,100,100,29.296875,29.296875,25,25,1,1,1,5680036,1,0.79462102689486558,0.79462102689486558,0.41075794621026884,True,correct,correct;high_confidence;temporal_regime,DECISION-TIME
e245c835cd3af461da99bc57,fold_3,0,5680044,1,1,1,600,600,29.296875,29.296875,10,10,1,1,1,5680056,0,0.15491651205936921,0.15491651205936921,0.30983302411873836,True,correct,correct;high_confidence;temporal_regime,DECISION-TIME
27ffa3b9e645f3bd0b87b687,fold_3,0,5680072,1,1,1,600,600,29.296875,29.296875,10,10,1,1,1,5680077,0,0.15491651205936921,0.15491651205936921,0.30983302411873836,True,correct,correct;high_confidence;temporal_regime,DECISION-TIME
11906edb7f471f4702b634ed,fold_3,1,5680117,1,1,1,100,100,29.296875,29.296875,25,25,1,1,1,5680126,1,0.79462102689486558,0.79462102689486558,0.41075794621026884,True,correct,correct;high_confidence;temporal_regime,DECISION-TIME
8e31ded5437e6d393aecb75b,fold_3,1,5680120,1,1,1,100,100,29.296875,29.296875,25,25,1,1,1,5680127,1,0.79462102689486558,0.79462102689486558,0.41075794621026884,True,correct,correct;high_confidence;temporal_regime,DECISION-TIME
9573af2ef46d2429c678698c,fold_3,0,5680136,1,1,1,600,600,29.296875,29.296875,10,10,1,1,1,5680178,0,0.15491651205936921,0.15491651205936921,0.30983302411873836,True,correct,correct;high_confidence;temporal_regime,DECISION-TIME
9c1dad1606b67d6b94eecce7,fold_3,1,5680148,1,1,1,100,100,29.296875,29.296875,25,25,1,1,1,5680157,1,0.79462102689486558,0.79462102689486558,0.41075794621026884,True,correct,correct;high_confidence;temporal_regime,DECISION-TIME
0a8ad56947c3d96ea01b2293,fold_3,0,5680150,1,1,1,150,150,5.859375,5.859375,100,100,1,1,1,5680157,0,0.15491651205936921,0.15491651205936921,0.30983302411873836,True,correct,correct;high_confidence;temporal_regime,DECISION-TIME
7d72a200d203dda47ac928c8,fold_3,1,5680170,1,1,1,100,100,29.296875,29.296875,25,25,1,1,1,5680178,1,0.79462102689486558,0.79462102689486558,0.41075794621026884,True,correct,correct;high_confidence;temporal_regime,DECISION-TIME
aae90d5754f41d325eaee87a,fold_3,1,5680366,1,1,1,100,100,29.296875,29.296875,25,25,1,1,1,5680369,1,0.79462102689486558,0.79462102689486558,0.41075794621026884,True,correct,correct;high_confidence;temporal_regime,DECISION-TIME
13ec6b31d770e58b4b4b477f,fold_3,1,5680377,1,1,1,100,100,29.296875,29.296875,25,25,1,1,1,5680380,1,0.79462102689486558,0.79462102689486558,0.41075794621026884,True,correct,correct;high_confidence;temporal_regime,DECISION-TIME
85ebad69d096e8614e0a4181,fold_3,1,5680481,1,1,1,100,100,29.296875,29.296875,25,25,1,1,1,5680491,1,0.79462102689486558,0.79462102689486558,0.41075794621026884,True,correct,correct;high_confidence;temporal_regime,DECISION-TIME
102847fef15feaaa837895aa,fold_3,1,5680519,1,1,1,100,100,29.296875,29.296875,25,25,1,1,1,5680531,1,0.79462102689486558,0.79462102689486558,0.41075794621026884,True,correct,correct;high_confidence;temporal_regime,DECISION-TIME
442cac766b77b32f9eb54e8d,fold_3,1,5680523,1,1,1,100,100,29.296875,29.296875,25,25,1,1,1,5680531,1,0.79462102689486558,0.79462102689486558,0.41075794621026884,True,correct,correct;high_confidence;temporal_regime,DECISION-TIME
a35d6aa21aa738c23bc2ed94,fold_3,0,5680588,1,1,1,100,100,29.296875,29.296875,25,25,1,1,1,5680602,1,0.79462102689486558,0.79462102689486558,0.41075794621026884,False,high_confidence_error,false_positive;high_confidence;temporal_regime,DECISION-TIME
5df279aea619b4ab20fb5dc7,fold_3,0,5680624,1,1,1,100,100,29.296875,29.296875,25,25,1,1,1,5680631,1,0.79462102689486558,0.79462102689486558,0.41075794621026884,False,high_confidence_error,false_positive;high_confidence;temporal_regime,DECISION-TIME
6a772a84a93f09b7556b1c1b,fold_3,0,5680645,1,1,1,100,100,29.296875,29.296875,25,25,1,1,1,5680652,1,0.79462102689486558,0.79462102689486558,0.41075794621026884,False,high_confidence_error,false_positive;high_confidence;temporal_regime,DECISION-TIME
b93a915e06f42d49e09c8840,fold_3,1,5680668,1,1,1,100,100,29.296875,29.296875,25,25,1,1,1,5680672,1,0.79462102689486558,0.79462102689486558,0.41075794621026884,True,correct,correct;high_confidence;temporal_regime,DECISION-TIME
6286515d8f618050b7bb23b1,fold_3,1,5680670,1,1,1,100,100,29.296875,29.296875,25,25,1,1,1,5680682,1,0.79462102689486558,0.79462102689486558,0.41075794621026884,True,correct,correct;high_confidence;temporal_regime,DECISION-TIME
0ba1c210f82ecde6ab7613ac,fold_3,1,5680709,1,1,1,100,100,29.296875,29.296875,25,25,1,1,1,5680712,1,0.79462102689486558,0.79462102689486558,0.41075794621026884,True,correct,correct;high_confidence;temporal_regime,DECISION-TIME
e2d7ffa011f8c25f681837c5,fold_3,1,5680709,1,1,1,100,100,29.296875,29.296875,25,25,1,1,1,5680712,1,0.79462102689486558,0.79462102689486558,0.41075794621026884,True,correct,correct;high_confidence;temporal_regime,DECISION-TIME
d748d83f738e4a09a7e3213e,fold_3,1,5680710,1,1,1,100,100,29.296875,29.296875,25,25,1,1,1,5680723,1,0.79462102689486558,0.79462102689486558,0.41075794621026884,True,correct,correct;high_confidence;temporal_regime,DECISION-TIME
09bb81b60ba6584cd7877e40,fold_3,1,5680907,1,1,1,100,100,29.296875,29.296875,25,25,1,1,1,5680914,1,0.79462102689486558,0.79462102689486558,0.41075794621026884,True,correct,correct;high_confidence;temporal_regime,DECISION-TIME
17fc0171f3ee3082d1bef8e6,fold_3,1,5680911,1,1,1,100,100,29.296875,29.296875,25,25,1,1,1,5680923,1,0.79462102689486558,0.79462102689486558,0.41075794621026884,True,correct,correct;high_confidence;temporal_regime,DECISION-TIME
1257591179323d6ddce08e25,fold_3,1,5680958,1,1,1,100,100,29.296875,29.296875,25,25,1,1,1,5680964,1,0.79462102689486558,0.79462102689486558,0.41075794621026884,True,correct,correct;high_confidence;temporal_regime,DECISION-TIME
8720c39ef8acd353c39e8411,fold_3,1,5680984,1,1,1,100,100,29.296875,29.296875,25,25,1,1,1,5680993,1,0.79462102689486558,0.79462102689486558,0.41075794621026884,True,correct,correct;high_confidence;temporal_regime,DECISION-TIME
00c6e13f6c0c7fa540f3ab22,fold_3,1,5681038,1,1,1,100,100,29.296875,29.296875,25,25,1,1,1,5681044,1,0.79462102689486558,0.79462102689486558,0.41075794621026884,True,correct,correct;high_confidence;temporal_regime,DECISION-TIME
8b6b43d1dd00803fde5565a2,fold_3,1,5681044,1,1,1,100,100,29.296875,29.296875,25,25,1,1,1,5681054,1,0.79462102689486558,0.79462102689486558,0.41075794621026884,True,correct,correct;high_confidence;temporal_regime,DECISION-TIME
37ae6a85a161579d4cc79f6a,fold_3,1,5681073,1,1,1,100,100,29.296875,29.296875,25,25,1,1,1,5681084,1,0.79462102689486558,0.79462102689486558,0.41075794621026884,True,correct,correct;high_confidence;temporal_regime,DECISION-TIME
9443630b06c5509252a2dbc6,fold_3,1,5681107,1,1,1,100,100,29.296875,29.296875,25,25,1,1,1,5681116,1,0.79462102689486558,0.79462102689486558,0.41075794621026884,True,correct,correct;high_confidence;temporal_regime,DECISION-TIME
7d8a60622df42316d4615d2b,fold_3,1,5681155,1,1,1,100,100,29.296875,29.296875,25,25,1,1,1,5681165,1,0.79462102689486558,0.79462102689486558,0.41075794621026884,True,correct,correct;high_confidence;temporal_regime,DECISION-TIME
6dfe26dd9302fb77e36aac7d,fold_3,0,5681173,1,1,1,600,600,29.296875,29.296875,100,100,1,1,1,5681185,0,0.15491651205936921,0.15491651205936921,0.30983302411873836,True,correct,correct;high_confidence;temporal_regime,DECISION-TIME
1a5454d95084ef27b235e4b2,fold_3,1,5681228,1,1,1,100,100,29.296875,29.296875,25,25,1,1,1,5681235,1,0.79462102689486558,0.79462102689486558,0.41075794621026884,True,correct,correct;high_confidence;temporal_regime,DECISION-TIME
3ac6849a38837571f667a9db,fold_3,1,5681245,1,1,1,100,100,29.296875,29.296875,25,25,1,1,1,5681255,1,0.79462102689486558,0.79462102689486558,0.41075794621026884,True,correct,correct;high_confidence;temporal_regime,DECISION-TIME
bef2d07c4e3d59bf2e5487ef,fold_3,1,5681283,1,1,1,100,100,29.296875,29.296875,25,25,1,1,1,5681296,1,0.79462102689486558,0.79462102689486558,0.41075794621026884,True,correct,correct;high_confidence;temporal_regime,DECISION-TIME
91d272b19d7f7ade51966ee3,fold_3,1,5681397,1,1,1,100,100,29.296875,29.296875,25,25,1,1,1,5681407,1,0.79462102689486558,0.79462102689486558,0.41075794621026884,True,correct,correct;high_confidence;temporal_regime,DECISION-TIME
8aaac90d6c4b0210bac93265,fold_3,1,5681452,1,1,1,100,100,29.296875,29.296875,25,25,1,1,1,5681456,1,0.79462102689486558,0.79462102689486558,0.41075794621026884,True,correct,correct;high_confidence;temporal_regime,DECISION-TIME
9d12da5fb17b3ff2fd4a01d5,fold_3,1,5681488,1,1,1,100,100,29.296875,29.296875,25,25,1,1,1,5681496,1,0.79462102689486558,0.79462102689486558,0.41075794621026884,True,correct,correct;high_confidence;temporal_regime,DECISION-TIME
2a798e6cc63ba316970bdd82,fold_3,0,5681631,1,1,1,600,600,29.296875,29.296875,100,100,1,1,1,5681637,0,0.15491651205936921,0.15491651205936921,0.30983302411873836,True,correct,correct;high_confidence;temporal_regime,DECISION-TIME
683d268fb016bcd95095fa00,fold_3,1,5681669,1,1,1,100,100,29.296875,29.296875,25,25,1,1,1,5681677,1,0.79462102689486558,0.79462102689486558,0.41075794621026884,True,correct,correct;high_confidence;temporal_regime,DECISION-TIME
0ebab430f27287b662e76954,fold_3,1,5681686,1,1,1,100,100,29.296875,29.296875,25,25,1,1,1,5681698,1,0.79462102689486558,0.79462102689486558,0.41075794621026884,True,correct,correct;high_confidence;temporal_regime,DECISION-TIME
68dabbf528363366182dde74,fold_3,1,5681728,1,1,1,100,100,29.296875,29.296875,25,25,1,1,1,5681739,1,0.79462102689486558,0.79462102689486558,0.41075794621026884,True,correct,correct;high_confidence;temporal_regime,DECISION-TIME
4e8641fa914f1eae1e5f7ab8,fold_3,1,5681755,1,1,1,100,100,29.296875,29.296875,25,25,1,1,1,5681758,1,0.79462102689486558,0.79462102689486558,0.41075794621026884,True,correct,correct;high_confidence;temporal_regime,DECISION-TIME
a640e898f240004820fd44d2,fold_3,1,5681826,1,1,1,100,100,29.296875,29.296875,25,25,1,1,1,5681839,1,0.79462102689486558,0.79462102689486558,0.41075794621026884,True,correct,correct;high_confidence;temporal_regime,DECISION-TIME
4fdc980aedce3f9d32b54d47,fold_3,1,5681940,1,1,1,100,100,29.296875,29.296875,25,25,1,1,1,5681950,1,0.79462102689486558,0.79462102689486558,0.41075794621026884,True,correct,correct;high_confidence;temporal_regime,DECISION-TIME
d87e28f3a94df9de42def8a0,fold_3,1,5682013,1,1,1,100,100,29.296875,29.296875,25,25,1,1,1,5682023,1,0.79462102689486558,0.79462102689486558,0.41075794621026884,True,correct,correct;high_confidence;temporal_regime,DECISION-TIME
1b29590d51995f01216734eb,fold_3,0,5682027,1,1,1,600,600,29.296875,29.296875,10,10,1,1,1,5682041,0,0.15491651205936921,0.15491651205936921,0.30983302411873836,True,correct,correct;high_confidence;temporal_regime,DECISION-TIME
4e97be7709fb9a1b9d7ef8f9,fold_3,0,5682052,1,1,1,600,600,29.296875,29.296875,10,10,1,1,1,5682062,0,0.15491651205936921,0.15491651205936921,0.30983302411873836,True,correct,correct;high_confidence;temporal_regime,DECISION-TIME
b524550ca88f1c3f19324323,fold_3,1,5682099,1,1,1,100,100,29.296875,29.296875,25,25,1,1,1,5682110,1,0.79462102689486558,0.79462102689486558,0.41075794621026884,True,correct,correct;high_confidence;temporal_regime,DECISION-TIME
38e8ee86e4f55b201fbaa3f2,fold_3,1,5682128,1,1,1,100,100,29.296875,29.296875,25,25,1,1,1,5682143,1,0.79462102689486558,0.79462102689486558,0.41075794621026884,True,correct,correct;high_confidence;temporal_regime,DECISION-TIME
bc46a8e3f3580a49355768f9,fold_3,1,5682156,1,1,1,100,100,29.296875,29.296875,25,25,1,1,1,5682163,1,0.79462102689486558,0.79462102689486558,0.41075794621026884,True,correct,correct;high_confidence;temporal_regime,DECISION-TIME
8121b6df48db96e2db85994d,fold_3,1,5682204,1,1,1,100,100,29.296875,29.296875,25,25,1,1,1,5682212,1,0.79462102689486558,0.79462102689486558,0.41075794621026884,True,correct,correct;high_confidence;temporal_regime,DECISION-TIME
da94792c85954b06853bb112,fold_3,1,5682414,1,1,1,100,100,29.296875,29.296875,25,25,1,1,1,5682423,1,0.79462102689486558,0.79462102689486558,0.41075794621026884,True,correct,correct;high_confidence;temporal_regime,DECISION-TIME
841f3f6eab3f9f85df303521,fold_3,1,5682416,1,1,1,100,100,29.296875,29.296875,25,25,1,1,1,5682423,1,0.79462102689486558,0.79462102689486558,0.41075794621026884,True,correct,correct;high_confidence;temporal_regime,DECISION-TIME
a3edd6d2d1e0a92652032dfd,fold_3,1,5682416,1,1,1,100,100,29.296875,29.296875,25,25,1,1,1,5682426,1,0.79462102689486558,0.79462102689486558,0.41075794621026884,True,correct,correct;high_confidence;temporal_regime,DECISION-TIME
2d77db24fc86f63a91301085,fold_3,1,5682492,1,1,1,100,100,29.296875,29.296875,25,25,1,1,1,5682503,1,0.79462102689486558,0.79462102689486558,0.41075794621026884,True,correct,correct;high_confidence;temporal_regime,DECISION-TIME
e14070d59d6d018e7812be46,fold_3,1,5682506,1,1,1,100,100,29.296875,29.296875,25,25,1,1,1,5682513,1,0.79462102689486558,0.79462102689486558,0.41075794621026884,True,correct,correct;high_confidence;temporal_regime,DECISION-TIME
2e2fc2cbdf79089147cedfd7,fold_3,1,5682696,1,1,1,100,100,29.296875,29.296875,25,25,1,1,1,5682707,1,0.79462102689486558,0.79462102689486558,0.41075794621026884,True,correct,correct;high_confidence;temporal_regime,DECISION-TIME
1fb65f051bbcc9141612b3d0,fold_3,0,5682757,1,1,2,2400,2400,29.296875,29.296875,400,400,1,2,1,5682761.5,0,0.11538461538461539,0.11538461538461539,0.23076923076923084,True,correct,correct;high_confidence;temporal_regime,DECISION-TIME
ece86eb256453be197c8f82f,fold_3,1,5682793,1,1,1,100,100,29.296875,29.296875,25,25,1,1,1,5682805,1,0.79462102689486558,0.79462102689486558,0.41075794621026884,True,correct,correct;high_confidence;temporal_regime,DECISION-TIME
cf29ca466d7bd1305fa16e17,fold_3,1,5683012,1,1,1,100,100,29.296875,29.296875,25,25,1,1,1,5683019,1,0.79462102689486558,0.79462102689486558,0.41075794621026884,True,correct,correct;high_confidence;temporal_regime,DECISION-TIME
7402b1e17d01c385645ed5d1,fold_3,1,5683195,1,1,1,100,100,29.296875,29.296875,25,25,1,1,1,5683209,1,0.79462102689486558,0.79462102689486558,0.41075794621026884,True,correct,correct;high_confidence;temporal_regime,DECISION-TIME
8ea78ae040c4de3883c4841f,fold_3,1,5683285,1,1,1,100,100,29.296875,29.296875,25,25,1,1,1,5683289,1,0.79462102689486558,0.79462102689486558,0.41075794621026884,True,correct,correct;high_confidence;temporal_regime,DECISION-TIME
916725ee84b68ff0ddce85c8,fold_3,0,5683330,1,1,1,600,600,29.296875,29.296875,100,100,1,1,1,5683340,0,0.15491651205936921,0.15491651205936921,0.30983302411873836,True,correct,correct;high_confidence;temporal_regime,DECISION-TIME
1ac20c733ba5d9c263dbede1,fold_3,1,5683339,1,1,1,100,100,29.296875,29.296875,25,25,1,1,1,5683352,1,0.79462102689486558,0.79462102689486558,0.41075794621026884,True,correct,correct;high_confidence;temporal_regime,DECISION-TIME
358d9306c50ca4c7078fb7cc,fold_3,1,5683349,1,1,1,100,100,29.296875,29.296875,25,25,1,1,1,5683360,1,0.79462102689486558,0.79462102689486558,0.41075794621026884,True,correct,correct;high_confidence;temporal_regime,DECISION-TIME
477be5a27549ba7971e1ea42,fold_3,1,5683365,1,1,1,100,100,29.296875,29.296875,25,25,1,1,1,5683370,1,0.79462102689486558,0.79462102689486558,0.41075794621026884,True,correct,correct;high_confidence;temporal_regime,DECISION-TIME
caf8c4effb82b72b7d4cf9a3,fold_3,1,5683528,1,1,1,100,100,29.296875,29.296875,25,25,1,1,1,5683541,1,0.79462102689486558,0.79462102689486558,0.41075794621026884,True,correct,correct;high_confidence;temporal_regime,DECISION-TIME
53c1f45ccf9ba7fe884184ce,fold_3,1,5683544,1,1,1,100,100,29.296875,29.296875,25,25,1,1,1,5683552,1,0.79462102689486558,0.79462102689486558,0.41075794621026884,True,correct,correct;high_confidence;temporal_regime,DECISION-TIME
82f5b21fb244b162059c4390,fold_3,1,5683650,1,1,1,100,100,29.296875,29.296875,25,25,1,1,1,5683662,1,0.79462102689486558,0.79462102689486558,0.41075794621026884,True,correct,correct;high_confidence;temporal_regime,DECISION-TIME
6e0d57fe5dfd5538497fd434,fold_3,1,5683705,1,1,1,100,100,29.296875,29.296875,25,25,1,1,1,5683711,1,0.79462102689486558,0.79462102689486558,0.41075794621026884,True,correct,correct;high_confidence;temporal_regime,DECISION-TIME
d2c14ab17fa2da89bb8f7411,fold_3,1,5683750,1,1,1,100,100,29.296875,29.296875,25,25,1,1,1,5683764,1,0.79462102689486558,0.79462102689486558,0.41075794621026884,True,correct,correct;high_confidence;temporal_regime,DECISION-TIME
b0ee09e9c6ab6ee0e81b65a5,fold_3,1,5683800,1,1,1,100,100,29.296875,29.296875,25,25,1,1,1,5683813,1,0.79462102689486558,0.79462102689486558,0.41075794621026884,True,correct,correct;high_confidence;temporal_regime,DECISION-TIME
691e605ac0bdc405df4d8cba,fold_3,1,5683801,1,1,1,100,100,29.296875,29.296875,25,25,1,1,1,5683813,1,0.79462102689486558,0.79462102689486558,0.41075794621026884,True,correct,correct;high_confidence;temporal_regime,DECISION-TIME
0f6f5e5bb88cccc2d599a1f1,fold_3,1,5683811,1,1,1,100,100,29.296875,29.296875,25,25,1,1,1,5683822,1,0.79462102689486558,0.79462102689486558,0.41075794621026884,True,correct,correct;high_confidence;temporal_regime,DECISION-TIME
8542d3586f4fdac792ac564b,fold_3,1,5683863,1,1,1,100,100,29.296875,29.296875,25,25,1,1,1,5683873,1,0.79462102689486558,0.79462102689486558,0.41075794621026884,True,correct,correct;high_confidence;temporal_regime,DECISION-TIME
5c76da13a51a83358e4cd79d,fold_3,1,5683944,1,1,1,100,100,29.296875,29.296875,25,25,1,1,1,5683954,1,0.79462102689486558,0.79462102689486558,0.41075794621026884,True,correct,correct;high_confidence;temporal_regime,DECISION-TIME
bb8a83f3b929da937140cf82,fold_3,1,5684015,1,1,1,100,100,29.296875,29.296875,25,25,1,1,1,5684026,1,0.79462102689486558,0.79462102689486558,0.41075794621026884,True,correct,correct;high_confidence;temporal_regime,DECISION-TIME
49646dbbc6ea9aca31607c5a,fold_3,1,5684101,1,1,1,100,100,29.296875,29.296875,25,25,1,1,1,5684105,1,0.79462102689486558,0.79462102689486558,0.41075794621026884,True,correct,correct;high_confidence;temporal_regime,DECISION-TIME
cfaa71eac463d73a550e22d3,fold_3,1,5684106,1,1,1,100,100,29.296875,29.296875,25,25,1,1,1,5684116,1,0.79462102689486558,0.79462102689486558,0.41075794621026884,True,correct,correct;high_confidence;temporal_regime,DECISION-TIME
0bd95c0720b79540f085cab8,fold_3,1,5684179,1,1,1,100,100,29.296875,29.296875,25,25,1,1,1,5684319,1,0.79462102689486558,0.79462102689486558,0.41075794621026884,True,correct,correct;high_confidence;temporal_regime,DECISION-TIME
68945defbcf3bf2a3b50b946,fold_3,1,5684180,1,1,1,100,100,29.296875,29.296875,25,25,1,1,1,5684319,1,0.79462102689486558,0.79462102689486558,0.41075794621026884,True,correct,correct;high_confidence;temporal_regime,DECISION-TIME
f63a22c735467f7c14ecc295,fold_3,1,5684245,1,1,1,100,100,29.296875,29.296875,25,25,1,1,1,5684255,1,0.79462102689486558,0.79462102689486558,0.41075794621026884,True,correct,correct;high_confidence;temporal_regime,DECISION-TIME
5ee720a5cd87e8cac2ea8b83,fold_3,1,5684275,1,1,1,100,100,29.296875,29.296875,25,25,1,1,1,5684286,1,0.79462102689486558,0.79462102689486558,0.41075794621026884,True,correct,correct;high_confidence;temporal_regime,DECISION-TIME
09d3c1a3dd29dc230fb8a783,fold_3,1,5684350,1,1,1,100,100,29.296875,29.296875,25,25,1,1,1,5684356,1,0.79462102689486558,0.79462102689486558,0.41075794621026884,True,correct,correct;high_confidence;temporal_regime,DECISION-TIME
d7b2961c0be58f891829992e,fold_3,1,5684352,1,1,1,100,100,29.296875,29.296875,25,25,1,1,1,5684356,1,0.79462102689486558,0.79462102689486558,0.41075794621026884,True,correct,correct;high_confidence;temporal_regime,DECISION-TIME
bb5c6f1b2e2b74a005600f90,fold_3,1,5684363,1,1,1,100,100,29.296875,29.296875,25,25,1,1,1,5684366,1,0.79462102689486558,0.79462102689486558,0.41075794621026884,True,correct,correct;high_confidence;temporal_regime,DECISION-TIME
c8f91124dbf709d365e5a258,fold_3,1,5684363,1,1,1,100,100,29.296875,29.296875,25,25,1,1,1,5684377,1,0.79462102689486558,0.79462102689486558,0.41075794621026884,True,correct,correct;high_confidence;temporal_regime,DECISION-TIME
d933788e7586f1b702a87c23,fold_3,1,5684415,1,1,1,100,100,29.296875,29.296875,25,25,1,1,1,5684427,1,0.79462102689486558,0.79462102689486558,0.41075794621026884,True,correct,correct;high_confidence;temporal_regime,DECISION-TIME
93ff42bc350e208ab8eda2f4,fold_3,1,5684433,1,1,1,100,100,29.296875,29.296875,25,25,1,1,1,5684436,1,0.79462102689486558,0.79462102689486558,0.41075794621026884,True,correct,correct;high_confidence;temporal_regime,DECISION-TIME
e015d38b0c57ef7eef87ecec,fold_3,1,5684501,1,1,1,100,100,29.296875,29.296875,25,25,1,1,1,5684508,1,0.79462102689486558,0.79462102689486558,0.41075794621026884,True,correct,correct;high_confidence;temporal_regime,DECISION-TIME
07f298acf44ab2eaac6aaa33,fold_3,1,5684612,1,1,1,100,100,29.296875,29.296875,25,25,1,1,1,5684618,1,0.79462102689486558,0.79462102689486558,0.41075794621026884,True,correct,correct;high_confidence;temporal_regime,DECISION-TIME
e7124182454aec5ee39f7adc,fold_3,1,5684661,1,1,1,100,100,29.296875,29.296875,25,25,1,1,1,5684668,1,0.79462102689486558,0.79462102689486558,0.41075794621026884,True,correct,correct;high_confidence;temporal_regime,DECISION-TIME
07478cb36a02ead5622b278f,fold_3,1,5684664,1,1,1,100,100,29.296875,29.296875,25,25,1,1,1,5684671,1,0.79462102689486558,0.79462102689486558,0.41075794621026884,True,correct,correct;high_confidence;temporal_regime,DECISION-TIME
9f180e42461fe92ce590ab85,fold_3,1,5684714,1,1,1,100,100,29.296875,29.296875,25,25,1,1,1,5684722,1,0.79462102689486558,0.79462102689486558,0.41075794621026884,True,correct,correct;high_confidence;temporal_regime,DECISION-TIME
11ddd1844cffd14561e38da8,fold_3,1,5684831,1,1,1,100,100,29.296875,29.296875,25,25,1,1,1,5684839,1,0.79462102689486558,0.79462102689486558,0.41075794621026884,True,correct,correct;high_confidence;temporal_regime,DECISION-TIME
9b4fb74a4a13b8496a3999cf,fold_3,1,5684912,1,1,1,100,100,29.296875,29.296875,25,25,1,1,1,5684920,1,0.79462102689486558,0.79462102689486558,0.41075794621026884,True,correct,correct;high_confidence;temporal_regime,DECISION-TIME
32b864c3f685c84e6668968e,fold_3,1,5684988,1,1,1,100,100,29.296875,29.296875,25,25,1,1,1,5685001,1,0.79462102689486558,0.79462102689486558,0.41075794621026884,True,correct,correct;high_confidence;temporal_regime,DECISION-TIME
5bd8aec5badfdf62fd0eba79,fold_3,1,5685116,1,1,1,100,100,29.296875,29.296875,25,25,1,1,1,5685121,1,0.79462102689486558,0.79462102689486558,0.41075794621026884,True,correct,correct;high_confidence;temporal_regime,DECISION-TIME
c225d51598d921b255690de9,fold_3,1,5685185,1,1,1,100,100,29.296875,29.296875,25,25,1,1,1,5685192,1,0.79462102689486558,0.79462102689486558,0.41075794621026884,True,correct,correct;high_confidence;temporal_regime,DECISION-TIME
bf664b17f7eac380c3fead6f,fold_3,1,5685220,1,1,1,100,100,29.296875,29.296875,25,25,1,1,1,5685231,1,0.79462102689486558,0.79462102689486558,0.41075794621026884,True,correct,correct;high_confidence;temporal_regime,DECISION-TIME
39dbc70e73b228ab26f6fa40,fold_3,1,5685274,1,1,1,100,100,29.296875,29.296875,25,25,1,1,1,5685281,1,0.79462102689486558,0.79462102689486558,0.41075794621026884,True,correct,correct;high_confidence;temporal_regime,DECISION-TIME
6b66763cd4f2ed58db5c8b99,fold_3,1,5685416,1,1,1,100,100,29.296875,29.296875,25,25,1,1,1,5685423,1,0.79462102689486558,0.79462102689486558,0.41075794621026884,True,correct,correct;high_confidence;temporal_regime,DECISION-TIME
2c3991b9efe8f508bd8bf2d7,fold_3,1,5685491,1,1,1,100,100,29.296875,29.296875,25,25,1,1,1,5685503,1,0.79462102689486558,0.79462102689486558,0.41075794621026884,True,correct,correct;high_confidence;temporal_regime,DECISION-TIME
585223e2ec9173f522ee9492,fold_3,1,5685501,1,1,1,100,100,29.296875,29.296875,25,25,1,1,1,5685513,1,0.79462102689486558,0.79462102689486558,0.41075794621026884,True,correct,correct;high_confidence;temporal_regime,DECISION-TIME
49ea6abbde2e3946deaa6a59,fold_3,1,5685529,1,1,1,100,100,29.296875,29.296875,25,25,1,1,1,5685534,1,0.79462102689486558,0.79462102689486558,0.41075794621026884,True,correct,correct;high_confidence;temporal_regime,DECISION-TIME
9315b1c8c9a5252105bf67f1,fold_3,1,5685554,1,1,1,100,100,29.296875,29.296875,25,25,1,1,1,5685563,1,0.79462102689486558,0.79462102689486558,0.41075794621026884,True,correct,correct;high_confidence;temporal_regime,DECISION-TIME
36104511b7a08488280603d4,fold_3,1,5685676,1,1,1,100,100,29.296875,29.296875,25,25,1,1,1,5685685,1,0.79462102689486558,0.79462102689486558,0.41075794621026884,True,correct,correct;high_confidence;temporal_regime,DECISION-TIME
b30f1f1911729abff62772fc,fold_3,1,5685737,1,1,1,100,100,29.296875,29.296875,25,25,1,1,1,5685747,1,0.79462102689486558,0.79462102689486558,0.41075794621026884,True,correct,correct;high_confidence;temporal_regime,DECISION-TIME
ec08be1cf5690b5bc7f62de6,fold_3,1,5685765,1,1,1,100,100,29.296875,29.296875,25,25,1,1,1,5685775,1,0.79462102689486558,0.79462102689486558,0.41075794621026884,True,correct,correct;high_confidence;temporal_regime,DECISION-TIME
1a577293f208a4466a4daa41,fold_3,1,5685767,1,1,1,100,100,29.296875,29.296875,25,25,1,1,1,5685776,1,0.79462102689486558,0.79462102689486558,0.41075794621026884,True,correct,correct;high_confidence;temporal_regime,DECISION-TIME
e892329782c83a03d948eda7,fold_3,1,5685808,1,1,1,100,100,29.296875,29.296875,25,25,1,1,1,5685815,1,0.79462102689486558,0.79462102689486558,0.41075794621026884,True,correct,correct;high_confidence;temporal_regime,DECISION-TIME
1d9f1d13d04435abf6f0f2c1,fold_3,1,5685811,1,1,1,100,100,29.296875,29.296875,25,25,1,1,1,5685815,1,0.79462102689486558,0.79462102689486558,0.41075794621026884,True,correct,correct;high_confidence;temporal_regime,DECISION-TIME
dfb98dda55fd0beb41d45b7a,fold_3,1,5685847,1,1,1,100,100,29.296875,29.296875,25,25,1,1,1,5685856,1,0.79462102689486558,0.79462102689486558,0.41075794621026884,True,correct,correct;high_confidence;temporal_regime,DECISION-TIME
ed9d2d5cf09aee84fac0006b,fold_3,1,5686023,1,1,1,100,100,29.296875,29.296875,25,25,1,1,1,5686027,1,0.79462102689486558,0.79462102689486558,0.41075794621026884,True,correct,correct;high_confidence;temporal_regime,DECISION-TIME
af20b67d4e240d0a4e2eaa92,fold_3,1,5686146,1,1,1,100,100,29.296875,29.296875,25,25,1,1,1,5686157,1,0.79462102689486558,0.79462102689486558,0.41075794621026884,True,correct,correct;high_confidence;temporal_regime,DECISION-TIME
02edae856ccebdf70b6fccae,fold_3,1,5686164,1,1,1,100,100,29.296875,29.296875,25,25,1,1,1,5686177,1,0.79462102689486558,0.79462102689486558,0.41075794621026884,True,correct,correct;high_confidence;temporal_regime,DECISION-TIME
322bc766b0cd7915594d0b3d,fold_3,1,5686215,1,1,1,100,100,29.296875,29.296875,25,25,1,1,1,5686227,1,0.79462102689486558,0.79462102689486558,0.41075794621026884,True,correct,correct;high_confidence;temporal_regime,DECISION-TIME
8c3c7611b41aa5e2e5023113,fold_3,1,5686257,1,1,1,100,100,29.296875,29.296875,25,25,1,1,1,5686268,1,0.79462102689486558,0.79462102689486558,0.41075794621026884,True,correct,correct;high_confidence;temporal_regime,DECISION-TIME
2f5dafb6d47a00b7535791e0,fold_3,1,5686332,1,1,1,100,100,29.296875,29.296875,25,25,1,1,1,5686340,1,0.79462102689486558,0.79462102689486558,0.41075794621026884,True,correct,correct;high_confidence;temporal_regime,DECISION-TIME
796bdff4542894db099dc822,fold_3,1,5686337,1,1,1,100,100,29.296875,29.296875,25,25,1,1,1,5686349,1,0.79462102689486558,0.79462102689486558,0.41075794621026884,True,correct,correct;high_confidence;temporal_regime,DECISION-TIME
45f9cfd533d23e6a9b678ae2,fold_3,0,5686361,2,2,22,500,600,29.296875,29.296875,50,50,1,22,19,5686368.9090909092,0,0.15491651205936921,0.15491651205936921,0.30983302411873836,True,correct,correct;high_confidence;temporal_regime,DECISION-TIME
9276fcfe70448da3439d4182,fold_3,1,5686452,1,1,1,100,100,29.296875,29.296875,25,25,1,1,1,5686461,1,0.79462102689486558,0.79462102689486558,0.41075794621026884,True,correct,correct;high_confidence;temporal_regime,DECISION-TIME
aebcc5636d83a6ccc61d6d3d,fold_3,1,5686528,1,1,1,100,100,29.296875,29.296875,25,25,1,1,1,5686540,1,0.79462102689486558,0.79462102689486558,0.41075794621026884,True,correct,correct;high_confidence;temporal_regime,DECISION-TIME
5db17ebfa5fb1699eb5e2bec,fold_3,1,5686535,1,1,1,100,100,29.296875,29.296875,25,25,1,1,1,5686540,1,0.79462102689486558,0.79462102689486558,0.41075794621026884,True,correct,correct;high_confidence;temporal_regime,DECISION-TIME
193fd5515fca721ef520b311,fold_3,1,5686548,1,1,1,100,100,29.296875,29.296875,25,25,1,1,1,5686560,1,0.79462102689486558,0.79462102689486558,0.41075794621026884,True,correct,correct;high_confidence;temporal_regime,DECISION-TIME
ca2cced22cf3f4dd8e9e1769,fold_3,0,5686640,2,2,13,350,600,2,2,25,25,1,13,6,5686644.846153846,0,0.092592592592592587,0.092592592592592587,0.18518518518518512,True,correct,correct;high_confidence;temporal_regime,DECISION-TIME
1d46014a7cf652318056ff12,fold_3,1,5686642,1,1,1,100,100,29.296875,29.296875,25,25,1,1,1,5686653,1,0.79462102689486558,0.79462102689486558,0.41075794621026884,True,correct,correct;high_confidence;temporal_regime,DECISION-TIME
f7d22f56f4b798d1b8de4215,fold_3,1,5686647,1,1,1,100,100,29.296875,29.296875,25,25,1,1,1,5686651,1,0.79462102689486558,0.79462102689486558,0.41075794621026884,True,correct,correct;high_confidence;temporal_regime,DECISION-TIME
3264e097622f0e5c717df821,fold_3,1,5686648,1,1,1,100,100,29.296875,29.296875,25,25,1,1,1,5686659,1,0.79462102689486558,0.79462102689486558,0.41075794621026884,True,correct,correct;high_confidence;temporal_regime,DECISION-TIME
c8852e73f1d4320323b63024,fold_3,1,5686649,1,1,1,100,100,29.296875,29.296875,25,25,1,1,1,5686662,1,0.79462102689486558,0.79462102689486558,0.41075794621026884,True,correct,correct;high_confidence;temporal_regime,DECISION-TIME
a8accaece498775476dc77e6,fold_3,1,5686777,1,1,1,100,100,29.296875,29.296875,25,25,1,1,1,5686781,1,0.79462102689486558,0.79462102689486558,0.41075794621026884,True,correct,correct;high_confidence;temporal_regime,DECISION-TIME
d7f8f4a587432b74d298b7db,fold_3,1,5686781,1,1,1,100,100,29.296875,29.296875,25,25,1,1,1,5686791,1,0.79462102689486558,0.79462102689486558,0.41075794621026884,True,correct,correct;high_confidence;temporal_regime,DECISION-TIME
1ed472c2685777a4653137c9,fold_3,1,5686789,1,1,1,100,100,29.296875,29.296875,25,25,1,1,1,5686801,1,0.79462102689486558,0.79462102689486558,0.41075794621026884,True,correct,correct;high_confidence;temporal_regime,DECISION-TIME
3b5cd392b293c50ee7c548ee,fold_3,1,5686981,1,1,1,100,100,29.296875,29.296875,25,25,1,1,1,5686992,1,0.79462102689486558,0.79462102689486558,0.41075794621026884,True,correct,correct;high_confidence;temporal_regime,DECISION-TIME
9adf6fb52a86f54aac98355d,fold_3,1,5687055,1,1,1,100,100,29.296875,29.296875,25,25,1,1,1,5687063,1,0.79462102689486558,0.79462102689486558,0.41075794621026884,True,correct,correct;high_confidence;temporal_regime,DECISION-TIME
a1c0495cbb429e1d2f74f730,fold_3,1,5687078,1,1,1,100,100,29.296875,29.296875,25,25,1,1,1,5687084,1,0.79462102689486558,0.79462102689486558,0.41075794621026884,True,correct,correct;high_confidence;temporal_regime,DECISION-TIME
c02e52ea9580f33830dd969c,fold_3,1,5687114,1,1,1,100,100,29.296875,29.296875,25,25,1,1,1,5687125,1,0.79462102689486558,0.79462102689486558,0.41075794621026884,True,correct,correct;high_confidence;temporal_regime,DECISION-TIME
957d3df426a65eff5f53a9f8,fold_3,1,5687275,1,1,1,100,100,29.296875,29.296875,25,25,1,1,1,5687286,1,0.79462102689486558,0.79462102689486558,0.41075794621026884,True,correct,correct;high_confidence;temporal_regime,DECISION-TIME
8f21010940a649051c7b4f25,fold_3,1,5687317,1,1,1,100,100,29.296875,29.296875,25,25,1,1,1,5687325,1,0.79462102689486558,0.79462102689486558,0.41075794621026884,True,correct,correct;high_confidence;temporal_regime,DECISION-TIME
e03d8904dea285cb9730f91f,fold_3,1,5687343,1,1,1,100,100,29.296875,29.296875,25,25,1,1,1,5687355,1,0.79462102689486558,0.79462102689486558,0.41075794621026884,True,correct,correct;high_confidence;temporal_regime,DECISION-TIME
822210fb21daeebb63e9224f,fold_3,1,5687438,1,1,1,100,100,29.296875,29.296875,25,25,1,1,1,5687447,1,0.79462102689486558,0.79462102689486558,0.41075794621026884,True,correct,correct;high_confidence;temporal_regime,DECISION-TIME
8bc0969297ffe73ca2b3afae,fold_3,1,5687453,1,1,1,100,100,29.296875,29.296875,25,25,1,1,1,5687466,1,0.79462102689486558,0.79462102689486558,0.41075794621026884,True,correct,correct;high_confidence;temporal_regime,DECISION-TIME
ed44ab4da70f5486b12c7f9f,fold_3,1,5687476,1,1,1,100,100,29.296875,29.296875,25,25,1,1,1,5687486,1,0.79462102689486558,0.79462102689486558,0.41075794621026884,True,correct,correct;high_confidence;temporal_regime,DECISION-TIME
7bddaac9118dd74737ba772d,fold_3,1,5687562,1,1,1,100,100,29.296875,29.296875,25,25,1,1,1,5687566,1,0.79462102689486558,0.79462102689486558,0.41075794621026884,True,correct,correct;high_confidence;temporal_regime,DECISION-TIME
93c8e96a0d711e58e537edcb,fold_3,1,5687624,1,1,1,100,100,29.296875,29.296875,25,25,1,1,1,5687637,1,0.79462102689486558,0.79462102689486558,0.41075794621026884,True,correct,correct;high_confidence;temporal_regime,DECISION-TIME
03af45e47444d36dd8c18af2,fold_3,1,5687639,1,1,1,100,100,29.296875,29.296875,25,25,1,1,1,5687647,1,0.79462102689486558,0.79462102689486558,0.41075794621026884,True,correct,correct;high_confidence;temporal_regime,DECISION-TIME
60bb60106b4eb6ce3d0ccdc5,fold_3,1,5687643,1,1,1,100,100,29.296875,29.296875,25,25,1,1,1,5687647,1,0.79462102689486558,0.79462102689486558,0.41075794621026884,True,correct,correct;high_confidence;temporal_regime,DECISION-TIME
98288e7699078c9f31ca140d,fold_3,1,5687674,1,1,1,100,100,29.296875,29.296875,25,25,1,1,1,5687677,1,0.79462102689486558,0.79462102689486558,0.41075794621026884,True,correct,correct;high_confidence;temporal_regime,DECISION-TIME
7973beb5dec9df47055099e4,fold_3,1,5687675,1,1,1,100,100,29.296875,29.296875,25,25,1,1,1,5687688,1,0.79462102689486558,0.79462102689486558,0.41075794621026884,True,correct,correct;high_confidence;temporal_regime,DECISION-TIME
2c9d8978532aac3c58cc3daf,fold_3,1,5687816,1,1,1,100,100,29.296875,29.296875,25,25,1,1,1,5687827,1,0.79462102689486558,0.79462102689486558,0.41075794621026884,True,correct,correct;high_confidence;temporal_regime,DECISION-TIME
85b49454d88972e84effb9dd,fold_3,1,5687950,1,1,1,100,100,29.296875,29.296875,25,25,1,1,1,5687959,1,0.79462102689486558,0.79462102689486558,0.41075794621026884,True,correct,correct;high_confidence;temporal_regime,DECISION-TIME
dc079099e4d3650b540bd23f,fold_3,0,5687983,2,2,13,350,600,2,2,25,25,1,13,6,5688088.615384615,0,0.092592592592592587,0.092592592592592587,0.18518518518518512,True,correct,correct;high_confidence;temporal_regime,DECISION-TIME
10a52139d894056e3643c95c,fold_3,1,5688027,1,1,1,100,100,29.296875,29.296875,25,25,1,1,1,5688039,1,0.79462102689486558,0.79462102689486558,0.41075794621026884,True,correct,correct;high_confidence;temporal_regime,DECISION-TIME
84836ed6caa68cb49796e0e2,fold_3,1,5688071,1,1,1,100,100,29.296875,29.296875,25,25,1,1,1,5688080,1,0.79462102689486558,0.79462102689486558,0.41075794621026884,True,correct,correct;high_confidence;temporal_regime,DECISION-TIME
80f36ab1dde8d42ed09cabea,fold_3,1,5688097,1,1,1,100,100,29.296875,29.296875,25,25,1,1,1,5688109,1,0.79462102689486558,0.79462102689486558,0.41075794621026884,True,correct,correct;high_confidence;temporal_regime,DECISION-TIME
c73fe91f36e70a99b9a773a5,fold_3,1,5688269,1,1,1,100,100,29.296875,29.296875,25,25,1,1,1,5688280,1,0.79462102689486558,0.79462102689486558,0.41075794621026884,True,correct,correct;high_confidence;temporal_regime,DECISION-TIME
2fa77c5d918e08226312bfae,fold_3,1,5688300,1,1,1,100,100,29.296875,29.296875,25,25,1,1,1,5688310,1,0.79462102689486558,0.79462102689486558,0.41075794621026884,True,correct,correct;high_confidence;temporal_regime,DECISION-TIME
ee90ff30430a0b3fc216e81a,fold_3,1,5688350,1,1,1,100,100,29.296875,29.296875,25,25,1,1,1,5688361,1,0.79462102689486558,0.79462102689486558,0.41075794621026884,True,correct,correct;high_confidence;temporal_regime,DECISION-TIME
b8cfabf606ea2edc6a820e91,fold_3,1,5688448,1,1,1,100,100,29.296875,29.296875,25,25,1,1,1,5688461,1,0.79462102689486558,0.79462102689486558,0.41075794621026884,True,correct,correct;high_confidence;temporal_regime,DECISION-TIME
d5549118ceaeec3c1814d023,fold_3,0,5688458,2,2,26,350,600,2,2,25,25,1,26,10,5691419.769230769,0,0.092592592592592587,0.092592592592592587,0.18518518518518512,True,correct,correct;high_confidence;temporal_regime,DECISION-TIME
16cce1045432abc52bd8e6b9,fold_3,1,5688576,1,1,1,100,100,29.296875,29.296875,25,25,1,1,1,5688581,1,0.79462102689486558,0.79462102689486558,0.41075794621026884,True,correct,correct;high_confidence;temporal_regime,DECISION-TIME
8256450bb2d289153710738f,fold_3,1,5688612,1,1,1,100,100,29.296875,29.296875,25,25,1,1,1,5688622,1,0.79462102689486558,0.79462102689486558,0.41075794621026884,True,correct,correct;high_confidence;temporal_regime,DECISION-TIME
861ae72ee21c53935f305b28,fold_3,1,5688641,1,1,1,100,100,29.296875,29.296875,25,25,1,1,1,5688652,1,0.79462102689486558,0.79462102689486558,0.41075794621026884,True,correct,correct;high_confidence;temporal_regime,DECISION-TIME
f52512252785dd594ccdfa25,fold_3,1,5688655,1,1,1,100,100,29.296875,29.296875,25,25,1,1,1,5688662,1,0.79462102689486558,0.79462102689486558,0.41075794621026884,True,correct,correct;high_confidence;temporal_regime,DECISION-TIME
7838dd3bc1c9be26fbde8101,fold_3,1,5688777,1,1,1,100,100,29.296875,29.296875,25,25,1,1,1,5688783,1,0.79462102689486558,0.79462102689486558,0.41075794621026884,True,correct,correct;high_confidence;temporal_regime,DECISION-TIME
6f19a088769387e01c9021d2,fold_3,0,5688912,2,2,26,350,600,2,2,25,25,1,26,8,5693750.076923077,0,0.092592592592592587,0.092592592592592587,0.18518518518518512,True,correct,correct;high_confidence;temporal_regime,DECISION-TIME
b73b5d7893a90d34c402dd43,fold_3,1,5688963,1,1,1,100,100,29.296875,29.296875,25,25,1,1,1,5688975,1,0.79462102689486558,0.79462102689486558,0.41075794621026884,True,correct,correct;high_confidence;temporal_regime,DECISION-TIME
38825f44f16f2b48fd75772d,fold_3,1,5689085,1,1,1,100,100,29.296875,29.296875,25,25,1,1,1,5689094,1,0.79462102689486558,0.79462102689486558,0.41075794621026884,True,correct,correct;high_confidence;temporal_regime,DECISION-TIME
3c095ec07107700bdc656ca8,fold_3,1,5689118,1,1,1,100,100,29.296875,29.296875,25,25,1,1,1,5689125,1,0.79462102689486558,0.79462102689486558,0.41075794621026884,True,correct,correct;high_confidence;temporal_regime,DECISION-TIME
4451a5e9165d7e0d8e9f653c,fold_3,1,5689194,1,1,1,100,100,29.296875,29.296875,25,25,1,1,1,5689205,1,0.79462102689486558,0.79462102689486558,0.41075794621026884,True,correct,correct;high_confidence;temporal_regime,DECISION-TIME
629348caad8f4d5af4269f67,fold_3,1,5689217,1,1,1,100,100,29.296875,29.296875,25,25,1,1,1,5689225,1,0.79462102689486558,0.79462102689486558,0.41075794621026884,True,correct,correct;high_confidence;temporal_regime,DECISION-TIME
27050c44021bef0157898fff,fold_3,1,5689366,1,1,1,100,100,29.296875,29.296875,25,25,1,1,1,5689375,1,0.79462102689486558,0.79462102689486558,0.41075794621026884,True,correct,correct;high_confidence;temporal_regime,DECISION-TIME
ac23c569cb3c9f8c4c8cd732,fold_3,1,5689375,1,1,1,100,100,29.296875,29.296875,25,25,1,1,1,5689385,1,0.79462102689486558,0.79462102689486558,0.41075794621026884,True,correct,correct;high_confidence;temporal_regime,DECISION-TIME
860f26c71a915609e79b47e1,fold_3,1,5689407,1,1,1,100,100,29.296875,29.296875,25,25,1,1,1,5689415,1,0.79462102689486558,0.79462102689486558,0.41075794621026884,True,correct,correct;high_confidence;temporal_regime,DECISION-TIME
638ef7d409c53543442146dc,fold_3,1,5689468,1,1,1,100,100,29.296875,29.296875,25,25,1,1,1,5689476,1,0.79462102689486558,0.79462102689486558,0.41075794621026884,True,correct,correct;high_confidence;temporal_regime,DECISION-TIME
f8092aa8da0d70d5fda3d218,fold_3,1,5689500,1,1,1,100,100,29.296875,29.296875,25,25,1,1,1,5689505,1,0.79462102689486558,0.79462102689486558,0.41075794621026884,True,correct,correct;high_confidence;temporal_regime,DECISION-TIME
de85605fd84d870a2f5a6e6f,fold_3,1,5689531,1,1,1,100,100,29.296875,29.296875,25,25,1,1,1,5689536,1,0.79462102689486558,0.79462102689486558,0.41075794621026884,True,correct,correct;high_confidence;temporal_regime,DECISION-TIME
cd2c1ab11ca356b00e9d85c2,fold_3,0,5689592,2,2,51,250,400,19.53125,19.53125,50,50,1,51,39,5689606.5882352944,0,0.15491651205936921,0.15491651205936921,0.30983302411873836,True,correct,correct;high_confidence;temporal_regime,DECISION-TIME
f7f88db40e6b275f2290c52b,fold_3,1,5689610,1,1,1,100,100,29.296875,29.296875,25,25,1,1,1,5689616,1,0.79462102689486558,0.79462102689486558,0.41075794621026884,True,correct,correct;high_confidence;temporal_regime,DECISION-TIME
9b36206ee65f5b22f6ded20b,fold_3,0,5689617,1,1,1,600,600,29.296875,29.296875,100,100,1,1,1,5689647,0,0.15491651205936921,0.15491651205936921,0.30983302411873836,True,correct,correct;high_confidence;temporal_regime,DECISION-TIME
57f22addecf0caf29bfa9bee,fold_3,1,5689657,1,1,1,100,100,29.296875,29.296875,25,25,1,1,1,5689667,1,0.79462102689486558,0.79462102689486558,0.41075794621026884,True,correct,correct;high_confidence;temporal_regime,DECISION-TIME
d554e933fc7e11797bfb674b,fold_3,1,5689676,1,1,1,100,100,29.296875,29.296875,25,25,1,1,1,5689686,1,0.79462102689486558,0.79462102689486558,0.41075794621026884,True,correct,correct;high_confidence;temporal_regime,DECISION-TIME
0f736ac3bc9dabcc3456c26f,fold_3,1,5689856,1,1,1,100,100,29.296875,29.296875,25,25,1,1,1,5689868,1,0.79462102689486558,0.79462102689486558,0.41075794621026884,True,correct,correct;high_confidence;temporal_regime,DECISION-TIME
8aa5cbd7eef0015b4d6b6100,fold_3,0,5689932,1,1,1,600,600,29.296875,29.296875,25,25,1,1,1,5689938,0,0.15491651205936921,0.15491651205936921,0.30983302411873836,True,correct,correct;high_confidence;temporal_regime,DECISION-TIME
5161bb1c3d920bea77a70f3a,fold_3,1,5689967,1,1,1,100,100,29.296875,29.296875,25,25,1,1,1,5689978,1,0.79462102689486558,0.79462102689486558,0.41075794621026884,True,correct,correct;high_confidence;temporal_regime,DECISION-TIME
73ef75295012393a7046737d,fold_3,1,5690124,1,1,1,100,100,29.296875,29.296875,25,25,1,1,1,5690129,1,0.79462102689486558,0.79462102689486558,0.41075794621026884,True,correct,correct;high_confidence;temporal_regime,DECISION-TIME
1a7f901f48f553f2102f43df,fold_3,1,5690144,1,1,1,100,100,29.296875,29.296875,25,25,1,1,1,5690149,1,0.79462102689486558,0.79462102689486558,0.41075794621026884,True,correct,correct;high_confidence;temporal_regime,DECISION-TIME
b2a5fe69a6cca09dbfce7e71,fold_3,0,5690144,1,1,1,600,600,29.296875,29.296875,100,100,1,1,1,5690147,0,0.15491651205936921,0.15491651205936921,0.30983302411873836,True,correct,correct;high_confidence;temporal_regime,DECISION-TIME
efb7523cb4a35e21340c7a75,fold_3,1,5690148,1,1,1,100,100,29.296875,29.296875,25,25,1,1,1,5690159,1,0.79462102689486558,0.79462102689486558,0.41075794621026884,True,correct,correct;high_confidence;temporal_regime,DECISION-TIME
7117c3126a4bcabdf8817931,fold_3,1,5690259,1,1,1,100,100,29.296875,29.296875,25,25,1,1,1,5690270,1,0.79462102689486558,0.79462102689486558,0.41075794621026884,True,correct,correct;high_confidence;temporal_regime,DECISION-TIME
a64e7b84436c5dfc5676c6dc,fold_3,1,5690285,1,1,1,100,100,29.296875,29.296875,25,25,1,1,1,5690290,1,0.79462102689486558,0.79462102689486558,0.41075794621026884,True,correct,correct;high_confidence;temporal_regime,DECISION-TIME
a2279af4019ab85b55a682c5,fold_3,1,5690363,1,1,1,100,100,29.296875,29.296875,25,25,1,1,1,5690370,1,0.79462102689486558,0.79462102689486558,0.41075794621026884,True,correct,correct;high_confidence;temporal_regime,DECISION-TIME
65276e5548bde4031bb081b1,fold_3,1,5690522,1,1,1,100,100,29.296875,29.296875,25,25,1,1,1,5690531,1,0.79462102689486558,0.79462102689486558,0.41075794621026884,True,correct,correct;high_confidence;temporal_regime,DECISION-TIME
10a33dee8a4d49ac74e0e8f0,fold_3,1,5690603,1,1,1,100,100,29.296875,29.296875,25,25,1,1,1,5690611,1,0.79462102689486558,0.79462102689486558,0.41075794621026884,True,correct,correct;high_confidence;temporal_regime,DECISION-TIME
90a73002771a27f505e8602b,fold_3,1,5690678,1,1,1,100,100,29.296875,29.296875,25,25,1,1,1,5690680,1,0.79462102689486558,0.79462102689486558,0.41075794621026884,True,correct,correct;high_confidence;temporal_regime,DECISION-TIME
ada6817a21f1b2325c0f3d89,fold_3,1,5690737,1,1,1,100,100,29.296875,29.296875,25,25,1,1,1,5690742,1,0.79462102689486558,0.79462102689486558,0.41075794621026884,True,correct,correct;high_confidence;temporal_regime,DECISION-TIME
fd9e9bc208d1ab431023438a,fold_3,1,5690774,1,1,1,100,100,29.296875,29.296875,25,25,1,1,1,5690781,1,0.79462102689486558,0.79462102689486558,0.41075794621026884,True,correct,correct;high_confidence;temporal_regime,DECISION-TIME
f6e60c6bd30277252c84b6d2,fold_3,1,5690856,1,1,1,100,100,29.296875,29.296875,25,25,1,1,1,5690863,1,0.79462102689486558,0.79462102689486558,0.41075794621026884,True,correct,correct;high_confidence;temporal_regime,DECISION-TIME
e73ef11b32ef569aa50a2924,fold_3,1,5690899,1,1,1,100,100,29.296875,29.296875,25,25,1,1,1,5690902,1,0.79462102689486558,0.79462102689486558,0.41075794621026884,True,correct,correct;high_confidence;temporal_regime,DECISION-TIME
158d2095a0a9ef1dbd47847a,fold_3,1,5690966,1,1,1,100,100,29.296875,29.296875,25,25,1,1,1,5690972,1,0.79462102689486558,0.79462102689486558,0.41075794621026884,True,correct,correct;high_confidence;temporal_regime,DECISION-TIME
7f80e8a9141cc8e346113434,fold_3,1,5691037,1,1,1,100,100,29.296875,29.296875,25,25,1,1,1,5691044,1,0.79462102689486558,0.79462102689486558,0.41075794621026884,True,correct,correct;high_confidence;temporal_regime,DECISION-TIME
6d31f37290f2bec5bac955ab,fold_3,1,5691053,1,1,1,100,100,29.296875,29.296875,25,25,1,1,1,5691063,1,0.79462102689486558,0.79462102689486558,0.41075794621026884,True,correct,correct;high_confidence;temporal_regime,DECISION-TIME
9a71e185365949b827a6b388,fold_3,1,5691053,1,1,1,100,100,29.296875,29.296875,25,25,1,1,1,5691063,1,0.79462102689486558,0.79462102689486558,0.41075794621026884,True,correct,correct;high_confidence;temporal_regime,DECISION-TIME
1bdb6c47df609a0a4ed1f75b,fold_3,1,5691168,1,1,1,100,100,29.296875,29.296875,25,25,1,1,1,5691174,1,0.79462102689486558,0.79462102689486558,0.41075794621026884,True,correct,correct;high_confidence;temporal_regime,DECISION-TIME
66ef9646068a88b401d03aa1,fold_3,1,5691169,1,1,1,100,100,29.296875,29.296875,25,25,1,1,1,5691174,1,0.79462102689486558,0.79462102689486558,0.41075794621026884,True,correct,correct;high_confidence;temporal_regime,DECISION-TIME
a0229b0818953fadf230fc53,fold_3,0,5691177,1,1,2,600,600,29.296875,29.296875,100,100,1,2,1,5691183,0,0.15491651205936921,0.15491651205936921,0.30983302411873836,True,correct,correct;high_confidence;temporal_regime,DECISION-TIME
92ed38cf7e96159bdeb57553,fold_3,1,5691216,1,1,1,100,100,29.296875,29.296875,25,25,1,1,1,5691223,1,0.79462102689486558,0.79462102689486558,0.41075794621026884,True,correct,correct;high_confidence;temporal_regime,DECISION-TIME
44904052f085769d58f390dd,fold_3,1,5691218,1,1,1,100,100,29.296875,29.296875,25,25,1,1,1,5691224,1,0.79462102689486558,0.79462102689486558,0.41075794621026884,True,correct,correct;high_confidence;temporal_regime,DECISION-TIME
ba9f43c5bfd4cbebb8820c90,fold_3,1,5691323,1,1,1,100,100,29.296875,29.296875,25,25,1,1,1,5691334,1,0.79462102689486558,0.79462102689486558,0.41075794621026884,True,correct,correct;high_confidence;temporal_regime,DECISION-TIME
f05da60c64bb9a57be63985f,fold_3,1,5691597,1,1,1,100,100,29.296875,29.296875,25,25,1,1,1,5691605,1,0.79462102689486558,0.79462102689486558,0.41075794621026884,True,correct,correct;high_confidence;temporal_regime,DECISION-TIME
99f37d034b3f244e6e62f007,fold_3,1,5691627,1,1,1,100,100,29.296875,29.296875,25,25,1,1,1,5691635,1,0.79462102689486558,0.79462102689486558,0.41075794621026884,True,correct,correct;high_confidence;temporal_regime,DECISION-TIME
3f17f8c18c92ef607b68e831,fold_3,1,5691633,1,1,1,100,100,29.296875,29.296875,25,25,1,1,1,5691645,1,0.79462102689486558,0.79462102689486558,0.41075794621026884,True,correct,correct;high_confidence;temporal_regime,DECISION-TIME
cd60cf3babf4964b2592a6b5,fold_3,1,5692061,1,1,1,100,100,29.296875,29.296875,25,25,1,1,1,5692067,1,0.79462102689486558,0.79462102689486558,0.41075794621026884,True,correct,correct;high_confidence;temporal_regime,DECISION-TIME
b6c08abf29df20fd34f439c7,fold_3,1,5692064,1,1,1,100,100,29.296875,29.296875,25,25,1,1,1,5692078,1,0.79462102689486558,0.79462102689486558,0.41075794621026884,True,correct,correct;high_confidence;temporal_regime,DECISION-TIME
cb09af158ec7af19b3ff3ed6,fold_3,1,5692081,1,1,1,100,100,29.296875,29.296875,25,25,1,1,1,5692088,1,0.79462102689486558,0.79462102689486558,0.41075794621026884,True,correct,correct;high_confidence;temporal_regime,DECISION-TIME
ebe0c46877e77f7cd062e182,fold_3,1,5692310,1,1,1,100,100,29.296875,29.296875,25,25,1,1,1,5692319,1,0.79462102689486558,0.79462102689486558,0.41075794621026884,True,correct,correct;high_confidence;temporal_regime,DECISION-TIME
64805d0b400ff22243122ef3,fold_3,1,5692460,1,1,1,100,100,29.296875,29.296875,25,25,1,1,1,5692471,1,0.79462102689486558,0.79462102689486558,0.41075794621026884,True,correct,correct;high_confidence;temporal_regime,DECISION-TIME
c13799ed36580b9eb610bc6c,fold_3,0,5692561,2,2,43,600,600,29.296875,29.296875,25,25,1,43,26,5692570.7906976743,0,0.15491651205936921,0.15491651205936921,0.30983302411873836,True,correct,correct;high_confidence;temporal_regime,DECISION-TIME
bebe32b5dca6c61d7a7caed2,fold_3,1,5692631,1,1,1,100,100,29.296875,29.296875,25,25,1,1,1,5692641,1,0.79462102689486558,0.79462102689486558,0.41075794621026884,True,correct,correct;high_confidence;temporal_regime,DECISION-TIME
ea37ce6a1aba6a4e7aaf7e0c,fold_3,0,5692695,1,1,1,600,600,29.296875,29.296875,100,100,1,1,1,5692701,0,0.15491651205936921,0.15491651205936921,0.30983302411873836,True,correct,correct;high_confidence;temporal_regime,DECISION-TIME
c90238dbc44c1b7389d1836d,fold_3,1,5692700,1,1,1,100,100,29.296875,29.296875,25,25,1,1,1,5692710,1,0.79462102689486558,0.79462102689486558,0.41075794621026884,True,correct,correct;high_confidence;temporal_regime,DECISION-TIME
e9ccb920cb289433c5c9aff9,fold_3,0,5692851,2,2,2,600,600,29.296875,29.296875,100,100,1,2,1,5692867,0,0.15491651205936921,0.15491651205936921,0.30983302411873836,True,correct,correct;high_confidence;temporal_regime,DECISION-TIME
53a33abf5a46dc464dfefcab,fold_3,1,5693009,1,1,1,100,100,29.296875,29.296875,25,25,1,1,1,5693012,1,0.79462102689486558,0.79462102689486558,0.41075794621026884,True,correct,correct;high_confidence;temporal_regime,DECISION-TIME
231cd010151371088ab7ee68,fold_3,1,5693022,1,1,1,100,100,29.296875,29.296875,25,25,1,1,1,5693032,1,0.79462102689486558,0.79462102689486558,0.41075794621026884,True,correct,correct;high_confidence;temporal_regime,DECISION-TIME
d851a2064f3cd43c3500e805,fold_3,1,5693023,1,1,1,100,100,29.296875,29.296875,25,25,1,1,1,5693031,1,0.79462102689486558,0.79462102689486558,0.41075794621026884,True,correct,correct;high_confidence;temporal_regime,DECISION-TIME
f49cc2075ac8a17e3c3c7c8b,fold_3,1,5693192,1,1,1,100,100,29.296875,29.296875,25,25,1,1,1,5693203,1,0.79462102689486558,0.79462102689486558,0.41075794621026884,True,correct,correct;high_confidence;temporal_regime,DECISION-TIME
6841c54c5fdf0ae47610c0f7,fold_3,1,5693270,1,1,1,100,100,29.296875,29.296875,25,25,1,1,1,5693283,1,0.79462102689486558,0.79462102689486558,0.41075794621026884,True,correct,correct;high_confidence;temporal_regime,DECISION-TIME
58fa6e03470b9c1c01b5e377,fold_3,1,5693336,1,1,1,100,100,29.296875,29.296875,25,25,1,1,1,5693343,1,0.79462102689486558,0.79462102689486558,0.41075794621026884,True,correct,correct;high_confidence;temporal_regime,DECISION-TIME
297a618c63ba5c9b806d56a0,fold_3,1,5693563,1,1,1,100,100,29.296875,29.296875,25,25,1,1,1,5693574,1,0.79462102689486558,0.79462102689486558,0.41075794621026884,True,correct,correct;high_confidence;temporal_regime,DECISION-TIME
8124e02c0969bf5c3039e1da,fold_3,1,5693606,1,1,1,100,100,29.296875,29.296875,25,25,1,1,1,5693615,1,0.79462102689486558,0.79462102689486558,0.41075794621026884,True,correct,correct;high_confidence;temporal_regime,DECISION-TIME
3b457630e7274725e3e0e8ab,fold_3,1,5693822,1,1,1,100,100,29.296875,29.296875,25,25,1,1,1,5693836,1,0.79462102689486558,0.79462102689486558,0.41075794621026884,True,correct,correct;high_confidence;temporal_regime,DECISION-TIME
003ed01cf2d829e1206a1acc,fold_3,1,5693834,1,1,1,100,100,29.296875,29.296875,25,25,1,1,1,5693846,1,0.79462102689486558,0.79462102689486558,0.41075794621026884,True,correct,correct;high_confidence;temporal_regime,DECISION-TIME
1f178747fd7abc372387d10e,fold_3,1,5693885,1,1,1,100,100,29.296875,29.296875,25,25,1,1,1,5693896,1,0.79462102689486558,0.79462102689486558,0.41075794621026884,True,correct,correct;high_confidence;temporal_regime,DECISION-TIME
1d5e2f2c8ebdcdd4fde57155,fold_3,0,5693976,2,2,25,550,600,31.73828125,39.0625,25,25,1,25,12,5693984.2000000002,0,0.15491651205936921,0.15491651205936921,0.30983302411873836,True,correct,correct;high_confidence;temporal_regime,DECISION-TIME
4130c79add55502231f521b1,fold_3,1,5693991,1,1,1,100,100,29.296875,29.296875,25,25,1,1,1,5693996,1,0.79462102689486558,0.79462102689486558,0.41075794621026884,True,correct,correct;high_confidence;temporal_regime,DECISION-TIME
a52a0d9b8447fcf5da9e7d2d,fold_3,1,5694066,1,1,1,100,100,29.296875,29.296875,25,25,1,1,1,5694076,1,0.79462102689486558,0.79462102689486558,0.41075794621026884,True,correct,correct;high_confidence;temporal_regime,DECISION-TIME
88794b5d8e242c7226e101fa,fold_3,1,5694125,1,1,1,100,100,29.296875,29.296875,25,25,1,1,1,5694136,1,0.79462102689486558,0.79462102689486558,0.41075794621026884,True,correct,correct;high_confidence;temporal_regime,DECISION-TIME
c84ffcf714b49a61d8e4c2cf,fold_3,1,5694362,1,1,1,100,100,29.296875,29.296875,25,25,1,1,1,5694367,1,0.79462102689486558,0.79462102689486558,0.41075794621026884,True,correct,correct;high_confidence;temporal_regime,DECISION-TIME
b484a4fab588ff7247040f80,fold_3,1,5694440,1,1,1,100,100,29.296875,29.296875,25,25,1,1,1,5694447,1,0.79462102689486558,0.79462102689486558,0.41075794621026884,True,correct,correct;high_confidence;temporal_regime,DECISION-TIME
ec475a1e78cd2ddc30bf96a6,fold_3,1,5694585,1,1,1,100,100,29.296875,29.296875,25,25,1,1,1,5694588,1,0.79462102689486558,0.79462102689486558,0.41075794621026884,True,correct,correct;high_confidence;temporal_regime,DECISION-TIME
9f58917026b5a3d4a38d7b15,fold_3,1,5694770,1,1,1,100,100,29.296875,29.296875,25,25,1,1,1,5694779,1,0.79462102689486558,0.79462102689486558,0.41075794621026884,True,correct,correct;high_confidence;temporal_regime,DECISION-TIME
12bf6dc424d1cf28c7b171d8,fold_3,1,5694785,1,1,1,100,100,29.296875,29.296875,25,25,1,1,1,5694789,1,0.79462102689486558,0.79462102689486558,0.41075794621026884,True,correct,correct;high_confidence;temporal_regime,DECISION-TIME
595b6fa65643dbd8f47179f8,fold_3,1,5694805,1,1,1,100,100,29.296875,29.296875,25,25,1,1,1,5694809,1,0.79462102689486558,0.79462102689486558,0.41075794621026884,True,correct,correct;high_confidence;temporal_regime,DECISION-TIME
edab6338d878acdd8ece59b8,fold_3,0,5694831,2,2,9,600,600,29.296875,29.296875,25,25,1,9,6,5694839.444444444,0,0.15491651205936921,0.15491651205936921,0.30983302411873836,True,correct,correct;high_confidence;temporal_regime,DECISION-TIME
7c5e380d62d3b4982d615200,fold_3,1,5695132,1,1,1,100,100,29.296875,29.296875,25,25,1,1,1,5695141,1,0.79462102689486558,0.79462102689486558,0.41075794621026884,True,correct,correct;high_confidence;temporal_regime,DECISION-TIME
e69987cf4e19dc43bfbac0a1,fold_3,1,5695244,1,1,1,100,100,29.296875,29.296875,25,25,1,1,1,5695252,1,0.79462102689486558,0.79462102689486558,0.41075794621026884,True,correct,correct;high_confidence;temporal_regime,DECISION-TIME
14c1c8c3917ecdcb2af8ec35,fold_3,1,5695310,1,1,1,100,100,29.296875,29.296875,25,25,1,1,1,5695321,1,0.79462102689486558,0.79462102689486558,0.41075794621026884,True,correct,correct;high_confidence;temporal_regime,DECISION-TIME
95532007683072a1c3ecd71b,fold_3,1,5695330,1,1,1,100,100,29.296875,29.296875,25,25,1,1,1,5695342,1,0.79462102689486558,0.79462102689486558,0.41075794621026884,True,correct,correct;high_confidence;temporal_regime,DECISION-TIME
afde99c72caaefe5bd755a08,fold_3,1,5695331,1,1,1,100,100,29.296875,29.296875,25,25,1,1,1,5695343,1,0.79462102689486558,0.79462102689486558,0.41075794621026884,True,correct,correct;high_confidence;temporal_regime,DECISION-TIME
0cbce8c989c3ab7066de36ea,fold_3,1,5695341,1,1,1,100,100,29.296875,29.296875,25,25,1,1,1,5695353,1,0.79462102689486558,0.79462102689486558,0.41075794621026884,True,correct,correct;high_confidence;temporal_regime,DECISION-TIME
202c8720d69c96676b34eedc,fold_3,1,5695429,1,1,1,100,100,29.296875,29.296875,25,25,1,1,1,5695432,1,0.79462102689486558,0.79462102689486558,0.41075794621026884,True,correct,correct;high_confidence;temporal_regime,DECISION-TIME
c6b8ca270168052f5a565880,fold_3,1,5695505,1,1,1,100,100,29.296875,29.296875,25,25,1,1,1,5695512,1,0.79462102689486558,0.79462102689486558,0.41075794621026884,True,correct,correct;high_confidence;temporal_regime,DECISION-TIME
9f51f8bd184b43179a782e35,fold_3,1,5695540,1,1,1,100,100,29.296875,29.296875,25,25,1,1,1,5695543,1,0.79462102689486558,0.79462102689486558,0.41075794621026884,True,correct,correct;high_confidence;temporal_regime,DECISION-TIME
c9fe5b078e18815f4b8fc54a,fold_3,1,5695616,1,1,1,100,100,29.296875,29.296875,25,25,1,1,1,5695623,1,0.79462102689486558,0.79462102689486558,0.41075794621026884,True,correct,correct;high_confidence;temporal_regime,DECISION-TIME
4e99f7633c3203e8ee936d36,fold_3,1,5695690,1,1,1,100,100,29.296875,29.296875,25,25,1,1,1,5695704,1,0.79462102689486558,0.79462102689486558,0.41075794621026884,True,correct,correct;high_confidence;temporal_regime,DECISION-TIME
63dad15675b867a7112a4f9a,fold_3,1,5695786,1,1,1,100,100,29.296875,29.296875,25,25,1,1,1,5695794,1,0.79462102689486558,0.79462102689486558,0.41075794621026884,True,correct,correct;high_confidence;temporal_regime,DECISION-TIME
2055327b27a52f1e6b7a9587,fold_3,1,5695802,1,1,1,100,100,29.296875,29.296875,25,25,1,1,1,5695814,1,0.79462102689486558,0.79462102689486558,0.41075794621026884,True,correct,correct;high_confidence;temporal_regime,DECISION-TIME
786a9da0619cd2270d3aaf41,fold_3,1,5696159,1,1,1,100,100,29.296875,29.296875,25,25,1,1,1,5696165,1,0.79462102689486558,0.79462102689486558,0.41075794621026884,True,correct,correct;high_confidence;temporal_regime,DECISION-TIME
f5beed93aace8e99aaae9c5e,fold_3,1,5696159,1,1,1,100,100,29.296875,29.296875,25,25,1,1,1,5696166,1,0.79462102689486558,0.79462102689486558,0.41075794621026884,True,correct,correct;high_confidence;temporal_regime,DECISION-TIME
f18dda8a4644335ebe312262,fold_3,1,5696320,1,1,1,100,100,29.296875,29.296875,25,25,1,1,1,5696326,1,0.79462102689486558,0.79462102689486558,0.41075794621026884,True,correct,correct;high_confidence;temporal_regime,DECISION-TIME
cde374dbb8c51d434ed91371,fold_3,1,5696412,1,1,1,100,100,29.296875,29.296875,25,25,1,1,1,5696417,1,0.79462102689486558,0.79462102689486558,0.41075794621026884,True,correct,correct;high_confidence;temporal_regime,DECISION-TIME
eabcab6566bd97f3d1669a65,fold_3,1,5696505,1,1,1,100,100,29.296875,29.296875,25,25,1,1,1,5696517,1,0.79462102689486558,0.79462102689486558,0.41075794621026884,True,correct,correct;high_confidence;temporal_regime,DECISION-TIME
acf22a526b742543a38235ac,fold_3,1,5696594,1,1,1,100,100,29.296875,29.296875,25,25,1,1,1,5696597,1,0.79462102689486558,0.79462102689486558,0.41075794621026884,True,correct,correct;high_confidence;temporal_regime,DECISION-TIME
81289e3a90254e82fec997de,fold_3,1,5696606,1,1,1,100,100,29.296875,29.296875,25,25,1,1,1,5696618,1,0.79462102689486558,0.79462102689486558,0.41075794621026884,True,correct,correct;high_confidence;temporal_regime,DECISION-TIME
0e3c3913172db7db93277dd3,fold_3,1,5696681,1,1,1,100,100,29.296875,29.296875,25,25,1,1,1,5696688,1,0.79462102689486558,0.79462102689486558,0.41075794621026884,True,correct,correct;high_confidence;temporal_regime,DECISION-TIME
ee4593bc44fd01162926783d,fold_3,1,5696684,1,1,1,100,100,29.296875,29.296875,25,25,1,1,1,5696689,1,0.79462102689486558,0.79462102689486558,0.41075794621026884,True,correct,correct;high_confidence;temporal_regime,DECISION-TIME
a9da588afc6b5652373fceb4,fold_3,1,5696694,1,1,1,100,100,29.296875,29.296875,25,25,1,1,1,5696698,1,0.79462102689486558,0.79462102689486558,0.41075794621026884,True,correct,correct;high_confidence;temporal_regime,DECISION-TIME
82e106574abd886613191b7d,fold_3,1,5696716,1,1,1,100,100,29.296875,29.296875,25,25,1,1,1,5696729,1,0.79462102689486558,0.79462102689486558,0.41075794621026884,True,correct,correct;high_confidence;temporal_regime,DECISION-TIME
8642eee6f3637e91b1306136,fold_3,1,5696771,1,1,1,100,100,29.296875,29.296875,25,25,1,1,1,5696779,1,0.79462102689486558,0.79462102689486558,0.41075794621026884,True,correct,correct;high_confidence;temporal_regime,DECISION-TIME
a9667d60db26ca83d1c4c1cd,fold_3,1,5696777,1,1,1,100,100,29.296875,29.296875,25,25,1,1,1,5696789,1,0.79462102689486558,0.79462102689486558,0.41075794621026884,True,correct,correct;high_confidence;temporal_regime,DECISION-TIME
e9a16097e4dff02599bc5201,fold_3,1,5696834,1,1,1,100,100,29.296875,29.296875,25,25,1,1,1,5696839,1,0.79462102689486558,0.79462102689486558,0.41075794621026884,True,correct,correct;high_confidence;temporal_regime,DECISION-TIME
ed85d1ad8690d689b3260089,fold_3,1,5697021,1,1,1,100,100,29.296875,29.296875,25,25,1,1,1,5697030,1,0.79462102689486558,0.79462102689486558,0.41075794621026884,True,correct,correct;high_confidence;temporal_regime,DECISION-TIME
e03957dcc2432646a0976684,fold_3,0,5697053,2,2,22,500,600,29.296875,29.296875,50,50,1,22,20,5697069.5454545459,0,0.15491651205936921,0.15491651205936921,0.30983302411873836,True,correct,correct;high_confidence;temporal_regime,DECISION-TIME
10eeda11cefcbca84dedcd6d,fold_3,1,5697092,1,1,1,100,100,29.296875,29.296875,25,25,1,1,1,5697100,1,0.79462102689486558,0.79462102689486558,0.41075794621026884,True,correct,correct;high_confidence;temporal_regime,DECISION-TIME
794f7d9da26b18d191b60a01,fold_3,1,5697163,1,1,1,100,100,29.296875,29.296875,25,25,1,1,1,5697171,1,0.79462102689486558,0.79462102689486558,0.41075794621026884,True,correct,correct;high_confidence;temporal_regime,DECISION-TIME
2327d793799d0b9db3a8fb98,fold_3,1,5697218,1,1,1,100,100,29.296875,29.296875,25,25,1,1,1,5697230,1,0.79462102689486558,0.79462102689486558,0.41075794621026884,True,correct,correct;high_confidence;temporal_regime,DECISION-TIME
e643915f892496047f94e361,fold_3,1,5697230,1,1,1,100,100,29.296875,29.296875,25,25,1,1,1,5697241,1,0.79462102689486558,0.79462102689486558,0.41075794621026884,True,correct,correct;high_confidence;temporal_regime,DECISION-TIME
0ad4bf08fcf904a1c1e5d1d4,fold_3,1,5697276,1,1,1,100,100,29.296875,29.296875,25,25,1,1,1,5697281,1,0.79462102689486558,0.79462102689486558,0.41075794621026884,True,correct,correct;high_confidence;temporal_regime,DECISION-TIME
1b6c550a8f8d6b3735d0bd15,fold_3,0,5697421,1,1,1,20,20,29.296875,29.296875,5,5,1,1,1,5697432,1,0.79462102689486558,0.79462102689486558,0.41075794621026884,False,high_confidence_error,false_positive;high_confidence;temporal_regime,DECISION-TIME
f730a696b4c334ee0a7213f3,fold_3,1,5697530,1,1,1,100,100,29.296875,29.296875,25,25,1,1,1,5697543,1,0.79462102689486558,0.79462102689486558,0.41075794621026884,True,correct,correct;high_confidence;temporal_regime,DECISION-TIME
c15c263b4266376d36ae4364,fold_3,1,5697693,1,1,1,100,100,29.296875,29.296875,25,25,1,1,1,5697703,1,0.79462102689486558,0.79462102689486558,0.41075794621026884,True,correct,correct;high_confidence;temporal_regime,DECISION-TIME
bfdaca76d2f49adb333199c1,fold_3,1,5697795,1,1,1,100,100,29.296875,29.296875,25,25,1,1,1,5697803,1,0.79462102689486558,0.79462102689486558,0.41075794621026884,True,correct,correct;high_confidence;temporal_regime,DECISION-TIME
8288c87b5ef67fc01c72c5f4,fold_3,1,5697890,1,1,1,100,100,29.296875,29.296875,25,25,1,1,1,5697903,1,0.79462102689486558,0.79462102689486558,0.41075794621026884,True,correct,correct;high_confidence;temporal_regime,DECISION-TIME
99dff5011c1228d2ae3dd1ca,fold_3,0,5697954,1,1,1,600,600,29.296875,29.296875,10,10,1,1,1,5697964,0,0.15491651205936921,0.15491651205936921,0.30983302411873836,True,correct,correct;high_confidence;temporal_regime,DECISION-TIME
581679f18c5855c238393e23,fold_3,0,5697960,1,1,1,600,600,29.296875,29.296875,10,10,1,1,1,5697965,0,0.15491651205936921,0.15491651205936921,0.30983302411873836,True,correct,correct;high_confidence;temporal_regime,DECISION-TIME
ddd0098f762a177fdce1ad1e,fold_3,0,5697971,1,1,1,600,600,29.296875,29.296875,10,10,1,1,1,5697985,0,0.15491651205936921,0.15491651205936921,0.30983302411873836,True,correct,correct;high_confidence;temporal_regime,DECISION-TIME
8801af54ceed7e8c5901a29b,fold_3,1,5697980,1,1,1,100,100,29.296875,29.296875,25,25,1,1,1,5697983,1,0.79462102689486558,0.79462102689486558,0.41075794621026884,True,correct,correct;high_confidence;temporal_regime,DECISION-TIME
8bc800ea80afc7273ec23d6c,fold_3,0,5698000,1,1,1,600,600,29.296875,29.296875,10,10,1,1,1,5698036,0,0.15491651205936921,0.15491651205936921,0.30983302411873836,True,correct,correct;high_confidence;temporal_regime,DECISION-TIME
ea1be3242d625b7f2df78b20,fold_3,0,5698010,1,1,1,600,600,29.296875,29.296875,10,10,1,1,1,5698055,0,0.15491651205936921,0.15491651205936921,0.30983302411873836,True,correct,correct;high_confidence;temporal_regime,DECISION-TIME
22150874f7f05dd20130a706,fold_3,0,5698037,1,1,1,600,600,29.296875,29.296875,10,10,1,1,1,5698045,0,0.15491651205936921,0.15491651205936921,0.30983302411873836,True,correct,correct;high_confidence;temporal_regime,DECISION-TIME
51e2428ff19fc15e362ba77e,fold_3,1,5698043,1,1,1,100,100,29.296875,29.296875,25,25,1,1,1,5698055,1,0.79462102689486558,0.79462102689486558,0.41075794621026884,True,correct,correct;high_confidence;temporal_regime,DECISION-TIME
367e48547cd49ad6fa856172,fold_3,1,5698113,1,1,1,100,100,29.296875,29.296875,25,25,1,1,1,5698127,1,0.79462102689486558,0.79462102689486558,0.41075794621026884,True,correct,correct;high_confidence;temporal_regime,DECISION-TIME
8bee67f2681ce8b913f9083e,fold_3,1,5698306,1,1,1,100,100,29.296875,29.296875,25,25,1,1,1,5698316,1,0.79462102689486558,0.79462102689486558,0.41075794621026884,True,correct,correct;high_confidence;temporal_regime,DECISION-TIME
92cf99839094fc8245b225ef,fold_3,1,5698569,1,1,1,100,100,29.296875,29.296875,25,25,1,1,1,5698578,1,0.79462102689486558,0.79462102689486558,0.41075794621026884,True,correct,correct;high_confidence;temporal_regime,DECISION-TIME
37835e71dbc7d737ec2db75a,fold_3,1,5698581,1,1,1,100,100,29.296875,29.296875,25,25,1,1,1,5698590,1,0.79462102689486558,0.79462102689486558,0.41075794621026884,True,correct,correct;high_confidence;temporal_regime,DECISION-TIME
e865936580564f19eb4fd29c,fold_3,1,5698664,1,1,1,100,100,29.296875,29.296875,25,25,1,1,1,5698668,1,0.79462102689486558,0.79462102689486558,0.41075794621026884,True,correct,correct;high_confidence;temporal_regime,DECISION-TIME
7500bc601874e9135ce94e39,fold_3,1,5698740,1,1,1,100,100,29.296875,29.296875,25,25,1,1,1,5698749,1,0.79462102689486558,0.79462102689486558,0.41075794621026884,True,correct,correct;high_confidence;temporal_regime,DECISION-TIME
23af44dc279c94ef20254175,fold_3,1,5698788,1,1,1,100,100,29.296875,29.296875,25,25,1,1,1,5698800,1,0.79462102689486558,0.79462102689486558,0.41075794621026884,True,correct,correct;high_confidence;temporal_regime,DECISION-TIME
b1df612ff0d04cc4afe9ccbf,fold_3,1,5698795,1,1,1,100,100,29.296875,29.296875,25,25,1,1,1,5698800,1,0.79462102689486558,0.79462102689486558,0.41075794621026884,True,correct,correct;high_confidence;temporal_regime,DECISION-TIME
2cf96de22902fb944764253d,fold_3,1,5698821,1,1,1,100,100,29.296875,29.296875,25,25,1,1,1,5698830,1,0.79462102689486558,0.79462102689486558,0.41075794621026884,True,correct,correct;high_confidence;temporal_regime,DECISION-TIME
b12b83d636e703997149709a,fold_3,0,5698845,1,1,1,600,600,29.296875,29.296875,10,10,1,1,1,5698861,0,0.15491651205936921,0.15491651205936921,0.30983302411873836,True,correct,correct;high_confidence;temporal_regime,DECISION-TIME
8371adb57ee124378d626ff1,fold_3,0,5698849,1,1,1,600,600,29.296875,29.296875,10,10,1,1,1,5698860,0,0.15491651205936921,0.15491651205936921,0.30983302411873836,True,correct,correct;high_confidence;temporal_regime,DECISION-TIME
572bd3afee397a7be1f8fc53,fold_3,1,5698863,1,1,1,100,100,29.296875,29.296875,25,25,1,1,1,5698871,1,0.79462102689486558,0.79462102689486558,0.41075794621026884,True,correct,correct;high_confidence;temporal_regime,DECISION-TIME
660c3b59e987ca2638b734bc,fold_3,1,5699206,1,1,1,100,100,29.296875,29.296875,25,25,1,1,1,5699212,1,0.79462102689486558,0.79462102689486558,0.41075794621026884,True,correct,correct;high_confidence;temporal_regime,DECISION-TIME
339ed540e66233348ea62349,fold_3,0,5699621,1,1,1,600,600,29.296875,29.296875,100,100,1,1,1,5699624,0,0.15491651205936921,0.15491651205936921,0.30983302411873836,True,correct,correct;high_confidence;temporal_regime,DECISION-TIME
50470eb46369827360aa642d,fold_3,1,5699651,1,1,1,100,100,29.296875,29.296875,25,25,1,1,1,5699665,1,0.79462102689486558,0.79462102689486558,0.41075794621026884,True,correct,correct;high_confidence;temporal_regime,DECISION-TIME
da773ed6ac8b963be310e04d,fold_3,0,5699655,1,1,1,600,600,29.296875,29.296875,100,100,1,1,1,5699663,0,0.15491651205936921,0.15491651205936921,0.30983302411873836,True,correct,correct;high_confidence;temporal_regime,DECISION-TIME
e439018b9568aa7328de706d,fold_3,1,5699655,1,1,1,100,100,29.296875,29.296875,25,25,1,1,1,5699664,1,0.79462102689486558,0.79462102689486558,0.41075794621026884,True,correct,correct;high_confidence;temporal_regime,DECISION-TIME
3abffb6fedcaf1470230746d,fold_3,1,5699703,1,1,1,100,100,29.296875,29.296875,25,25,1,1,1,5699714,1,0.79462102689486558,0.79462102689486558,0.41075794621026884,True,correct,correct;high_confidence;temporal_regime,DECISION-TIME
c6c6a1ac19575fe87966485e,fold_3,1,5699999,1,1,1,100,100,29.296875,29.296875,25,25,1,1,1,5700005,1,0.79462102689486558,0.79462102689486558,0.41075794621026884,True,correct,correct;high_confidence;temporal_regime,DECISION-TIME
799bf28125194c4a41c75832,fold_3,1,5700083,1,1,1,100,100,29.296875,29.296875,25,25,1,1,1,5700096,1,0.79462102689486558,0.79462102689486558,0.41075794621026884,True,correct,correct;high_confidence;temporal_regime,DECISION-TIME
2e7d04d52ec849ae3ede5d7a,fold_3,1,5700084,1,1,1,100,100,29.296875,29.296875,25,25,1,1,1,5700096,1,0.79462102689486558,0.79462102689486558,0.41075794621026884,True,correct,correct;high_confidence;temporal_regime,DECISION-TIME
e90c506b78eebf4039a3e8e3,fold_3,1,5700182,1,1,1,100,100,29.296875,29.296875,25,25,1,1,1,5700185,1,0.79462102689486558,0.79462102689486558,0.41075794621026884,True,correct,correct;high_confidence;temporal_regime,DECISION-TIME
6fb8a8c8d471c9bcc6479239,fold_3,1,5700241,1,1,1,100,100,29.296875,29.296875,25,25,1,1,1,5700246,1,0.79462102689486558,0.79462102689486558,0.41075794621026884,True,correct,correct;high_confidence;temporal_regime,DECISION-TIME
30bc37ba73fdbf6f921afe54,fold_3,1,5700259,1,1,1,100,100,29.296875,29.296875,25,25,1,1,1,5700266,1,0.79462102689486558,0.79462102689486558,0.41075794621026884,True,correct,correct;high_confidence;temporal_regime,DECISION-TIME
d75e9889e73e6ce49a32b1b5,fold_3,1,5700306,1,1,1,100,100,29.296875,29.296875,25,25,1,1,1,5700316,1,0.79462102689486558,0.79462102689486558,0.41075794621026884,True,correct,correct;high_confidence;temporal_regime,DECISION-TIME
ae4f64a04678bdde69df9d38,fold_3,1,5700351,1,1,1,100,100,29.296875,29.296875,25,25,1,1,1,5700357,1,0.79462102689486558,0.79462102689486558,0.41075794621026884,True,correct,correct;high_confidence;temporal_regime,DECISION-TIME
dd9de2e75f2187708f356c5e,fold_3,1,5700352,1,1,1,100,100,29.296875,29.296875,25,25,1,1,1,5700357,1,0.79462102689486558,0.79462102689486558,0.41075794621026884,True,correct,correct;high_confidence;temporal_regime,DECISION-TIME
44d912efd826632f8a6cb188,fold_3,0,5700425,1,1,1,1200,1200,29.296875,29.296875,100,100,1,1,1,5700428,0,0.15491651205936921,0.15491651205936921,0.30983302411873836,True,correct,correct;high_confidence;temporal_regime,DECISION-TIME
d43b951db60f2175a9176587,fold_3,1,5700445,1,1,1,100,100,29.296875,29.296875,25,25,1,1,1,5700458,1,0.79462102689486558,0.79462102689486558,0.41075794621026884,True,correct,correct;high_confidence;temporal_regime,DECISION-TIME
5735e392600da7edd3b45f6a,fold_3,1,5700468,1,1,1,100,100,29.296875,29.296875,25,25,1,1,1,5700477,1,0.79462102689486558,0.79462102689486558,0.41075794621026884,True,correct,correct;high_confidence;temporal_regime,DECISION-TIME
627e8d09e86fb7420203a7e2,fold_3,1,5700539,1,1,1,100,100,29.296875,29.296875,25,25,1,1,1,5700547,1,0.79462102689486558,0.79462102689486558,0.41075794621026884,True,correct,correct;high_confidence;temporal_regime,DECISION-TIME
00809700a9fc6bec01d40af0,fold_3,1,5700553,1,1,1,100,100,29.296875,29.296875,25,25,1,1,1,5700558,1,0.79462102689486558,0.79462102689486558,0.41075794621026884,True,correct,correct;high_confidence;temporal_regime,DECISION-TIME
1ed3550398d5f5b2353599bd,fold_3,1,5700614,1,1,1,100,100,29.296875,29.296875,25,25,1,1,1,5700619,1,0.79462102689486558,0.79462102689486558,0.41075794621026884,True,correct,correct;high_confidence;temporal_regime,DECISION-TIME
0eecebcf51ab7647098b5393,fold_3,1,5700615,1,1,1,100,100,29.296875,29.296875,25,25,1,1,1,5700628,1,0.79462102689486558,0.79462102689486558,0.41075794621026884,True,correct,correct;high_confidence;temporal_regime,DECISION-TIME
96fbcd737147e1877a006752,fold_3,1,5700700,1,1,1,100,100,29.296875,29.296875,25,25,1,1,1,5700709,1,0.79462102689486558,0.79462102689486558,0.41075794621026884,True,correct,correct;high_confidence;temporal_regime,DECISION-TIME
00c222c3b331691afc3c3dcb,fold_3,0,5700829,1,1,1,600,600,29.296875,29.296875,100,100,1,1,1,5700832,0,0.15491651205936921,0.15491651205936921,0.30983302411873836,True,correct,correct;high_confidence;temporal_regime,DECISION-TIME
df8561082d3f2b9286390ddf,fold_3,0,5700844,1,1,1,600,600,29.296875,29.296875,100,100,1,1,1,5700848,0,0.15491651205936921,0.15491651205936921,0.30983302411873836,True,correct,correct;high_confidence;temporal_regime,DECISION-TIME
e119b0168daee8d6fad675a9,fold_3,0,5700851,1,1,1,600,600,29.296875,29.296875,100,100,1,1,1,5700855,0,0.15491651205936921,0.15491651205936921,0.30983302411873836,True,correct,correct;high_confidence;temporal_regime,DECISION-TIME
f7b32b1ff49d5f4915699bf2,fold_3,0,5700868,1,1,1,600,600,29.296875,29.296875,100,100,1,1,1,5700871,0,0.15491651205936921,0.15491651205936921,0.30983302411873836,True,correct,correct;high_confidence;temporal_regime,DECISION-TIME
fde47337cd6385b5f543dfa0,fold_3,1,5701054,1,1,1,100,100,29.296875,29.296875,25,25,1,1,1,5701060,1,0.79462102689486558,0.79462102689486558,0.41075794621026884,True,correct,correct;high_confidence;temporal_regime,DECISION-TIME
117a00e1a4163f40c9d094b5,fold_3,0,5701123,1,1,20,600,600,29.296875,29.296875,100,100,1,20,11,5701131.2000000002,0,0.15491651205936921,0.15491651205936921,0.30983302411873836,True,correct,correct;high_confidence;temporal_regime,DECISION-TIME
a492f6ad8cf4eefc940f9cd4,fold_3,1,5701229,1,1,1,100,100,29.296875,29.296875,25,25,1,1,1,5701241,1,0.79462102689486558,0.79462102689486558,0.41075794621026884,True,correct,correct;high_confidence;temporal_regime,DECISION-TIME
3799bb0bd48dfd3c14f7cc84,fold_3,1,5701244,1,1,1,100,100,29.296875,29.296875,25,25,1,1,1,5701250,1,0.79462102689486558,0.79462102689486558,0.41075794621026884,True,correct,correct;high_confidence;temporal_regime,DECISION-TIME
323f851085611c48665282e7,fold_3,1,5701252,1,1,1,100,100,29.296875,29.296875,25,25,1,1,1,5701261,1,0.79462102689486558,0.79462102689486558,0.41075794621026884,True,correct,correct;high_confidence;temporal_regime,DECISION-TIME
34b5465af29725adeed349d0,fold_3,1,5701294,1,1,1,100,100,29.296875,29.296875,25,25,1,1,1,5701301,1,0.79462102689486558,0.79462102689486558,0.41075794621026884,True,correct,correct;high_confidence;temporal_regime,DECISION-TIME
f800cfcfe4e414eca186f503,fold_3,1,5701365,1,1,1,100,100,29.296875,29.296875,25,25,1,1,1,5701371,1,0.79462102689486558,0.79462102689486558,0.41075794621026884,True,correct,correct;high_confidence;temporal_regime,DECISION-TIME
28aef97262316eb2dfc3166c,fold_3,1,5701458,1,1,1,100,100,29.296875,29.296875,25,25,1,1,1,5701461,1,0.79462102689486558,0.79462102689486558,0.41075794621026884,True,correct,correct;high_confidence;temporal_regime,DECISION-TIME
10673c93cf8f45871ea3cbcd,fold_3,1,5701505,1,1,1,100,100,29.296875,29.296875,25,25,1,1,1,5701512,1,0.79462102689486558,0.79462102689486558,0.41075794621026884,True,correct,correct;high_confidence;temporal_regime,DECISION-TIME
1cf18e400b2c5b085304b582,fold_3,1,5701565,1,1,1,100,100,29.296875,29.296875,25,25,1,1,1,5701572,1,0.79462102689486558,0.79462102689486558,0.41075794621026884,True,correct,correct;high_confidence;temporal_regime,DECISION-TIME
3e3916f5eea12876e635970a,fold_3,0,5701769,1,1,1,600,600,29.296875,29.296875,50,50,1,1,1,5701772,0,0.15491651205936921,0.15491651205936921,0.30983302411873836,True,correct,correct;high_confidence;temporal_regime,DECISION-TIME
c101a7ede99a99fcacdb8400,fold_3,0,5701854,1,1,1,600,600,29.296875,29.296875,50,50,1,1,1,5701857,0,0.15491651205936921,0.15491651205936921,0.30983302411873836,True,correct,correct;high_confidence;temporal_regime,DECISION-TIME
285ae383348bf4928ab17b6b,fold_3,0,5701887,1,1,1,600,600,29.296875,29.296875,50,50,1,1,1,5701891,0,0.15491651205936921,0.15491651205936921,0.30983302411873836,True,correct,correct;high_confidence;temporal_regime,DECISION-TIME
8d71102ca7321424b69e0b4a,fold_3,1,5702023,1,1,1,100,100,29.296875,29.296875,25,25,1,1,1,5702035,1,0.79462102689486558,0.79462102689486558,0.41075794621026884,True,correct,correct;high_confidence;temporal_regime,DECISION-TIME
79c3e55342711ff665313273,fold_3,0,5702046,2,2,6,600,600,29.296875,29.296875,25,25,1,6,2,5702054.166666667,0,0.15491651205936921,0.15491651205936921,0.30983302411873836,True,correct,correct;high_confidence;temporal_regime,DECISION-TIME
6ac7b0283c85b292ebb8290c,fold_3,0,5702063,1,1,1,600,600,29.296875,29.296875,50,50,1,1,1,5702066,0,0.15491651205936921,0.15491651205936921,0.30983302411873836,True,correct,correct;high_confidence;temporal_regime,DECISION-TIME
7e7a76ce966d47a0ac29f4b4,fold_3,1,5702072,1,1,1,100,100,29.296875,29.296875,25,25,1,1,1,5702085,1,0.79462102689486558,0.79462102689486558,0.41075794621026884,True,correct,correct;high_confidence;temporal_regime,DECISION-TIME
7c2b9a448bcf990946837c4c,fold_3,1,5702103,1,1,1,100,100,29.296875,29.296875,25,25,1,1,1,5702114,1,0.79462102689486558,0.79462102689486558,0.41075794621026884,True,correct,correct;high_confidence;temporal_regime,DECISION-TIME
e84f73f802dc0fa5bc03f137,fold_3,1,5702164,1,1,1,100,100,29.296875,29.296875,25,25,1,1,1,5702175,1,0.79462102689486558,0.79462102689486558,0.41075794621026884,True,correct,correct;high_confidence;temporal_regime,DECISION-TIME
a5152463ce7ceb84dd30a8e6,fold_3,0,5702223,1,1,10,600,600,29.296875,29.296875,50,50,1,10,7,5702226,0,0.15491651205936921,0.15491651205936921,0.30983302411873836,True,correct,correct;high_confidence;temporal_regime,DECISION-TIME
57e6c671bc5e6e3e129e8caa,fold_3,1,5702255,1,1,1,100,100,29.296875,29.296875,25,25,1,1,1,5702265,1,0.79462102689486558,0.79462102689486558,0.41075794621026884,True,correct,correct;high_confidence;temporal_regime,DECISION-TIME
480c3dc0a1c1a3628c0e35f3,fold_3,1,5702291,1,1,1,100,100,29.296875,29.296875,25,25,1,1,1,5702295,1,0.79462102689486558,0.79462102689486558,0.41075794621026884,True,correct,correct;high_confidence;temporal_regime,DECISION-TIME
ed2f754fe9b3efd1b6594a33,fold_3,1,5702350,1,1,1,100,100,29.296875,29.296875,25,25,1,1,1,5702355,1,0.79462102689486558,0.79462102689486558,0.41075794621026884,True,correct,correct;high_confidence;temporal_regime,DECISION-TIME
a692843862d27f21455255b5,fold_3,1,5702374,1,1,1,100,100,29.296875,29.296875,25,25,1,1,1,5702385,1,0.79462102689486558,0.79462102689486558,0.41075794621026884,True,correct,correct;high_confidence;temporal_regime,DECISION-TIME
878c0e4867c2dcbb926adf83,fold_3,1,5702440,1,1,1,100,100,29.296875,29.296875,25,25,1,1,1,5702445,1,0.79462102689486558,0.79462102689486558,0.41075794621026884,True,correct,correct;high_confidence;temporal_regime,DECISION-TIME
f138afea72374597b88ffa1e,fold_3,1,5702469,1,1,1,100,100,29.296875,29.296875,25,25,1,1,1,5702476,1,0.79462102689486558,0.79462102689486558,0.41075794621026884,True,correct,correct;high_confidence;temporal_regime,DECISION-TIME
384c9b814c6ba4af7ecaa2ea,fold_3,1,5702556,1,1,1,100,100,29.296875,29.296875,25,25,1,1,1,5702566,1,0.79462102689486558,0.79462102689486558,0.41075794621026884,True,correct,correct;high_confidence;temporal_regime,DECISION-TIME
9656756a5a0d74cd5569abde,fold_3,0,5702588,1,1,1,600,600,29.296875,29.296875,100,100,1,1,1,5702591,0,0.15491651205936921,0.15491651205936921,0.30983302411873836,True,correct,correct;high_confidence;temporal_regime,DECISION-TIME
a61bb9d4741c9564a4709361,fold_3,1,5702636,1,1,1,100,100,29.296875,29.296875,25,25,1,1,1,5702647,1,0.79462102689486558,0.79462102689486558,0.41075794621026884,True,correct,correct;high_confidence;temporal_regime,DECISION-TIME
f90b9abb5097a59041b626db,fold_3,0,5702999,1,1,1,600,600,29.296875,29.296875,100,100,1,1,1,5703008,0,0.15491651205936921,0.15491651205936921,0.30983302411873836,True,correct,correct;high_confidence;temporal_regime,DECISION-TIME
2b9085ee22b3511456e0e611,fold_3,1,5703082,1,1,1,100,100,29.296875,29.296875,25,25,1,1,1,5703089,1,0.79462102689486558,0.79462102689486558,0.41075794621026884,True,correct,correct;high_confidence;temporal_regime,DECISION-TIME
5bd975bc8eb7f44583f92ef1,fold_3,1,5703160,1,1,1,100,100,29.296875,29.296875,25,25,1,1,1,5703169,1,0.79462102689486558,0.79462102689486558,0.41075794621026884,True,correct,correct;high_confidence;temporal_regime,DECISION-TIME
f431ed3b603e7c34cb2d3bb9,fold_3,1,5703160,1,1,1,100,100,29.296875,29.296875,25,25,1,1,1,5703169,1,0.79462102689486558,0.79462102689486558,0.41075794621026884,True,correct,correct;high_confidence;temporal_regime,DECISION-TIME
26f77699d04ed86537961d3c,fold_3,1,5703481,1,1,1,100,100,29.296875,29.296875,25,25,1,1,1,5703491,1,0.79462102689486558,0.79462102689486558,0.41075794621026884,True,correct,correct;high_confidence;temporal_regime,DECISION-TIME
27900b0c90dbd5eea8fd0423,fold_3,0,5703659,1,1,1,600,600,29.296875,29.296875,100,100,1,1,1,5703672,0,0.15491651205936921,0.15491651205936921,0.30983302411873836,True,correct,correct;high_confidence;temporal_regime,DECISION-TIME
6bd815b52c061cb503fe6ac9,fold_3,1,5703788,1,1,1,100,100,29.296875,29.296875,25,25,1,1,1,5703791,1,0.79462102689486558,0.79462102689486558,0.41075794621026884,True,correct,correct;high_confidence;temporal_regime,DECISION-TIME
c779a39d50c1ba2d374d5c77,fold_3,1,5703957,1,1,1,100,100,29.296875,29.296875,25,25,1,1,1,5703962,1,0.79462102689486558,0.79462102689486558,0.41075794621026884,True,correct,correct;high_confidence;temporal_regime,DECISION-TIME
3b1a806e64a51300a7de82c9,fold_3,0,5704020,1,1,10,50,50,29.296875,29.296875,100,100,1,10,7,5704031,0,0.15491651205936921,0.15491651205936921,0.30983302411873836,True,correct,correct;high_confidence;temporal_regime,DECISION-TIME
35e6fb5933946086c23a1e93,fold_3,1,5704048,1,1,1,100,100,29.296875,29.296875,25,25,1,1,1,5704052,1,0.79462102689486558,0.79462102689486558,0.41075794621026884,True,correct,correct;high_confidence;temporal_regime,DECISION-TIME
7be94900bb254d0988413428,fold_3,1,5704086,1,1,1,100,100,29.296875,29.296875,25,25,1,1,1,5704092,1,0.79462102689486558,0.79462102689486558,0.41075794621026884,True,correct,correct;high_confidence;temporal_regime,DECISION-TIME
cb0d3dc848c8035114fdce00,fold_3,0,5704140,1,1,1,1600,1600,29.296875,29.296875,100,100,1,1,1,5704153,0,0.15491651205936921,0.15491651205936921,0.30983302411873836,True,correct,correct;high_confidence;temporal_regime,DECISION-TIME
06a7103f360bac65f44df608,fold_3,1,5704170,1,1,1,100,100,29.296875,29.296875,25,25,1,1,1,5704183,1,0.79462102689486558,0.79462102689486558,0.41075794621026884,True,correct,correct;high_confidence;temporal_regime,DECISION-TIME
a40dba016e0f2d2a4bce2492,fold_3,0,5704227,2,2,15,700,800,34.1796875,39.0625,25,25,1,15,8,5704239.1333333338,0,0.15491651205936921,0.15491651205936921,0.30983302411873836,True,correct,correct;high_confidence;temporal_regime,DECISION-TIME
6616fec8044f66effee6cc71,fold_3,1,5704327,1,1,1,100,100,29.296875,29.296875,25,25,1,1,1,5704334,1,0.79462102689486558,0.79462102689486558,0.41075794621026884,True,correct,correct;high_confidence;temporal_regime,DECISION-TIME
74e5ea900c87b667748f1a73,fold_3,1,5704327,1,1,1,100,100,29.296875,29.296875,25,25,1,1,1,5704334,1,0.79462102689486558,0.79462102689486558,0.41075794621026884,True,correct,correct;high_confidence;temporal_regime,DECISION-TIME
c78571ac0543474c7ae5ec5b,fold_3,1,5704327,1,1,1,100,100,29.296875,29.296875,25,25,1,1,1,5704334,1,0.79462102689486558,0.79462102689486558,0.41075794621026884,True,correct,correct;high_confidence;temporal_regime,DECISION-TIME
a1f5655e6f1919835e4f9a4c,fold_3,1,5704332,1,1,1,100,100,29.296875,29.296875,25,25,1,1,1,5704344,1,0.79462102689486558,0.79462102689486558,0.41075794621026884,True,correct,correct;high_confidence;temporal_regime,DECISION-TIME
a15eb339a341a27601c9de12,fold_3,1,5704379,1,1,1,100,100,29.296875,29.296875,25,25,1,1,1,5704384,1,0.79462102689486558,0.79462102689486558,0.41075794621026884,True,correct,correct;high_confidence;temporal_regime,DECISION-TIME
8530b67b12da475ba4723ed2,fold_3,1,5704681,1,1,1,100,100,29.296875,29.296875,25,25,1,1,1,5704685,1,0.79462102689486558,0.79462102689486558,0.41075794621026884,True,correct,correct;high_confidence;temporal_regime,DECISION-TIME
2138dec9dc6f2dbe04fb1694,fold_3,1,5704770,1,1,1,100,100,29.296875,29.296875,25,25,1,1,1,5704775,1,0.79462102689486558,0.79462102689486558,0.41075794621026884,True,correct,correct;high_confidence;temporal_regime,DECISION-TIME
d1769e65fdc2073ea04d7151,fold_3,0,5704880,1,1,1,600,600,29.296875,29.296875,100,100,1,1,1,5704886,0,0.15491651205936921,0.15491651205936921,0.30983302411873836,True,correct,correct;high_confidence;temporal_regime,DECISION-TIME
249ddeea9ab5e540394e83e6,fold_3,0,5704902,1,1,1,600,600,29.296875,29.296875,100,100,1,1,1,5704906,0,0.15491651205936921,0.15491651205936921,0.30983302411873836,True,correct,correct;high_confidence;temporal_regime,DECISION-TIME
1909d36a8dfe0beaa9c0c9c7,fold_3,1,5704997,1,1,1,100,100,29.296875,29.296875,25,25,1,1,1,5705007,1,0.79462102689486558,0.79462102689486558,0.41075794621026884,True,correct,correct;high_confidence;temporal_regime,DECISION-TIME
f9884f39e9b90c86e1c50760,fold_3,1,5705036,1,1,1,100,100,29.296875,29.296875,25,25,1,1,1,5705046,1,0.79462102689486558,0.79462102689486558,0.41075794621026884,True,correct,correct;high_confidence;temporal_regime,DECISION-TIME
1658248baabea7064690c4ef,fold_3,1,5705106,1,1,1,100,100,29.296875,29.296875,25,25,1,1,1,5705116,1,0.79462102689486558,0.79462102689486558,0.41075794621026884,True,correct,correct;high_confidence;temporal_regime,DECISION-TIME
2561a5162f535de24d2526e2,fold_3,0,5705136,2,2,12,500,600,29.296875,29.296875,25,25,1,12,9,5705149.333333333,0,0.15491651205936921,0.15491651205936921,0.30983302411873836,True,correct,correct;high_confidence;temporal_regime,DECISION-TIME
4b5d3dc46b58ba167b22e119,fold_3,1,5705264,1,1,1,100,100,29.296875,29.296875,25,25,1,1,1,5705267,1,0.79462102689486558,0.79462102689486558,0.41075794621026884,True,correct,correct;high_confidence;temporal_regime,DECISION-TIME
2ffc08869a8012c55fb5c2df,fold_3,1,5705518,1,1,1,100,100,29.296875,29.296875,25,25,1,1,1,5705528,1,0.79462102689486558,0.79462102689486558,0.41075794621026884,True,correct,correct;high_confidence;temporal_regime,DECISION-TIME
073c6d660a8db8fdbb6ab600,fold_3,1,5705538,1,1,1,100,100,29.296875,29.296875,25,25,1,1,1,5705550,1,0.79462102689486558,0.79462102689486558,0.41075794621026884,True,correct,correct;high_confidence;temporal_regime,DECISION-TIME
e88ee84c03406648b48ad60e,fold_3,0,5705624,1,1,1,1000,1000,19.55078125,19.55078125,50,50,1,1,1,5705628,0,0.15491651205936921,0.15491651205936921,0.30983302411873836,True,correct,correct;high_confidence;temporal_regime,DECISION-TIME
8570248f6faa3a53763f07b8,fold_3,1,5705674,1,1,1,100,100,29.296875,29.296875,25,25,1,1,1,5705680,1,0.79462102689486558,0.79462102689486558,0.41075794621026884,True,correct,correct;high_confidence;temporal_regime,DECISION-TIME
d579b33ded5804e242ddadc0,fold_3,1,5705793,1,1,1,100,100,29.296875,29.296875,25,25,1,1,1,5705800,1,0.79462102689486558,0.79462102689486558,0.41075794621026884,True,correct,correct;high_confidence;temporal_regime,DECISION-TIME
cdee36eab3d15a450fd01eda,fold_3,1,5705868,1,1,1,100,100,29.296875,29.296875,25,25,1,1,1,5705881,1,0.79462102689486558,0.79462102689486558,0.41075794621026884,True,correct,correct;high_confidence;temporal_regime,DECISION-TIME
50af15ade4091270d0b7a031,fold_3,1,5705977,1,1,1,100,100,29.296875,29.296875,25,25,1,1,1,5705982,1,0.79462102689486558,0.79462102689486558,0.41075794621026884,True,correct,correct;high_confidence;temporal_regime,DECISION-TIME
3041dd9d85749017ca76e26c,fold_3,1,5706002,1,1,1,100,100,29.296875,29.296875,25,25,1,1,1,5706011,1,0.79462102689486558,0.79462102689486558,0.41075794621026884,True,correct,correct;high_confidence;temporal_regime,DECISION-TIME
51a472b672d8f664d8eb5804,fold_3,1,5706300,1,1,1,100,100,29.296875,29.296875,25,25,1,1,1,5706312,1,0.79462102689486558,0.79462102689486558,0.41075794621026884,True,correct,correct;high_confidence;temporal_regime,DECISION-TIME
67519a5842a2e407d1ff041d,fold_3,1,5706395,1,1,1,100,100,29.296875,29.296875,25,25,1,1,1,5706404,1,0.79462102689486558,0.79462102689486558,0.41075794621026884,True,correct,correct;high_confidence;temporal_regime,DECISION-TIME
eda1ec1f059b673f5adddf0f,fold_3,0,5706525,1,1,1,600,600,29.296875,29.296875,100,100,1,1,1,5706533,0,0.15491651205936921,0.15491651205936921,0.30983302411873836,True,correct,correct;high_confidence;temporal_regime,DECISION-TIME
fae4bf4d57227261e80fb54a,fold_3,1,5706553,1,1,1,100,100,29.296875,29.296875,25,25,1,1,1,5706563,1,0.79462102689486558,0.79462102689486558,0.41075794621026884,True,correct,correct;high_confidence;temporal_regime,DECISION-TIME
79cb2b2e43d833d8721b19e5,fold_3,0,5706561,1,1,4,400,400,29.296875,29.296875,50,50,1,4,1,5706575.25,0,0.15491651205936921,0.15491651205936921,0.30983302411873836,True,correct,correct;high_confidence;temporal_regime,DECISION-TIME
ae7b000584e7908756904536,fold_3,1,5706618,1,1,1,100,100,29.296875,29.296875,25,25,1,1,1,5706625,1,0.79462102689486558,0.79462102689486558,0.41075794621026884,True,correct,correct;high_confidence;temporal_regime,DECISION-TIME
4d361ffead2e495323404ac8,fold_3,1,5706893,1,1,1,100,100,29.296875,29.296875,25,25,1,1,1,5706905,1,0.79462102689486558,0.79462102689486558,0.41075794621026884,True,correct,correct;high_confidence;temporal_regime,DECISION-TIME
72f351a5545e7710e6d280ca,fold_3,1,5706895,1,1,1,100,100,29.296875,29.296875,25,25,1,1,1,5706906,1,0.79462102689486558,0.79462102689486558,0.41075794621026884,True,correct,correct;high_confidence;temporal_regime,DECISION-TIME
67ca3dd848c97aafee2940a1,fold_3,1,5706921,1,1,1,100,100,29.296875,29.296875,25,25,1,1,1,5706926,1,0.79462102689486558,0.79462102689486558,0.41075794621026884,True,correct,correct;high_confidence;temporal_regime,DECISION-TIME
8270bd5174adeb08efe82daa,fold_3,1,5707218,1,1,1,100,100,29.296875,29.296875,25,25,1,1,1,5707228,1,0.79462102689486558,0.79462102689486558,0.41075794621026884,True,correct,correct;high_confidence;temporal_regime,DECISION-TIME
cb4cf342f11a0d83c37baf05,fold_3,1,5707222,1,1,1,100,100,29.296875,29.296875,25,25,1,1,1,5707228,1,0.79462102689486558,0.79462102689486558,0.41075794621026884,True,correct,correct;high_confidence;temporal_regime,DECISION-TIME
8dd63a44e61768557ce901c9,fold_3,1,5707341,1,1,1,100,100,29.296875,29.296875,25,25,1,1,1,5707347,1,0.79462102689486558,0.79462102689486558,0.41075794621026884,True,correct,correct;high_confidence;temporal_regime,DECISION-TIME
fea1b7c4da4a3751dd5d882f,fold_3,1,5707376,1,1,1,100,100,29.296875,29.296875,25,25,1,1,1,5707388,1,0.79462102689486558,0.79462102689486558,0.41075794621026884,True,correct,correct;high_confidence;temporal_regime,DECISION-TIME
3307348acf5db7927d3ebd4d,fold_3,1,5707418,1,1,1,100,100,29.296875,29.296875,25,25,1,1,1,5707427,1,0.79462102689486558,0.79462102689486558,0.41075794621026884,True,correct,correct;high_confidence;temporal_regime,DECISION-TIME
0094d732354cd4a13c954b75,fold_3,1,5707576,1,1,1,100,100,29.296875,29.296875,25,25,1,1,1,5707589,1,0.79462102689486558,0.79462102689486558,0.41075794621026884,True,correct,correct;high_confidence;temporal_regime,DECISION-TIME
0690f3911821143eed3d3692,fold_3,1,5707699,1,1,1,100,100,29.296875,29.296875,25,25,1,1,1,5707709,1,0.79462102689486558,0.79462102689486558,0.41075794621026884,True,correct,correct;high_confidence;temporal_regime,DECISION-TIME
399c25438ce71ec0aa0df264,fold_3,1,5708021,1,1,1,100,100,29.296875,29.296875,25,25,1,1,1,5708031,1,0.79462102689486558,0.79462102689486558,0.41075794621026884,True,correct,correct;high_confidence;temporal_regime,DECISION-TIME
187935a24cbfaf3ad90f4ffc,fold_3,1,5708087,1,1,1,100,100,29.296875,29.296875,25,25,1,1,1,5708091,1,0.79462102689486558,0.79462102689486558,0.41075794621026884,True,correct,correct;high_confidence;temporal_regime,DECISION-TIME
6b55bc72ba6d1f38a7622d97,fold_3,1,5708477,1,1,1,100,100,29.296875,29.296875,25,25,1,1,1,5708483,1,0.79462102689486558,0.79462102689486558,0.41075794621026884,True,correct,correct;high_confidence;temporal_regime,DECISION-TIME
689b2839e35644589000d736,fold_3,1,5709036,1,1,1,1800,1800,15.625,15.625,100,100,1,1,1,5709039,0,0.15491651205936921,0.15491651205936921,0.30983302411873836,False,high_confidence_error,false_negative;high_confidence;temporal_regime,DECISION-TIME
501f99eddc596f31266b2656,fold_3,1,5709046,1,1,1,100,100,29.296875,29.296875,25,25,1,1,1,5709055,1,0.79462102689486558,0.79462102689486558,0.41075794621026884,True,correct,correct;high_confidence;temporal_regime,DECISION-TIME
989b6c36c0b6918954f863cc,fold_3,1,5709137,1,1,1,100,100,29.296875,29.296875,25,25,1,1,1,5709146,1,0.79462102689486558,0.79462102689486558,0.41075794621026884,True,correct,correct;high_confidence;temporal_regime,DECISION-TIME
7d52296f67c6c88cfcf3728a,fold_3,1,5709296,1,1,1,100,100,29.296875,29.296875,25,25,1,1,1,5709306,1,0.79462102689486558,0.79462102689486558,0.41075794621026884,True,correct,correct;high_confidence;temporal_regime,DECISION-TIME
1dd71c873cd2c619b69faa6d,fold_3,0,5709510,1,1,1,600,600,29.296875,29.296875,25,25,1,1,1,5709517,0,0.15491651205936921,0.15491651205936921,0.30983302411873836,True,correct,correct;high_confidence;temporal_regime,DECISION-TIME
dee34fc8bd83dca97e7aa2dd,fold_3,1,5709690,1,1,1,100,100,29.296875,29.296875,25,25,1,1,1,5709699,1,0.79462102689486558,0.79462102689486558,0.41075794621026884,True,correct,correct;high_confidence;temporal_regime,DECISION-TIME
dd4ecde4e2014892f6859db4,fold_3,1,5710128,1,1,1,100,100,29.296875,29.296875,25,25,1,1,1,5710140,1,0.79462102689486558,0.79462102689486558,0.41075794621026884,True,correct,correct;high_confidence;temporal_regime,DECISION-TIME
088df6000210b556da47853d,fold_3,1,5710206,1,1,1,100,100,29.296875,29.296875,25,25,1,1,1,5710210,1,0.79462102689486558,0.79462102689486558,0.41075794621026884,True,correct,correct;high_confidence;temporal_regime,DECISION-TIME
e01ff983e32420342cc722b9,fold_3,1,5710350,1,1,1,100,100,29.296875,29.296875,25,25,1,1,1,5710361,1,0.79462102689486558,0.79462102689486558,0.41075794621026884,True,correct,correct;high_confidence;temporal_regime,DECISION-TIME
17ed49372a497eb1d4b97e8c,fold_3,1,5710351,1,1,1,100,100,29.296875,29.296875,25,25,1,1,1,5710361,1,0.79462102689486558,0.79462102689486558,0.41075794621026884,True,correct,correct;high_confidence;temporal_regime,DECISION-TIME
acbc5e9d78ba16189a977a74,fold_3,1,5710408,1,1,1,100,100,29.296875,29.296875,25,25,1,1,1,5710420,1,0.79462102689486558,0.79462102689486558,0.41075794621026884,True,correct,correct;high_confidence;temporal_regime,DECISION-TIME
32061b5c5e113fb06f32f27d,fold_3,1,5710604,1,1,1,100,100,29.296875,29.296875,25,25,1,1,1,5710611,1,0.79462102689486558,0.79462102689486558,0.41075794621026884,True,correct,correct;high_confidence;temporal_regime,DECISION-TIME
f0e4b96425b0be13e661ab49,fold_3,1,5710841,1,1,1,100,100,29.296875,29.296875,25,25,1,1,1,5710854,1,0.79462102689486558,0.79462102689486558,0.41075794621026884,True,correct,correct;high_confidence;temporal_regime,DECISION-TIME
321bac49019c6eef952f98eb,fold_3,1,5711024,1,1,1,100,100,29.296875,29.296875,25,25,1,1,1,5711033,1,0.79462102689486558,0.79462102689486558,0.41075794621026884,True,correct,correct;high_confidence;temporal_regime,DECISION-TIME
5c783628bc336411c54d1b01,fold_3,1,5711254,1,1,1,100,100,29.296875,29.296875,25,25,1,1,1,5711265,1,0.79462102689486558,0.79462102689486558,0.41075794621026884,True,correct,correct;high_confidence;temporal_regime,DECISION-TIME
960b3c5244c4269a428f4ee9,fold_3,1,5711261,1,1,1,100,100,29.296875,29.296875,25,25,1,1,1,5711264,1,0.79462102689486558,0.79462102689486558,0.41075794621026884,True,correct,correct;high_confidence;temporal_regime,DECISION-TIME
fad7649a9c0b8fdc977a6cd3,fold_3,1,5711341,1,1,1,100,100,29.296875,29.296875,25,25,1,1,1,5711355,1,0.79462102689486558,0.79462102689486558,0.41075794621026884,True,correct,correct;high_confidence;temporal_regime,DECISION-TIME
9cb0e24f7c195284af8f4660,fold_3,1,5711845,1,1,1,100,100,29.296875,29.296875,25,25,1,1,1,5711857,1,0.79462102689486558,0.79462102689486558,0.41075794621026884,True,correct,correct;high_confidence;temporal_regime,DECISION-TIME
3d9a879e8b8760dcc82553dc,fold_3,1,5711904,1,1,1,100,100,29.296875,29.296875,25,25,1,1,1,5711918,1,0.79462102689486558,0.79462102689486558,0.41075794621026884,True,correct,correct;high_confidence;temporal_regime,DECISION-TIME
5433790dc6c76f7ed4ac42ab,fold_3,1,5711948,1,1,1,100,100,29.296875,29.296875,25,25,1,1,1,5711957,1,0.79462102689486558,0.79462102689486558,0.41075794621026884,True,correct,correct;high_confidence;temporal_regime,DECISION-TIME
a838e387b80f19e9fc537704,fold_3,0,5712013,2,2,51,450,800,10.76171875,19.55078125,,,0,51,51,5712066.3529411769,0,0.042624296702662184,0.042624296702662184,0.085248593405324424,True,correct,correct;high_confidence;temporal_regime;feature_missingness,DECISION-TIME
02795058e0b8b139088ed542,fold_3,1,5712189,1,1,1,100,100,29.296875,29.296875,25,25,1,1,1,5712198,1,0.79462102689486558,0.79462102689486558,0.41075794621026884,True,correct,correct;high_confidence;temporal_regime,DECISION-TIME
fc071ba525df09f96dfda151,fold_3,0,5712224,1,1,20,800,800,29.296875,29.296875,50,50,1,20,16,5712238.25,0,0.15491651205936921,0.15491651205936921,0.30983302411873836,True,correct,correct;high_confidence;temporal_regime,DECISION-TIME
cd3a9f2934358fab3fd0f0a5,fold_3,1,5712236,1,1,1,100,100,29.296875,29.296875,25,25,1,1,1,5712248,1,0.79462102689486558,0.79462102689486558,0.41075794621026884,True,correct,correct;high_confidence;temporal_regime,DECISION-TIME
6a423743b98c1e148ff12177,fold_3,1,5712524,1,1,1,100,100,29.296875,29.296875,25,25,1,1,1,5712529,1,0.79462102689486558,0.79462102689486558,0.41075794621026884,True,correct,correct;high_confidence;temporal_regime,DECISION-TIME
66d6fb433c070e9631623fb4,fold_3,1,5712698,1,1,1,100,100,29.296875,29.296875,25,25,1,1,1,5712709,1,0.79462102689486558,0.79462102689486558,0.41075794621026884,True,correct,correct;high_confidence;temporal_regime,DECISION-TIME
daaf52f7f6bf95f34cd518d5,fold_3,1,5712698,1,1,1,100,100,29.296875,29.296875,25,25,1,1,1,5712710,1,0.79462102689486558,0.79462102689486558,0.41075794621026884,True,correct,correct;high_confidence;temporal_regime,DECISION-TIME
0a9c04df20a50f71e4bdae85,fold_3,0,5712846,1,1,1,1800,1800,58.59375,58.59375,100,100,1,1,1,5712851,1,0.79462102689486558,0.79462102689486558,0.41075794621026884,False,high_confidence_error,false_positive;high_confidence;temporal_regime,DECISION-TIME
3a7a84166a7b4c4506f72f40,fold_3,1,5713057,1,1,1,100,100,29.296875,29.296875,25,25,1,1,1,5713061,1,0.79462102689486558,0.79462102689486558,0.41075794621026884,True,correct,correct;high_confidence;temporal_regime,DECISION-TIME
327bdf1368e75dd060948d60,fold_3,0,5713501,1,1,1,600,600,29.296875,29.296875,25,25,1,1,1,5713512,0,0.15491651205936921,0.15491651205936921,0.30983302411873836,True,correct,correct;high_confidence;temporal_regime,DECISION-TIME
7404b84d1b799d9c4c68bcea,fold_3,1,5713651,1,1,1,100,100,29.296875,29.296875,25,25,1,1,1,5713663,1,0.79462102689486558,0.79462102689486558,0.41075794621026884,True,correct,correct;high_confidence;temporal_regime,DECISION-TIME
767a8d9fc48569742b46e1d2,fold_3,1,5713840,1,1,1,100,100,29.296875,29.296875,25,25,1,1,1,5713844,1,0.79462102689486558,0.79462102689486558,0.41075794621026884,True,correct,correct;high_confidence;temporal_regime,DECISION-TIME
f09b151f0465120a19adbfc1,fold_3,0,5714112,1,1,1,600,600,29.296875,29.296875,100,100,1,1,1,5714115,0,0.15491651205936921,0.15491651205936921,0.30983302411873836,True,correct,correct;high_confidence;temporal_regime,DECISION-TIME
4fcc09cddb781adec96b027d,fold_3,1,5714159,1,1,1,100,100,29.296875,29.296875,25,25,1,1,1,5714166,1,0.79462102689486558,0.79462102689486558,0.41075794621026884,True,correct,correct;high_confidence;temporal_regime,DECISION-TIME
e8093f5343e37aaf7f546872,fold_3,0,5714185,1,1,1,600,600,29.296875,29.296875,100,100,1,1,1,5714197,0,0.15491651205936921,0.15491651205936921,0.30983302411873836,True,correct,correct;high_confidence;temporal_regime,DECISION-TIME
9ff342c7ec676f1cbd5390f1,fold_3,0,5714337,1,1,1,600,600,29.296875,29.296875,100,100,1,1,1,5714347,0,0.15491651205936921,0.15491651205936921,0.30983302411873836,True,correct,correct;high_confidence;temporal_regime,DECISION-TIME
00e83e22765fe5b0ab950f2f,fold_3,0,5714584,1,1,1,600,600,29.296875,29.296875,100,100,1,1,1,5714597,0,0.15491651205936921,0.15491651205936921,0.30983302411873836,True,correct,correct;high_confidence;temporal_regime,DECISION-TIME
3abea989d7332c1091337985,fold_3,1,5714936,1,1,1,100,100,29.296875,29.296875,25,25,1,1,1,5714949,1,0.79462102689486558,0.79462102689486558,0.41075794621026884,True,correct,correct;high_confidence;temporal_regime,DECISION-TIME
f9de1523242c4454f84862eb,fold_3,1,5714981,1,1,1,100,100,29.296875,29.296875,25,25,1,1,1,5714989,1,0.79462102689486558,0.79462102689486558,0.41075794621026884,True,correct,correct;high_confidence;temporal_regime,DECISION-TIME
ac597cd4fa999dfe168161df,fold_3,1,5715538,1,1,1,100,100,29.296875,29.296875,25,25,1,1,1,5715551,1,0.79462102689486558,0.79462102689486558,0.41075794621026884,True,correct,correct;high_confidence;temporal_regime,DECISION-TIME
bb4b3527966cc41eb6af8c89,fold_3,1,5715571,1,1,1,100,100,29.296875,29.296875,25,25,1,1,1,5715581,1,0.79462102689486558,0.79462102689486558,0.41075794621026884,True,correct,correct;high_confidence;temporal_regime,DECISION-TIME
6a6905ea3abd1474a0f66db5,fold_3,1,5715583,1,1,1,100,100,29.296875,29.296875,25,25,1,1,1,5715591,1,0.79462102689486558,0.79462102689486558,0.41075794621026884,True,correct,correct;high_confidence;temporal_regime,DECISION-TIME
897d67381d318de0de6947e7,fold_3,1,5715694,1,1,1,100,100,29.296875,29.296875,25,25,1,1,1,5715701,1,0.79462102689486558,0.79462102689486558,0.41075794621026884,True,correct,correct;high_confidence;temporal_regime,DECISION-TIME
123216ef66f7c01f632a5f7c,fold_3,1,5715753,1,1,1,100,100,29.296875,29.296875,25,25,1,1,1,5715761,1,0.79462102689486558,0.79462102689486558,0.41075794621026884,True,correct,correct;high_confidence;temporal_regime,DECISION-TIME
069c180c054d33fa7dfe0873,fold_3,1,5715772,1,1,1,100,100,29.296875,29.296875,25,25,1,1,1,5715781,1,0.79462102689486558,0.79462102689486558,0.41075794621026884,True,correct,correct;high_confidence;temporal_regime,DECISION-TIME
d71b222e423441aa32054a3d,fold_3,1,5715917,1,1,1,100,100,29.296875,29.296875,25,25,1,1,1,5715922,1,0.79462102689486558,0.79462102689486558,0.41075794621026884,True,correct,correct;high_confidence;temporal_regime,DECISION-TIME
3bbb842f6c4045e53399107f,fold_3,0,5716188,2,2,101,450,800,10.76171875,19.55078125,,,0,101,101,5716210.3366336636,0,0.11538461538461539,0.11538461538461539,0.23076923076923084,True,correct,correct;high_confidence;temporal_regime;feature_missingness,DECISION-TIME
56fd5c25a7147c0e9734b887,fold_3,0,5716382,1,1,1,100,100,29.296875,29.296875,25,25,1,1,1,5716393,1,0.79462102689486558,0.79462102689486558,0.41075794621026884,False,high_confidence_error,false_positive;high_confidence;temporal_regime,DECISION-TIME
782b85d76c7e458fce7febd0,fold_3,1,5717446,2,2,60,350,600,4.8828125,4.8828125,50,50,1,88,65,5719074.5185185187,1,0.79462102689486558,0.79462102689486558,0.41075794621026884,True,correct,correct;high_confidence;temporal_regime,DECISION-TIME
953ae064fdf6c8a13aa39257,fold_3,0,5717790,1,1,1,100,100,29.296875,29.296875,25,25,1,1,1,5717798,1,0.79462102689486558,0.79462102689486558,0.41075794621026884,False,high_confidence_error,false_positive;high_confidence;temporal_regime,DECISION-TIME
7ad512437fe9587efad9db07,fold_3,0,5717791,1,1,1,100,100,29.296875,29.296875,25,25,1,1,1,5717799,1,0.79462102689486558,0.79462102689486558,0.41075794621026884,False,high_confidence_error,false_positive;high_confidence;temporal_regime,DECISION-TIME
f953a5294d5d0f1cf0078b65,fold_3,0,5717832,1,1,1,100,100,29.296875,29.296875,25,25,1,1,1,5717839,1,0.79462102689486558,0.79462102689486558,0.41075794621026884,False,high_confidence_error,false_positive;high_confidence;temporal_regime,DECISION-TIME
b33487ef698de0ca1f2236a8,fold_3,1,5718556,1,1,1,1800,1800,58.59375,58.59375,100,100,1,1,1,5718561,1,0.79462102689486558,0.79462102689486558,0.41075794621026884,True,correct,correct;high_confidence;temporal_regime,DECISION-TIME
9cc9bc2859a0c21320056a36,fold_3,1,5718576,1,1,1,600,600,29.296875,29.296875,25,25,1,1,1,5718582,0,0.15491651205936921,0.15491651205936921,0.30983302411873836,False,high_confidence_error,false_negative;high_confidence;temporal_regime,DECISION-TIME
f03c9c38c1507e62b9017771,fold_3,0,5718936,1,1,1,600,600,29.296875,29.296875,100,100,1,1,1,5718943,0,0.15491651205936921,0.15491651205936921,0.30983302411873836,True,correct,correct;high_confidence;temporal_regime,DECISION-TIME
245eed694497c65a26687a71,fold_3,0,5720099,2,2,4,600,600,29.296875,29.296875,50,50,1,4,4,5720104.5,0,0.15491651205936921,0.15491651205936921,0.30983302411873836,True,correct,correct;high_confidence;temporal_regime,DECISION-TIME
7c7f5e4fa322a16e60c7773b,fold_3,0,5722995,1,1,1,600,600,29.296875,29.296875,100,100,1,1,1,5723006,0,0.15491651205936921,0.15491651205936921,0.30983302411873836,True,correct,correct;high_confidence;temporal_regime,DECISION-TIME
63669365c178a1e6d0cf69cb,fold_3,0,5723747,1,1,1,1800,1800,58.59375,58.59375,800,800,1,1,1,5723757,0,0.15491651205936921,0.15491651205936921,0.30983302411873836,True,correct,correct;high_confidence;temporal_regime,DECISION-TIME
60dc405b3096d9f9571785f3,fold_3,0,5724234,1,1,1,600,600,29.296875,29.296875,100,100,1,1,1,5724237,0,0.15491651205936921,0.15491651205936921,0.30983302411873836,True,correct,correct;high_confidence;temporal_regime,DECISION-TIME
8386526fe200f89b838fa95a,fold_3,0,5726493,1,1,1,600,600,29.296875,29.296875,25,25,1,1,1,5726498,0,0.15491651205936921,0.15491651205936921,0.30983302411873836,True,correct,correct;high_confidence;temporal_regime,DECISION-TIME
97b7f4db76cd75abea669ff8,fold_3,0,5727299,1,1,1,600,600,29.296875,29.296875,100,100,1,1,1,5727312,0,0.15491651205936921,0.15491651205936921,0.30983302411873836,True,correct,correct;high_confidence;temporal_regime,DECISION-TIME
f0bbf6f50dec48545ffadc1f,fold_3,1,5727488,2,2,6,600,600,87.890625,97.65625,20,20,1,6,6,5727533,1,0.79462102689486558,0.79462102689486558,0.41075794621026884,True,correct,correct;high_confidence;temporal_regime,DECISION-TIME
f7e1ff9e03f35877c472898f,fold_3,1,5728547,1,1,1,1200,1200,29.296875,29.296875,100,100,1,2,2,5729488,0,0.15491651205936921,0.15491651205936921,0.30983302411873836,False,high_confidence_error,false_negative;high_confidence;temporal_regime,DECISION-TIME
a57cbba7a6e0f116dacdcbd7,fold_3,0,5728751,2,2,26,350,600,2,2,25,25,1,26,5,5728757.884615385,0,0.092592592592592587,0.092592592592592587,0.18518518518518512,True,correct,correct;high_confidence;temporal_regime,DECISION-TIME
7b0eeab12047b890223d85c8,fold_3,0,5729779,1,1,1,1800,1800,58.59375,58.59375,100,100,1,1,1,5729790,1,0.79462102689486558,0.79462102689486558,0.41075794621026884,False,high_confidence_error,false_positive;high_confidence;temporal_regime,DECISION-TIME
0178122889b6b038503abdbe,fold_3,0,5729808,1,1,1,600,600,29.296875,29.296875,100,100,1,1,1,5729821,0,0.15491651205936921,0.15491651205936921,0.30983302411873836,True,correct,correct;high_confidence;temporal_regime,DECISION-TIME
871ac1292c94f93b32f55927,fold_3,0,5729949,1,1,1,1000,1000,19.55078125,19.55078125,50,50,1,1,1,5729952,0,0.15491651205936921,0.15491651205936921,0.30983302411873836,True,correct,correct;high_confidence;temporal_regime,DECISION-TIME
b73c16d3293cb5c57a70d40c,fold_3,0,5730575,1,1,1,100,100,29.296875,29.296875,100,100,1,1,1,5730584,0,0.15491651205936921,0.15491651205936921,0.30983302411873836,True,correct,correct;high_confidence;temporal_regime,DECISION-TIME
6c89e4eba14c41564a9ffd20,fold_3,0,5732564,1,1,1,600,600,29.296875,29.296875,200,200,1,1,1,5732570,0,0.15491651205936921,0.15491651205936921,0.30983302411873836,True,correct,correct;high_confidence;temporal_regime,DECISION-TIME
5a65ad2cdc6e0b035af40c0c,fold_3,0,5733686,1,1,1,600,600,29.296875,29.296875,10,10,1,1,1,5733695,0,0.15491651205936921,0.15491651205936921,0.30983302411873836,True,correct,correct;high_confidence;temporal_regime,DECISION-TIME
447fc146505a4654a90358ac,fold_3,0,5734436,1,1,1,600,600,29.296875,29.296875,10,10,1,1,1,5734440,0,0.15491651205936921,0.15491651205936921,0.30983302411873836,True,correct,correct;high_confidence;temporal_regime,DECISION-TIME
3a6052c8a8751f5b615a2a57,fold_3,1,5737154,2,2,45,350,600,24.4140625,29.296875,25,25,1,45,29,5737167,0,0.15491651205936921,0.15491651205936921,0.30983302411873836,False,high_confidence_error,false_negative;high_confidence;temporal_regime,DECISION-TIME
8f0b596248eee1da28dbf582,fold_3,0,5737437,2,2,30,150,200,2.9296875,2.9296875,20,20,1,30,20,5737451.2999999998,0,0.15491651205936921,0.15491651205936921,0.30983302411873836,True,correct,correct;high_confidence;temporal_regime,DECISION-TIME
d7a347e8072680687c73e4f4,fold_3,0,5738594,2,2,25,600,600,29.296875,39.0625,50,50,1,25,22,5738607.8799999999,0,0.15491651205936921,0.15491651205936921,0.30983302411873836,True,correct,correct;high_confidence;temporal_regime,DECISION-TIME
454f817a71e77ca9197ae054,fold_3,1,5738600,2,2,45,350,600,24.4140625,29.296875,25,25,1,51,38,5738980.4000000004,0,0.15491651205936921,0.15491651205936921,0.30983302411873836,False,high_confidence_error,false_negative;high_confidence;temporal_regime,DECISION-TIME
e3f7e36d188d8787b43551f6,fold_3,1,5739239,1,1,1,600,600,29.296875,29.296875,10,10,1,1,1,5739252,0,0.15491651205936921,0.15491651205936921,0.30983302411873836,False,high_confidence_error,false_negative;high_confidence;temporal_regime,DECISION-TIME
47e3650151ed5e1167bd671d,fold_3,0,5739255,1,1,1,600,600,29.296875,29.296875,10,10,1,1,1,5739358,0,0.15491651205936921,0.15491651205936921,0.30983302411873836,True,correct,correct;high_confidence;temporal_regime,DECISION-TIME
9d245520a93cb51db655df4e,fold_3,0,5739277,1,1,1,600,600,29.296875,29.296875,10,10,1,1,1,5739794,0,0.15491651205936921,0.15491651205936921,0.30983302411873836,True,correct,correct;high_confidence;temporal_regime,DECISION-TIME
6c6275b31b269cd66861966a,fold_3,0,5739840,1,1,1,600,600,29.296875,29.296875,50,50,1,1,1,5740008,0,0.15491651205936921,0.15491651205936921,0.30983302411873836,True,correct,correct;high_confidence;temporal_regime,DECISION-TIME
4366cd426a74359d91936505,fold_3,1,5740308,1,1,1,800,800,9.765625,9.765625,100,100,1,1,1,5740316,0,0.15491651205936921,0.15491651205936921,0.30983302411873836,False,high_confidence_error,false_negative;high_confidence;temporal_regime,DECISION-TIME
640acc3e9c1d2ab3cb0a4455,fold_3,0,5741170,1,1,1,300,300,292.96875,292.96875,800,800,1,1,1,5741173,1,1,1,0,False,high_confidence_error,false_positive;high_confidence;temporal_regime,DECISION-TIME
1fa02a876203d55affac8c51,fold_3,0,5741707,1,1,1,800,800,9.765625,9.765625,100,100,1,1,1,5741719,0,0.15491651205936921,0.15491651205936921,0.30983302411873836,True,correct,correct;high_confidence;temporal_regime,DECISION-TIME
82586a7a243dbc84ab2e0c88,fold_3,0,5741744,1,1,1,600,600,29.296875,29.296875,100,100,1,1,1,5741750,0,0.15491651205936921,0.15491651205936921,0.30983302411873836,True,correct,correct;high_confidence;temporal_regime,DECISION-TIME
67c403c60c68e302e8ed5a0e,fold_3,0,5743374,2,2,51,250,400,19.53125,19.53125,50,50,1,51,42,5743385.9607843133,0,0.15491651205936921,0.15491651205936921,0.30983302411873836,True,correct,correct;high_confidence;temporal_regime,DECISION-TIME
5607351ccaf49492f06a7397,fold_3,0,5743908,1,1,1,600,600,29.296875,29.296875,50,50,1,1,1,5743917,0,0.15491651205936921,0.15491651205936921,0.30983302411873836,True,correct,correct;high_confidence;temporal_regime,DECISION-TIME
68684b100afa56c45e4c153f,fold_3,0,5745598,1,1,1,600,600,29.296875,29.296875,10,10,1,1,1,5745612,0,0.15491651205936921,0.15491651205936921,0.30983302411873836,True,correct,correct;high_confidence;temporal_regime,DECISION-TIME
ee40339867ac6d2f1fad01a5,fold_3,0,5745869,1,1,1,600,600,29.296875,29.296875,200,200,1,1,1,5745882,0,0.15491651205936921,0.15491651205936921,0.30983302411873836,True,correct,correct;high_confidence;temporal_regime,DECISION-TIME
e79b0dadbf674aa711e3535d,fold_3,0,5747762,2,2,2,600,600,19.53125,29.296875,20,20,1,2,2,5747771,0,0.15491651205936921,0.15491651205936921,0.30983302411873836,True,correct,correct;high_confidence;temporal_regime,DECISION-TIME
160934c20ccc162d0c473764,fold_3,0,5748238,1,1,1,600,600,29.296875,29.296875,100,100,1,1,1,5748250,0,0.15491651205936921,0.15491651205936921,0.30983302411873836,True,correct,correct;high_confidence;temporal_regime,DECISION-TIME
63309c0e29c1ced697595be2,fold_3,0,5749013,1,1,1,600,600,29.296875,29.296875,100,100,1,1,1,5749020,0,0.15491651205936921,0.15491651205936921,0.30983302411873836,True,correct,correct;high_confidence;temporal_regime,DECISION-TIME
ff2face36b69b1179a8df41e,fold_3,0,5750348,1,1,1,600,600,29.296875,29.296875,100,100,1,1,1,5750352,0,0.15491651205936921,0.15491651205936921,0.30983302411873836,True,correct,correct;high_confidence;temporal_regime,DECISION-TIME
002dbc9fc08ebacf8b984802,fold_3,0,5750721,1,1,1,600,600,29.296875,29.296875,100,100,1,1,1,5750724,0,0.15491651205936921,0.15491651205936921,0.30983302411873836,True,correct,correct;high_confidence;temporal_regime,DECISION-TIME
8036d51aad9e645c8ed84d2f,fold_3,0,5751907,1,1,1,1200,1200,29.296875,29.296875,100,100,1,1,1,5751918,0,0.15491651205936921,0.15491651205936921,0.30983302411873836,True,correct,correct;high_confidence;temporal_regime,DECISION-TIME
0b5451e9475a189393efbd7d,fold_3,0,5752564,1,1,1,600,600,29.296875,29.296875,100,100,1,1,1,5752567,0,0.15491651205936921,0.15491651205936921,0.30983302411873836,True,correct,correct;high_confidence;temporal_regime,DECISION-TIME
0c01a469c6428bd3cce3abdf,fold_3,0,5752932,1,1,1,600,600,29.296875,29.296875,100,100,1,1,1,5752935,0,0.15491651205936921,0.15491651205936921,0.30983302411873836,True,correct,correct;high_confidence;temporal_regime,DECISION-TIME
773adce454bb8de8d1a856a9,fold_3,0,5753272,1,1,1,600,600,29.296875,29.296875,100,100,1,1,1,5753275,0,0.15491651205936921,0.15491651205936921,0.30983302411873836,True,correct,correct;high_confidence;temporal_regime,DECISION-TIME
f3dbf700ca07387af3d925bc,fold_3,0,5753375,1,1,1,600,600,29.296875,29.296875,50,50,1,1,1,5753383,0,0.15491651205936921,0.15491651205936921,0.30983302411873836,True,correct,correct;high_confidence;temporal_regime,DECISION-TIME
d03c86b5c2410be769f1808f,fold_3,0,5754588,2,2,11,600,600,29.296875,29.296875,50,50,1,11,9,5754597.1818181816,0,0.15491651205936921,0.15491651205936921,0.30983302411873836,True,correct,correct;high_confidence;temporal_regime,DECISION-TIME
a602a86b82fdb7ca0eed8481,fold_3,0,5754734,1,1,1,600,600,29.296875,29.296875,100,100,1,1,1,5754738,0,0.15491651205936921,0.15491651205936921,0.30983302411873836,True,correct,correct;high_confidence;temporal_regime,DECISION-TIME
c24051dc11230d6105a1496d,fold_3,0,5754912,1,1,1,100,100,29.296875,29.296875,25,25,1,1,1,5754921,1,0.79462102689486558,0.79462102689486558,0.41075794621026884,False,high_confidence_error,false_positive;high_confidence;temporal_regime,DECISION-TIME
fe6bfb835ea6d9475a61ca55,fold_3,0,5755015,1,1,1,600,600,29.296875,29.296875,25,25,1,1,1,5755020,0,0.15491651205936921,0.15491651205936921,0.30983302411873836,True,correct,correct;high_confidence;temporal_regime,DECISION-TIME
421e16b80d2562f2a9b05096,fold_3,1,5755016,1,1,1,100,100,29.296875,29.296875,100,100,1,1,1,5755020,0,0.15491651205936921,0.15491651205936921,0.30983302411873836,False,high_confidence_error,false_negative;high_confidence;temporal_regime,DECISION-TIME
a7a746e3caa46701f506604f,fold_3,0,5755019,1,1,1,600,600,29.296875,29.296875,25,25,1,1,1,5755022,0,0.15491651205936921,0.15491651205936921,0.30983302411873836,True,correct,correct;high_confidence;temporal_regime,DECISION-TIME
7811302e72b5881e4b8bb441,fold_3,0,5755338,1,1,1,600,600,29.296875,29.296875,100,100,1,1,1,5755342,0,0.15491651205936921,0.15491651205936921,0.30983302411873836,True,correct,correct;high_confidence;temporal_regime,DECISION-TIME
9ff18cf3cc2b0427b7b7c3bf,fold_3,0,5755537,1,1,1,600,600,29.296875,29.296875,50,50,1,1,1,5755543,0,0.15491651205936921,0.15491651205936921,0.30983302411873836,True,correct,correct;high_confidence;temporal_regime,DECISION-TIME
b4970fe4e55f03a8ad50849a,fold_3,0,5755537,1,1,1,600,600,29.296875,29.296875,50,50,1,1,1,5755542,0,0.15491651205936921,0.15491651205936921,0.30983302411873836,True,correct,correct;high_confidence;temporal_regime,DECISION-TIME
b8bd22cdbc40cfb8f85bd72c,fold_3,0,5755600,2,2,29,350,600,2,2,25,25,1,29,8,5755605.8620689651,0,0.092592592592592587,0.092592592592592587,0.18518518518518512,True,correct,correct;high_confidence;temporal_regime,DECISION-TIME
1f825b2c557c966ac3bf15e3,fold_3,1,5756219,1,1,1,600,600,29.296875,29.296875,50,50,1,1,1,5756224,0,0.15491651205936921,0.15491651205936921,0.30983302411873836,False,high_confidence_error,false_negative;high_confidence;temporal_regime,DECISION-TIME
df0477920a5843a0ccb54866,fold_3,0,5757851,1,1,1,600,600,29.296875,29.296875,200,200,1,1,1,5757854,0,0.15491651205936921,0.15491651205936921,0.30983302411873836,True,correct,correct;high_confidence;temporal_regime,DECISION-TIME
1b7ea26a3783708364a1d869,fold_3,0,5759883,1,1,1,600,600,29.296875,29.296875,50,50,1,1,1,5759896,0,0.15491651205936921,0.15491651205936921,0.30983302411873836,True,correct,correct;high_confidence;temporal_regime,DECISION-TIME
a930ae71ac6679130104c53e,fold_3,0,5760301,1,1,1,600,600,29.296875,29.296875,25,25,1,1,1,5760305,0,0.15491651205936921,0.15491651205936921,0.30983302411873836,True,correct,correct;high_confidence;temporal_regime,DECISION-TIME
2ae597e6b41685f86e214d24,fold_3,0,5760370,1,1,1,800,800,31.26953125,31.26953125,,,0,1,1,5760373,0,0.15491651205936921,0.15491651205936921,0.30983302411873836,True,correct,correct;high_confidence;temporal_regime;feature_missingness,DECISION-TIME
bf7e20330feadf437109708a,fold_3,0,5760909,1,1,1,600,600,29.296875,29.296875,100,100,1,1,1,5760917,0,0.15491651205936921,0.15491651205936921,0.30983302411873836,True,correct,correct;high_confidence;temporal_regime,DECISION-TIME
adf8d3acf4ff25ecbf0eb416,fold_3,0,5760929,1,1,1,600,600,29.296875,29.296875,100,100,1,1,1,5760937,0,0.15491651205936921,0.15491651205936921,0.30983302411873836,True,correct,correct;high_confidence;temporal_regime,DECISION-TIME
264c95d91d18b522eb84da57,fold_3,0,5761022,1,1,1,600,600,29.296875,29.296875,10,10,1,1,1,5761028,0,0.15491651205936921,0.15491651205936921,0.30983302411873836,True,correct,correct;high_confidence;temporal_regime,DECISION-TIME
dfbe3e345af34ca8d85888ab,fold_3,0,5761099,2,2,13,400,600,2,2,25,25,1,13,8,5761103.769230769,0,0.11538461538461539,0.11538461538461539,0.23076923076923084,True,correct,correct;high_confidence;temporal_regime,DECISION-TIME
84ab70a952e88dbd9af85f0d,fold_3,0,5761118,1,1,1,600,600,29.296875,29.296875,10,10,1,1,1,5761127,0,0.15491651205936921,0.15491651205936921,0.30983302411873836,True,correct,correct;high_confidence;temporal_regime,DECISION-TIME
53b1436b3cfe4c23fd43d0d9,fold_3,0,5761204,1,1,1,600,600,29.296875,29.296875,25,25,1,1,1,5761218,0,0.15491651205936921,0.15491651205936921,0.30983302411873836,True,correct,correct;high_confidence;temporal_regime,DECISION-TIME
dd2d10e9eabe1cf6b436e075,fold_3,0,5761377,1,1,1,600,600,29.296875,29.296875,100,100,1,1,1,5761388,0,0.15491651205936921,0.15491651205936921,0.30983302411873836,True,correct,correct;high_confidence;temporal_regime,DECISION-TIME
bc9900e247ce9b344bd02ea0,fold_3,0,5762069,1,1,1,1800,1800,58.59375,58.59375,100,100,1,1,1,5762080,1,0.79462102689486558,0.79462102689486558,0.41075794621026884,False,high_confidence_error,false_positive;high_confidence;temporal_regime,DECISION-TIME
59dcfce917d0ac47d3893c2b,fold_3,0,5762206,1,1,1,100,100,29.296875,29.296875,25,25,1,1,1,5762211,1,0.79462102689486558,0.79462102689486558,0.41075794621026884,False,high_confidence_error,false_positive;high_confidence;temporal_regime,DECISION-TIME
d76f11b42640dbf0b70193c5,fold_3,0,5762256,1,1,1,100,100,29.296875,29.296875,25,25,1,1,1,5762260,1,0.79462102689486558,0.79462102689486558,0.41075794621026884,False,high_confidence_error,false_positive;high_confidence;temporal_regime,DECISION-TIME
7f1ef6c3ec9093d599e44981,fold_3,0,5762263,1,1,1,100,100,29.296875,29.296875,25,25,1,1,1,5762271,1,0.79462102689486558,0.79462102689486558,0.41075794621026884,False,high_confidence_error,false_positive;high_confidence;temporal_regime,DECISION-TIME
a517f64898b4ebf9af7270a0,fold_3,0,5762272,1,1,1,100,100,29.296875,29.296875,25,25,1,1,1,5762282,1,0.79462102689486558,0.79462102689486558,0.41075794621026884,False,high_confidence_error,false_positive;high_confidence;temporal_regime,DECISION-TIME
6284afaacf4b4a76a9e0ade6,fold_3,0,5762495,1,1,1,100,100,29.296875,29.296875,25,25,1,1,1,5762503,1,0.79462102689486558,0.79462102689486558,0.41075794621026884,False,high_confidence_error,false_positive;high_confidence;temporal_regime,DECISION-TIME
77e4288852b352a41fb56702,fold_3,1,5763680,1,1,1,600,600,29.296875,29.296875,100,100,1,1,1,5763686,0,0.15491651205936921,0.15491651205936921,0.30983302411873836,False,high_confidence_error,false_negative;high_confidence;temporal_regime,DECISION-TIME
874893e45c6d3522f000975a,fold_3,1,5763684,1,1,1,600,600,29.296875,29.296875,100,100,1,1,1,5763696,0,0.15491651205936921,0.15491651205936921,0.30983302411873836,False,high_confidence_error,false_negative;high_confidence;temporal_regime,DECISION-TIME
91429e6bd4412fecdb9bf4a8,fold_3,1,5763684,1,1,1,600,600,29.296875,29.296875,100,100,1,1,1,5763697,0,0.15491651205936921,0.15491651205936921,0.30983302411873836,False,high_confidence_error,false_negative;high_confidence;temporal_regime,DECISION-TIME
5477d3977a11278bc2ad7dac,fold_3,1,5764284,1,1,1,600,600,29.296875,29.296875,100,100,1,1,1,5764299,0,0.15491651205936921,0.15491651205936921,0.30983302411873836,False,high_confidence_error,false_negative;high_confidence;temporal_regime,DECISION-TIME
9fc843bf76181116e33a94f7,fold_3,1,5764625,1,1,1,600,600,29.296875,29.296875,100,100,1,1,1,5764638,0,0.15491651205936921,0.15491651205936921,0.30983302411873836,False,high_confidence_error,false_negative;high_confidence;temporal_regime,DECISION-TIME
0b994e9956f5320ab4e0d25e,fold_3,1,5764791,1,1,1,600,600,29.296875,29.296875,100,100,1,1,1,5764799,0,0.15491651205936921,0.15491651205936921,0.30983302411873836,False,high_confidence_error,false_negative;high_confidence;temporal_regime,DECISION-TIME
fa89e0ac945447c4d0b34410,fold_3,0,5765272,1,1,1,600,600,29.296875,29.296875,100,100,1,1,1,5765275,0,0.15491651205936921,0.15491651205936921,0.30983302411873836,True,correct,correct;high_confidence;temporal_regime,DECISION-TIME
d64011416af780853695251f,fold_3,0,5766033,1,1,1,600,600,29.296875,29.296875,100,100,1,1,1,5766043,0,0.15491651205936921,0.15491651205936921,0.30983302411873836,True,correct,correct;high_confidence;temporal_regime,DECISION-TIME
a6186b4bb0e24f959facb7a4,fold_3,0,5768469,1,1,1,600,600,29.296875,29.296875,10,10,1,1,1,5768482,0,0.15491651205936921,0.15491651205936921,0.30983302411873836,True,correct,correct;high_confidence;temporal_regime,DECISION-TIME
c46b44f150cbf1f0cd4db9eb,fold_3,1,5768588,1,1,1,600,600,29.296875,29.296875,10,10,1,1,1,5768636,0,0.15491651205936921,0.15491651205936921,0.30983302411873836,False,high_confidence_error,false_negative;high_confidence;temporal_regime,DECISION-TIME
32dc1ad0073971d3a825b9a7,fold_3,1,5770026,1,1,1,600,600,29.296875,29.296875,100,100,1,1,1,5770030,0,0.15491651205936921,0.15491651205936921,0.30983302411873836,False,high_confidence_error,false_negative;high_confidence;temporal_regime,DECISION-TIME
e1e7da96d7fabd21118f5556,fold_3,1,5770126,1,1,1,600,600,29.296875,29.296875,100,100,1,1,1,5770133,0,0.15491651205936921,0.15491651205936921,0.30983302411873836,False,high_confidence_error,false_negative;high_confidence;temporal_regime,DECISION-TIME
048fdb4565f23397abc47d84,fold_3,1,5770439,1,1,1,600,600,29.296875,29.296875,100,100,1,1,1,5770453,0,0.15491651205936921,0.15491651205936921,0.30983302411873836,False,high_confidence_error,false_negative;high_confidence;temporal_regime,DECISION-TIME
68ce749b2e8fd748a13e655f,fold_3,1,5770542,1,1,1,600,600,29.296875,29.296875,100,100,1,1,1,5770552,0,0.15491651205936921,0.15491651205936921,0.30983302411873836,False,high_confidence_error,false_negative;high_confidence;temporal_regime,DECISION-TIME
46ec3d492c479e92f203e07e,fold_3,1,5771353,1,1,1,600,600,29.296875,29.296875,100,100,1,1,1,5771356,0,0.15491651205936921,0.15491651205936921,0.30983302411873836,False,high_confidence_error,false_negative;high_confidence;temporal_regime,DECISION-TIME
272a0b3aa1c6ca05438b5239,fold_3,1,5771565,1,1,1,600,600,29.296875,29.296875,100,100,1,1,1,5771577,0,0.15491651205936921,0.15491651205936921,0.30983302411873836,False,high_confidence_error,false_negative;high_confidence;temporal_regime,DECISION-TIME
68aa68835cd4f0ddf2ca9227,fold_3,0,5771611,2,2,26,350,600,2,2,25,25,1,26,4,5771617.769230769,0,0.092592592592592587,0.092592592592592587,0.18518518518518512,True,correct,correct;high_confidence;temporal_regime,DECISION-TIME
6e49c01e945b1f175e35571d,fold_3,1,5771769,1,1,1,600,600,29.296875,29.296875,100,100,1,1,1,5771778,0,0.15491651205936921,0.15491651205936921,0.30983302411873836,False,high_confidence_error,false_negative;high_confidence;temporal_regime,DECISION-TIME
8283b37412758e0dc20bf28a,fold_3,0,5772116,1,1,1,100,100,29.296875,29.296875,100,100,1,1,1,5772130,0,0.15491651205936921,0.15491651205936921,0.30983302411873836,True,correct,correct;high_confidence;temporal_regime,DECISION-TIME
3cdd030ff7a2b9d39338fcd9,fold_3,0,5772646,2,2,26,350,600,2,2,25,25,1,26,12,5775464.384615385,0,0.092592592592592587,0.092592592592592587,0.18518518518518512,True,correct,correct;high_confidence;temporal_regime,DECISION-TIME
6c83c4ee05a612431c362504,fold_3,1,5777226,1,1,1,3200,3200,29.296875,29.296875,100,100,1,1,1,5777238,0,0.15491651205936921,0.15491651205936921,0.30983302411873836,False,high_confidence_error,false_negative;high_confidence;temporal_regime,DECISION-TIME
150bad425a43bcd4c3394755,fold_3,0,5777655,1,1,1,600,600,29.296875,29.296875,100,100,1,1,1,5777660,0,0.15491651205936921,0.15491651205936921,0.30983302411873836,True,correct,correct;high_confidence;temporal_regime,DECISION-TIME
3fd9eed7163b3214793bffe5,fold_3,0,5780580,1,1,1,600,600,29.296875,29.296875,100,100,1,1,1,5780588,0,0.15491651205936921,0.15491651205936921,0.30983302411873836,True,correct,correct;high_confidence;temporal_regime,DECISION-TIME
69dd90b98cb465d075db450f,fold_3,0,5781349,2,2,12,600,600,29.296875,29.296875,100,100,1,12,11,5781440.083333333,0,0.15491651205936921,0.15491651205936921,0.30983302411873836,True,correct,correct;high_confidence;temporal_regime,DECISION-TIME
89689b193af78cb0f33297c7,fold_3,0,5782226,2,2,25,600,600,29.296875,29.296875,25,25,1,25,21,5782240.6799999997,0,0.15491651205936921,0.15491651205936921,0.30983302411873836,True,correct,correct;high_confidence;temporal_regime,DECISION-TIME
2c1c329d27ba3b5eae5bf58a,fold_3,0,5782879,1,1,1,600,600,29.296875,29.296875,25,25,1,1,1,5782886,0,0.15491651205936921,0.15491651205936921,0.30983302411873836,True,correct,correct;high_confidence;temporal_regime,DECISION-TIME
c49eaab338dc1df19106805c,fold_3,0,5784421,1,1,1,600,600,29.296875,29.296875,100,100,1,1,1,5784424,0,0.15491651205936921,0.15491651205936921,0.30983302411873836,True,correct,correct;high_confidence;temporal_regime,DECISION-TIME
f730d1c7e936c43345760162,fold_3,0,5785489,1,1,1,600,600,29.296875,29.296875,100,100,1,1,1,5785495,0,0.15491651205936921,0.15491651205936921,0.30983302411873836,True,correct,correct;high_confidence;temporal_regime,DECISION-TIME
4c1ed84518d6d240ece71e52,fold_3,0,5785891,1,1,1,600,600,29.296875,29.296875,10,10,1,1,1,5785939,0,0.15491651205936921,0.15491651205936921,0.30983302411873836,True,correct,correct;high_confidence;temporal_regime,DECISION-TIME
75026cef27ce3b8d64c3a6bd,fold_3,0,5785906,1,1,1,600,600,29.296875,29.296875,10,10,1,1,1,5785949,0,0.15491651205936921,0.15491651205936921,0.30983302411873836,True,correct,correct;high_confidence;temporal_regime,DECISION-TIME
e5f9a10b53dbd4200f945e80,fold_3,0,5786007,1,1,10,600,600,29.296875,29.296875,50,50,1,10,3,5786010.2999999998,0,0.15491651205936921,0.15491651205936921,0.30983302411873836,True,correct,correct;high_confidence;temporal_regime,DECISION-TIME
81b9678be984765d6ca72a13,fold_3,0,5787747,1,1,1,600,600,29.296875,29.296875,100,100,1,1,1,5787750,0,0.15491651205936921,0.15491651205936921,0.30983302411873836,True,correct,correct;high_confidence;temporal_regime,DECISION-TIME
9953ec11785dbe3df331a8e8,fold_3,1,5788075,1,1,4,1800,1800,58.59375,58.59375,100,100,1,4,4,5788086,1,0.79462102689486558,0.79462102689486558,0.41075794621026884,True,correct,correct;high_confidence;temporal_regime,DECISION-TIME
6d986de3e7662c70a95be30c,fold_3,0,5788083,1,1,1,600,600,29.296875,29.296875,200,200,1,1,1,5788086,0,0.15491651205936921,0.15491651205936921,0.30983302411873836,True,correct,correct;high_confidence;temporal_regime,DECISION-TIME
c990311c70316f17431939cc,fold_3,0,5790151,1,1,1,600,600,29.296875,29.296875,100,100,1,1,1,5790154,0,0.15491651205936921,0.15491651205936921,0.30983302411873836,True,correct,correct;high_confidence;temporal_regime,DECISION-TIME
30245a18cb499ee2549d17c1,fold_3,1,5790847,1,1,1,600,600,29.296875,29.296875,25,25,1,1,1,5790857,0,0.15491651205936921,0.15491651205936921,0.30983302411873836,False,high_confidence_error,false_negative;high_confidence;temporal_regime,DECISION-TIME
63a2ca8313eeedd78ecf73c3,fold_3,0,5791923,1,1,1,600,600,9.765625,9.765625,100,100,1,1,1,5791932,0,0.15491651205936921,0.15491651205936921,0.30983302411873836,True,correct,correct;high_confidence;temporal_regime,DECISION-TIME
93dd0fdf57a23ff5d81189bd,fold_3,0,5792555,1,1,1,600,600,29.296875,29.296875,25,25,1,1,1,5792565,0,0.15491651205936921,0.15491651205936921,0.30983302411873836,True,correct,correct;high_confidence;temporal_regime,DECISION-TIME
3f4b392cc6a4061e97e07205,fold_3,0,5792687,2,2,51,500,600,19.53125,19.53125,50,50,1,51,21,5792694.1960784318,0,0.15491651205936921,0.15491651205936921,0.30983302411873836,True,correct,correct;high_confidence;temporal_regime,DECISION-TIME
67ba91d702a784d7e70f14de,fold_3,0,5793765,2,2,11,600,600,29.296875,29.296875,25,25,1,11,10,5793779.5454545459,0,0.15491651205936921,0.15491651205936921,0.30983302411873836,True,correct,correct;high_confidence;temporal_regime,DECISION-TIME
3b73285eefa31dfa1405f0fd,fold_3,0,5794505,2,2,20,500,600,12.20703125,14.6484375,25,25,1,20,11,5794512.9500000002,0,0.15491651205936921,0.15491651205936921,0.30983302411873836,True,correct,correct;high_confidence;temporal_regime,DECISION-TIME
be9e046f35848346a57ce118,fold_3,0,5795134,1,1,10,600,600,19.53125,19.53125,50,50,1,10,10,5795145.0999999996,0,0.15491651205936921,0.15491651205936921,0.30983302411873836,True,correct,correct;high_confidence;temporal_regime,DECISION-TIME
c6dd3dc7a5d0c9e8362b202c,fold_3,0,5795184,1,1,1,600,600,29.296875,29.296875,100,100,1,1,1,5795198,0,0.15491651205936921,0.15491651205936921,0.30983302411873836,True,correct,correct;high_confidence;temporal_regime,DECISION-TIME
fa42b5b669dce34f9c335efd,fold_3,0,5795362,1,1,1,600,600,29.296875,29.296875,25,25,1,1,1,5795367,0,0.15491651205936921,0.15491651205936921,0.30983302411873836,True,correct,correct;high_confidence;temporal_regime,DECISION-TIME
081f41524834d2b4c1b32317,fold_3,0,5795777,1,1,1,600,600,29.296875,29.296875,50,50,1,1,1,5795789,0,0.15491651205936921,0.15491651205936921,0.30983302411873836,True,correct,correct;high_confidence;temporal_regime,DECISION-TIME
46ada1982f2cbe05a13ae8fe,fold_3,0,5795797,1,1,1,600,600,29.296875,29.296875,100,100,1,1,1,5795813,0,0.15491651205936921,0.15491651205936921,0.30983302411873836,True,correct,correct;high_confidence;temporal_regime,DECISION-TIME
2d0ce26cdba5f123e6fcf453,fold_3,1,5795963,2,2,9,350,600,29.296875,29.296875,100,100,1,86,86,5796041.576923077,1,1,1,0,True,correct,correct;high_confidence;temporal_regime,DECISION-TIME
a24e2d776a8c4bc64cce35de,fold_3,0,5796472,1,1,20,1500,1500,9.765625,9.765625,100,100,1,20,19,5796483.0499999998,0,0.15491651205936921,0.15491651205936921,0.30983302411873836,True,correct,correct;high_confidence;temporal_regime,DECISION-TIME
edbc9a49afc4ca97c31f07e0,fold_3,0,5796766,2,2,11,600,600,29.296875,29.296875,25,25,1,12,11,5796859.1818181816,0,0.15491651205936921,0.15491651205936921,0.30983302411873836,True,correct,correct;high_confidence;temporal_regime,DECISION-TIME
4881accab28943d8e17fde0c,fold_3,0,5797301,1,1,10,50,50,29.296875,29.296875,100,100,1,10,8,5797304.0999999996,0,0.15491651205936921,0.15491651205936921,0.30983302411873836,True,correct,correct;high_confidence;temporal_regime,DECISION-TIME
86233f3c5375e8ab25f4f4f3,fold_3,0,5797637,1,1,1,1200,1200,29.296875,29.296875,100,100,1,1,1,5797678,0,0.15491651205936921,0.15491651205936921,0.30983302411873836,True,correct,correct;high_confidence;temporal_regime,DECISION-TIME
d0bf16b9e5f59fd83362c0a8,fold_3,0,5797690,1,1,1,600,600,29.296875,29.296875,25,25,1,1,1,5797699,0,0.15491651205936921,0.15491651205936921,0.30983302411873836,True,correct,correct;high_confidence;temporal_regime,DECISION-TIME
01700549b4ece4932377513b,fold_3,0,5797728,3,3,12,466.66666666666669,600,11.598958333333334,29.296875,25,25,1,12,9,5797734.083333333,0,0.15384615384615385,0.15384615384615385,0.30769230769230771,True,correct,correct;high_confidence;temporal_regime,DECISION-TIME
a05dffe96a60cfb5a5e100bd,fold_3,0,5798002,1,1,1,600,600,29.296875,29.296875,100,100,1,1,1,5798012,0,0.15491651205936921,0.15491651205936921,0.30983302411873836,True,correct,correct;high_confidence;temporal_regime,DECISION-TIME
fc23737bed00cfda3f5e1048,fold_3,0,5798257,2,2,45,600,600,29.296875,39.0625,25,25,1,45,36,5798288.555555556,0,0.15491651205936921,0.15491651205936921,0.30983302411873836,True,correct,correct;high_confidence;temporal_regime,DECISION-TIME
156a3ff9fa24c3a3d8dd3fb4,fold_3,0,5798414,1,1,1,600,600,29.296875,29.296875,100,100,1,1,1,5798422,0,0.15491651205936921,0.15491651205936921,0.30983302411873836,True,correct,correct;high_confidence;temporal_regime,DECISION-TIME
b4b9dd8cbda3ba21c6e10959,fold_3,0,5798555,1,1,1,600,600,29.296875,29.296875,100,100,1,1,1,5798563,0,0.15491651205936921,0.15491651205936921,0.30983302411873836,True,correct,correct;high_confidence;temporal_regime,DECISION-TIME
e38269e0d668be543d33846f,fold_3,0,5798879,1,1,1,500,500,29.296875,29.296875,20,20,1,1,1,5798897,0,0.15491651205936921,0.15491651205936921,0.30983302411873836,True,correct,correct;high_confidence;temporal_regime,DECISION-TIME
d8f940506be97c5e0a7d7cd6,fold_3,0,5798967,1,1,1,500,500,29.296875,29.296875,20,20,1,1,1,5798976,0,0.15491651205936921,0.15491651205936921,0.30983302411873836,True,correct,correct;high_confidence;temporal_regime,DECISION-TIME
68975508f8c54fe418518a97,fold_3,0,5798970,1,1,1,500,500,29.296875,29.296875,20,20,1,1,1,5798987,0,0.15491651205936921,0.15491651205936921,0.30983302411873836,True,correct,correct;high_confidence;temporal_regime,DECISION-TIME
16e8724dc06d1055faa3e9c0,fold_3,0,5798971,1,1,1,500,500,29.296875,29.296875,20,20,1,1,1,5798997,0,0.15491651205936921,0.15491651205936921,0.30983302411873836,True,correct,correct;high_confidence;temporal_regime,DECISION-TIME
8e00ab17eee613794bb154c0,fold_3,0,5798972,1,1,1,500,500,29.296875,29.296875,20,20,1,1,1,5798986,0,0.15491651205936921,0.15491651205936921,0.30983302411873836,True,correct,correct;high_confidence;temporal_regime,DECISION-TIME
528c40331978e38932eab8ca,fold_3,0,5798973,1,1,1,500,500,29.296875,29.296875,20,20,1,1,1,5798987,0,0.15491651205936921,0.15491651205936921,0.30983302411873836,True,correct,correct;high_confidence;temporal_regime,DECISION-TIME
40a6c436220f4914470976ce,fold_3,0,5798974,1,1,1,500,500,29.296875,29.296875,20,20,1,1,1,5798998,0,0.15491651205936921,0.15491651205936921,0.30983302411873836,True,correct,correct;high_confidence;temporal_regime,DECISION-TIME
b26302f04151f290090d3eba,fold_3,0,5799015,1,1,1,500,500,29.296875,29.296875,20,20,1,1,1,5799028,0,0.15491651205936921,0.15491651205936921,0.30983302411873836,True,correct,correct;high_confidence;temporal_regime,DECISION-TIME
879e4e4fb54b0eb50abe96fd,fold_3,0,5799029,1,1,1,500,500,29.296875,29.296875,20,20,1,1,1,5799039,0,0.15491651205936921,0.15491651205936921,0.30983302411873836,True,correct,correct;high_confidence;temporal_regime,DECISION-TIME
dac8dea4b0c142a60af6ab3e,fold_3,0,5799030,1,1,1,500,500,29.296875,29.296875,20,20,1,1,1,5799039,0,0.15491651205936921,0.15491651205936921,0.30983302411873836,True,correct,correct;high_confidence;temporal_regime,DECISION-TIME
024b038b8f384026ce5604b1,fold_3,0,5799031,1,1,1,500,500,29.296875,29.296875,20,20,1,1,1,5799048,0,0.15491651205936921,0.15491651205936921,0.30983302411873836,True,correct,correct;high_confidence;temporal_regime,DECISION-TIME
775956c5bb565088402b7125,fold_3,0,5799040,1,1,1,500,500,29.296875,29.296875,20,20,1,1,1,5799049,0,0.15491651205936921,0.15491651205936921,0.30983302411873836,True,correct,correct;high_confidence;temporal_regime,DECISION-TIME
78a77655b109020e619e6aaa,fold_3,0,5799665,1,1,1,1000,1000,19.55078125,19.55078125,50,50,1,1,1,5799668,0,0.15491651205936921,0.15491651205936921,0.30983302411873836,True,correct,correct;high_confidence;temporal_regime,DECISION-TIME
d17ab22a9341be1d34046f5e,fold_3,0,5800179,1,1,8,600,600,29.296875,29.296875,25,25,1,8,6,5800184.375,0,0.15491651205936921,0.15491651205936921,0.30983302411873836,True,correct,correct;high_confidence;temporal_regime,DECISION-TIME
9c86656954939692ef8a6ed8,fold_3,1,5800675,1,1,1,600,600,29.296875,29.296875,100,100,1,1,1,5800684,0,0.15491651205936921,0.15491651205936921,0.30983302411873836,False,high_confidence_error,false_negative;high_confidence;temporal_regime,DECISION-TIME
2a2d146fb10c8e87b5edefc0,fold_3,0,5800750,1,1,1,100,100,29.296875,29.296875,25,25,1,1,1,5800755,1,0.79462102689486558,0.79462102689486558,0.41075794621026884,False,high_confidence_error,false_positive;high_confidence;temporal_regime,DECISION-TIME
bc1c3540126726c61442f409,fold_3,1,5800788,1,1,1,600,600,29.296875,29.296875,100,100,1,1,1,5800795,0,0.15491651205936921,0.15491651205936921,0.30983302411873836,False,high_confidence_error,false_negative;high_confidence;temporal_regime,DECISION-TIME
ba66c7885184cec0f5134825,fold_3,1,5800837,1,1,1,600,600,29.296875,29.296875,100,100,1,1,1,5800844,0,0.15491651205936921,0.15491651205936921,0.30983302411873836,False,high_confidence_error,false_negative;high_confidence;temporal_regime,DECISION-TIME
4b221e8c32f0ef448ba5b019,fold_3,0,5801012,1,1,1,600,600,29.296875,29.296875,100,100,1,1,1,5801026,0,0.15491651205936921,0.15491651205936921,0.30983302411873836,True,correct,correct;high_confidence;temporal_regime,DECISION-TIME
c30cb1f4947fc7abeb4d5468,fold_3,1,5801208,1,1,1,600,600,29.296875,29.296875,100,100,1,1,1,5801215,0,0.15491651205936921,0.15491651205936921,0.30983302411873836,False,high_confidence_error,false_negative;high_confidence;temporal_regime,DECISION-TIME
20a9d5982bd9e21c953fb59c,fold_3,1,5801305,1,1,1,600,600,29.296875,29.296875,100,100,1,1,1,5801316,0,0.15491651205936921,0.15491651205936921,0.30983302411873836,False,high_confidence_error,false_negative;high_confidence;temporal_regime,DECISION-TIME
98532fd5fa1c56b9bb42b1f8,fold_3,1,5801530,1,1,1,600,600,29.296875,29.296875,100,100,1,1,1,5801930,0,0.15491651205936921,0.15491651205936921,0.30983302411873836,False,high_confidence_error,false_negative;high_confidence;temporal_regime,DECISION-TIME
376c6a0e3e5013f7d4880c03,fold_3,1,5801632,1,1,1,600,600,29.296875,29.296875,100,100,1,2,2,5802561,0,0.15491651205936921,0.15491651205936921,0.30983302411873836,False,high_confidence_error,false_negative;high_confidence;temporal_regime,DECISION-TIME
ad7b94b78c4da933de053b03,fold_3,1,5802018,1,1,16,2000,2000,58.59375,58.59375,200,200,1,16,10,5802120,0,0.15491651205936921,0.15491651205936921,0.30983302411873836,False,high_confidence_error,false_negative;high_confidence;temporal_regime,DECISION-TIME
feb2a39837ed0235bd50f1cf,fold_3,1,5802150,1,1,1,600,600,29.296875,29.296875,100,100,1,1,1,5802162,0,0.15491651205936921,0.15491651205936921,0.30983302411873836,False,high_confidence_error,false_negative;high_confidence;temporal_regime,DECISION-TIME
5118b3761c7cb18d235c11c7,fold_3,0,5802273,1,1,1,1000,1000,19.55078125,19.55078125,50,50,1,1,1,5802277,0,0.15491651205936921,0.15491651205936921,0.30983302411873836,True,correct,correct;high_confidence;temporal_regime,DECISION-TIME
a3c939191d0c5576281653a8,fold_3,0,5802739,1,1,1,600,600,29.296875,29.296875,50,50,1,1,1,5802751,0,0.15491651205936921,0.15491651205936921,0.30983302411873836,True,correct,correct;high_confidence;temporal_regime,DECISION-TIME
03fafce44e57fa134f65e163,fold_3,1,5802750,1,1,1,600,600,29.296875,29.296875,100,100,1,1,1,5802765,0,0.15491651205936921,0.15491651205936921,0.30983302411873836,False,high_confidence_error,false_negative;high_confidence;temporal_regime,DECISION-TIME
fde4c1a51999d769c9acec85,fold_3,0,5802756,1,1,1,600,600,29.296875,29.296875,25,25,1,1,1,5802762,0,0.15491651205936921,0.15491651205936921,0.30983302411873836,True,correct,correct;high_confidence;temporal_regime,DECISION-TIME
5b37824ff71cc13c3a1dcd89,fold_3,0,5803774,1,1,1,1200,1200,29.296875,29.296875,100,100,1,1,1,5803805,0,0.15491651205936921,0.15491651205936921,0.30983302411873836,True,correct,correct;high_confidence;temporal_regime,DECISION-TIME
8d8b0ec99feb02e4e0a27859,fold_3,0,5803911,1,1,1,800,800,58.59375,58.59375,300,300,1,1,1,5803915,1,0.79462102689486558,0.79462102689486558,0.41075794621026884,False,high_confidence_error,false_positive;high_confidence;temporal_regime,DECISION-TIME
035cce1007bc10a10cb07f38,fold_3,1,5804321,1,1,1,600,600,29.296875,29.296875,100,100,1,1,1,5804436,0,0.15491651205936921,0.15491651205936921,0.30983302411873836,False,high_confidence_error,false_negative;high_confidence;temporal_regime,DECISION-TIME
549ace2566942a67e661f22a,fold_3,0,5804668,1,1,1,600,600,29.296875,29.296875,100,100,1,1,1,5804764,0,0.15491651205936921,0.15491651205936921,0.30983302411873836,True,correct,correct;high_confidence;temporal_regime,DECISION-TIME
42615a41d3de58ded2b5e9d8,fold_3,0,5805354,1,1,1,600,600,29.296875,29.296875,10,10,1,1,1,5805361,0,0.15491651205936921,0.15491651205936921,0.30983302411873836,True,correct,correct;high_confidence;temporal_regime,DECISION-TIME
03ac6d770e68d3d04de71cfe,fold_3,1,5805368,1,1,1,600,600,29.296875,29.296875,10,10,1,1,1,5805387,0,0.15491651205936921,0.15491651205936921,0.30983302411873836,False,high_confidence_error,false_negative;high_confidence;temporal_regime,DECISION-TIME
30cebca4d7e6f61f4ce9c748,fold_3,1,5806158,2,2,20,600,600,29.296875,48.828125,10,10,1,104,62,5807327.2941176472,1,1,1,0,True,correct,correct;high_confidence;temporal_regime,DECISION-TIME
cf05703ffb49a0a2de63054e,fold_3,0,5806650,2,2,51,400,600,18.5546875,29.296875,200,200,1,57,53,5807983.3921568627,0,0.15491651205936921,0.15491651205936921,0.30983302411873836,True,correct,correct;high_confidence;temporal_regime,DECISION-TIME
f351a85c8e5112b4f93c48f9,fold_3,0,5806724,2,2,10,600,600,23.4375,31.25,25,25,1,10,8,5806733.0999999996,0,0.15491651205936921,0.15491651205936921,0.30983302411873836,True,correct,correct;high_confidence;temporal_regime,DECISION-TIME
864dcf5a58ae4cde921cd310,fold_3,0,5807996,1,1,1,100,100,29.296875,29.296875,100,100,1,1,1,5808008,0,0.15491651205936921,0.15491651205936921,0.30983302411873836,True,correct,correct;high_confidence;temporal_regime,DECISION-TIME
101d7c4581dda35e7fa04615,fold_3,0,5808287,1,1,1,600,600,29.296875,29.296875,50,50,1,1,1,5808298,0,0.15491651205936921,0.15491651205936921,0.30983302411873836,True,correct,correct;high_confidence;temporal_regime,DECISION-TIME
34b6ca96174e26b4242491ca,fold_3,1,5809856,1,1,1,600,600,29.296875,29.296875,100,100,1,1,1,5809862,0,0.15491651205936921,0.15491651205936921,0.30983302411873836,False,high_confidence_error,false_negative;high_confidence;temporal_regime,DECISION-TIME
2633d3e86fd0548684aae6c9,fold_3,0,5810719,2,2,3,600,600,29.296875,29.296875,100,100,1,3,1,5810748.666666667,0,0.15491651205936921,0.15491651205936921,0.30983302411873836,True,correct,correct;high_confidence;temporal_regime,DECISION-TIME
1f0f1be4b8d0b1c45ca43ca3,fold_3,0,5811667,1,1,1,600,600,29.296875,29.296875,100,100,1,1,1,5811670,0,0.15491651205936921,0.15491651205936921,0.30983302411873836,True,correct,correct;high_confidence;temporal_regime,DECISION-TIME
29943033fa0eeb16cdc431e4,fold_3,0,5811841,1,1,1,600,600,29.296875,29.296875,50,50,1,1,1,5811845,0,0.15491651205936921,0.15491651205936921,0.30983302411873836,True,correct,correct;high_confidence;temporal_regime,DECISION-TIME
0350466f22f1840ea640f52a,fold_3,0,5812168,1,1,1,600,600,29.296875,29.296875,25,25,1,1,1,5812172,0,0.15491651205936921,0.15491651205936921,0.30983302411873836,True,correct,correct;high_confidence;temporal_regime,DECISION-TIME
93261abe512bf96573dcd1be,fold_3,0,5812700,1,1,1,600,600,29.296875,29.296875,100,100,1,1,1,5812712,0,0.15491651205936921,0.15491651205936921,0.30983302411873836,True,correct,correct;high_confidence;temporal_regime,DECISION-TIME
065f5a1ff9b8d43877ef5394,fold_3,0,5813021,1,1,1,50,50,48.828125,48.828125,500,500,1,1,1,5813025,0,0.15491651205936921,0.15491651205936921,0.30983302411873836,True,correct,correct;high_confidence;temporal_regime,DECISION-TIME
56e3436ca744efa26ccc8eb0,fold_3,0,5813298,1,1,1,600,600,29.296875,29.296875,100,100,1,1,1,5813302,0,0.15491651205936921,0.15491651205936921,0.30983302411873836,True,correct,correct;high_confidence;temporal_regime,DECISION-TIME
6504b26fdb28d3d6182dbfd0,fold_3,1,5813549,1,1,1,600,600,29.296875,29.296875,25,25,1,1,1,5813553,0,0.15491651205936921,0.15491651205936921,0.30983302411873836,False,high_confidence_error,false_negative;high_confidence;temporal_regime,DECISION-TIME
ff5591801494a8606f649601,fold_3,0,5813635,1,1,1,600,600,29.296875,29.296875,25,25,1,1,1,5813644,0,0.15491651205936921,0.15491651205936921,0.30983302411873836,True,correct,correct;high_confidence;temporal_regime,DECISION-TIME
e01f97ce084c956d9142e9e1,fold_3,0,5814167,2,2,12,500,600,29.296875,29.296875,25,25,1,12,9,5814174.333333333,0,0.15491651205936921,0.15491651205936921,0.30983302411873836,True,correct,correct;high_confidence;temporal_regime,DECISION-TIME
ec5d991edd56b9dbe95c84ad,fold_3,0,5814351,1,1,1,600,600,29.296875,29.296875,25,25,1,1,1,5814355,0,0.15491651205936921,0.15491651205936921,0.30983302411873836,True,correct,correct;high_confidence;temporal_regime,DECISION-TIME
52aa81e6da3c07e0ed23299c,fold_3,0,5816111,1,1,1,600,600,29.296875,29.296875,25,25,1,1,1,5816114,0,0.15491651205936921,0.15491651205936921,0.30983302411873836,True,correct,correct;high_confidence;temporal_regime,DECISION-TIME
3f1fff42a7778d8c0d9ce273,fold_3,0,5816643,1,1,1,1800,1800,58.59375,58.59375,100,100,1,1,1,5816651,1,0.79462102689486558,0.79462102689486558,0.41075794621026884,False,high_confidence_error,false_positive;high_confidence;temporal_regime,DECISION-TIME
f1c5cc24cc2323e011ef808a,fold_3,0,5818658,1,1,1,1800,1800,58.59375,58.59375,100,100,1,1,1,5818667,1,0.79462102689486558,0.79462102689486558,0.41075794621026884,False,high_confidence_error,false_positive;high_confidence;temporal_regime,DECISION-TIME
1abb2210531783eb159e6129,fold_3,1,5819478,1,1,2,1800,1800,58.59375,58.59375,100,100,1,2,2,5819489,1,0.79462102689486558,0.79462102689486558,0.41075794621026884,True,correct,correct;high_confidence;temporal_regime,DECISION-TIME
b7a8ee387dd8163e7c4d2acd,fold_3,0,5819855,1,1,1,600,600,29.296875,29.296875,25,25,1,1,1,5819862,0,0.15491651205936921,0.15491651205936921,0.30983302411873836,True,correct,correct;high_confidence;temporal_regime,DECISION-TIME
d96797c43c44b47b6ec1b9da,fold_3,0,5820053,1,1,1,600,600,29.296875,29.296875,200,200,1,1,1,5820062,0,0.15491651205936921,0.15491651205936921,0.30983302411873836,True,correct,correct;high_confidence;temporal_regime,DECISION-TIME
1158d7d2c20b0500448ac118,fold_3,0,5820306,1,1,2,600,600,29.296875,29.296875,200,200,1,2,1,5820312,0,0.15491651205936921,0.15491651205936921,0.30983302411873836,True,correct,correct;high_confidence;temporal_regime,DECISION-TIME
d179a8783147ca5a8abd3efd,fold_3,1,5820942,1,1,1,600,600,29.296875,29.296875,100,100,1,1,1,5820953,0,0.15491651205936921,0.15491651205936921,0.30983302411873836,False,high_confidence_error,false_negative;high_confidence;temporal_regime,DECISION-TIME
1476a6a17ac06bad66340b3c,fold_3,0,5821110,1,1,1,100,100,29.296875,29.296875,100,100,1,1,1,5821115,0,0.15491651205936921,0.15491651205936921,0.30983302411873836,True,correct,correct;high_confidence;temporal_regime,DECISION-TIME
95ee853a82efe89908cd9e3d,fold_3,0,5821112,1,1,1,100,100,29.296875,29.296875,100,100,1,1,1,5821135,0,0.15491651205936921,0.15491651205936921,0.30983302411873836,True,correct,correct;high_confidence;temporal_regime,DECISION-TIME
ab6ace6b68e765bae709ca06,fold_3,0,5821266,1,1,1,600,600,29.296875,29.296875,100,100,1,1,1,5821275,0,0.15491651205936921,0.15491651205936921,0.30983302411873836,True,correct,correct;high_confidence;temporal_regime,DECISION-TIME
b0940a46781ba0872c469f5b,fold_3,0,5821353,1,1,1,600,600,29.296875,29.296875,100,100,1,1,1,5821365,0,0.15491651205936921,0.15491651205936921,0.30983302411873836,True,correct,correct;high_confidence;temporal_regime,DECISION-TIME
218a962c1db03181e126f678,fold_3,0,5821829,1,1,1,600,600,29.296875,29.296875,25,25,1,1,1,5821837,0,0.15491651205936921,0.15491651205936921,0.30983302411873836,True,correct,correct;high_confidence;temporal_regime,DECISION-TIME
a4fa2bd25f18f5f3ffe4419a,fold_3,1,5821970,1,1,1,1800,1800,58.59375,58.59375,100,100,1,1,1,5821976,1,0.79462102689486558,0.79462102689486558,0.41075794621026884,True,correct,correct;high_confidence;temporal_regime,DECISION-TIME
ae345f4bf0cd2019a85aed7a,fold_3,0,5822949,1,1,1,600,600,29.296875,29.296875,100,100,1,1,1,5822960,0,0.15491651205936921,0.15491651205936921,0.30983302411873836,True,correct,correct;high_confidence;temporal_regime,DECISION-TIME
c9c347120576a2b9ad36e9b6,fold_3,1,5823510,1,1,3,100,100,9.765625,9.765625,100,100,1,3,3,5823513,0,0.15491651205936921,0.15491651205936921,0.30983302411873836,False,high_confidence_error,false_negative;high_confidence;temporal_regime,DECISION-TIME
9094f5b2add9ff1312bca8b2,fold_3,1,5823723,1,1,1,600,600,29.296875,29.296875,10,10,1,1,1,5823733,0,0.15491651205936921,0.15491651205936921,0.30983302411873836,False,high_confidence_error,false_negative;high_confidence;temporal_regime,DECISION-TIME
d07f94093a2f118a483eaecb,fold_3,1,5823746,1,1,1,600,600,29.296875,29.296875,10,10,1,1,1,5823753,0,0.15491651205936921,0.15491651205936921,0.30983302411873836,False,high_confidence_error,false_negative;high_confidence;temporal_regime,DECISION-TIME
6d37a1082ae660fe6558cf4b,fold_3,0,5823829,1,1,1,600,600,29.296875,29.296875,10,10,1,1,1,5823844,0,0.15491651205936921,0.15491651205936921,0.30983302411873836,True,correct,correct;high_confidence;temporal_regime,DECISION-TIME
0c8c172f3bf4b4c46f11029d,fold_3,0,5823991,1,1,1,600,600,29.296875,29.296875,100,100,1,1,1,5824035,0,0.15491651205936921,0.15491651205936921,0.30983302411873836,True,correct,correct;high_confidence;temporal_regime,DECISION-TIME
b3c4b04f3aaad873d796102a,fold_3,0,5824301,1,1,1,600,600,29.296875,29.296875,25,25,1,1,1,5824315,0,0.15491651205936921,0.15491651205936921,0.30983302411873836,True,correct,correct;high_confidence;temporal_regime,DECISION-TIME
2e74af5f1db3c2e4459ac087,fold_3,1,5824431,1,1,1,600,600,29.296875,29.296875,100,100,1,1,1,5824446,0,0.15491651205936921,0.15491651205936921,0.30983302411873836,False,high_confidence_error,false_negative;high_confidence;temporal_regime,DECISION-TIME
2b0140a860e04bf6c49d2415,fold_3,0,5824902,1,1,10,50,50,29.296875,29.296875,100,100,1,10,10,5824904.7999999998,0,0.15491651205936921,0.15491651205936921,0.30983302411873836,True,correct,correct;high_confidence;temporal_regime,DECISION-TIME
5d4510107e9c789811a25c04,fold_3,0,5825124,1,1,1,800,800,9.765625,9.765625,100,100,1,1,1,5825137,0,0.15491651205936921,0.15491651205936921,0.30983302411873836,True,correct,correct;high_confidence;temporal_regime,DECISION-TIME
cd76cd09c1261afcc0959016,fold_3,0,5825421,1,1,10,600,600,19.53125,19.53125,50,50,1,10,9,5825426.5,0,0.15491651205936921,0.15491651205936921,0.30983302411873836,True,correct,correct;high_confidence;temporal_regime,DECISION-TIME
a9460b2edfff41547f7c8da4,fold_3,0,5825449,1,1,1,600,600,29.296875,29.296875,100,100,1,1,1,5825452,0,0.15491651205936921,0.15491651205936921,0.30983302411873836,True,correct,correct;high_confidence;temporal_regime,DECISION-TIME
84750a35048ec7e23b80c345,fold_3,0,5826339,1,1,1,600,600,29.296875,29.296875,100,100,1,1,1,5826350,0,0.15491651205936921,0.15491651205936921,0.30983302411873836,True,correct,correct;high_confidence;temporal_regime,DECISION-TIME
e244c0c969548c8b718ca2b5,fold_3,0,5826339,1,1,1,600,600,29.296875,29.296875,50,50,1,1,1,5826349,0,0.15491651205936921,0.15491651205936921,0.30983302411873836,True,correct,correct;high_confidence;temporal_regime,DECISION-TIME
ef42841c1e51dda7dcaa985c,fold_3,0,5826700,1,1,1,1000,1000,19.55078125,19.55078125,50,50,1,1,1,5826703,0,0.15491651205936921,0.15491651205936921,0.30983302411873836,True,correct,correct;high_confidence;temporal_regime,DECISION-TIME
3a13b5f2a721f703697f25c1,fold_3,0,5827132,2,2,4,600,600,29.296875,29.296875,50,50,1,4,3,5827219.75,0,0.15491651205936921,0.15491651205936921,0.30983302411873836,True,correct,correct;high_confidence;temporal_regime,DECISION-TIME
43d3adefa17d87866ef04a90,fold_3,0,5828045,1,1,1,600,600,29.296875,29.296875,10,10,1,1,1,5828150,0,0.15491651205936921,0.15491651205936921,0.30983302411873836,True,correct,correct;high_confidence;temporal_regime,DECISION-TIME
68b9b7e2e8ed54c9ba77cae3,fold_3,0,5829327,1,1,1,20,20,29.296875,29.296875,10,10,1,1,1,5829338,1,0.79462102689486558,0.79462102689486558,0.41075794621026884,False,high_confidence_error,false_positive;high_confidence;temporal_regime,DECISION-TIME
2b6ce93e75fedfd8a6b24dd0,fold_3,0,5829355,1,1,1,20,20,29.296875,29.296875,10,10,1,1,1,5829367,1,0.79462102689486558,0.79462102689486558,0.41075794621026884,False,high_confidence_error,false_positive;high_confidence;temporal_regime,DECISION-TIME
ad2463044c37060827383657,fold_3,0,5829785,1,1,1,1800,1800,58.59375,58.59375,100,100,1,1,1,5829799,1,0.79462102689486558,0.79462102689486558,0.41075794621026884,False,high_confidence_error,false_positive;high_confidence;temporal_regime,DECISION-TIME
45427e4e85fbb97ea04e2f55,fold_3,1,5831604,2,2,21,600,600,29.296875,29.296875,100,100,1,99,67,5837094.944444444,1,1,1,0,True,correct,correct;high_confidence;temporal_regime,DECISION-TIME
31e94ee8ad181cabf77622df,fold_3,0,5832234,1,1,1,1800,1800,58.59375,58.59375,100,100,1,2,2,5833177,1,0.79462102689486558,0.79462102689486558,0.41075794621026884,False,high_confidence_error,false_positive;high_confidence;temporal_regime,DECISION-TIME
71fec697a66207311120fa8e,fold_3,1,5832349,1,1,1,600,600,7.8125,7.8125,50,50,1,1,1,5832355,0,0.15491651205936921,0.15491651205936921,0.30983302411873836,False,high_confidence_error,false_negative;high_confidence;temporal_regime,DECISION-TIME
02f82b6a4a0703e8a5136168,fold_3,0,5833610,1,1,1,600,600,29.296875,29.296875,100,100,1,1,1,5833617,0,0.15491651205936921,0.15491651205936921,0.30983302411873836,True,correct,correct;high_confidence;temporal_regime,DECISION-TIME
b1edcfa11c87c35b339eb64e,fold_3,0,5834673,2,2,6,600,600,29.296875,29.296875,25,25,1,6,5,5834688.5,0,0.15491651205936921,0.15491651205936921,0.30983302411873836,True,correct,correct;high_confidence;temporal_regime,DECISION-TIME
b52dd491fa3f2ea72d96927b,fold_3,1,5835310,1,1,1,1200,1200,29.296875,29.296875,100,100,1,1,1,5835322,0,0.15491651205936921,0.15491651205936921,0.30983302411873836,False,high_confidence_error,false_negative;high_confidence;temporal_regime,DECISION-TIME
169f15293c6ac7afa6ad8314,fold_3,1,5835767,1,1,1,1200,1200,29.296875,29.296875,100,100,1,1,1,5835773,0,0.15491651205936921,0.15491651205936921,0.30983302411873836,False,high_confidence_error,false_negative;high_confidence;temporal_regime,DECISION-TIME
57356612b5d1fcc7da5af586,fold_3,0,5835856,1,1,1,600,600,29.296875,29.296875,100,100,1,1,1,5835860,0,0.15491651205936921,0.15491651205936921,0.30983302411873836,True,correct,correct;high_confidence;temporal_regime,DECISION-TIME
69e644736348eb305cd362aa,fold_3,0,5836053,1,1,1,600,600,29.296875,29.296875,100,100,1,1,1,5836065,0,0.15491651205936921,0.15491651205936921,0.30983302411873836,True,correct,correct;high_confidence;temporal_regime,DECISION-TIME
b2b0958f09ec232e7436b6b5,fold_3,1,5836566,1,1,1,100,100,29.296875,29.296875,25,25,1,1,1,5836575,1,0.79462102689486558,0.79462102689486558,0.41075794621026884,True,correct,correct;high_confidence;temporal_regime,DECISION-TIME
af832aa713424f12e131e4b1,fold_3,0,5836642,1,1,1,1800,1800,58.59375,58.59375,100,100,1,3,2,5838512,1,0.79462102689486558,0.79462102689486558,0.41075794621026884,False,high_confidence_error,false_positive;high_confidence;temporal_regime,DECISION-TIME
d0136e77c74a9c07f218cc98,fold_3,0,5837033,1,1,1,600,600,29.296875,29.296875,100,100,1,1,1,5837038,0,0.15491651205936921,0.15491651205936921,0.30983302411873836,True,correct,correct;high_confidence;temporal_regime,DECISION-TIME
1f6f234af9ed98fbafacb6d9,fold_3,1,5837064,1,1,1,100,100,29.296875,29.296875,25,25,1,1,1,5837077,1,0.79462102689486558,0.79462102689486558,0.41075794621026884,True,correct,correct;high_confidence;temporal_regime,DECISION-TIME
2891b129c288aeb7cd990aa0,fold_3,1,5837092,1,1,1,100,100,29.296875,29.296875,25,25,1,1,1,5837098,1,0.79462102689486558,0.79462102689486558,0.41075794621026884,True,correct,correct;high_confidence;temporal_regime,DECISION-TIME
db11e658bbf04e023199be8d,fold_3,1,5837110,1,1,1,100,100,29.296875,29.296875,25,25,1,1,1,5837116,1,0.79462102689486558,0.79462102689486558,0.41075794621026884,True,correct,correct;high_confidence;temporal_regime,DECISION-TIME
7c1e8ef1eadd08e93da87fa2,fold_3,1,5837563,1,1,1,100,100,29.296875,29.296875,25,25,1,1,1,5837568,1,0.79462102689486558,0.79462102689486558,0.41075794621026884,True,correct,correct;high_confidence;temporal_regime,DECISION-TIME
8dc8705d15b01f4dce705622,fold_3,1,5837571,1,1,1,100,100,29.296875,29.296875,25,25,1,1,1,5837578,1,0.79462102689486558,0.79462102689486558,0.41075794621026884,True,correct,correct;high_confidence;temporal_regime,DECISION-TIME
560cd56c6db8da98522ca04e,fold_3,1,5837752,1,1,1,100,100,29.296875,29.296875,25,25,1,1,1,5837760,1,0.79462102689486558,0.79462102689486558,0.41075794621026884,True,correct,correct;high_confidence;temporal_regime,DECISION-TIME
eb96473c1b6bbf37a8e7b4f6,fold_3,1,5838233,1,1,1,100,100,29.296875,29.296875,25,25,1,1,1,5838241,1,0.79462102689486558,0.79462102689486558,0.41075794621026884,True,correct,correct;high_confidence;temporal_regime,DECISION-TIME
cfdbc2f2faf5f3974661368e,fold_3,1,5838305,1,1,1,100,100,29.296875,29.296875,25,25,1,1,1,5838311,1,0.79462102689486558,0.79462102689486558,0.41075794621026884,True,correct,correct;high_confidence;temporal_regime,DECISION-TIME
58033717a9eb956bbc78dfc1,fold_3,0,5838344,2,2,51,550,600,8.7890625,9.765625,30,30,1,51,42,5838351.3921568627,0,0.15491651205936921,0.15491651205936921,0.30983302411873836,True,correct,correct;high_confidence;temporal_regime,DECISION-TIME
afd9ca78d6cae76ad676f5f4,fold_3,1,5838463,1,1,1,100,100,29.296875,29.296875,25,25,1,1,1,5838471,1,0.79462102689486558,0.79462102689486558,0.41075794621026884,True,correct,correct;high_confidence;temporal_regime,DECISION-TIME
b927bc2dbb61c434f7927b30,fold_3,1,5838535,1,1,1,100,100,29.296875,29.296875,25,25,1,1,1,5838544,1,0.79462102689486558,0.79462102689486558,0.41075794621026884,True,correct,correct;high_confidence;temporal_regime,DECISION-TIME
c183ab12408172098acf7e74,fold_3,1,5838779,1,1,1,100,100,29.296875,29.296875,25,25,1,1,1,5838784,1,0.79462102689486558,0.79462102689486558,0.41075794621026884,True,correct,correct;high_confidence;temporal_regime,DECISION-TIME
6fde014584b9666c7d59d54f,fold_3,1,5838933,1,1,1,100,100,29.296875,29.296875,25,25,1,1,1,5838942,1,0.79462102689486558,0.79462102689486558,0.41075794621026884,True,correct,correct;high_confidence;temporal_regime,DECISION-TIME
207a85a8a448c6f8aaf63fbb,fold_3,0,5839236,1,1,1,600,600,29.296875,29.296875,5,5,1,1,1,5839244,0,0.15491651205936921,0.15491651205936921,0.30983302411873836,True,correct,correct;high_confidence;temporal_regime,DECISION-TIME
ce7b2e1777f44f34afeab308,fold_3,1,5839446,1,1,1,100,100,29.296875,29.296875,25,25,1,1,1,5839455,1,0.79462102689486558,0.79462102689486558,0.41075794621026884,True,correct,correct;high_confidence;temporal_regime,DECISION-TIME
87b89195e9cea3495ac1f7e4,fold_3,1,5839623,1,1,1,100,100,29.296875,29.296875,25,25,1,1,1,5839635,1,0.79462102689486558,0.79462102689486558,0.41075794621026884,True,correct,correct;high_confidence;temporal_regime,DECISION-TIME
e74756018741729f779ee09d,fold_3,1,5839717,1,1,1,100,100,29.296875,29.296875,25,25,1,1,1,5839725,1,0.79462102689486558,0.79462102689486558,0.41075794621026884,True,correct,correct;high_confidence;temporal_regime,DECISION-TIME
0cb91fc86979402915d99393,fold_3,0,5839903,1,1,10,50,50,29.296875,29.296875,100,100,1,10,7,5839906.2000000002,0,0.15491651205936921,0.15491651205936921,0.30983302411873836,True,correct,correct;high_confidence;temporal_regime,DECISION-TIME
e3eaaf180f18ac3bcfc711d9,fold_3,0,5839922,1,1,1,600,600,29.296875,29.296875,10,10,1,1,1,5839926,0,0.15491651205936921,0.15491651205936921,0.30983302411873836,True,correct,correct;high_confidence;temporal_regime,DECISION-TIME
1e9805077361a091cc958172,fold_3,1,5840204,1,1,1,100,100,29.296875,29.296875,25,25,1,1,1,5840216,1,0.79462102689486558,0.79462102689486558,0.41075794621026884,True,correct,correct;high_confidence;temporal_regime,DECISION-TIME
13edd7a1e733133f4db259b5,fold_3,0,5840516,1,1,1,600,600,29.296875,29.296875,100,100,1,1,1,5840519,0,0.15491651205936921,0.15491651205936921,0.30983302411873836,True,correct,correct;high_confidence;temporal_regime,DECISION-TIME
c385100f7f5afba62e04867e,fold_3,1,5840701,1,1,1,100,100,29.296875,29.296875,25,25,1,1,1,5840708,1,0.79462102689486558,0.79462102689486558,0.41075794621026884,True,correct,correct;high_confidence;temporal_regime,DECISION-TIME
e8ff88fb8bf885ad06a7f249,fold_3,1,5840926,1,1,1,100,100,29.296875,29.296875,25,25,1,1,1,5840939,1,0.79462102689486558,0.79462102689486558,0.41075794621026884,True,correct,correct;high_confidence;temporal_regime,DECISION-TIME
dec4e1db32771251a90e9860,fold_3,1,5840955,1,1,1,100,100,29.296875,29.296875,25,25,1,1,1,5840960,1,0.79462102689486558,0.79462102689486558,0.41075794621026884,True,correct,correct;high_confidence;temporal_regime,DECISION-TIME
6888b8d23d1373b93c6bbedf,fold_3,0,5841293,1,1,1,100,100,29.296875,29.296875,25,25,1,1,1,5841301,1,0.79462102689486558,0.79462102689486558,0.41075794621026884,False,high_confidence_error,false_positive;high_confidence;temporal_regime,DECISION-TIME
0efb5c83efea57362c29dc47,fold_3,0,5841890,1,1,1,600,600,29.296875,29.296875,50,50,1,1,1,5841903,0,0.15491651205936921,0.15491651205936921,0.30983302411873836,True,correct,correct;high_confidence;temporal_regime,DECISION-TIME
2f85daf395e272b0c90b96e4,fold_3,0,5842396,1,1,1,100,100,29.296875,29.296875,25,25,1,1,1,5842404,1,0.79462102689486558,0.79462102689486558,0.41075794621026884,False,high_confidence_error,false_positive;high_confidence;temporal_regime,DECISION-TIME
e24e3eca24e4fc058c6c7745,fold_3,0,5842607,1,1,1,1800,1800,58.59375,58.59375,100,100,1,1,1,5842614,1,0.79462102689486558,0.79462102689486558,0.41075794621026884,False,high_confidence_error,false_positive;high_confidence;temporal_regime,DECISION-TIME
e78467eb4cc0335a2d644752,fold_3,0,5844292,1,1,1,600,600,29.296875,29.296875,100,100,1,1,1,5844295,0,0.15491651205936921,0.15491651205936921,0.30983302411873836,True,correct,correct;high_confidence;temporal_regime,DECISION-TIME
50609ea0b3629cc8164fc12a,fold_3,0,5844343,1,1,1,600,600,29.296875,29.296875,25,25,1,1,1,5844346,0,0.15491651205936921,0.15491651205936921,0.30983302411873836,True,correct,correct;high_confidence;temporal_regime,DECISION-TIME
aaa028a0803f4e4dda4222b9,fold_3,0,5844666,1,1,1,100,100,29.296875,29.296875,100,100,1,1,1,5844671,0,0.15491651205936921,0.15491651205936921,0.30983302411873836,True,correct,correct;high_confidence;temporal_regime,DECISION-TIME
d9f1bf3d96fc8c7ce2a872e2,fold_3,0,5845217,1,1,1,600,600,29.296875,29.296875,100,100,1,1,1,5845220,0,0.15491651205936921,0.15491651205936921,0.30983302411873836,True,correct,correct;high_confidence;temporal_regime,DECISION-TIME
656195e333f365e022f1df21,fold_3,0,5845505,1,1,1,1600,1600,58.59375,58.59375,100,100,1,1,1,5845513,1,0.79462102689486558,0.79462102689486558,0.41075794621026884,False,high_confidence_error,false_positive;high_confidence;temporal_regime,DECISION-TIME
47b5c184c24948f870f23775,fold_3,0,5845830,1,1,1,600,600,29.296875,29.296875,100,100,1,1,1,5845833,0,0.15491651205936921,0.15491651205936921,0.30983302411873836,True,correct,correct;high_confidence;temporal_regime,DECISION-TIME
f0b76fc5ab987326f6fc4bd3,fold_3,0,5846754,1,1,1,600,600,29.296875,29.296875,100,100,1,1,1,5846757,0,0.15491651205936921,0.15491651205936921,0.30983302411873836,True,correct,correct;high_confidence;temporal_regime,DECISION-TIME
6b3305f9a956c4142cd5bf0d,fold_3,0,5847085,1,1,1,600,600,29.296875,29.296875,10,10,1,1,1,5847099,0,0.15491651205936921,0.15491651205936921,0.30983302411873836,True,correct,correct;high_confidence;temporal_regime,DECISION-TIME
609e669f2bb65c249958e7c0,fold_3,0,5847329,1,1,1,1800,1800,58.59375,58.59375,100,100,1,1,1,5847338,1,0.79462102689486558,0.79462102689486558,0.41075794621026884,False,high_confidence_error,false_positive;high_confidence;temporal_regime,DECISION-TIME
5ca015514400953e82bf2181,fold_3,0,5847353,1,1,1,100,100,29.296875,29.296875,100,100,1,1,1,5847359,0,0.15491651205936921,0.15491651205936921,0.30983302411873836,True,correct,correct;high_confidence;temporal_regime,DECISION-TIME
1a2f3d32c87cac7681721343,fold_3,0,5847691,1,1,1,100,100,29.296875,29.296875,25,25,1,1,1,5847701,1,0.79462102689486558,0.79462102689486558,0.41075794621026884,False,high_confidence_error,false_positive;high_confidence;temporal_regime,DECISION-TIME
4577a1ec7e9efd09c33a89ec,fold_3,0,5847708,1,1,20,600,600,58.59375,58.59375,50,50,1,20,16,5847719.9000000004,1,0.79462102689486558,0.79462102689486558,0.41075794621026884,False,high_confidence_error,false_positive;high_confidence;temporal_regime,DECISION-TIME
6004e042a9e2f51490994566,fold_3,0,5847858,1,1,1,800,800,31.26953125,31.26953125,,,0,1,1,5847862,0,0.15491651205936921,0.15491651205936921,0.30983302411873836,True,correct,correct;high_confidence;temporal_regime;feature_missingness,DECISION-TIME
61e5973d313be6bf943a22d2,fold_3,0,5847951,1,1,1,600,600,29.296875,29.296875,100,100,1,1,1,5847961,0,0.15491651205936921,0.15491651205936921,0.30983302411873836,True,correct,correct;high_confidence;temporal_regime,DECISION-TIME
085ca34421eb223d492ec468,fold_3,0,5847954,1,1,1,600,600,29.296875,29.296875,100,100,1,1,1,5847961,0,0.15491651205936921,0.15491651205936921,0.30983302411873836,True,correct,correct;high_confidence;temporal_regime,DECISION-TIME
3e1ea987475d24191d869605,fold_3,0,5848056,3,3,12,466.66666666666669,600,11.598958333333334,29.296875,25,25,1,12,5,5848061.666666667,0,0.15384615384615385,0.15384615384615385,0.30769230769230771,True,correct,correct;high_confidence;temporal_regime,DECISION-TIME
c6be454404f9b9c71b4eda0b,fold_3,0,5848069,1,1,1,600,600,29.296875,29.296875,100,100,1,1,1,5848072,0,0.15491651205936921,0.15491651205936921,0.30983302411873836,True,correct,correct;high_confidence;temporal_regime,DECISION-TIME
d9cb3b64635ce4a62fac8b3d,fold_3,0,5848564,1,1,1,600,600,29.296875,29.296875,50,50,1,1,1,5848573,0,0.15491651205936921,0.15491651205936921,0.30983302411873836,True,correct,correct;high_confidence;temporal_regime,DECISION-TIME
15e53de1f542c97c61c7b59a,fold_3,0,5848802,1,1,1,600,600,29.296875,29.296875,100,100,1,1,1,5848805,0,0.15491651205936921,0.15491651205936921,0.30983302411873836,True,correct,correct;high_confidence;temporal_regime,DECISION-TIME
e68c900b8653d6745f10ad58,fold_3,0,5848953,1,1,1,600,600,29.296875,29.296875,100,100,1,1,1,5848956,0,0.15491651205936921,0.15491651205936921,0.30983302411873836,True,correct,correct;high_confidence;temporal_regime,DECISION-TIME
5d770eeda508b7b987a2de35,fold_3,0,5849101,1,1,1,600,600,29.296875,29.296875,100,100,1,1,1,5849113,0,0.15491651205936921,0.15491651205936921,0.30983302411873836,True,correct,correct;high_confidence;temporal_regime,DECISION-TIME
ea5982b69924ec1b1e3a23c3,fold_3,0,5849200,1,1,1,600,600,29.296875,29.296875,100,100,1,1,1,5849317,0,0.15491651205936921,0.15491651205936921,0.30983302411873836,True,correct,correct;high_confidence;temporal_regime,DECISION-TIME
4ec20cf3eba29a1c1898f7a4,fold_3,0,5849272,1,1,1,600,600,29.296875,29.296875,100,100,1,1,1,5849380,0,0.15491651205936921,0.15491651205936921,0.30983302411873836,True,correct,correct;high_confidence;temporal_regime,DECISION-TIME
6bf4e4211cb3838e5b05bdaa,fold_3,0,5849833,2,2,28,600,600,17.08984375,24.4140625,25,25,1,28,18,5849849.9285714282,0,0.15491651205936921,0.15491651205936921,0.30983302411873836,True,correct,correct;high_confidence;temporal_regime,DECISION-TIME
d97bf925366849a41bae1485,fold_3,0,5849890,1,1,1,600,600,29.296875,29.296875,100,100,1,1,1,5850098,0,0.15491651205936921,0.15491651205936921,0.30983302411873836,True,correct,correct;high_confidence;temporal_regime,DECISION-TIME
f4a9fdc92e601ff83519511c,fold_3,0,5849890,1,1,1,600,600,29.296875,29.296875,100,100,1,1,1,5850098,0,0.15491651205936921,0.15491651205936921,0.30983302411873836,True,correct,correct;high_confidence;temporal_regime,DECISION-TIME
6215090658f3a658079c1b30,fold_3,0,5850477,1,1,1,1200,1200,29.296875,29.296875,10,10,1,1,1,5850490,0,0.15491651205936921,0.15491651205936921,0.30983302411873836,True,correct,correct;high_confidence;temporal_regime,DECISION-TIME
a6442dc7c2df6f50e7b707b6,fold_3,0,5851546,1,1,1,100,100,29.296875,29.296875,100,100,1,1,1,5851553,0,0.15491651205936921,0.15491651205936921,0.30983302411873836,True,correct,correct;high_confidence;temporal_regime,DECISION-TIME
3fdf7715f0b34ff5a5646e51,fold_3,0,5851550,1,1,1,600,600,29.296875,29.296875,100,100,1,1,1,5851553,0,0.15491651205936921,0.15491651205936921,0.30983302411873836,True,correct,correct;high_confidence;temporal_regime,DECISION-TIME
c233f92712a237e64cc511e9,fold_3,0,5852303,1,1,1,100,100,29.296875,29.296875,100,100,1,1,1,5852314,0,0.15491651205936921,0.15491651205936921,0.30983302411873836,True,correct,correct;high_confidence;temporal_regime,DECISION-TIME
1e409e8932a6f2a621b23372,fold_3,1,5852428,1,1,1,600,600,29.296875,29.296875,100,100,1,1,1,5852435,0,0.15491651205936921,0.15491651205936921,0.30983302411873836,False,high_confidence_error,false_negative;high_confidence;temporal_regime,DECISION-TIME
8b0cbcf2d4d8880d41e518e4,fold_3,1,5853342,1,1,1,600,600,29.296875,29.296875,100,100,1,1,1,5853348,0,0.15491651205936921,0.15491651205936921,0.30983302411873836,False,high_confidence_error,false_negative;high_confidence;temporal_regime,DECISION-TIME
37dfbdcb3fafe8d7f0f0564b,fold_3,1,5853510,1,1,1,600,600,29.296875,29.296875,100,100,1,1,1,5853519,0,0.15491651205936921,0.15491651205936921,0.30983302411873836,False,high_confidence_error,false_negative;high_confidence;temporal_regime,DECISION-TIME
ab152041ee63429814626cf7,fold_3,0,5853745,1,1,1,600,600,29.296875,29.296875,100,100,1,1,1,5853749,0,0.15491651205936921,0.15491651205936921,0.30983302411873836,True,correct,correct;high_confidence;temporal_regime,DECISION-TIME
18ac0b19033c62d1bea23627,fold_3,0,5853939,1,1,1,1200,1200,29.296875,29.296875,100,100,1,1,1,5853950,0,0.15491651205936921,0.15491651205936921,0.30983302411873836,True,correct,correct;high_confidence;temporal_regime,DECISION-TIME
c1aa2e08014859f4a31e7aac,fold_3,0,5854029,2,2,25,700,800,30.2734375,31.25,100,100,1,25,23,5854038.6799999997,0,0.15491651205936921,0.15491651205936921,0.30983302411873836,True,correct,correct;high_confidence;temporal_regime,DECISION-TIME
b0cb4afa3fb8026160e9c840,fold_3,1,5854477,1,1,1,600,600,29.296875,29.296875,100,100,1,1,1,5854482,0,0.15491651205936921,0.15491651205936921,0.30983302411873836,False,high_confidence_error,false_negative;high_confidence;temporal_regime,DECISION-TIME
1410b1704e766aeac798d909,fold_3,1,5854643,1,1,1,600,600,29.296875,29.296875,100,100,1,1,1,5854653,0,0.15491651205936921,0.15491651205936921,0.30983302411873836,False,high_confidence_error,false_negative;high_confidence;temporal_regime,DECISION-TIME
28b9bdd5aeb5c0d4bd57d94a,fold_3,0,5854770,1,1,10,600,600,19.53125,19.53125,50,50,1,10,2,5854784.7999999998,0,0.15491651205936921,0.15491651205936921,0.30983302411873836,True,correct,correct;high_confidence;temporal_regime,DECISION-TIME
224a698982e17c290976e3f9,fold_3,0,5855203,1,1,1,600,600,29.296875,29.296875,10,10,1,1,1,5855215,0,0.15491651205936921,0.15491651205936921,0.30983302411873836,True,correct,correct;high_confidence;temporal_regime,DECISION-TIME
13987e5ac3446499fab539b4,fold_3,1,5855432,1,1,1,600,600,29.296875,29.296875,10,10,1,1,1,5855436,0,0.15491651205936921,0.15491651205936921,0.30983302411873836,False,high_confidence_error,false_negative;high_confidence;temporal_regime,DECISION-TIME
3e70a18be9c691cd271283f2,fold_3,0,5855489,1,1,1,100,100,29.296875,29.296875,100,100,1,1,1,5855496,0,0.15491651205936921,0.15491651205936921,0.30983302411873836,True,correct,correct;high_confidence;temporal_regime,DECISION-TIME
08aec07ca4ef925c31a931de,fold_3,1,5856493,1,1,1,600,600,29.296875,29.296875,100,100,1,1,1,5856499,0,0.15491651205936921,0.15491651205936921,0.30983302411873836,False,high_confidence_error,false_negative;high_confidence;temporal_regime,DECISION-TIME
1fe243405733df6073cfeff3,fold_3,0,5857607,1,1,1,600,600,29.296875,29.296875,100,100,1,1,1,5857614,0,0.15491651205936921,0.15491651205936921,0.30983302411873836,True,correct,correct;high_confidence;temporal_regime,DECISION-TIME
a675600c9d610986886ef2c0,fold_3,0,5859854,1,1,1,600,600,29.296875,29.296875,50,50,1,1,1,5859860,0,0.15491651205936921,0.15491651205936921,0.30983302411873836,True,correct,correct;high_confidence;temporal_regime,DECISION-TIME
01c0502df6e94beb46cd1424,fold_3,0,5861372,2,2,10,600,600,29.296875,29.296875,25,25,1,10,9,5861380.0999999996,0,0.15491651205936921,0.15491651205936921,0.30983302411873836,True,correct,correct;high_confidence;temporal_regime,DECISION-TIME
898a6339607bb98918e4ec02,fold_3,0,5861484,1,1,1,600,600,29.296875,29.296875,25,25,1,1,1,5861496,0,0.15491651205936921,0.15491651205936921,0.30983302411873836,True,correct,correct;high_confidence;temporal_regime,DECISION-TIME
2e889ff37f07179b499599b2,fold_3,0,5862279,1,1,1,600,600,29.296875,29.296875,10,10,1,1,1,5862283,0,0.15491651205936921,0.15491651205936921,0.30983302411873836,True,correct,correct;high_confidence;temporal_regime,DECISION-TIME
c42872560dd722b2261b34c3,fold_3,0,5863863,1,1,1,600,600,29.296875,29.296875,200,200,1,1,1,5863873,0,0.15491651205936921,0.15491651205936921,0.30983302411873836,True,correct,correct;high_confidence;temporal_regime,DECISION-TIME
c69b5dd640cf9a3c837d309b,fold_3,0,5863931,1,1,1,600,600,29.296875,29.296875,100,100,1,1,1,5863944,0,0.15491651205936921,0.15491651205936921,0.30983302411873836,True,correct,correct;high_confidence;temporal_regime,DECISION-TIME
ff5381270ff6fd1e6eaa8f93,fold_3,0,5864430,1,1,1,600,600,29.296875,29.296875,100,100,1,1,1,5864495,0,0.15491651205936921,0.15491651205936921,0.30983302411873836,True,correct,correct;high_confidence;temporal_regime,DECISION-TIME
4a44b961fa766943c80678a9,fold_3,0,5865290,1,1,1,600,600,29.296875,29.296875,100,100,1,1,1,5865296,0,0.15491651205936921,0.15491651205936921,0.30983302411873836,True,correct,correct;high_confidence;temporal_regime,DECISION-TIME
bd07ffa6ef7e9d4a31d603ce,fold_3,0,5865306,1,1,1,600,600,29.296875,29.296875,100,100,1,1,1,5865317,0,0.15491651205936921,0.15491651205936921,0.30983302411873836,True,correct,correct;high_confidence;temporal_regime,DECISION-TIME
18edd26432e7e62211539490,fold_3,0,5867469,2,2,101,500,600,19.53125,19.53125,50,50,1,101,33,5867482.6732673263,0,0.15491651205936921,0.15491651205936921,0.30983302411873836,True,correct,correct;high_confidence;temporal_regime,DECISION-TIME
539c43d22b1d71d6096deec0,fold_3,0,5868278,1,1,1,100,100,29.296875,29.296875,100,100,1,1,1,5868284,0,0.15491651205936921,0.15491651205936921,0.30983302411873836,True,correct,correct;high_confidence;temporal_regime,DECISION-TIME
c64705406026b683b44a16da,fold_3,0,5868669,1,1,1,600,600,29.296875,29.296875,100,100,1,1,1,5868672,0,0.15491651205936921,0.15491651205936921,0.30983302411873836,True,correct,correct;high_confidence;temporal_regime,DECISION-TIME
08ba0837ab3b7900c392e1e7,fold_3,0,5869767,1,1,1,3200,3200,19.53125,19.53125,100,100,1,1,1,5869769,0,0.11538461538461539,0.11538461538461539,0.23076923076923084,True,correct,correct;high_confidence;temporal_regime,DECISION-TIME
e2741f0a23fd6c451a1c30d5,fold_3,0,5869970,1,1,1,600,600,29.296875,29.296875,100,100,1,1,1,5869978,0,0.15491651205936921,0.15491651205936921,0.30983302411873836,True,correct,correct;high_confidence;temporal_regime,DECISION-TIME
0f9237c4ddbe33d2d0a959e4,fold_3,0,5870016,1,1,1,100,100,29.296875,29.296875,100,100,1,1,1,5870029,0,0.15491651205936921,0.15491651205936921,0.30983302411873836,True,correct,correct;high_confidence;temporal_regime,DECISION-TIME
89e6495a1bbb188fd93758b6,fold_3,0,5870955,1,1,1,600,600,29.296875,29.296875,10,10,1,1,1,5870961,0,0.15491651205936921,0.15491651205936921,0.30983302411873836,True,correct,correct;high_confidence;temporal_regime,DECISION-TIME
7098f62dbb5f8544cdf36f80,fold_3,0,5871192,1,1,1,1000,1000,19.55078125,19.55078125,50,50,1,1,1,5871195,0,0.15491651205936921,0.15491651205936921,0.30983302411873836,True,correct,correct;high_confidence;temporal_regime,DECISION-TIME
3282988e573724c35bbb15a7,fold_3,0,5871644,2,2,4,700,800,29.296875,29.296875,100,100,1,4,3,5871651.25,0,0.15491651205936921,0.15491651205936921,0.30983302411873836,True,correct,correct;high_confidence;temporal_regime,DECISION-TIME
9c2cd02bf3ada5416a74fa01,fold_3,0,5871712,1,1,1,600,600,29.296875,29.296875,25,25,1,1,1,5871716,0,0.15491651205936921,0.15491651205936921,0.30983302411873836,True,correct,correct;high_confidence;temporal_regime,DECISION-TIME
8619e3c325e11339de25edee,fold_3,0,5871857,1,1,1,600,600,29.296875,29.296875,10,10,1,1,1,5871863,0,0.15491651205936921,0.15491651205936921,0.30983302411873836,True,correct,correct;high_confidence;temporal_regime,DECISION-TIME
7801f4e3658e3ed99cedd388,fold_3,0,5871896,1,1,1,600,600,29.296875,29.296875,10,10,1,1,1,5871903,0,0.15491651205936921,0.15491651205936921,0.30983302411873836,True,correct,correct;high_confidence;temporal_regime,DECISION-TIME
b6b1a81e14dc862306c1e9bd,fold_3,0,5871897,1,1,1,600,600,29.296875,29.296875,10,10,1,1,1,5871903,0,0.15491651205936921,0.15491651205936921,0.30983302411873836,True,correct,correct;high_confidence;temporal_regime,DECISION-TIME
c0bce8ab22c2ef265a761d2a,fold_3,0,5871955,2,2,4,600,600,29.296875,29.296875,100,100,1,4,1,5871968.25,0,0.15491651205936921,0.15491651205936921,0.30983302411873836,True,correct,correct;high_confidence;temporal_regime,DECISION-TIME
603568c0caa77024cdf4d232,fold_3,0,5872090,1,1,1,600,600,29.296875,29.296875,10,10,1,1,1,5872135,0,0.15491651205936921,0.15491651205936921,0.30983302411873836,True,correct,correct;high_confidence;temporal_regime,DECISION-TIME
496cd43ab66990be68937f69,fold_3,0,5872967,1,1,1,600,600,29.296875,29.296875,10,10,1,1,1,5872979,0,0.15491651205936921,0.15491651205936921,0.30983302411873836,True,correct,correct;high_confidence;temporal_regime,DECISION-TIME
2f660192bbc859dd1f132a4d,fold_3,0,5873539,1,1,2,600,600,29.296875,29.296875,100,100,1,2,2,5873551,0,0.15491651205936921,0.15491651205936921,0.30983302411873836,True,correct,correct;high_confidence;temporal_regime,DECISION-TIME
da56559310487149e212260f,fold_3,0,5874031,1,1,1,600,600,29.296875,29.296875,100,100,1,1,1,5874042,0,0.15491651205936921,0.15491651205936921,0.30983302411873836,True,correct,correct;high_confidence;temporal_regime,DECISION-TIME
34bd54b0ce9cf6e6cc5c4cc8,fold_3,0,5874587,2,2,2,600,600,29.296875,29.296875,100,100,1,2,1,5874598,0,0.15491651205936921,0.15491651205936921,0.30983302411873836,True,correct,correct;high_confidence;temporal_regime,DECISION-TIME
8a6ef804839accd5e23e2831,fold_3,0,5874750,1,1,1,600,600,29.296875,29.296875,100,100,1,1,1,5874764,0,0.15491651205936921,0.15491651205936921,0.30983302411873836,True,correct,correct;high_confidence;temporal_regime,DECISION-TIME
d6b339af88528cc5b548d7c9,fold_3,0,5875757,1,1,1,20,20,29.296875,29.296875,5,5,1,1,1,5875766,1,0.79462102689486558,0.79462102689486558,0.41075794621026884,False,high_confidence_error,false_positive;high_confidence;temporal_regime,DECISION-TIME
e83fe00441acbbff669bbc44,fold_3,0,5876990,1,1,10,600,600,29.296875,29.296875,50,50,1,10,10,5876993,0,0.15491651205936921,0.15491651205936921,0.30983302411873836,True,correct,correct;high_confidence;temporal_regime,DECISION-TIME
66951765cc519aace5aa816c,fold_3,0,5877077,1,1,10,600,600,29.296875,29.296875,50,50,1,10,6,5877080.9000000004,0,0.15491651205936921,0.15491651205936921,0.30983302411873836,True,correct,correct;high_confidence;temporal_regime,DECISION-TIME
2ffa13ad39a382f193055d24,fold_3,0,5877773,1,1,1,600,600,29.296875,29.296875,100,100,1,1,1,5877811,0,0.15491651205936921,0.15491651205936921,0.30983302411873836,True,correct,correct;high_confidence;temporal_regime,DECISION-TIME
68cc42dde6a5f065a930be6a,fold_3,0,5879938,1,1,1,600,600,29.296875,29.296875,25,25,1,1,1,5879948,0,0.15491651205936921,0.15491651205936921,0.30983302411873836,True,correct,correct;high_confidence;temporal_regime,DECISION-TIME
9dec2ff56621c477c8c55bc8,fold_3,0,5880966,1,1,1,600,600,29.296875,29.296875,100,100,1,1,1,5880971,0,0.15491651205936921,0.15491651205936921,0.30983302411873836,True,correct,correct;high_confidence;temporal_regime,DECISION-TIME
4039b7f8f7667d9731f75888,fold_3,0,5880995,1,1,1,600,600,29.296875,29.296875,25,25,1,1,1,5881001,0,0.15491651205936921,0.15491651205936921,0.30983302411873836,True,correct,correct;high_confidence;temporal_regime,DECISION-TIME
a9c7326141e633575018750f,fold_3,0,5881683,1,1,1,600,600,29.296875,29.296875,100,100,1,1,1,5881694,0,0.15491651205936921,0.15491651205936921,0.30983302411873836,True,correct,correct;high_confidence;temporal_regime,DECISION-TIME
bb68d66a9bfdd61ddca7a23a,fold_3,0,5881879,1,1,1,600,600,29.296875,29.296875,25,25,1,1,1,5881912,0,0.15491651205936921,0.15491651205936921,0.30983302411873836,True,correct,correct;high_confidence;temporal_regime,DECISION-TIME
bae5f5fa7648bc64e5ab3b24,fold_3,0,5882297,1,1,1,600,600,29.296875,29.296875,100,100,1,1,1,5882300,0,0.15491651205936921,0.15491651205936921,0.30983302411873836,True,correct,correct;high_confidence;temporal_regime,DECISION-TIME
1cd0c3e16d44ae79d3fd42ec,fold_3,0,5882650,1,1,1,100,100,29.296875,29.296875,100,100,1,1,1,5882656,0,0.15491651205936921,0.15491651205936921,0.30983302411873836,True,correct,correct;high_confidence;temporal_regime,DECISION-TIME
8b892a604455349560bcb697,fold_3,0,5882671,1,1,1,100,100,1.97265625,1.97265625,,,0,1,1,5882674,0,0.092592592592592587,0.092592592592592587,0.18518518518518512,True,correct,correct;high_confidence;temporal_regime;feature_missingness,DECISION-TIME
917c21ca928e32e63da59d61,fold_3,0,5883631,1,1,1,100,100,29.296875,29.296875,100,100,1,1,1,5883639,0,0.15491651205936921,0.15491651205936921,0.30983302411873836,True,correct,correct;high_confidence;temporal_regime,DECISION-TIME
51a72e0b9530e5df9a543fea,fold_3,0,5883762,1,1,1,100,100,97.65625,97.65625,500,500,1,1,1,5889115,1,0.79462102689486558,0.79462102689486558,0.41075794621026884,False,high_confidence_error,false_positive;high_confidence;temporal_regime,DECISION-TIME
2d59d592f704f4eac3db5ba4,fold_3,0,5883771,1,1,1,500,500,29.296875,29.296875,20,20,1,1,1,5883780,0,0.15491651205936921,0.15491651205936921,0.30983302411873836,True,correct,correct;high_confidence;temporal_regime,DECISION-TIME
d3de95c703af7ed1f6017ea2,fold_3,0,5883773,1,1,1,600,600,29.296875,29.296875,100,100,1,1,1,5883810,0,0.15491651205936921,0.15491651205936921,0.30983302411873836,True,correct,correct;high_confidence;temporal_regime,DECISION-TIME
60087aabaa6d5ee1385ef981,fold_3,0,5883960,2,2,21,700,800,11.71875,19.53125,50,50,1,21,19,5883969.333333333,0,0.15491651205936921,0.15491651205936921,0.30983302411873836,True,correct,correct;high_confidence;temporal_regime,DECISION-TIME
e781613bc6630eb8bed0f9ff,fold_3,0,5884240,1,1,1,100,100,97.65625,97.65625,500,500,1,1,1,5903610,1,0.79462102689486558,0.79462102689486558,0.41075794621026884,False,high_confidence_error,false_positive;high_confidence;temporal_regime,DECISION-TIME
da57fe651f14e69cdf494143,fold_3,0,5884325,1,1,1,600,600,29.296875,29.296875,100,100,1,1,1,5884330,0,0.15491651205936921,0.15491651205936921,0.30983302411873836,True,correct,correct;high_confidence;temporal_regime,DECISION-TIME
4d9118fcaa2224e1d846cdbc,fold_3,0,5885225,2,2,4,600,600,29.296875,29.296875,25,25,1,4,3,5885307.5,0,0.15491651205936921,0.15491651205936921,0.30983302411873836,True,correct,correct;high_confidence;temporal_regime,DECISION-TIME
5b1fc394069ef8fa46a5ec7e,fold_3,0,5885263,1,1,1,600,600,29.296875,29.296875,100,100,1,1,1,5885273,0,0.15491651205936921,0.15491651205936921,0.30983302411873836,True,correct,correct;high_confidence;temporal_regime,DECISION-TIME
f88fc513f384813b00f1a303,fold_3,0,5887248,1,1,1,100,100,29.296875,29.296875,100,100,1,1,1,5887258,0,0.15491651205936921,0.15491651205936921,0.30983302411873836,True,correct,correct;high_confidence;temporal_regime,DECISION-TIME
c37b3b3d94dbbbb6196c2efe,fold_3,1,5888328,1,1,1,600,600,29.296875,29.296875,100,100,1,1,1,5888340,0,0.15491651205936921,0.15491651205936921,0.30983302411873836,False,high_confidence_error,false_negative;high_confidence;temporal_regime,DECISION-TIME
58c2a18b059e07a6641a14db,fold_3,1,5888468,1,1,1,600,600,29.296875,29.296875,100,100,1,1,1,5888479,0,0.15491651205936921,0.15491651205936921,0.30983302411873836,False,high_confidence_error,false_negative;high_confidence;temporal_regime,DECISION-TIME
eb2c9ec449d2e0a6daad3b68,fold_3,1,5888708,2,2,2,500,600,19.53125,19.53125,100,100,1,2,2,5888720,0,0.15491651205936921,0.15491651205936921,0.30983302411873836,False,high_confidence_error,false_negative;high_confidence;temporal_regime,DECISION-TIME
a1c3c38e32bc29e109b8ca5a,fold_3,0,5888730,1,1,10,50,50,29.296875,29.296875,100,100,1,10,6,5888732.9000000004,0,0.15491651205936921,0.15491651205936921,0.30983302411873836,True,correct,correct;high_confidence;temporal_regime,DECISION-TIME
e99e470fe3ebf23ff82b3867,fold_3,0,5889556,1,1,1,600,600,29.296875,29.296875,25,25,1,1,1,5889562,0,0.15491651205936921,0.15491651205936921,0.30983302411873836,True,correct,correct;high_confidence;temporal_regime,DECISION-TIME
571c9698cf83da61e96e7929,fold_3,1,5892226,3,3,3,466.66666666666669,600,11.098958333333334,29.296875,25,25,1,3,3,5892231,0,0.15384615384615385,0.15384615384615385,0.30769230769230771,False,high_confidence_error,false_negative;high_confidence;temporal_regime,DECISION-TIME
234a63794165922ef53466c4,fold_3,0,5893968,3,3,11,466.66666666666669,600,11.432291666666666,29.296875,25,25,1,11,7,5893972.7272727275,0,0.15384615384615385,0.15384615384615385,0.30769230769230771,True,correct,correct;high_confidence;temporal_regime,DECISION-TIME
18b06146a2f6094888a099d9,fold_3,0,5894950,2,2,25,700,800,30.2734375,31.25,100,100,1,26,20,5894996.1200000001,0,0.15491651205936921,0.15491651205936921,0.30983302411873836,True,correct,correct;high_confidence;temporal_regime,DECISION-TIME
8aae267bd856a5a5ff42ba22,fold_3,1,5895712,3,3,5,466.66666666666669,600,11.098958333333334,29.296875,25,25,1,5,3,5895719,0,0.15384615384615385,0.15384615384615385,0.30769230769230771,False,high_confidence_error,false_negative;high_confidence;temporal_regime,DECISION-TIME
b8f4b3aa8a62c57b02b32b14,fold_3,0,5896320,1,1,1,100,100,29.296875,29.296875,100,100,1,1,1,5896324,0,0.15491651205936921,0.15491651205936921,0.30983302411873836,True,correct,correct;high_confidence;temporal_regime,DECISION-TIME
46e7ccddf2b0a02df5e7d6f5,fold_3,0,5896441,1,1,1,100,100,29.296875,29.296875,100,100,1,1,1,5896455,0,0.15491651205936921,0.15491651205936921,0.30983302411873836,True,correct,correct;high_confidence;temporal_regime,DECISION-TIME
31ebb698c90d02bba5023a0d,fold_3,0,5896783,2,2,25,500,600,17.578125,17.578125,25,25,1,25,17,5896794.2400000002,0,0.15491651205936921,0.15491651205936921,0.30983302411873836,True,correct,correct;high_confidence;temporal_regime,DECISION-TIME
60314d8084154336fee8f1ab,fold_3,1,5897363,1,1,1,600,600,29.296875,29.296875,100,100,1,1,1,5897377,0,0.15491651205936921,0.15491651205936921,0.30983302411873836,False,high_confidence_error,false_negative;high_confidence;temporal_regime,DECISION-TIME
b3085795748ddceb10ae1ac2,fold_3,1,5897434,2,2,2,500,600,19.53125,19.53125,100,100,1,2,2,5897437,0,0.15491651205936921,0.15491651205936921,0.30983302411873836,False,high_confidence_error,false_negative;high_confidence;temporal_regime,DECISION-TIME
dba9feaac6e8854dbc0cda2a,fold_3,1,5898019,1,1,1,600,600,29.296875,29.296875,100,100,1,1,1,5898028,0,0.15491651205936921,0.15491651205936921,0.30983302411873836,False,high_confidence_error,false_negative;high_confidence;temporal_regime,DECISION-TIME
c1c3947f885219fd53fe64fb,fold_3,1,5899629,1,1,4,1800,1800,58.59375,58.59375,100,100,1,3,3,5899640,1,0.79462102689486558,0.79462102689486558,0.41075794621026884,True,correct,correct;high_confidence;temporal_regime,DECISION-TIME
6185f7c995aa96ae9dec30c1,fold_3,0,5900889,1,1,1,100,100,29.296875,29.296875,100,100,1,1,1,5900894,0,0.15491651205936921,0.15491651205936921,0.30983302411873836,True,correct,correct;high_confidence;temporal_regime,DECISION-TIME
3e43f1d122e4b4463ceca642,fold_3,0,5900896,1,1,1,100,100,29.296875,29.296875,100,100,1,1,1,5900903,0,0.15491651205936921,0.15491651205936921,0.30983302411873836,True,correct,correct;high_confidence;temporal_regime,DECISION-TIME
a4d8b290670fd78bd095735f,fold_3,1,5902096,1,1,1,600,600,29.296875,29.296875,100,100,1,1,1,5902099,0,0.15491651205936921,0.15491651205936921,0.30983302411873836,False,high_confidence_error,false_negative;high_confidence;temporal_regime,DECISION-TIME
2b43ee9aecac42be5e9a65a6,fold_3,0,5903389,1,1,1,600,600,29.296875,29.296875,50,50,1,1,1,5903393,0,0.15491651205936921,0.15491651205936921,0.30983302411873836,True,correct,correct;high_confidence;temporal_regime,DECISION-TIME
d33b89e603bab9c849751629,fold_3,0,5904277,1,1,1,600,600,29.296875,29.296875,100,100,1,1,1,5904284,0,0.15491651205936921,0.15491651205936921,0.30983302411873836,True,correct,correct;high_confidence;temporal_regime,DECISION-TIME
172ece6bc2b71731a62a52d7,fold_3,0,5904297,1,1,1,600,600,29.296875,29.296875,100,100,1,1,1,5904310,0,0.15491651205936921,0.15491651205936921,0.30983302411873836,True,correct,correct;high_confidence;temporal_regime,DECISION-TIME
b1b32a93971e7701bb22be3d,fold_3,0,5904499,2,2,90,550,600,13.18359375,14.6484375,50,50,1,90,56,5904506.9000000004,0,0.15491651205936921,0.15491651205936921,0.30983302411873836,True,correct,correct;high_confidence;temporal_regime,DECISION-TIME
47208ef46935f4c7513782c3,fold_3,0,5904997,2,2,25,500,600,17.578125,17.578125,25,25,1,25,19,5905007.8399999999,0,0.15491651205936921,0.15491651205936921,0.30983302411873836,True,correct,correct;high_confidence;temporal_regime,DECISION-TIME
59f74914ca1ca875d9dfd184,fold_3,0,5905153,1,1,1,600,600,29.296875,29.296875,25,25,1,1,1,5905161,0,0.15491651205936921,0.15491651205936921,0.30983302411873836,True,correct,correct;high_confidence;temporal_regime,DECISION-TIME
2c3aa1988c9903c0f62d61d4,fold_3,1,5905674,2,2,4,350,600,29.296875,29.296875,100,100,1,29,29,5905825.4642857146,1,0.79462102689486558,0.79462102689486558,0.41075794621026884,True,correct,correct;high_confidence;temporal_regime,DECISION-TIME
69483a2132cfd5bfcdfd765f,fold_3,0,5906378,1,1,1,600,600,29.296875,29.296875,100,100,1,1,1,5906384,0,0.15491651205936921,0.15491651205936921,0.30983302411873836,True,correct,correct;high_confidence;temporal_regime,DECISION-TIME
3ae82963a7ddaf0c67cc5d3b,fold_3,0,5906579,1,1,1,100,100,29.296875,29.296875,100,100,1,1,1,5906590,0,0.15491651205936921,0.15491651205936921,0.30983302411873836,True,correct,correct;high_confidence;temporal_regime,DECISION-TIME
a2d588231034c943b3226555,fold_3,0,5906591,1,1,10,50,50,29.296875,29.296875,100,100,1,10,10,5906688,0,0.15491651205936921,0.15491651205936921,0.30983302411873836,True,correct,correct;high_confidence;temporal_regime,DECISION-TIME
e76ea231ea58c5cb020a22ac,fold_3,0,5906603,1,1,1,1000,1000,19.55078125,19.55078125,50,50,1,1,1,5906606,0,0.15491651205936921,0.15491651205936921,0.30983302411873836,True,correct,correct;high_confidence;temporal_regime,DECISION-TIME
f03a35afacb11462ded47c3c,fold_3,0,5906846,1,1,10,50,50,29.296875,29.296875,100,100,1,10,9,5907038.9000000004,0,0.15491651205936921,0.15491651205936921,0.30983302411873836,True,correct,correct;high_confidence;temporal_regime,DECISION-TIME
1f3da50e2d65ccdae050fb20,fold_3,0,5907737,1,1,1,600,600,29.296875,29.296875,100,100,1,1,1,5907748,0,0.15491651205936921,0.15491651205936921,0.30983302411873836,True,correct,correct;high_confidence;temporal_regime,DECISION-TIME
28c3bb276d6362160de2f7cd,fold_3,1,5907951,1,1,1,1800,1800,58.59375,58.59375,100,100,1,1,1,5907957,1,0.79462102689486558,0.79462102689486558,0.41075794621026884,True,correct,correct;high_confidence;temporal_regime,DECISION-TIME
2fd1bc09854b6668d4bed4dd,fold_3,0,5908806,1,1,1,600,600,29.296875,29.296875,25,25,1,1,1,5908810,0,0.15491651205936921,0.15491651205936921,0.30983302411873836,True,correct,correct;high_confidence;temporal_regime,DECISION-TIME
5cb0e6f3ca93dc6b16968ab3,fold_3,0,5909010,2,2,3,600,600,29.296875,29.296875,100,100,1,3,2,5909084,0,0.15491651205936921,0.15491651205936921,0.30983302411873836,True,correct,correct;high_confidence;temporal_regime,DECISION-TIME
79c057e7b32653e3274f9ff5,fold_3,0,5909657,2,2,80,400,700,4.8828125,4.8828125,20,20,1,81,65,5910145.2374999998,0,0.15491651205936921,0.15491651205936921,0.30983302411873836,True,correct,correct;high_confidence;temporal_regime,DECISION-TIME
aff15556decf2f58abd15959,fold_3,0,5909763,1,1,1,600,600,29.296875,29.296875,100,100,1,1,1,5909773,0,0.15491651205936921,0.15491651205936921,0.30983302411873836,True,correct,correct;high_confidence;temporal_regime,DECISION-TIME
0854a8c735e51df4ac021ba4,fold_3,1,5910159,1,1,1,600,600,29.296875,29.296875,25,25,1,1,1,5910162,0,0.15491651205936921,0.15491651205936921,0.30983302411873836,False,high_confidence_error,false_negative;high_confidence;temporal_regime,DECISION-TIME
d8474a85dcb175ee40d25e19,fold_3,0,5911040,1,1,1,600,600,29.296875,29.296875,10,10,1,1,1,5911043,0,0.15491651205936921,0.15491651205936921,0.30983302411873836,True,correct,correct;high_confidence;temporal_regime,DECISION-TIME
96d673aef869f93f52b116e6,fold_3,0,5911524,1,1,1,600,600,29.296875,29.296875,200,200,1,1,1,5911538,0,0.15491651205936921,0.15491651205936921,0.30983302411873836,True,correct,correct;high_confidence;temporal_regime,DECISION-TIME
6e350ae2c830a61c40b8c736,fold_3,0,5911624,1,1,1,600,600,29.296875,29.296875,100,100,1,1,1,5911637,0,0.15491651205936921,0.15491651205936921,0.30983302411873836,True,correct,correct;high_confidence;temporal_regime,DECISION-TIME
afc0a81fa928b01d03a27ddf,fold_3,0,5911704,1,1,1,200,200,0.99609375,0.99609375,,,0,1,1,5911707,0,0.092592592592592587,0.092592592592592587,0.18518518518518512,True,correct,correct;high_confidence;temporal_regime;feature_missingness,DECISION-TIME
1cfd9390b979c9725062fb96,fold_3,0,5911714,1,1,1,800,800,9.765625,9.765625,100,100,1,1,1,5911727,0,0.15491651205936921,0.15491651205936921,0.30983302411873836,True,correct,correct;high_confidence;temporal_regime,DECISION-TIME
3d534d9237ceec06accc411c,fold_3,0,5911998,2,2,101,450,800,10.76171875,19.55078125,,,0,101,101,5912006.0990099013,0,0.11538461538461539,0.11538461538461539,0.23076923076923084,True,correct,correct;high_confidence;temporal_regime;feature_missingness,DECISION-TIME
abd3cf34a5c4036b48909722,fold_3,0,5912360,1,1,1,1500,1500,9.765625,9.765625,100,100,1,1,1,5912368,0,0.15491651205936921,0.15491651205936921,0.30983302411873836,True,correct,correct;high_confidence;temporal_regime,DECISION-TIME
82785ae931c231906e83e10c,fold_3,0,5912383,1,1,1,800,800,9.765625,9.765625,100,100,1,1,1,5912389,0,0.15491651205936921,0.15491651205936921,0.30983302411873836,True,correct,correct;high_confidence;temporal_regime,DECISION-TIME
d0d2a5213b5e865a426e0dc3,fold_3,0,5914187,1,1,1,600,600,29.296875,29.296875,50,50,1,1,1,5914191,0,0.15491651205936921,0.15491651205936921,0.30983302411873836,True,correct,correct;high_confidence;temporal_regime,DECISION-TIME
53fbd5d599b3074115581013,fold_3,0,5914354,1,1,1,600,600,29.296875,29.296875,100,100,1,1,1,5914362,0,0.15491651205936921,0.15491651205936921,0.30983302411873836,True,correct,correct;high_confidence;temporal_regime,DECISION-TIME
55058f41b89cb829d053a254,fold_3,0,5915658,1,1,1,20,20,29.296875,29.296875,10,10,1,1,1,5915663,1,0.79462102689486558,0.79462102689486558,0.41075794621026884,False,high_confidence_error,false_positive;high_confidence;temporal_regime,DECISION-TIME
190db7adfe27fb2c9f9a2efa,fold_3,0,5916533,1,1,1,1800,1800,58.59375,58.59375,100,100,1,1,1,5917745,1,0.79462102689486558,0.79462102689486558,0.41075794621026884,False,high_confidence_error,false_positive;high_confidence;temporal_regime,DECISION-TIME
88668396db44689d36f2b4bb,fold_3,1,5916772,2,2,9,700,800,16.6015625,29.296875,100,100,1,39,34,6029051.5999999996,1,0.79462102689486558,0.79462102689486558,0.41075794621026884,True,correct,correct;high_confidence;temporal_regime,DECISION-TIME
b917e6f184cf89db82ff96c2,fold_3,0,5916793,2,2,51,500,600,19.53125,19.53125,50,50,1,51,33,5916805.3921568627,0,0.15491651205936921,0.15491651205936921,0.30983302411873836,True,correct,correct;high_confidence;temporal_regime,DECISION-TIME
a6b2f5bfd8cb2c9132b0c569,fold_3,0,5916923,1,1,1,600,600,29.296875,29.296875,50,50,1,1,1,5916935,0,0.15491651205936921,0.15491651205936921,0.30983302411873836,True,correct,correct;high_confidence;temporal_regime,DECISION-TIME
345bcbef882218b7d4caffc5,fold_3,0,5917699,1,1,1,1800,1800,58.59375,58.59375,100,100,1,1,1,5917706,1,0.79462102689486558,0.79462102689486558,0.41075794621026884,False,high_confidence_error,false_positive;high_confidence;temporal_regime,DECISION-TIME
5fd706bdf79180e73f872fd7,fold_3,0,5918579,1,1,1,600,600,29.296875,29.296875,100,100,1,1,1,5918588,0,0.15491651205936921,0.15491651205936921,0.30983302411873836,True,correct,correct;high_confidence;temporal_regime,DECISION-TIME
6951361cee49a23a3b6935bf,fold_3,0,5918783,1,1,20,600,600,9.765625,9.765625,100,100,1,20,16,5918789.4500000002,0,0.15491651205936921,0.15491651205936921,0.30983302411873836,True,correct,correct;high_confidence;temporal_regime,DECISION-TIME
3cebce6ca161049e46408339,fold_3,0,5919343,1,1,1,600,600,29.296875,29.296875,5,5,1,1,1,5919350,0,0.15491651205936921,0.15491651205936921,0.30983302411873836,True,correct,correct;high_confidence;temporal_regime,DECISION-TIME
b45fb26ede75f9a5fb22131b,fold_3,0,5920256,1,1,1,800,800,29.296875,29.296875,50,50,1,1,1,5920262,0,0.15491651205936921,0.15491651205936921,0.30983302411873836,True,correct,correct;high_confidence;temporal_regime,DECISION-TIME
b3972a7e291062b970a4a16c,fold_3,0,5922288,1,1,1,600,600,29.296875,29.296875,100,100,1,1,1,5922291,0,0.15491651205936921,0.15491651205936921,0.30983302411873836,True,correct,correct;high_confidence;temporal_regime,DECISION-TIME
333cac7a0c940a25d492758f,fold_3,0,5922654,1,1,1,600,600,29.296875,29.296875,100,100,1,1,1,5922657,0,0.15491651205936921,0.15491651205936921,0.30983302411873836,True,correct,correct;high_confidence;temporal_regime,DECISION-TIME
0506c4b78034065c11068fb7,fold_3,0,5922971,1,1,1,600,600,29.296875,29.296875,100,100,1,1,1,5922979,0,0.15491651205936921,0.15491651205936921,0.30983302411873836,True,correct,correct;high_confidence;temporal_regime,DECISION-TIME
169b4b0193f945f0c0a25e46,fold_3,0,5923169,1,1,1,1800,1800,58.59375,58.59375,100,100,1,1,1,5923179,1,0.79462102689486558,0.79462102689486558,0.41075794621026884,False,high_confidence_error,false_positive;high_confidence;temporal_regime,DECISION-TIME
59e54176d1ac93fc9da18923,fold_3,0,5924159,1,1,1,600,600,29.296875,29.296875,100,100,1,1,1,5924162,0,0.15491651205936921,0.15491651205936921,0.30983302411873836,True,correct,correct;high_confidence;temporal_regime,DECISION-TIME
d9ea4b450055102037a48f84,fold_3,0,5926597,1,1,10,50,50,29.296875,29.296875,100,100,1,10,8,5926600.2999999998,0,0.15491651205936921,0.15491651205936921,0.30983302411873836,True,correct,correct;high_confidence;temporal_regime,DECISION-TIME
f2c4e789f0e37f784db08bc0,fold_3,0,5926612,1,1,1,600,600,29.296875,29.296875,100,100,1,1,1,5926617,0,0.15491651205936921,0.15491651205936921,0.30983302411873836,True,correct,correct;high_confidence;temporal_regime,DECISION-TIME
d3512eff0c047dbe19d5ad92,fold_3,0,5927536,2,2,13,400,600,2,2,25,25,1,13,13,5927540.923076923,0,0.15384615384615385,0.15384615384615385,0.30769230769230771,True,correct,correct;high_confidence;temporal_regime,DECISION-TIME
7132277f0df7937d16dd2a69,fold_3,0,5929305,2,2,15,600,600,29.296875,39.0625,50,50,1,15,7,5929318.9333333336,0,0.15491651205936921,0.15491651205936921,0.30983302411873836,True,correct,correct;high_confidence;temporal_regime,DECISION-TIME
d4bb320ab411e7b169b3fa50,fold_3,1,5931442,1,1,4,9000,9000,300,300,800,800,1,1,1,5931445,1,0.79462102689486558,0.79462102689486558,0.41075794621026884,True,correct,correct;high_confidence;temporal_regime,DECISION-TIME
3cb3d90e15ff9b4fee4802f8,fold_3,1,5932993,1,1,1,100,100,29.296875,29.296875,100,100,1,1,1,5932999,0,0.15491651205936921,0.15491651205936921,0.30983302411873836,False,high_confidence_error,false_negative;high_confidence;temporal_regime,DECISION-TIME
35b17eb7354211453edb8b48,fold_3,0,5933247,1,1,1,100,100,29.296875,29.296875,10,10,1,1,1,5933261,1,0.79462102689486558,0.79462102689486558,0.41075794621026884,False,high_confidence_error,false_positive;high_confidence;temporal_regime,DECISION-TIME
8bf4c71c95c90b0dabaa1daa,fold_3,0,5933417,1,1,1,10,10,29.296875,29.296875,10,10,1,1,1,5933432,1,0.79462102689486558,0.79462102689486558,0.41075794621026884,False,high_confidence_error,false_positive;high_confidence;temporal_regime,DECISION-TIME
9d62a3273bad266a0b024499,fold_3,0,5933417,1,1,1,10,10,29.296875,29.296875,10,10,1,1,1,5933430,1,0.79462102689486558,0.79462102689486558,0.41075794621026884,False,high_confidence_error,false_positive;high_confidence;temporal_regime,DECISION-TIME
3d08f3a476a22e0996f9daf8,fold_3,0,5933799,1,1,1,600,600,29.296875,29.296875,10,10,1,1,1,5933811,0,0.15491651205936921,0.15491651205936921,0.30983302411873836,True,correct,correct;high_confidence;temporal_regime,DECISION-TIME
3a3a062181f0624287d79228,fold_3,0,5933807,1,1,1,600,600,29.296875,29.296875,10,10,1,1,1,5933811,0,0.15491651205936921,0.15491651205936921,0.30983302411873836,True,correct,correct;high_confidence;temporal_regime,DECISION-TIME
ae24b85070b1a5eeb8663227,fold_3,0,5934030,1,1,1,100,100,29.296875,29.296875,25,25,1,1,1,5934041,1,0.79462102689486558,0.79462102689486558,0.41075794621026884,False,high_confidence_error,false_positive;high_confidence;temporal_regime,DECISION-TIME
bcbd44c8749051ddba80a973,fold_3,0,5934394,1,1,1,600,600,29.296875,29.296875,100,100,1,1,1,5934397,0,0.15491651205936921,0.15491651205936921,0.30983302411873836,True,correct,correct;high_confidence;temporal_regime,DECISION-TIME
6e8ef1d7b75ee8c65d9f74fd,fold_3,0,5934460,2,2,2,600,600,29.296875,29.296875,25,25,1,2,2,5934468.5,0,0.15491651205936921,0.15491651205936921,0.30983302411873836,True,correct,correct;high_confidence;temporal_regime,DECISION-TIME
73ee80592e227f697a4bea92,fold_3,0,5934618,1,1,1,600,600,29.296875,29.296875,200,200,1,1,1,5934621,0,0.15491651205936921,0.15491651205936921,0.30983302411873836,True,correct,correct;high_confidence;temporal_regime,DECISION-TIME
a7f7cfb182f2eeb11dd09e20,fold_3,0,5934960,1,1,1,600,600,29.296875,29.296875,100,100,1,1,1,5934963,0,0.15491651205936921,0.15491651205936921,0.30983302411873836,True,correct,correct;high_confidence;temporal_regime,DECISION-TIME
03e40cbf17517734493271e7,fold_3,0,5937457,1,1,1,600,600,29.296875,29.296875,100,100,1,1,1,5937469,0,0.15491651205936921,0.15491651205936921,0.30983302411873836,True,correct,correct;high_confidence;temporal_regime,DECISION-TIME
1f228de15b5a949947693392,fold_3,0,5937488,1,1,1,1000,1000,19.53125,19.53125,200,200,1,1,1,5937499,0,0.15491651205936921,0.15491651205936921,0.30983302411873836,True,correct,correct;high_confidence;temporal_regime,DECISION-TIME
8ef9776ea9dc09b520b504ba,fold_3,0,5937503,1,1,8,1800,1800,58.59375,58.59375,100,100,1,8,8,5937509,1,0.79462102689486558,0.79462102689486558,0.41075794621026884,False,high_confidence_error,false_positive;high_confidence;temporal_regime,DECISION-TIME
5940f57dbdadb0d69f800619,fold_3,1,5937587,1,1,1,600,600,29.296875,29.296875,100,100,1,1,1,5937599,0,0.15491651205936921,0.15491651205936921,0.30983302411873836,False,high_confidence_error,false_negative;high_confidence;temporal_regime,DECISION-TIME
59b8642af839ca8bb5c5eaac,fold_3,0,5938545,2,2,2,302.5,600,29.296875,29.296875,100,100,1,2,2,5938597.5,0,0.15491651205936921,0.15491651205936921,0.30983302411873836,True,correct,correct;high_confidence;temporal_regime,DECISION-TIME
0fcb95a50ce5f06cae082224,fold_3,0,5939995,1,1,1,600,600,29.296875,29.296875,100,100,1,1,1,5940005,0,0.15491651205936921,0.15491651205936921,0.30983302411873836,True,correct,correct;high_confidence;temporal_regime,DECISION-TIME
73df71572dba21978d30cebc,fold_3,0,5940540,1,1,1,600,600,29.296875,29.296875,10,10,1,1,1,5940547,0,0.15491651205936921,0.15491651205936921,0.30983302411873836,True,correct,correct;high_confidence;temporal_regime,DECISION-TIME
8f012fddbbf4a11ef909b8c3,fold_3,0,5940559,1,1,1,600,600,29.296875,29.296875,10,10,1,1,1,5940566,0,0.15491651205936921,0.15491651205936921,0.30983302411873836,True,correct,correct;high_confidence;temporal_regime,DECISION-TIME
8e3671b958adac4dcc0334be,fold_3,0,5940562,1,1,1,600,600,29.296875,29.296875,10,10,1,1,1,5940567,0,0.15491651205936921,0.15491651205936921,0.30983302411873836,True,correct,correct;high_confidence;temporal_regime,DECISION-TIME
6315064d27603b1e2ff27656,fold_3,0,5940592,1,1,1,600,600,29.296875,29.296875,10,10,1,1,1,5940598,0,0.15491651205936921,0.15491651205936921,0.30983302411873836,True,correct,correct;high_confidence;temporal_regime,DECISION-TIME
a7f0595241b48f7d6b6cf496,fold_3,0,5940619,1,1,1,600,600,29.296875,29.296875,10,10,1,1,1,5940627,0,0.15491651205936921,0.15491651205936921,0.30983302411873836,True,correct,correct;high_confidence;temporal_regime,DECISION-TIME
24c208123c052fa8e0af27c9,fold_3,0,5940620,1,1,1,600,600,29.296875,29.296875,10,10,1,1,1,5940627,0,0.15491651205936921,0.15491651205936921,0.30983302411873836,True,correct,correct;high_confidence;temporal_regime,DECISION-TIME
001e3609ce6d426ff9a3a728,fold_3,0,5941334,1,1,1,600,600,29.296875,29.296875,100,100,1,1,1,5941342,0,0.15491651205936921,0.15491651205936921,0.30983302411873836,True,correct,correct;high_confidence;temporal_regime,DECISION-TIME
b54aa811f4682a7d44e0edbb,fold_3,1,5943398,1,1,1,600,600,29.296875,29.296875,100,100,1,1,1,5943443,0,0.15491651205936921,0.15491651205936921,0.30983302411873836,False,high_confidence_error,false_negative;high_confidence;temporal_regime,DECISION-TIME
a8461b7b877b959f31188f7b,fold_3,0,5943822,1,1,1,600,600,29.296875,29.296875,25,25,1,1,1,5943826,0,0.15491651205936921,0.15491651205936921,0.30983302411873836,True,correct,correct;high_confidence;temporal_regime,DECISION-TIME
0a5fece30b451cda1da1d06a,fold_3,0,5943975,1,1,1,600,600,29.296875,29.296875,50,50,1,1,1,5943987,0,0.15491651205936921,0.15491651205936921,0.30983302411873836,True,correct,correct;high_confidence;temporal_regime,DECISION-TIME
ee962ac3d24f1d3fcbabf113,fold_3,1,5944093,1,1,1,600,600,29.296875,29.296875,100,100,1,1,1,5944098,0,0.15491651205936921,0.15491651205936921,0.30983302411873836,False,high_confidence_error,false_negative;high_confidence;temporal_regime,DECISION-TIME
4ef7cbf0b8d1edda27011b70,fold_3,0,5944212,1,1,1,600,600,29.296875,29.296875,100,100,1,1,1,5944246,0,0.15491651205936921,0.15491651205936921,0.30983302411873836,True,correct,correct;high_confidence;temporal_regime,DECISION-TIME
222277c215bf96705c1caf27,fold_3,1,5944330,1,1,1,600,600,29.296875,29.296875,100,100,1,1,1,5944358,0,0.15491651205936921,0.15491651205936921,0.30983302411873836,False,high_confidence_error,false_negative;high_confidence;temporal_regime,DECISION-TIME
bec6d65e3cb5448c50054c9b,fold_3,1,5944669,1,1,1,600,600,29.296875,29.296875,100,100,1,1,1,5944828,0,0.15491651205936921,0.15491651205936921,0.30983302411873836,False,high_confidence_error,false_negative;high_confidence;temporal_regime,DECISION-TIME
a7278b9ab368ea48f073d992,fold_3,1,5944779,1,1,1,600,600,29.296875,29.296875,100,100,1,1,1,5944824,0,0.15491651205936921,0.15491651205936921,0.30983302411873836,False,high_confidence_error,false_negative;high_confidence;temporal_regime,DECISION-TIME
8585a189d9b2ba7d2c699889,fold_3,1,5945013,1,1,1,600,600,29.296875,29.296875,100,100,1,1,1,5945051,0,0.15491651205936921,0.15491651205936921,0.30983302411873836,False,high_confidence_error,false_negative;high_confidence;temporal_regime,DECISION-TIME
29ab187c31cbe45b9825b749,fold_3,1,5945124,1,1,1,600,600,29.296875,29.296875,100,100,1,1,1,5945162,0,0.15491651205936921,0.15491651205936921,0.30983302411873836,False,high_confidence_error,false_negative;high_confidence;temporal_regime,DECISION-TIME
47afeaa692818a140ea828e2,fold_3,1,5945346,1,1,1,600,600,29.296875,29.296875,100,100,1,1,1,5945353,0,0.15491651205936921,0.15491651205936921,0.30983302411873836,False,high_confidence_error,false_negative;high_confidence;temporal_regime,DECISION-TIME
1cb5ba761267b6c706e4c59d,fold_3,0,5947427,1,1,1,600,600,29.296875,29.296875,100,100,1,1,1,5947439,0,0.15491651205936921,0.15491651205936921,0.30983302411873836,True,correct,correct;high_confidence;temporal_regime,DECISION-TIME
04086d2e209f13f1651d48f9,fold_3,0,5947908,1,1,10,600,600,19.53125,19.53125,50,50,1,13,10,5948199,0,0.15491651205936921,0.15491651205936921,0.30983302411873836,True,correct,correct;high_confidence;temporal_regime,DECISION-TIME
5ccb27904edafbff3ec62ca9,fold_3,0,5948419,1,1,1,600,600,29.296875,29.296875,100,100,1,1,1,5948433,0,0.15491651205936921,0.15491651205936921,0.30983302411873836,True,correct,correct;high_confidence;temporal_regime,DECISION-TIME
315fb2363ce84fd5aea43b8b,fold_3,0,5949024,2,2,51,250,400,19.53125,19.53125,50,50,1,51,40,5949034.0588235296,0,0.15491651205936921,0.15491651205936921,0.30983302411873836,True,correct,correct;high_confidence;temporal_regime,DECISION-TIME
81b847401ddd6d53eb6e05a3,fold_3,0,5949550,2,2,7,600,600,29.296875,29.296875,100,100,1,7,6,5949555,0,0.15491651205936921,0.15491651205936921,0.30983302411873836,True,correct,correct;high_confidence;temporal_regime,DECISION-TIME
57691454a7457871dbf9ae34,fold_3,0,5950940,2,2,2,600,600,2.9296875,2.9296875,100,100,1,3,3,5951878,0,0.15384615384615385,0.15384615384615385,0.30769230769230771,True,correct,correct;high_confidence;temporal_regime,DECISION-TIME
75f0f953812e9647c106c54e,fold_3,0,5951227,1,1,1,20,20,29.296875,29.296875,5,5,1,1,1,5951240,1,0.79462102689486558,0.79462102689486558,0.41075794621026884,False,high_confidence_error,false_positive;high_confidence;temporal_regime,DECISION-TIME
677d0d2c8720019a8948ced9,fold_3,0,5951363,2,2,31,350,600,2,2,25,25,1,31,15,5953947.0322580645,0,0.092592592592592587,0.092592592592592587,0.18518518518518512,True,correct,correct;high_confidence;temporal_regime,DECISION-TIME
d37a68405bc5f1e35e87bfb3,fold_3,0,5951951,2,2,9,600,600,9.765625,9.765625,25,25,1,9,9,5951960.555555556,0,0.15491651205936921,0.15491651205936921,0.30983302411873836,True,correct,correct;high_confidence;temporal_regime,DECISION-TIME
96e2689b267c0b736744beb5,fold_3,1,5952201,1,1,1,600,600,29.296875,29.296875,25,25,1,1,1,5952214,0,0.15491651205936921,0.15491651205936921,0.30983302411873836,False,high_confidence_error,false_negative;high_confidence;temporal_regime,DECISION-TIME
f65df48748e82fc3b5f5ae95,fold_3,0,5952530,1,1,1,600,600,29.296875,29.296875,25,25,1,1,1,5952543,0,0.15491651205936921,0.15491651205936921,0.30983302411873836,True,correct,correct;high_confidence;temporal_regime,DECISION-TIME
4d2807fdb3cabd60db868a31,fold_3,0,5955464,2,2,28,350,600,2,2,25,25,1,28,10,5958405.2857142854,0,0.092592592592592587,0.092592592592592587,0.18518518518518512,True,correct,correct;high_confidence;temporal_regime,DECISION-TIME
f6e2fee68c8910a1a78eddc2,fold_3,0,5955625,1,1,1,600,600,29.296875,29.296875,100,100,1,1,1,5955630,0,0.15491651205936921,0.15491651205936921,0.30983302411873836,True,correct,correct;high_confidence;temporal_regime,DECISION-TIME
decf5922fbf3ed3c603927d4,fold_3,0,5956196,1,1,1,600,600,29.296875,29.296875,10,10,1,1,1,5956202,0,0.15491651205936921,0.15491651205936921,0.30983302411873836,True,correct,correct;high_confidence;temporal_regime,DECISION-TIME
dfc89b808bddede4b7d3f2af,fold_3,0,5956202,1,1,1,600,600,29.296875,29.296875,10,10,1,1,1,5956211,0,0.15491651205936921,0.15491651205936921,0.30983302411873836,True,correct,correct;high_confidence;temporal_regime,DECISION-TIME
9fcb33f4b43077fc907194d4,fold_3,0,5956205,1,1,1,600,600,29.296875,29.296875,10,10,1,1,1,5956212,0,0.15491651205936921,0.15491651205936921,0.30983302411873836,True,correct,correct;high_confidence;temporal_regime,DECISION-TIME
a8aca17b2a55b9855350788e,fold_3,0,5956227,1,1,1,600,600,29.296875,29.296875,10,10,1,1,1,5956232,0,0.15491651205936921,0.15491651205936921,0.30983302411873836,True,correct,correct;high_confidence;temporal_regime,DECISION-TIME
960e4d27dac32428f8c79d31,fold_3,0,5956257,1,1,1,600,600,29.296875,29.296875,10,10,1,1,1,5956263,0,0.15491651205936921,0.15491651205936921,0.30983302411873836,True,correct,correct;high_confidence;temporal_regime,DECISION-TIME
289636ed7267397fabadfa4b,fold_3,0,5956290,1,1,1,600,600,29.296875,29.296875,10,10,1,1,1,5956303,0,0.15491651205936921,0.15491651205936921,0.30983302411873836,True,correct,correct;high_confidence;temporal_regime,DECISION-TIME
d79b79c8671110c9d6e36627,fold_3,0,5956884,1,1,1,600,600,29.296875,29.296875,25,25,1,1,1,5956887,0,0.15491651205936921,0.15491651205936921,0.30983302411873836,True,correct,correct;high_confidence;temporal_regime,DECISION-TIME
1e146c30f6b3fd714bf59bca,fold_3,0,5957242,1,1,1,600,600,29.296875,29.296875,10,10,1,1,1,5957256,0,0.15491651205936921,0.15491651205936921,0.30983302411873836,True,correct,correct;high_confidence;temporal_regime,DECISION-TIME
b6ca4133a54858f5d2cc597c,fold_3,0,5957242,1,1,1,600,600,29.296875,29.296875,10,10,1,1,1,5957255,0,0.15491651205936921,0.15491651205936921,0.30983302411873836,True,correct,correct;high_confidence;temporal_regime,DECISION-TIME
31e023bc387367472c415a45,fold_3,0,5957285,1,1,1,600,600,29.296875,29.296875,50,50,1,1,1,5957295,0,0.15491651205936921,0.15491651205936921,0.30983302411873836,True,correct,correct;high_confidence;temporal_regime,DECISION-TIME
5e81f37a30e1e6473ae9dae5,fold_3,0,5957383,1,1,1,600,600,29.296875,29.296875,10,10,1,1,1,5957395,0,0.15491651205936921,0.15491651205936921,0.30983302411873836,True,correct,correct;high_confidence;temporal_regime,DECISION-TIME
967c929cd69af664c8b6296e,fold_3,0,5957679,2,2,2,600,600,29.296875,29.296875,100,100,1,2,1,5957690.5,0,0.15491651205936921,0.15491651205936921,0.30983302411873836,True,correct,correct;high_confidence;temporal_regime,DECISION-TIME
609f52126542c8e77048b442,fold_3,0,5958241,1,1,1,600,600,29.296875,29.296875,100,100,1,1,1,5958246,0,0.15491651205936921,0.15491651205936921,0.30983302411873836,True,correct,correct;high_confidence;temporal_regime,DECISION-TIME
ecf31983e8c204c0bd3583a7,fold_3,0,5958317,2,2,15,325,600,73.2421875,97.65625,25,25,1,15,10,5958324.8666666662,1,0.79462102689486558,0.79462102689486558,0.41075794621026884,False,high_confidence_error,false_positive;high_confidence;temporal_regime,DECISION-TIME
a5ff7cd0086af73313f95f9c,fold_3,0,5959205,1,1,1,4000,4000,46.875,46.875,50,50,1,1,1,5959210,0,0.15491651205936921,0.15491651205936921,0.30983302411873836,True,correct,correct;high_confidence;temporal_regime,DECISION-TIME
45ffbd69f679ab352b4aa34e,fold_3,0,5959428,1,1,1,600,600,29.296875,29.296875,100,100,1,1,1,5959440,0,0.15491651205936921,0.15491651205936921,0.30983302411873836,True,correct,correct;high_confidence;temporal_regime,DECISION-TIME
af6c2cbc3020a5e117d9df87,fold_3,0,5960323,1,1,1,600,600,29.296875,29.296875,100,100,1,1,1,5960333,0,0.15491651205936921,0.15491651205936921,0.30983302411873836,True,correct,correct;high_confidence;temporal_regime,DECISION-TIME
602436aaa8048e5a46a718c8,fold_3,0,5960364,1,1,1,600,600,29.296875,29.296875,100,100,1,1,1,5960376,0,0.15491651205936921,0.15491651205936921,0.30983302411873836,True,correct,correct;high_confidence;temporal_regime,DECISION-TIME
7f27f38f3ae301bc257b562d,fold_3,0,5961862,3,3,6,600,600,29.296875,29.296875,100,100,1,6,2,5961930.833333333,0,0.15491651205936921,0.15491651205936921,0.30983302411873836,True,correct,correct;high_confidence;temporal_regime,DECISION-TIME
d66e40448e4da49300a0dc36,fold_3,0,5961995,1,1,1,600,600,29.296875,29.296875,100,100,1,1,1,5962008,0,0.15491651205936921,0.15491651205936921,0.30983302411873836,True,correct,correct;high_confidence;temporal_regime,DECISION-TIME
11f933a93ed98bf30ebde47d,fold_3,0,5963641,1,1,1,600,600,29.296875,29.296875,100,100,1,1,1,5963650,0,0.15491651205936921,0.15491651205936921,0.30983302411873836,True,correct,correct;high_confidence;temporal_regime,DECISION-TIME
a44ebc6c234c2c1383704c73,fold_3,0,5966266,1,1,10,600,600,29.296875,29.296875,100,100,1,10,9,5966275.4000000004,0,0.15491651205936921,0.15491651205936921,0.30983302411873836,True,correct,correct;high_confidence;temporal_regime,DECISION-TIME
721e7526d03a1cbfd7562eb2,fold_3,0,5966392,2,2,25,400,600,17.578125,29.296875,20,20,1,25,22,5966403.2000000002,0,0.15491651205936921,0.15491651205936921,0.30983302411873836,True,correct,correct;high_confidence;temporal_regime,DECISION-TIME
a78af87d65d49a41e73d9776,fold_3,0,5966827,1,1,1,600,600,29.296875,29.296875,100,100,1,1,1,5966837,0,0.15491651205936921,0.15491651205936921,0.30983302411873836,True,correct,correct;high_confidence;temporal_regime,DECISION-TIME
bb516b2209aa7d57f4cfbb29,fold_3,0,5967016,1,1,1,600,600,29.296875,29.296875,100,100,1,2,2,5967953,0,0.15491651205936921,0.15491651205936921,0.30983302411873836,True,correct,correct;high_confidence;temporal_regime,DECISION-TIME
13abeb984b2a8badd237fbd0,fold_3,0,5967110,1,1,1,600,600,29.296875,29.296875,100,100,1,1,1,5967117,0,0.15491651205936921,0.15491651205936921,0.30983302411873836,True,correct,correct;high_confidence;temporal_regime,DECISION-TIME
9017e091dc46a91f1857ee19,fold_3,0,5967765,2,2,104,350,600,3,4,25,25,1,104,47,5967771.923076923,0,0.092592592592592587,0.092592592592592587,0.18518518518518512,True,correct,correct;high_confidence;temporal_regime,DECISION-TIME
0e499ab42c42ff7ed1cb918b,fold_3,1,5968914,1,1,1,600,600,29.296875,29.296875,25,25,1,1,1,5968917,0,0.15491651205936921,0.15491651205936921,0.30983302411873836,False,high_confidence_error,false_negative;high_confidence;temporal_regime,DECISION-TIME
a88d0e87b61b1aeb3df0272b,fold_3,0,5969266,2,2,6,600,600,29.296875,29.296875,100,100,1,6,6,5969272.5,0,0.15491651205936921,0.15491651205936921,0.30983302411873836,True,correct,correct;high_confidence;temporal_regime,DECISION-TIME
9d9cd2bdb600d601eddd0b70,fold_3,0,5969485,3,3,12,466.66666666666669,600,11.098958333333334,29.296875,25,25,1,12,8,5969490.166666667,0,0.15384615384615385,0.15384615384615385,0.30769230769230771,True,correct,correct;high_confidence;temporal_regime,DECISION-TIME
9b7733ec2f6b4e7f90e1f70f,fold_3,0,5969592,3,3,3,466.66666666666669,600,11.098958333333334,29.296875,25,25,1,3,3,5969596,0,0.15384615384615385,0.15384615384615385,0.30769230769230771,True,correct,correct;high_confidence;temporal_regime,DECISION-TIME
3d536276935130764ab9cad5,fold_3,0,5971149,1,1,1,100,100,29.296875,29.296875,100,100,1,1,1,5971160,0,0.15491651205936921,0.15491651205936921,0.30983302411873836,True,correct,correct;high_confidence;temporal_regime,DECISION-TIME
0b0509043681306a41a3cc9e,fold_3,1,5971265,1,1,1,100,100,29.296875,29.296875,100,100,1,1,1,5971270,0,0.15491651205936921,0.15491651205936921,0.30983302411873836,False,high_confidence_error,false_negative;high_confidence;temporal_regime,DECISION-TIME
fca0fa74a60e18775de46e55,fold_3,0,5971423,1,1,1,100,100,29.296875,29.296875,100,100,1,2,2,5972363,0,0.15491651205936921,0.15491651205936921,0.30983302411873836,True,correct,correct;high_confidence;temporal_regime,DECISION-TIME
e2e111f4468e01652ff640f2,fold_3,0,5972019,1,1,20,800,800,15.625,15.625,100,100,1,20,15,5972032.5,0,0.15491651205936921,0.15491651205936921,0.30983302411873836,True,correct,correct;high_confidence;temporal_regime,DECISION-TIME
3ad7a1a6f050df30c328d1e7,fold_3,0,5972237,1,1,1,100,100,29.296875,29.296875,100,100,1,1,1,5972243,0,0.15491651205936921,0.15491651205936921,0.30983302411873836,True,correct,correct;high_confidence;temporal_regime,DECISION-TIME
519d0fd82fc857861a016876,fold_3,0,5973412,1,1,1,600,600,29.296875,29.296875,25,25,1,1,1,5973426,0,0.15491651205936921,0.15491651205936921,0.30983302411873836,True,correct,correct;high_confidence;temporal_regime,DECISION-TIME
e7deb360f4c85d4626fb6584,fold_3,0,5973581,1,1,1,1000,1000,19.55078125,19.55078125,50,50,1,1,1,5973585,0,0.15491651205936921,0.15491651205936921,0.30983302411873836,True,correct,correct;high_confidence;temporal_regime,DECISION-TIME
13edf6456439cfb2cb31fb6f,fold_3,0,5973642,1,1,1,600,600,29.296875,29.296875,25,25,1,1,1,5973646,0,0.15491651205936921,0.15491651205936921,0.30983302411873836,True,correct,correct;high_confidence;temporal_regime,DECISION-TIME
b25b0cac761c242c60bda543,fold_3,0,5973827,2,2,46,650,1000,9.765625,9.765625,25,25,1,46,25,5974017.9130434785,0,0.11538461538461539,0.11538461538461539,0.23076923076923084,True,correct,correct;high_confidence;temporal_regime,DECISION-TIME
e42e96695e10cce586a2b3f0,fold_3,0,5973894,2,2,15,600,600,15.625,19.53125,25,25,1,15,12,5973904.2000000002,0,0.15491651205936921,0.15491651205936921,0.30983302411873836,True,correct,correct;high_confidence;temporal_regime,DECISION-TIME
584c38dac9ad3e644f92612a,fold_3,0,5974237,2,2,55,600,600,21.97265625,29.296875,20,20,1,67,61,5977966.3582089553,1,0.79462102689486558,0.79462102689486558,0.41075794621026884,False,high_confidence_error,false_positive;high_confidence;temporal_regime,DECISION-TIME
36e3f3ba37cff81c0d6319e2,fold_3,0,5974505,1,1,1,100,100,29.296875,29.296875,100,100,1,1,1,5974544,0,0.15491651205936921,0.15491651205936921,0.30983302411873836,True,correct,correct;high_confidence;temporal_regime,DECISION-TIME
4cf3d29a0e36cd3abb499674,fold_3,0,5975655,3,3,12,466.66666666666669,600,11.098958333333334,29.296875,25,25,1,12,7,5975659.916666667,0,0.15384615384615385,0.15384615384615385,0.30769230769230771,True,correct,correct;high_confidence;temporal_regime,DECISION-TIME
7c360bf0bac819e58459b86c,fold_3,0,5975716,1,1,1,100,100,29.296875,29.296875,100,100,1,1,1,5975727,0,0.15491651205936921,0.15491651205936921,0.30983302411873836,True,correct,correct;high_confidence;temporal_regime,DECISION-TIME
fa999b0f9ff3f60e4055c9d7,fold_3,0,5975906,2,2,250,600,600,29.296875,29.296875,5,5,1,287,172,5975993.1916376306,1,0.79462102689486558,0.79462102689486558,0.41075794621026884,False,high_confidence_error,false_positive;high_confidence;temporal_regime,DECISION-TIME
e8d723304af7b1f69bdee9a9,fold_3,0,5976033,1,1,1,600,600,29.296875,29.296875,50,50,1,1,1,5976042,0,0.15491651205936921,0.15491651205936921,0.30983302411873836,True,correct,correct;high_confidence;temporal_regime,DECISION-TIME
a4cc5bd0e8d5b94cce67893a,fold_3,0,5977967,1,1,1,600,600,29.296875,29.296875,100,100,1,1,1,5977977,0,0.15491651205936921,0.15491651205936921,0.30983302411873836,True,correct,correct;high_confidence;temporal_regime,DECISION-TIME
18d1f3e9d7ad481813beb971,fold_3,0,5977980,3,3,3,466.66666666666669,600,11.098958333333334,29.296875,25,25,1,3,3,5978022.666666667,0,0.15384615384615385,0.15384615384615385,0.30769230769230771,True,correct,correct;high_confidence;temporal_regime,DECISION-TIME
8bada0af9b44b73506836222,fold_3,0,5978001,1,1,1,1800,1800,58.59375,58.59375,100,100,1,1,1,5978005,1,0.79462102689486558,0.79462102689486558,0.41075794621026884,False,high_confidence_error,false_positive;high_confidence;temporal_regime,DECISION-TIME
3720ea155804289167d79fba,fold_3,0,5981783,1,1,1,100,100,29.296875,29.296875,100,100,1,1,1,5981790,0,0.15491651205936921,0.15491651205936921,0.30983302411873836,True,correct,correct;high_confidence;temporal_regime,DECISION-TIME
9ff28d0a4918162bb1f9b1b6,fold_3,0,5982014,1,1,1,600,600,29.296875,29.296875,100,100,1,1,1,5982060,0,0.15491651205936921,0.15491651205936921,0.30983302411873836,True,correct,correct;high_confidence;temporal_regime,DECISION-TIME
68e97e99ca20462411d7ba91,fold_3,0,5983252,2,2,25,550,600,31.73828125,39.0625,25,25,1,25,21,5983265.5199999996,0,0.15491651205936921,0.15491651205936921,0.30983302411873836,True,correct,correct;high_confidence;temporal_regime,DECISION-TIME
460d04243fe4d43f71d2cf11,fold_3,1,5983873,1,1,1,1200,1200,29.296875,29.296875,100,100,1,1,1,5983883,0,0.15491651205936921,0.15491651205936921,0.30983302411873836,False,high_confidence_error,false_negative;high_confidence;temporal_regime,DECISION-TIME
26bb735fba43e328cdd158b3,fold_3,0,5983874,1,1,1,600,600,29.296875,29.296875,100,100,1,1,1,5983887,0,0.15491651205936921,0.15491651205936921,0.30983302411873836,True,correct,correct;high_confidence;temporal_regime,DECISION-TIME
bf6fed02ff95eeeb97684eac,fold_3,1,5984016,1,1,1,1200,1200,29.296875,29.296875,100,100,1,1,1,5984022,0,0.15491651205936921,0.15491651205936921,0.30983302411873836,False,high_confidence_error,false_negative;high_confidence;temporal_regime,DECISION-TIME
6981335f989819401bc89d59,fold_3,0,5984401,2,2,2,250,400,2.9296875,4.8828125,100,100,1,3,3,5985337,0,0.15384615384615385,0.15384615384615385,0.30769230769230771,True,correct,correct;high_confidence;temporal_regime,DECISION-TIME
53bdb38a6570f508497c9061,fold_3,1,5984515,1,1,1,1200,1200,29.296875,29.296875,100,100,1,1,1,5984524,0,0.15491651205936921,0.15491651205936921,0.30983302411873836,False,high_confidence_error,false_negative;high_confidence;temporal_regime,DECISION-TIME
6fdc6d12820198baa902afc8,fold_3,1,5984539,1,1,1,1200,1200,29.296875,29.296875,100,100,1,1,1,5984545,0,0.15491651205936921,0.15491651205936921,0.30983302411873836,False,high_confidence_error,false_negative;high_confidence;temporal_regime,DECISION-TIME
79018ffde39eda9eed929fef,fold_3,1,5984700,1,1,1,1200,1200,29.296875,29.296875,100,100,1,1,1,5984705,0,0.15491651205936921,0.15491651205936921,0.30983302411873836,False,high_confidence_error,false_negative;high_confidence;temporal_regime,DECISION-TIME
d2cded130cbd3819b92f08c4,fold_3,0,5984734,1,1,1,600,600,29.296875,29.296875,25,25,1,1,1,5984746,0,0.15491651205936921,0.15491651205936921,0.30983302411873836,True,correct,correct;high_confidence;temporal_regime,DECISION-TIME
25ac9429280a232c252904da,fold_3,0,5985374,3,3,3,466.66666666666669,600,11.098958333333334,29.296875,25,25,1,3,3,5985378.666666667,0,0.15384615384615385,0.15384615384615385,0.30769230769230771,True,correct,correct;high_confidence;temporal_regime,DECISION-TIME
a097b25d95ed2852415413be,fold_3,0,5986005,1,1,1,200,200,3.92578125,3.92578125,,,0,1,1,5986105,0,0.11538461538461539,0.11538461538461539,0.23076923076923084,True,correct,correct;high_confidence;temporal_regime;feature_missingness,DECISION-TIME
1312683f8495f7dad0318cdf,fold_3,1,5986342,1,1,1,400,400,29.296875,29.296875,100,100,1,1,1,5986381,0,0.15491651205936921,0.15491651205936921,0.30983302411873836,False,high_confidence_error,false_negative;high_confidence;temporal_regime,DECISION-TIME
87febea0892db31284548792,fold_3,0,5986878,1,1,1,1000,1000,19.55078125,19.55078125,50,50,1,1,1,5986881,0,0.15491651205936921,0.15491651205936921,0.30983302411873836,True,correct,correct;high_confidence;temporal_regime,DECISION-TIME
d8c4dea78a41d360b298e7a0,fold_3,0,5987244,2,2,28,1350,2400,29.296875,39.0625,25,25,1,28,24,5987257.8214285718,0,0.018918347846819266,0.018918347846819266,0.037836695693638567,True,correct,correct;high_confidence;temporal_regime,DECISION-TIME
1c96bbab9c2df0f96092bb46,fold_3,0,5987961,2,2,36,600,600,32.2265625,58.59375,100,100,1,36,29,5987965.555555556,0,0.15491651205936921,0.15491651205936921,0.30983302411873836,True,correct,correct;high_confidence;temporal_regime,DECISION-TIME
b1ac3846a5bca331858412e2,fold_3,0,5988039,1,1,1,1600,1600,29.296875,29.296875,100,100,1,1,1,5988046,0,0.15491651205936921,0.15491651205936921,0.30983302411873836,True,correct,correct;high_confidence;temporal_regime,DECISION-TIME
35adba7e2f9d5d247d380144,fold_3,0,5988041,3,3,3,466.66666666666669,600,11.098958333333334,29.296875,25,25,1,3,3,5988046.333333333,0,0.15384615384615385,0.15384615384615385,0.30769230769230771,True,correct,correct;high_confidence;temporal_regime,DECISION-TIME
1d316157d564ac242c442c88,fold_3,1,5988371,1,1,1,600,600,29.296875,29.296875,50,50,1,1,1,5988376,0,0.15491651205936921,0.15491651205936921,0.30983302411873836,False,high_confidence_error,false_negative;high_confidence;temporal_regime,DECISION-TIME
e9f4763af2e4ed45c60f6a6f,fold_3,0,5988410,1,1,1,1600,1600,29.296875,29.296875,100,100,1,1,1,5988416,0,0.15491651205936921,0.15491651205936921,0.30983302411873836,True,correct,correct;high_confidence;temporal_regime,DECISION-TIME
67d53e6f5113bc5c0159aecb,fold_3,0,5989364,2,2,2,100,100,6.34765625,9.765625,50,50,1,2,2,5989373.5,0,0.15491651205936921,0.15491651205936921,0.30983302411873836,True,correct,correct;high_confidence;temporal_regime,DECISION-TIME
7d7ed4a2bab2e3fd913e6677,fold_3,1,5989387,2,2,5,600,600,29.296875,29.296875,100,100,1,39,36,5989565.3783783782,1,0.79462102689486558,0.79462102689486558,0.41075794621026884,True,correct,correct;high_confidence;temporal_regime,DECISION-TIME
ec9768bbcc82a3718b2c6363,fold_3,0,5989496,1,1,1,100,100,29.296875,29.296875,25,25,1,1,1,5989504,1,0.79462102689486558,0.79462102689486558,0.41075794621026884,False,high_confidence_error,false_positive;high_confidence;temporal_regime,DECISION-TIME
d859f9d69b88e912b1a04df5,fold_3,0,5989527,1,1,1,100,100,29.296875,29.296875,25,25,1,1,1,5989541,1,0.79462102689486558,0.79462102689486558,0.41075794621026884,False,high_confidence_error,false_positive;high_confidence;temporal_regime,DECISION-TIME
404596b12c471db28491bfb0,fold_3,1,5989769,1,1,1,1800,1800,58.59375,58.59375,100,100,1,1,1,5989781,1,0.79462102689486558,0.79462102689486558,0.41075794621026884,True,correct,correct;high_confidence;temporal_regime,DECISION-TIME
8a0e9d4760c25e4b9daac81b,fold_3,0,5989875,1,1,1,600,600,29.296875,29.296875,100,100,1,1,1,5989878,0,0.15491651205936921,0.15491651205936921,0.30983302411873836,True,correct,correct;high_confidence;temporal_regime,DECISION-TIME
857d45cdeeede4029ec718bd,fold_3,1,5989959,2,2,2,600,600,34.1796875,39.0625,10,10,1,2,2,5989967,0,0.15491651205936921,0.15491651205936921,0.30983302411873836,False,high_confidence_error,false_negative;high_confidence;temporal_regime,DECISION-TIME
df89f9857fec365bc1897cb3,fold_3,0,5990234,1,1,1,600,600,29.296875,29.296875,25,25,1,1,1,5990243,0,0.15491651205936921,0.15491651205936921,0.30983302411873836,True,correct,correct;high_confidence;temporal_regime,DECISION-TIME
249c5c52fd4806792e70e950,fold_3,1,5990236,1,1,1,600,600,29.296875,29.296875,100,100,1,1,1,5990239,0,0.15491651205936921,0.15491651205936921,0.30983302411873836,False,high_confidence_error,false_negative;high_confidence;temporal_regime,DECISION-TIME
aab99204b40fdc8a328da5ec,fold_3,0,5990342,2,2,5,600,600,29.296875,29.296875,100,100,1,5,3,5990381,0,0.15491651205936921,0.15491651205936921,0.30983302411873836,True,correct,correct;high_confidence;temporal_regime,DECISION-TIME
9f2fab1e1311df93e0b0b479,fold_3,0,5991637,2,2,11,350,500,4.8828125,4.8828125,50,50,1,11,6,5991649.1818181816,0,0.15384615384615385,0.15384615384615385,0.30769230769230771,True,correct,correct;high_confidence;temporal_regime,DECISION-TIME
aa351d28c1ba34c0901f4959,fold_3,1,5992159,1,1,1,100,100,9.765625,9.765625,100,100,1,1,1,5992162,0,0.15491651205936921,0.15491651205936921,0.30983302411873836,False,high_confidence_error,false_negative;high_confidence;temporal_regime,DECISION-TIME
bb870b8db888429f19a656a9,fold_3,0,5995225,1,1,1,1200,1200,29.296875,29.296875,100,100,1,1,1,5995242,0,0.15491651205936921,0.15491651205936921,0.30983302411873836,True,correct,correct;high_confidence;temporal_regime,DECISION-TIME
674b321988f42edb97ffea9f,fold_3,0,5995337,1,1,1,600,600,29.296875,29.296875,100,100,1,1,1,5995349,0,0.15491651205936921,0.15491651205936921,0.30983302411873836,True,correct,correct;high_confidence;temporal_regime,DECISION-TIME
311ceb8df2a5f3803b64707f,fold_3,1,5996050,1,1,1,600,600,29.296875,29.296875,100,100,1,1,1,5996053,0,0.15491651205936921,0.15491651205936921,0.30983302411873836,False,high_confidence_error,false_negative;high_confidence;temporal_regime,DECISION-TIME
1126a367d88512be47df556a,fold_3,0,5996223,2,2,5,600,600,29.296875,29.296875,100,100,1,5,5,5996232,0,0.15491651205936921,0.15491651205936921,0.30983302411873836,True,correct,correct;high_confidence;temporal_regime,DECISION-TIME
434cb9c0912e769f6f854fb2,fold_3,0,5996550,1,1,2,1000,1000,48.828125,48.828125,100,100,1,2,1,5996553,1,0.79462102689486558,0.79462102689486558,0.41075794621026884,False,high_confidence_error,false_positive;high_confidence;temporal_regime,DECISION-TIME
b57a682e6fd33d6e270ca154,fold_3,0,5997408,2,2,13,400,600,2,2,25,25,1,13,5,5997413.230769231,0,0.11538461538461539,0.11538461538461539,0.23076923076923084,True,correct,correct;high_confidence;temporal_regime,DECISION-TIME
6e043fce9c20f657e18f8367,fold_3,0,5997879,1,1,1,1800,1800,58.59375,58.59375,100,100,1,1,1,5997892,1,0.79462102689486558,0.79462102689486558,0.41075794621026884,False,high_confidence_error,false_positive;high_confidence;temporal_regime,DECISION-TIME
1cec37901f128e7a7657873a,fold_3,0,5998282,1,1,1,200,200,3.92578125,3.92578125,,,0,1,1,5998285,0,0.11538461538461539,0.11538461538461539,0.23076923076923084,True,correct,correct;high_confidence;temporal_regime;feature_missingness,DECISION-TIME
29d07c22c7c2dbf419a61285,fold_3,0,5998677,1,1,1,600,600,29.296875,29.296875,10,10,1,1,1,5998682,0,0.15491651205936921,0.15491651205936921,0.30983302411873836,True,correct,correct;high_confidence;temporal_regime,DECISION-TIME
1c34044b5a8d6795a9f0b30e,fold_3,0,5998685,1,1,1,600,600,29.296875,29.296875,10,10,1,1,1,5998692,0,0.15491651205936921,0.15491651205936921,0.30983302411873836,True,correct,correct;high_confidence;temporal_regime,DECISION-TIME
687f77fda86266000d5d50f5,fold_3,1,5998688,1,1,1,600,600,29.296875,29.296875,10,10,1,1,1,5998692,0,0.15491651205936921,0.15491651205936921,0.30983302411873836,False,high_confidence_error,false_negative;high_confidence;temporal_regime,DECISION-TIME
be5d0befc3177efe9c5421ac,fold_3,0,5998999,1,1,1,400,400,5.859375,5.859375,100,100,1,1,1,5999005,0,0.15491651205936921,0.15491651205936921,0.30983302411873836,True,correct,correct;high_confidence;temporal_regime,DECISION-TIME
1b422693514201c55b58a9d4,fold_3,0,5999178,1,1,1,600,600,29.296875,29.296875,50,50,1,1,1,5999184,0,0.15491651205936921,0.15491651205936921,0.30983302411873836,True,correct,correct;high_confidence;temporal_regime,DECISION-TIME
db8d25d373286161ac114569,fold_3,0,5999268,1,1,1,1200,1200,29.296875,29.296875,100,100,1,1,1,5999274,0,0.15491651205936921,0.15491651205936921,0.30983302411873836,True,correct,correct;high_confidence;temporal_regime,DECISION-TIME
05bbafc5e73e2134be3650b6,fold_3,0,5999339,1,1,1,1200,1200,29.296875,29.296875,100,100,1,1,1,5999385,0,0.15491651205936921,0.15491651205936921,0.30983302411873836,True,correct,correct;high_confidence;temporal_regime,DECISION-TIME
1823a4d57d729cbfe94fd742,fold_3,0,6000742,1,1,1,600,600,29.296875,29.296875,50,50,1,1,1,6000750,0,0.15491651205936921,0.15491651205936921,0.30983302411873836,True,correct,correct;high_confidence;temporal_regime,DECISION-TIME
5fe3427346c6d3df8bda90f7,fold_3,0,6002209,1,1,1,20,20,29.296875,29.296875,10,10,1,1,1,6002217,1,0.79462102689486558,0.79462102689486558,0.41075794621026884,False,high_confidence_error,false_positive;high_confidence;temporal_regime,DECISION-TIME
1710e9cea726b9bc8e5dc74f,fold_3,0,6002746,3,3,12,466.66666666666669,600,11.598958333333334,29.296875,25,25,1,12,7,6002859.083333333,0,0.15384615384615385,0.15384615384615385,0.30769230769230771,True,correct,correct;high_confidence;temporal_regime,DECISION-TIME
62e9fc4ac626da6571040344,fold_3,0,6003447,2,2,6,150,200,16.6484375,29.296875,100,100,1,6,2,6003460.666666667,0,0.15491651205936921,0.15491651205936921,0.30983302411873836,True,correct,correct;high_confidence;temporal_regime,DECISION-TIME
ea8fa77051b42647d0d05f90,fold_3,0,6004027,1,1,2,1800,1800,58.59375,58.59375,100,100,1,2,2,6004121,1,0.79462102689486558,0.79462102689486558,0.41075794621026884,False,high_confidence_error,false_positive;high_confidence;temporal_regime,DECISION-TIME
556f15e5e9d6f91cb0e34e02,fold_3,0,6004057,1,1,1,1800,1800,58.59375,58.59375,100,100,1,1,1,6004065,1,0.79462102689486558,0.79462102689486558,0.41075794621026884,False,high_confidence_error,false_positive;high_confidence;temporal_regime,DECISION-TIME
d47d440e8d7f902465e6f1c9,fold_3,0,6004095,1,1,1,1200,1200,29.296875,29.296875,100,100,1,1,1,6004105,0,0.15491651205936921,0.15491651205936921,0.30983302411873836,True,correct,correct;high_confidence;temporal_regime,DECISION-TIME
9f68fe88d88cead954ab77ed,fold_3,0,6004143,1,1,1,1200,1200,29.296875,29.296875,100,100,1,1,1,6004160,0,0.15491651205936921,0.15491651205936921,0.30983302411873836,True,correct,correct;high_confidence;temporal_regime,DECISION-TIME
e738dfbbb9db802667bf7a8f,fold_3,0,6004358,1,1,10,600,600,19.53125,19.53125,50,50,1,10,8,6004367.5999999996,0,0.15491651205936921,0.15491651205936921,0.30983302411873836,True,correct,correct;high_confidence;temporal_regime,DECISION-TIME
b919afcb2417b63c2f81c786,fold_3,0,6004704,1,1,1,1800,1800,58.59375,58.59375,100,100,1,1,1,6004710,1,0.79462102689486558,0.79462102689486558,0.41075794621026884,False,high_confidence_error,false_positive;high_confidence;temporal_regime,DECISION-TIME
a5e4fc1b5f9fcd69a5d088bc,fold_3,0,6005033,1,1,1,600,600,29.296875,29.296875,100,100,1,1,1,6005041,0,0.15491651205936921,0.15491651205936921,0.30983302411873836,True,correct,correct;high_confidence;temporal_regime,DECISION-TIME
444a6612eb2d9cc6e5ac95f3,fold_3,0,6005688,1,1,1,600,600,29.296875,29.296875,100,100,1,1,1,6005803,0,0.15491651205936921,0.15491651205936921,0.30983302411873836,True,correct,correct;high_confidence;temporal_regime,DECISION-TIME
3d98bd344cd4d1681385c2e8,fold_3,0,6005695,1,1,1,600,600,29.296875,29.296875,100,100,1,1,1,6005841,0,0.15491651205936921,0.15491651205936921,0.30983302411873836,True,correct,correct;high_confidence;temporal_regime,DECISION-TIME
3898b4178e13d7163fae500c,fold_3,1,6006005,1,1,1,600,600,29.296875,29.296875,100,100,1,1,1,6006016,0,0.15491651205936921,0.15491651205936921,0.30983302411873836,False,high_confidence_error,false_negative;high_confidence;temporal_regime,DECISION-TIME
9166b64c9efa59c0d5de9bc7,fold_3,0,6006300,1,1,1,600,600,29.296875,29.296875,100,100,1,1,1,6006395,0,0.15491651205936921,0.15491651205936921,0.30983302411873836,True,correct,correct;high_confidence;temporal_regime,DECISION-TIME
50e33de4f31b3557df3d759f,fold_3,0,6006602,1,1,1,600,600,29.296875,29.296875,100,100,1,1,1,6006714,0,0.15491651205936921,0.15491651205936921,0.30983302411873836,True,correct,correct;high_confidence;temporal_regime,DECISION-TIME
171fd17ad67a74680fa0c213,fold_3,0,6006797,1,1,1,800,800,19.53125,19.53125,25,25,1,1,1,6006809,0,0.15491651205936921,0.15491651205936921,0.30983302411873836,True,correct,correct;high_confidence;temporal_regime,DECISION-TIME
dbfded9ab28dfe06fdab8072,fold_3,0,6008100,1,1,1,600,600,29.296875,29.296875,100,100,1,1,1,6008106,0,0.15491651205936921,0.15491651205936921,0.30983302411873836,True,correct,correct;high_confidence;temporal_regime,DECISION-TIME
8dc50751f8246d4171636577,fold_3,1,6008825,1,1,1,1800,1800,58.59375,58.59375,100,100,1,1,1,6008838,1,0.79462102689486558,0.79462102689486558,0.41075794621026884,True,correct,correct;high_confidence;temporal_regime,DECISION-TIME
c8d7c417435747090c51adb4,fold_3,0,6009043,1,1,1,600,600,29.296875,29.296875,100,100,1,1,1,6009078,0,0.15491651205936921,0.15491651205936921,0.30983302411873836,True,correct,correct;high_confidence;temporal_regime,DECISION-TIME
927ace3d577661949884ca0f,fold_3,0,6009250,1,1,2,9000,9000,300,300,800,800,1,2,2,6009260,1,0.82303778009852424,0.82303778009852424,0.35392443980295152,False,high_confidence_error,false_positive;high_confidence;temporal_regime,DECISION-TIME
f7b77c1bf4e8a87b5ca99e15,fold_3,0,6010405,2,2,5,600,600,29.296875,29.296875,100,100,1,5,4,6010418.7999999998,0,0.15491651205936921,0.15491651205936921,0.30983302411873836,True,correct,correct;high_confidence;temporal_regime,DECISION-TIME
4c1ebcb345306a5e3cb98949,fold_3,1,6011031,1,1,1,600,600,29.296875,29.296875,100,100,1,1,1,6011038,0,0.15491651205936921,0.15491651205936921,0.30983302411873836,False,high_confidence_error,false_negative;high_confidence;temporal_regime,DECISION-TIME
2a1479785da24045e5709f4f,fold_3,1,6011047,1,1,1,600,600,29.296875,29.296875,100,100,1,1,1,6011058,0,0.15491651205936921,0.15491651205936921,0.30983302411873836,False,high_confidence_error,false_negative;high_confidence;temporal_regime,DECISION-TIME
499fc5444627242428a0e91b,fold_3,1,6011047,1,1,1,600,600,29.296875,29.296875,100,100,1,1,1,6011058,0,0.15491651205936921,0.15491651205936921,0.30983302411873836,False,high_confidence_error,false_negative;high_confidence;temporal_regime,DECISION-TIME
d94bb52db52041e96c3283a1,fold_3,1,6011421,1,1,1,600,600,29.296875,29.296875,100,100,1,1,1,6011431,0,0.15491651205936921,0.15491651205936921,0.30983302411873836,False,high_confidence_error,false_negative;high_confidence;temporal_regime,DECISION-TIME
ab720909dceaa9f777467a43,fold_3,0,6012060,1,1,1,600,600,29.296875,29.296875,5,5,1,1,1,6012072,0,0.15491651205936921,0.15491651205936921,0.30983302411873836,True,correct,correct;high_confidence;temporal_regime,DECISION-TIME
027f0d0281c7438fe2670302,fold_3,1,6012928,1,1,1,600,600,29.296875,29.296875,100,100,1,1,1,6012937,0,0.15491651205936921,0.15491651205936921,0.30983302411873836,False,high_confidence_error,false_negative;high_confidence;temporal_regime,DECISION-TIME
57f6e4cda43f135f5b907886,fold_3,0,6013355,1,1,1,800,800,19.53125,19.53125,25,25,1,1,1,6013370,0,0.15491651205936921,0.15491651205936921,0.30983302411873836,True,correct,correct;high_confidence;temporal_regime,DECISION-TIME
0c457de81e43b1aaa1388b28,fold_3,0,6013357,1,1,1,800,800,19.53125,19.53125,25,25,1,1,1,6013368,0,0.15491651205936921,0.15491651205936921,0.30983302411873836,True,correct,correct;high_confidence;temporal_regime,DECISION-TIME
cbb5fc7bfef2ee9062fc44e7,fold_3,1,6013666,1,1,1,600,600,29.296875,29.296875,100,100,1,1,1,6013679,0,0.15491651205936921,0.15491651205936921,0.30983302411873836,False,high_confidence_error,false_negative;high_confidence;temporal_regime,DECISION-TIME
2dd45e2ef94cb7bb563d1e84,fold_3,0,6014219,1,1,1,600,600,29.296875,29.296875,100,100,1,1,1,6014232,0,0.15491651205936921,0.15491651205936921,0.30983302411873836,True,correct,correct;high_confidence;temporal_regime,DECISION-TIME
c074ddf98daf5e96aa5bc4ee,fold_3,1,6014448,1,1,1,600,600,29.296875,29.296875,100,100,1,1,1,6014453,0,0.15491651205936921,0.15491651205936921,0.30983302411873836,False,high_confidence_error,false_negative;high_confidence;temporal_regime,DECISION-TIME
a3b56b3f5123458a75a24716,fold_3,1,6014455,1,1,1,600,600,29.296875,29.296875,100,100,1,1,1,6014463,0,0.15491651205936921,0.15491651205936921,0.30983302411873836,False,high_confidence_error,false_negative;high_confidence;temporal_regime,DECISION-TIME
31a940cbbc1cf521883084c1,fold_3,0,6015668,1,1,32,1500,1500,48.828125,48.828125,25,25,1,32,15,6015672.03125,1,0.79462102689486558,0.79462102689486558,0.41075794621026884,False,high_confidence_error,false_positive;high_confidence;temporal_regime,DECISION-TIME
c6d41d3f1b98c80eddffef8a,fold_3,0,6016421,1,1,1,800,800,19.53125,19.53125,25,25,1,1,1,6016430,0,0.15491651205936921,0.15491651205936921,0.30983302411873836,True,correct,correct;high_confidence;temporal_regime,DECISION-TIME
c22693a1733a0cb29fb85906,fold_3,1,6017400,1,1,1,600,600,29.296875,29.296875,100,100,1,1,1,6017404,0,0.15491651205936921,0.15491651205936921,0.30983302411873836,False,high_confidence_error,false_negative;high_confidence;temporal_regime,DECISION-TIME
36bb25072b033100299b5906,fold_3,0,6017476,1,1,1,600,600,29.296875,29.296875,25,25,1,1,1,6017486,0,0.15491651205936921,0.15491651205936921,0.30983302411873836,True,correct,correct;high_confidence;temporal_regime,DECISION-TIME
ff9382e2416365c3d10c04aa,fold_3,0,6017543,1,1,1,600,600,29.296875,29.296875,100,100,1,1,1,6017555,0,0.15491651205936921,0.15491651205936921,0.30983302411873836,True,correct,correct;high_confidence;temporal_regime,DECISION-TIME
632eafb554d3816cc234421f,fold_3,0,6018476,1,1,1,600,600,29.296875,29.296875,50,50,1,1,1,6018479,0,0.15491651205936921,0.15491651205936921,0.30983302411873836,True,correct,correct;high_confidence;temporal_regime,DECISION-TIME
5155a9edd3b58c74b555d7fc,fold_3,1,6018507,1,1,1,600,600,29.296875,29.296875,100,100,1,1,1,6018520,0,0.15491651205936921,0.15491651205936921,0.30983302411873836,False,high_confidence_error,false_negative;high_confidence;temporal_regime,DECISION-TIME
c5126dd49d7216d1cc609b60,fold_3,0,6019548,1,1,1,600,600,29.296875,29.296875,200,200,1,1,1,6019552,0,0.15491651205936921,0.15491651205936921,0.30983302411873836,True,correct,correct;high_confidence;temporal_regime,DECISION-TIME
796fae691d32d6d66a4b752d,fold_3,0,6019645,1,1,1,100,100,29.296875,29.296875,10,10,1,1,1,6019655,1,0.79462102689486558,0.79462102689486558,0.41075794621026884,False,high_confidence_error,false_positive;high_confidence;temporal_regime,DECISION-TIME
6559969a4b0752aa02f9412f,fold_3,0,6019709,1,1,1,800,800,31.26953125,31.26953125,,,0,1,1,6019712,0,0.15491651205936921,0.15491651205936921,0.30983302411873836,True,correct,correct;high_confidence;temporal_regime;feature_missingness,DECISION-TIME
6c79574ef0f331e16b2cb366,fold_3,0,6019762,1,1,1,1800,1800,58.59375,58.59375,100,100,1,1,1,6020469,1,0.79462102689486558,0.79462102689486558,0.41075794621026884,False,high_confidence_error,false_positive;high_confidence;temporal_regime,DECISION-TIME
b9f19673147d38fa391d87da,fold_3,0,6020158,1,1,1,600,600,29.296875,29.296875,100,100,1,1,1,6020283,0,0.15491651205936921,0.15491651205936921,0.30983302411873836,True,correct,correct;high_confidence;temporal_regime,DECISION-TIME
09aeaa57c8c20d33111b93db,fold_3,0,6020183,1,1,1,600,600,29.296875,29.296875,25,25,1,1,1,6020218,0,0.15491651205936921,0.15491651205936921,0.30983302411873836,True,correct,correct;high_confidence;temporal_regime,DECISION-TIME
d084c554f1f5275353832f10,fold_3,0,6020200,1,1,1,600,600,29.296875,29.296875,25,25,1,1,1,6020311,0,0.15491651205936921,0.15491651205936921,0.30983302411873836,True,correct,correct;high_confidence;temporal_regime,DECISION-TIME
bee02db10ced16554f67b934,fold_3,0,6020264,1,1,1,600,600,29.296875,29.296875,100,100,1,1,1,6020367,0,0.15491651205936921,0.15491651205936921,0.30983302411873836,True,correct,correct;high_confidence;temporal_regime,DECISION-TIME
470e22663e357fe955ec8a8f,fold_3,0,6020305,2,2,80,550,600,20.01953125,24.4140625,100,100,1,107,89,6021157.6938775508,1,0.79462102689486558,0.79462102689486558,0.41075794621026884,False,high_confidence_error,false_positive;high_confidence;temporal_regime,DECISION-TIME
be357558a2c7fce6c554bd7c,fold_3,0,6020325,1,1,1,1800,1800,58.59375,58.59375,100,100,1,1,1,6020329,1,0.79462102689486558,0.79462102689486558,0.41075794621026884,False,high_confidence_error,false_positive;high_confidence;temporal_regime,DECISION-TIME
f01926a43e824ea6104c9a4c,fold_3,0,6020482,1,1,1,100,100,29.296875,29.296875,25,25,1,1,1,6020850,1,0.79462102689486558,0.79462102689486558,0.41075794621026884,False,high_confidence_error,false_positive;high_confidence;temporal_regime,DECISION-TIME
1b886336873e2d52690fbfbe,fold_3,0,6020493,1,1,1,100,100,29.296875,29.296875,25,25,1,1,1,6020876,1,0.79462102689486558,0.79462102689486558,0.41075794621026884,False,high_confidence_error,false_positive;high_confidence;temporal_regime,DECISION-TIME
4b976e57d6f6eee0d123e5ba,fold_3,0,6020569,1,1,1,100,100,29.296875,29.296875,25,25,1,1,1,6021032,1,0.79462102689486558,0.79462102689486558,0.41075794621026884,False,high_confidence_error,false_positive;high_confidence;temporal_regime,DECISION-TIME
6500af2e2c7853aec2c90b5d,fold_3,0,6020646,1,1,1,1800,1800,58.59375,58.59375,100,100,1,1,1,6020655,1,0.79462102689486558,0.79462102689486558,0.41075794621026884,False,high_confidence_error,false_positive;high_confidence;temporal_regime,DECISION-TIME
fda5abe8301902c6307bac3d,fold_3,0,6020691,1,1,1,100,100,29.296875,29.296875,25,25,1,1,1,6021388,1,0.79462102689486558,0.79462102689486558,0.41075794621026884,False,high_confidence_error,false_positive;high_confidence;temporal_regime,DECISION-TIME
1746f3b8c280d073bb882caf,fold_3,0,6020734,1,1,1,600,600,29.296875,29.296875,25,25,1,1,1,6020743,0,0.15491651205936921,0.15491651205936921,0.30983302411873836,True,correct,correct;high_confidence;temporal_regime,DECISION-TIME
82b80804417e82408a31ff44,fold_3,1,6020771,2,2,25,600,600,29.296875,29.296875,25,25,1,25,19,6020775.5,0,0.15491651205936921,0.15491651205936921,0.30983302411873836,False,high_confidence_error,false_negative;high_confidence;temporal_regime,DECISION-TIME
6266173b2ed8b55977d84eff,fold_3,0,6020809,1,1,1,600,600,29.296875,29.296875,50,50,1,1,1,6020814,0,0.15491651205936921,0.15491651205936921,0.30983302411873836,True,correct,correct;high_confidence;temporal_regime,DECISION-TIME
bec33a2fd2fbf57c4b6122e6,fold_3,0,6021264,1,1,1,600,600,29.296875,29.296875,100,100,1,1,1,6021272,0,0.15491651205936921,0.15491651205936921,0.30983302411873836,True,correct,correct;high_confidence;temporal_regime,DECISION-TIME
d687b2688cc2f7d21bc6f3bc,fold_3,0,6021343,1,1,1,600,600,29.296875,29.296875,100,100,1,1,1,6021346,0,0.15491651205936921,0.15491651205936921,0.30983302411873836,True,correct,correct;high_confidence;temporal_regime,DECISION-TIME
6e25a44a8e156df35fcc5318,fold_3,0,6021643,1,1,1,600,600,29.296875,29.296875,100,100,1,1,1,6021809,0,0.15491651205936921,0.15491651205936921,0.30983302411873836,True,correct,correct;high_confidence;temporal_regime,DECISION-TIME
c69131b7a53efb0015160bca,fold_3,1,6021709,1,1,1,600,600,29.296875,29.296875,100,100,1,1,1,6021899,0,0.15491651205936921,0.15491651205936921,0.30983302411873836,False,high_confidence_error,false_negative;high_confidence;temporal_regime,DECISION-TIME
ea69e3508f7095ca076ad428,fold_3,0,6022238,1,1,1,100,100,29.296875,29.296875,25,25,1,1,1,6023790,1,0.79462102689486558,0.79462102689486558,0.41075794621026884,False,high_confidence_error,false_positive;high_confidence;temporal_regime,DECISION-TIME
7feeb001fe21701ce3cb9e38,fold_3,0,6023871,1,1,1,600,600,29.296875,29.296875,50,50,1,1,1,6023878,0,0.15491651205936921,0.15491651205936921,0.30983302411873836,True,correct,correct;high_confidence;temporal_regime,DECISION-TIME
69a0d0724bf3ccdbcf5cfceb,fold_3,0,6023955,1,1,1,600,600,29.296875,29.296875,25,25,1,1,1,6024209,0,0.15491651205936921,0.15491651205936921,0.30983302411873836,True,correct,correct;high_confidence;temporal_regime,DECISION-TIME
4b3f9d9dcafedd3b4a4886a5,fold_3,0,6024660,1,1,1,1800,1800,58.59375,58.59375,100,100,1,1,1,6024673,1,0.79462102689486558,0.79462102689486558,0.41075794621026884,False,high_confidence_error,false_positive;high_confidence;temporal_regime,DECISION-TIME
127c25f6f013b17bc9d35219,fold_3,0,6024916,1,1,1,600,600,29.296875,29.296875,100,100,1,1,1,6026728,0,0.15491651205936921,0.15491651205936921,0.30983302411873836,True,correct,correct;high_confidence;temporal_regime,DECISION-TIME
41c69fda8e499d4dd806364f,fold_3,0,6024927,1,1,1,600,600,29.296875,29.296875,100,100,1,1,1,6026852,0,0.15491651205936921,0.15491651205936921,0.30983302411873836,True,correct,correct;high_confidence;temporal_regime,DECISION-TIME
e19ec7c8f124a824ec1f153a,fold_3,0,6024956,1,1,1,600,600,29.296875,29.296875,100,100,1,1,1,6028168,0,0.15491651205936921,0.15491651205936921,0.30983302411873836,True,correct,correct;high_confidence;temporal_regime,DECISION-TIME
4cb97805fe06044fc7b399ba,fold_3,0,6025246,1,1,1,600,600,29.296875,29.296875,100,100,1,1,1,6025259,0,0.15491651205936921,0.15491651205936921,0.30983302411873836,True,correct,correct;high_confidence;temporal_regime,DECISION-TIME
add52168329b5d8f3a260a85,fold_3,0,6025629,1,1,1,600,600,29.296875,29.296875,25,25,1,1,1,6025634,0,0.15491651205936921,0.15491651205936921,0.30983302411873836,True,correct,correct;high_confidence;temporal_regime,DECISION-TIME
13afa5e73f709d50f206c56d,fold_3,0,6025688,1,1,1,600,600,29.296875,29.296875,100,100,1,1,1,6031766,0,0.15491651205936921,0.15491651205936921,0.30983302411873836,True,correct,correct;high_confidence;temporal_regime,DECISION-TIME
5e71c07012d16c1164035bc4,fold_3,0,6025971,2,2,55,400,600,29.296875,29.296875,25,25,1,55,36,6025978.3272727272,0,0.15491651205936921,0.15491651205936921,0.30983302411873836,True,correct,correct;high_confidence;temporal_regime,DECISION-TIME
6c45f8e7fac064631b471645,fold_3,0,6027419,1,1,1,600,600,29.296875,29.296875,10,10,1,1,1,6034440,0,0.15491651205936921,0.15491651205936921,0.30983302411873836,True,correct,correct;high_confidence;temporal_regime,DECISION-TIME
b6bee5797d57cdfc80181099,fold_3,0,6028369,1,1,1,20,20,29.296875,29.296875,10,10,1,1,1,6038043,1,0.79462102689486558,0.79462102689486558,0.41075794621026884,False,high_confidence_error,false_positive;high_confidence;temporal_regime,DECISION-TIME
9ee16e0c8d08297775e71b45,fold_3,0,6028419,1,1,1,20,20,29.296875,29.296875,10,10,1,1,1,6038084,1,0.79462102689486558,0.79462102689486558,0.41075794621026884,False,high_confidence_error,false_positive;high_confidence;temporal_regime,DECISION-TIME
2d746d7b95d19bf154f5f912,fold_3,0,6028425,1,1,1,20,20,29.296875,29.296875,10,10,1,1,1,6038105,1,0.79462102689486558,0.79462102689486558,0.41075794621026884,False,high_confidence_error,false_positive;high_confidence;temporal_regime,DECISION-TIME
78e13808bbc995bc74d1dc32,fold_3,0,6028813,1,1,1,800,800,29.296875,29.296875,50,50,1,1,1,6028822,0,0.15491651205936921,0.15491651205936921,0.30983302411873836,True,correct,correct;high_confidence;temporal_regime,DECISION-TIME
0c9043de798692758306d786,fold_3,0,6030086,1,1,1,600,600,29.296875,29.296875,50,50,1,1,1,6030089,0,0.15491651205936921,0.15491651205936921,0.30983302411873836,True,correct,correct;high_confidence;temporal_regime,DECISION-TIME
829b20a7492f767c06c8440a,fold_3,0,6035861,1,1,1,20,20,29.296875,29.296875,5,5,1,1,1,6038803,1,0.79462102689486558,0.79462102689486558,0.41075794621026884,False,high_confidence_error,false_positive;high_confidence;temporal_regime,DECISION-TIME
91dc74138ac07bd1e2511f15,fold_3,0,6035875,1,1,1,20,20,29.296875,29.296875,5,5,1,1,1,6038846,1,0.79462102689486558,0.79462102689486558,0.41075794621026884,False,high_confidence_error,false_positive;high_confidence;temporal_regime,DECISION-TIME
b7c984ef4ddd747ae0281955,fold_3,0,6036008,1,1,1,20,20,29.296875,29.296875,5,5,1,1,1,6039088,1,0.79462102689486558,0.79462102689486558,0.41075794621026884,False,high_confidence_error,false_positive;high_confidence;temporal_regime,DECISION-TIME
d40f66d5a7a34020e79911d0,fold_3,0,6036065,1,1,1,20,20,29.296875,29.296875,5,5,1,1,1,6039303,1,0.79462102689486558,0.79462102689486558,0.41075794621026884,False,high_confidence_error,false_positive;high_confidence;temporal_regime,DECISION-TIME
d58caf4e0b0c3627cadac8db,fold_3,0,6036220,1,1,1,20,20,29.296875,29.296875,5,5,1,1,1,6039500,1,0.79462102689486558,0.79462102689486558,0.41075794621026884,False,high_confidence_error,false_positive;high_confidence;temporal_regime,DECISION-TIME
6a889c55000ecd129f8eab57,fold_3,0,6036398,1,1,1,600,600,29.296875,29.296875,100,100,1,1,1,6036404,0,0.15491651205936921,0.15491651205936921,0.30983302411873836,True,correct,correct;high_confidence;temporal_regime,DECISION-TIME
544e7c43107f69f988fc8c18,fold_3,0,6037453,2,2,2,250,400,2.9296875,4.8828125,100,100,1,4,4,6039319.5,0,0.15458726696426031,0.15458726696426031,0.30917453392852057,True,correct,correct;high_confidence;temporal_regime,DECISION-TIME
6adf9275af5ea0af1120f04e,fold_3,0,6037957,1,1,1,600,600,29.296875,29.296875,100,100,1,1,1,6037967,0,0.15491651205936921,0.15491651205936921,0.30983302411873836,True,correct,correct;high_confidence;temporal_regime,DECISION-TIME
b44cd277d0c752c754e9b433,fold_3,0,6038146,1,1,1,600,600,29.296875,29.296875,100,100,1,1,1,6038149,0,0.15491651205936921,0.15491651205936921,0.30983302411873836,True,correct,correct;high_confidence;temporal_regime,DECISION-TIME
2548ab71a44e0f7580785cd7,fold_3,0,6038429,1,1,1,20,20,29.296875,29.296875,10,10,1,1,1,6040533,1,0.79462102689486558,0.79462102689486558,0.41075794621026884,False,high_confidence_error,false_positive;high_confidence;temporal_regime,DECISION-TIME
d2acc50549aca0a6208f0b67,fold_3,0,6038449,1,1,1,20,20,29.296875,29.296875,10,10,1,1,1,6040560,1,0.79462102689486558,0.79462102689486558,0.41075794621026884,False,high_confidence_error,false_positive;high_confidence;temporal_regime,DECISION-TIME
40ae545e5828d1551211e01e,fold_3,0,6039125,2,2,2,600,600,2.9296875,2.9296875,100,100,1,3,3,6040064,0,0.15384615384615385,0.15384615384615385,0.30769230769230771,True,correct,correct;high_confidence;temporal_regime,DECISION-TIME
28689f474c4dfa5ed9c0d459,fold_3,0,6039803,2,2,30,350,600,3.75,5.5,25,25,1,30,13,6040952.666666667,0,0.11538461538461539,0.11538461538461539,0.23076923076923084,True,correct,correct;high_confidence;temporal_regime,DECISION-TIME
41ead64d844642f5f981cd1f,fold_3,0,6039815,2,2,28,350,600,2,2,25,25,1,28,10,6041094.5,0,0.092592592592592587,0.092592592592592587,0.18518518518518512,True,correct,correct;high_confidence;temporal_regime,DECISION-TIME
874e781aee108231974fcb13,fold_3,0,6041893,1,1,1,600,600,29.296875,29.296875,10,10,1,1,1,6041897,0,0.15491651205936921,0.15491651205936921,0.30983302411873836,True,correct,correct;high_confidence;temporal_regime,DECISION-TIME
884ff943acc01b576cc8f85f,fold_3,0,6041913,1,1,1,600,600,29.296875,29.296875,10,10,1,1,1,6041987,0,0.15491651205936921,0.15491651205936921,0.30983302411873836,True,correct,correct;high_confidence;temporal_regime,DECISION-TIME
10737585241145b2367ae324,fold_3,0,6041952,1,1,1,600,600,29.296875,29.296875,10,10,1,1,1,6042231,0,0.15491651205936921,0.15491651205936921,0.30983302411873836,True,correct,correct;high_confidence;temporal_regime,DECISION-TIME
6622dad331d349248c9df480,fold_3,0,6042456,1,1,1,600,600,29.296875,29.296875,10,10,1,1,1,6042689,0,0.15491651205936921,0.15491651205936921,0.30983302411873836,True,correct,correct;high_confidence;temporal_regime,DECISION-TIME
d406846c4adab63ff35b509e,fold_3,0,6042460,1,1,1,600,600,29.296875,29.296875,10,10,1,1,1,6042690,0,0.15491651205936921,0.15491651205936921,0.30983302411873836,True,correct,correct;high_confidence;temporal_regime,DECISION-TIME
f998c800a4052c2f8bc33d10,fold_3,0,6042497,1,1,1,600,600,29.296875,29.296875,10,10,1,1,1,6042696,0,0.15491651205936921,0.15491651205936921,0.30983302411873836,True,correct,correct;high_confidence;temporal_regime,DECISION-TIME
f98cba9c6da166c7b05153aa,fold_3,0,6042693,1,1,1,800,800,29.296875,29.296875,50,50,1,1,1,6042706,0,0.15491651205936921,0.15491651205936921,0.30983302411873836,True,correct,correct;high_confidence;temporal_regime,DECISION-TIME
1feb8a040cac95230d3956a6,fold_3,0,6043193,1,1,1,1000,1000,19.55078125,19.55078125,50,50,1,1,1,6043196,0,0.15491651205936921,0.15491651205936921,0.30983302411873836,True,correct,correct;high_confidence;temporal_regime,DECISION-TIME
9ca0045ecbd5f971290b3c8b,fold_3,0,6043229,1,1,1,800,800,29.296875,29.296875,50,50,1,1,1,6043232,0,0.15491651205936921,0.15491651205936921,0.30983302411873836,True,correct,correct;high_confidence;temporal_regime,DECISION-TIME
919fd6d46ac5f6e50c223fbf,fold_3,0,6044881,2,2,26,350,600,2,2,25,25,1,26,15,6045016.961538462,0,0.11538461538461539,0.11538461538461539,0.23076923076923084,True,correct,correct;high_confidence;temporal_regime,DECISION-TIME
47d7af80eee983104ac6f35e,fold_3,0,6045014,1,1,1,800,800,29.296875,29.296875,50,50,1,1,1,6045028,0,0.15491651205936921,0.15491651205936921,0.30983302411873836,True,correct,correct;high_confidence;temporal_regime,DECISION-TIME
28726ead6cbd1357032daaf3,fold_3,0,6047310,1,1,1,600,600,29.296875,29.296875,100,100,1,1,1,6047318,0,0.15491651205936921,0.15491651205936921,0.30983302411873836,True,correct,correct;high_confidence;temporal_regime,DECISION-TIME
9f286e2a9d877733a67c0d35,fold_3,0,6047935,2,2,105,600,600,13.18359375,24.4140625,50,50,1,105,48,6047941.3047619052,0,0.15491651205936921,0.15491651205936921,0.30983302411873836,True,correct,correct;high_confidence;temporal_regime,DECISION-TIME
e39aafc29a94a26c3443a7a9,fold_3,0,6048009,1,1,1,600,600,29.296875,29.296875,100,100,1,1,1,6048022,0,0.15491651205936921,0.15491651205936921,0.30983302411873836,True,correct,correct;high_confidence;temporal_regime,DECISION-TIME
702f34b1f551d459435c9854,fold_3,0,6048561,1,1,1,600,600,29.296875,29.296875,100,100,1,1,1,6048575,0,0.15491651205936921,0.15491651205936921,0.30983302411873836,True,correct,correct;high_confidence;temporal_regime,DECISION-TIME
a5500653ea87efbafcb338d3,fold_3,0,6049077,2,2,3,600,600,29.296875,29.296875,200,200,1,3,3,6049099.333333333,0,0.15491651205936921,0.15491651205936921,0.30983302411873836,True,correct,correct;high_confidence;temporal_regime,DECISION-TIME
09c28ad55c3dc600b5ef7662,fold_3,0,6049159,2,2,21,700,800,11.71875,19.53125,50,50,1,21,20,6049166.4285714282,0,0.15491651205936921,0.15491651205936921,0.30983302411873836,True,correct,correct;high_confidence;temporal_regime,DECISION-TIME
e3547ac8a053834e6ddf285e,fold_3,0,6050693,1,1,1,600,600,29.296875,29.296875,100,100,1,1,1,6050707,0,0.15491651205936921,0.15491651205936921,0.30983302411873836,True,correct,correct;high_confidence;temporal_regime,DECISION-TIME
f6ce8555eba6130ba9f88f4b,fold_3,0,6051109,1,1,1,1000,1000,19.55078125,19.55078125,50,50,1,1,1,6051112,0,0.15491651205936921,0.15491651205936921,0.30983302411873836,True,correct,correct;high_confidence;temporal_regime,DECISION-TIME
4e66b798fca960be61508832,fold_3,0,6052792,1,1,1,800,800,19.53125,19.53125,25,25,1,1,1,6052800,0,0.15491651205936921,0.15491651205936921,0.30983302411873836,True,correct,correct;high_confidence;temporal_regime,DECISION-TIME
8434805769b7462c1da94615,fold_3,0,6053588,1,1,1,600,600,29.296875,29.296875,100,100,1,1,1,6053592,0,0.15491651205936921,0.15491651205936921,0.30983302411873836,True,correct,correct;high_confidence;temporal_regime,DECISION-TIME
d91ee3ada21dba88002a4cf5,fold_3,0,6053881,1,1,1,600,600,29.296875,29.296875,25,25,1,1,1,6053887,0,0.15491651205936921,0.15491651205936921,0.30983302411873836,True,correct,correct;high_confidence;temporal_regime,DECISION-TIME
cecc514fc2b3d0cfee3e0c3a,fold_3,0,6054003,2,2,6,700,800,16.6015625,29.296875,50,50,1,6,3,6054015.5,0,0.15491651205936921,0.15491651205936921,0.30983302411873836,True,correct,correct;high_confidence;temporal_regime,DECISION-TIME
29e53bc7f2ecbd93036b4086,fold_3,0,6054797,1,1,1,1000,1000,19.55078125,19.55078125,50,50,1,1,1,6054800,0,0.15491651205936921,0.15491651205936921,0.30983302411873836,True,correct,correct;high_confidence;temporal_regime,DECISION-TIME
77a0cbaa63602ec328b5e66c,fold_3,0,6055851,2,2,12,500,600,29.296875,29.296875,25,25,1,12,9,6055859.75,0,0.15491651205936921,0.15491651205936921,0.30983302411873836,True,correct,correct;high_confidence;temporal_regime,DECISION-TIME
4fcdeae86cb0fbe6061aa39e,fold_3,1,6057173,3,3,6,433.33333333333331,600,2.6666666666666665,4,25,25,1,7,7,6057490.666666667,0,0.092592592592592587,0.092592592592592587,0.18518518518518512,False,high_confidence_error,false_negative;high_confidence;temporal_regime,DECISION-TIME
9bdadf17b90a60e05686f7f7,fold_3,0,6057897,1,1,1,600,600,29.296875,29.296875,25,25,1,1,1,6057912,0,0.15491651205936921,0.15491651205936921,0.30983302411873836,True,correct,correct;high_confidence;temporal_regime,DECISION-TIME
a0e25bce1372e1da7e80bce3,fold_3,0,6058409,2,2,4,600,600,29.296875,29.296875,50,50,1,4,2,6058414.25,0,0.15491651205936921,0.15491651205936921,0.30983302411873836,True,correct,correct;high_confidence;temporal_regime,DECISION-TIME
c6361ad1c8ce596e83165706,fold_3,1,6058815,1,1,1,800,800,15.625,15.625,100,100,1,1,1,6058927,0,0.15491651205936921,0.15491651205936921,0.30983302411873836,False,high_confidence_error,false_negative;high_confidence;temporal_regime,DECISION-TIME
6001fdac07c8d83fc9d4279d,fold_3,0,6059427,1,1,1,600,600,29.296875,29.296875,100,100,1,1,1,6059525,0,0.15491651205936921,0.15491651205936921,0.30983302411873836,True,correct,correct;high_confidence;temporal_regime,DECISION-TIME
7c392b992f0ae6223ff7fc12,fold_3,0,6060165,1,1,4,100,100,24.4140625,24.4140625,100,100,1,4,1,6072794,0,0.15491651205936921,0.15491651205936921,0.30983302411873836,True,correct,correct;high_confidence;temporal_regime,DECISION-TIME
367bffc41bdb819f18920ef3,fold_3,0,6060358,2,2,6,350,600,34.1796875,39.0625,100,100,1,6,5,6060540.333333333,0,0.15491651205936921,0.15491651205936921,0.30983302411873836,True,correct,correct;high_confidence;temporal_regime,DECISION-TIME
5736d3ec3872bf1e02f7e9d6,fold_3,1,6060510,2,2,13,600,600,29.296875,39.0625,100,100,1,13,7,6060543.75,0,0.15491651205936921,0.15491651205936921,0.30983302411873836,False,high_confidence_error,false_negative;high_confidence;temporal_regime,DECISION-TIME
74130d23673acdab893c2153,fold_3,1,6061009,1,1,1,600,600,29.296875,29.296875,10,10,1,1,1,6061017,0,0.15491651205936921,0.15491651205936921,0.30983302411873836,False,high_confidence_error,false_negative;high_confidence;temporal_regime,DECISION-TIME
5c7e5905d4fd81408575d8f6,fold_3,0,6061017,1,1,1,600,600,29.296875,29.296875,10,10,1,1,1,6061027,0,0.15491651205936921,0.15491651205936921,0.30983302411873836,True,correct,correct;high_confidence;temporal_regime,DECISION-TIME
e7a2f25f8fb0cf150a00c513,fold_3,0,6061025,1,1,1,600,600,29.296875,29.296875,10,10,1,1,1,6061037,0,0.15491651205936921,0.15491651205936921,0.30983302411873836,True,correct,correct;high_confidence;temporal_regime,DECISION-TIME
0f59de6e2556de8a11dde7c4,fold_3,0,6061351,1,1,4,1800,1800,58.59375,58.59375,100,100,1,4,4,6061360.75,1,0.79462102689486558,0.79462102689486558,0.41075794621026884,False,high_confidence_error,false_positive;high_confidence;temporal_regime,DECISION-TIME
6e5a046fe98943bc5ceae638,fold_3,0,6061451,1,1,1,100,100,97.65625,97.65625,500,500,1,1,1,6061454,1,0.79462102689486558,0.79462102689486558,0.41075794621026884,False,high_confidence_error,false_positive;high_confidence;temporal_regime,DECISION-TIME
8ee408b29fb33342ca33c6c6,fold_3,0,6061736,1,1,4,600,600,29.296875,29.296875,50,50,1,4,1,6061739.75,0,0.15491651205936921,0.15491651205936921,0.30983302411873836,True,correct,correct;high_confidence;temporal_regime,DECISION-TIME
fdf24296f8469bae475a50bd,fold_3,0,6062633,3,3,4,466.66666666666669,600,11.765625,29.296875,25,25,1,4,3,6062637,0,0.15448148715157978,0.15448148715157978,0.30896297430315955,True,correct,correct;high_confidence;temporal_regime,DECISION-TIME
83ee4f166083c425dfcdbbac,fold_3,0,6062881,3,3,4,466.66666666666669,600,11.765625,29.296875,25,25,1,4,3,6062885.75,0,0.154484077788623,0.154484077788623,0.308968155577246,True,correct,correct;high_confidence;temporal_regime,DECISION-TIME
f63ec40fd1c5f1d043395a6c,fold_3,0,6063200,1,1,1,600,600,29.296875,29.296875,100,100,1,1,1,6063203,0,0.15491651205936921,0.15491651205936921,0.30983302411873836,True,correct,correct;high_confidence;temporal_regime,DECISION-TIME
54ecc69ef25f9612fd664a07,fold_3,1,6063243,2,2,4,350,600,29.296875,29.296875,100,100,1,14,14,6063700.5,0,0.15491651205936921,0.15491651205936921,0.30983302411873836,False,high_confidence_error,false_negative;high_confidence;temporal_regime,DECISION-TIME
10c8e7bf6e804202b5acb2d1,fold_3,0,6063285,3,3,4,466.66666666666669,600,11.765625,29.296875,25,25,1,4,3,6063289.5,0,0.15448828345625554,0.15448828345625554,0.30897656691251107,True,correct,correct;high_confidence;temporal_regime,DECISION-TIME
1d4944160d1327ac34981216,fold_3,1,6063310,1,1,1,1200,1200,29.296875,29.296875,100,100,1,1,1,6063326,0,0.15491651205936921,0.15491651205936921,0.30983302411873836,False,high_confidence_error,false_negative;high_confidence;temporal_regime,DECISION-TIME
4b17531835990f7383814bfe,fold_3,1,6063444,1,1,1,1000,1000,9.765625,9.765625,200,200,1,1,1,6063454,0,0.15491651205936921,0.15491651205936921,0.30983302411873836,False,high_confidence_error,false_negative;high_confidence;temporal_regime,DECISION-TIME
7f25643f3723d9b9b00b1de5,fold_3,1,6063859,2,2,41,600,600,29.296875,29.296875,100,100,1,35,21,6063877.5,0,0.15491651205936921,0.15491651205936921,0.30983302411873836,False,high_confidence_error,false_negative;high_confidence;temporal_regime,DECISION-TIME
29ef27619ba9953e0c0530bb,fold_3,0,6064121,3,3,4,466.66666666666669,600,11.765625,29.296875,25,25,1,4,3,6064125.75,0,0.15449699443016057,0.15449699443016057,0.30899398886032114,True,correct,correct;high_confidence;temporal_regime,DECISION-TIME
6bf7791a2518868dc90668cd,fold_3,0,6064821,1,1,1,1000,1000,19.55078125,19.55078125,50,50,1,1,1,6064824,0,0.15491651205936921,0.15491651205936921,0.30983302411873836,True,correct,correct;high_confidence;temporal_regime,DECISION-TIME
dc9823ab39e6659a20792eb8,fold_3,0,6064824,1,1,1,600,600,29.296875,29.296875,100,100,1,1,1,6064837,0,0.15491651205936921,0.15491651205936921,0.30983302411873836,True,correct,correct;high_confidence;temporal_regime,DECISION-TIME
1918e8d5c832cadbd405f889,fold_3,0,6065178,1,1,1,20,20,29.296875,29.296875,5,5,1,1,1,6065190,1,0.79462102689486558,0.79462102689486558,0.41075794621026884,False,high_confidence_error,false_positive;high_confidence;temporal_regime,DECISION-TIME
b6c80247cb031dfdfa0e06fc,fold_3,0,6065536,1,1,1,100,100,29.296875,29.296875,100,100,1,1,1,6065544,0,0.15491651205936921,0.15491651205936921,0.30983302411873836,True,correct,correct;high_confidence;temporal_regime,DECISION-TIME
57bc19fece5e151d01739579,fold_3,0,6066593,1,1,1,20,20,29.296875,29.296875,5,5,1,1,1,6066599,1,0.79462102689486558,0.79462102689486558,0.41075794621026884,False,high_confidence_error,false_positive;high_confidence;temporal_regime,DECISION-TIME
8b5abb591bc852b5cff0aff5,fold_3,0,6066629,1,1,1,20,20,29.296875,29.296875,5,5,1,1,1,6066641,1,0.79462102689486558,0.79462102689486558,0.41075794621026884,False,high_confidence_error,false_positive;high_confidence;temporal_regime,DECISION-TIME
24e4c6c8739a47a34f64d301,fold_3,0,6067009,1,1,1,20,20,29.296875,29.296875,5,5,1,1,1,6067015,1,0.79462102689486558,0.79462102689486558,0.41075794621026884,False,high_confidence_error,false_positive;high_confidence;temporal_regime,DECISION-TIME
bab3c76ee61d7fcd7248e1d8,fold_3,0,6067034,1,1,1,20,20,29.296875,29.296875,5,5,1,1,1,6067046,1,0.79462102689486558,0.79462102689486558,0.41075794621026884,False,high_confidence_error,false_positive;high_confidence;temporal_regime,DECISION-TIME
6243c4e0e494b1649fbe84dc,fold_3,0,6067234,1,1,1,800,800,35.15625,35.15625,100,100,1,1,1,6067247,0,0.15491651205936921,0.15491651205936921,0.30983302411873836,True,correct,correct;high_confidence;temporal_regime,DECISION-TIME
a89541297250797194ff6c07,fold_3,0,6067542,1,1,1,600,600,29.296875,29.296875,25,25,1,1,1,6067551,0,0.15491651205936921,0.15491651205936921,0.30983302411873836,True,correct,correct;high_confidence;temporal_regime,DECISION-TIME
6569b42a0cbd0c5800d3d7dc,fold_3,0,6068048,1,1,1,1000,1000,19.55078125,19.55078125,50,50,1,1,1,6068051,0,0.15491651205936921,0.15491651205936921,0.30983302411873836,True,correct,correct;high_confidence;temporal_regime,DECISION-TIME
6dafc60ce83a958670e7312e,fold_3,0,6068266,3,3,4,466.66666666666669,600,11.765625,29.296875,25,25,1,4,3,6068270.5,0,0.15454017964600095,0.15454017964600095,0.30908035929200195,True,correct,correct;high_confidence;temporal_regime,DECISION-TIME
e2f9c8f47001771cad532496,fold_3,0,6070415,2,2,6,700,800,16.6015625,29.296875,50,50,1,6,5,6070428.833333333,0,0.15491651205936921,0.15491651205936921,0.30983302411873836,True,correct,correct;high_confidence;temporal_regime,DECISION-TIME
75d7acf8a4bb1007d05aac84,fold_3,1,6070994,1,1,10,50,50,29.296875,29.296875,100,100,1,16,9,6071215,1,0.79462102689486558,0.79462102689486558,0.41075794621026884,True,correct,correct;high_confidence;temporal_regime,DECISION-TIME
197931b78d648c02dfa5d597,fold_3,0,6071144,1,1,10,600,600,29.296875,29.296875,100,100,1,10,10,6071169.5,0,0.15491651205936921,0.15491651205936921,0.30983302411873836,True,correct,correct;high_confidence;temporal_regime,DECISION-TIME
0a5739326a83a1cb9159dce5,fold_3,0,6071380,1,1,1,600,600,29.296875,29.296875,100,100,1,1,1,6071497,0,0.15491651205936921,0.15491651205936921,0.30983302411873836,True,correct,correct;high_confidence;temporal_regime,DECISION-TIME
042edd5468226469102794ec,fold_3,0,6071459,2,2,21,500,800,17.08984375,29.296875,100,100,1,21,13,6071473.2857142854,0,0.15491651205936921,0.15491651205936921,0.30983302411873836,True,correct,correct;high_confidence;temporal_regime,DECISION-TIME
ad5ccd975c8b7bfbd77d1e7c,fold_3,0,6072310,1,1,1,600,600,29.296875,29.296875,100,100,1,1,1,6072318,0,0.15491651205936921,0.15491651205936921,0.30983302411873836,True,correct,correct;high_confidence;temporal_regime,DECISION-TIME
18e17c3941f3851f7e51f579,fold_3,1,6072409,1,1,1,600,600,29.296875,29.296875,50,50,1,1,1,6072417,0,0.15491651205936921,0.15491651205936921,0.30983302411873836,False,high_confidence_error,false_negative;high_confidence;temporal_regime,DECISION-TIME
d2055fac1430621a17904fbb,fold_3,0,6072629,1,1,1,600,600,29.296875,29.296875,100,100,1,1,1,6073373,0,0.15491651205936921,0.15491651205936921,0.30983302411873836,True,correct,correct;high_confidence;temporal_regime,DECISION-TIME
d50f35fa7a554406242c585c,fold_3,0,6073218,1,1,1,3200,3200,156.25,156.25,800,800,1,1,1,6073221,1,0.79462102689486558,0.79462102689486558,0.41075794621026884,False,high_confidence_error,false_positive;high_confidence;temporal_regime,DECISION-TIME
da1cb72bd2952cc814cd31d8,fold_3,0,6073501,1,1,1,600,600,29.296875,29.296875,100,100,1,1,1,6073514,0,0.15491651205936921,0.15491651205936921,0.30983302411873836,True,correct,correct;high_confidence;temporal_regime,DECISION-TIME
67c1d24a9c0d0f42d852f6d8,fold_3,0,6073519,3,3,4,466.66666666666669,600,11.765625,29.296875,25,25,1,4,3,6073523.75,0,0.15459493806262009,0.15459493806262009,0.30918987612524018,True,correct,correct;high_confidence;temporal_regime,DECISION-TIME
5e7905d54fcfbf30910290a6,fold_3,1,6073617,1,1,1,100,100,29.296875,29.296875,100,100,1,1,1,6073625,0,0.15491651205936921,0.15491651205936921,0.30983302411873836,False,high_confidence_error,false_negative;high_confidence;temporal_regime,DECISION-TIME
8e87b51d409a0db6a14706f7,fold_3,0,6073806,1,1,1,600,600,29.296875,29.296875,100,100,1,1,1,6073816,0,0.15491651205936921,0.15491651205936921,0.30983302411873836,True,correct,correct;high_confidence;temporal_regime,DECISION-TIME
142caacbe162dbcc65de39d6,fold_3,0,6074776,1,1,1,800,800,35.15625,35.15625,100,100,1,1,1,6074782,0,0.15491651205936921,0.15491651205936921,0.30983302411873836,True,correct,correct;high_confidence;temporal_regime,DECISION-TIME
b28d784129612a077eae7b2e,fold_3,0,6074800,1,1,1,800,800,35.15625,35.15625,100,100,1,1,1,6074811,0,0.15491651205936921,0.15491651205936921,0.30983302411873836,True,correct,correct;high_confidence;temporal_regime,DECISION-TIME
0b4866253a4494a73ad5e2c6,fold_3,0,6075018,1,1,1,600,600,29.296875,29.296875,100,100,1,1,1,6075032,0,0.15491651205936921,0.15491651205936921,0.30983302411873836,True,correct,correct;high_confidence;temporal_regime,DECISION-TIME
c5cfb2fe05fa239ee9fdeb57,fold_3,1,6075247,1,1,1,500,500,1.953125,1.953125,100,100,1,1,1,6075253,0,0.15491651205936921,0.15491651205936921,0.30983302411873836,False,high_confidence_error,false_negative;high_confidence;temporal_regime,DECISION-TIME
7683f6b4b484c8a71359865a,fold_3,0,6076081,1,1,1,600,600,29.296875,29.296875,100,100,1,1,1,6076088,0,0.15491651205936921,0.15491651205936921,0.30983302411873836,True,correct,correct;high_confidence;temporal_regime,DECISION-TIME
d6d87a80d09a1e7a59d19adb,fold_3,0,6076170,3,3,66,600,600,29.296875,29.296875,100,100,1,66,57,6076179.3030303027,0,0.15491651205936921,0.15491651205936921,0.30983302411873836,True,correct,correct;high_confidence;temporal_regime,DECISION-TIME
8a930a1892b543298bfd5aac,fold_3,0,6076729,2,2,80,600,600,29.296875,29.296875,5,5,1,86,76,6077157.9651162792,1,0.79462102689486558,0.79462102689486558,0.41075794621026884,False,high_confidence_error,false_positive;high_confidence;temporal_regime,DECISION-TIME
3d42d7025d3427d55749c120,fold_3,0,6076763,3,3,4,466.66666666666669,600,11.765625,29.296875,25,25,1,4,3,6076766.75,0,0.15462875592572919,0.15462875592572919,0.30925751185145844,True,correct,correct;high_confidence;temporal_regime,DECISION-TIME
b379fb64c2dc7d4a146c17a3,fold_3,0,6077236,1,1,1,600,600,29.296875,29.296875,200,200,1,1,1,6077242,0,0.15491651205936921,0.15491651205936921,0.30983302411873836,True,correct,correct;high_confidence;temporal_regime,DECISION-TIME
e847be106b292bc0d904b00b,fold_3,0,6078516,2,2,51,1200,1200,29.296875,29.296875,25,25,1,51,43,6078528.8039215682,0,0.15491651205936921,0.15491651205936921,0.30983302411873836,True,correct,correct;high_confidence;temporal_regime,DECISION-TIME
345780e4bd62e7ac5bcf978d,fold_3,0,6078571,3,3,4,466.66666666666669,600,11.765625,29.296875,25,25,1,4,3,6078575,0,0.15464761631367516,0.15464761631367516,0.30929523262735037,True,correct,correct;high_confidence;temporal_regime,DECISION-TIME
421053f7810582a265fcb990,fold_3,0,6078762,1,1,1,1800,1800,58.59375,58.59375,100,100,1,2,2,6079705,1,0.79462102689486558,0.79462102689486558,0.41075794621026884,False,high_confidence_error,false_positive;high_confidence;temporal_regime,DECISION-TIME
efd1cb3e4343ccfebe098394,fold_3,0,6079207,1,1,1,100,100,1.97265625,1.97265625,,,0,1,1,6079210,0,0.092592592592592587,0.092592592592592587,0.18518518518518512,True,correct,correct;high_confidence;temporal_regime;feature_missingness,DECISION-TIME
101499bbffb0c4efd61e78f4,fold_3,0,6080344,2,2,55,700,800,34.1796875,39.0625,25,25,1,55,39,6080355.7454545451,0,0.15491651205936921,0.15491651205936921,0.30983302411873836,True,correct,correct;high_confidence;temporal_regime,DECISION-TIME
cf1f720819a1082bc0274301,fold_3,0,6081091,3,3,3,466.66666666666669,600,11.098958333333334,29.296875,25,25,1,3,3,6081095.333333333,0,0.15437102846752473,0.15437102846752473,0.30874205693504941,True,correct,correct;high_confidence;temporal_regime,DECISION-TIME
25279685aabcf71d03886a09,fold_3,0,6081370,2,2,5,600,600,29.296875,29.296875,100,100,1,5,3,6081381.7999999998,0,0.15491651205936921,0.15491651205936921,0.30983302411873836,True,correct,correct;high_confidence;temporal_regime,DECISION-TIME
8ec780e195162dba1e7a74d0,fold_3,0,6081535,1,1,1,600,600,29.296875,29.296875,100,100,1,1,1,6081538,0,0.15491651205936921,0.15491651205936921,0.30983302411873836,True,correct,correct;high_confidence;temporal_regime,DECISION-TIME
84329c8954268911fd4bc390,fold_3,0,6082272,1,1,1,800,800,35.15625,35.15625,100,100,1,1,1,6082285,0,0.15491651205936921,0.15491651205936921,0.30983302411873836,True,correct,correct;high_confidence;temporal_regime,DECISION-TIME
9f246365fa8cb4946d5ced8d,fold_3,0,6082764,1,1,1,600,600,29.296875,29.296875,100,100,1,1,1,6082768,0,0.15491651205936921,0.15491651205936921,0.30983302411873836,True,correct,correct;high_confidence;temporal_regime,DECISION-TIME
c778cd9f3ebecc63d456665f,fold_3,0,6083035,1,1,1,600,600,29.296875,29.296875,100,100,1,1,1,6083039,0,0.15491651205936921,0.15491651205936921,0.30983302411873836,True,correct,correct;high_confidence;temporal_regime,DECISION-TIME
ba18b2b509845753db8e430c,fold_3,1,6083212,1,1,16,3200,3200,46.875,46.875,200,200,1,16,16,6083725,0,0.15491651205936921,0.15491651205936921,0.30983302411873836,False,high_confidence_error,false_negative;high_confidence;temporal_regime,DECISION-TIME
288221ffd80c90deb36a2922,fold_3,0,6083312,2,2,104,600,600,29.296875,29.296875,25,25,1,104,44,6083318.288461538,0,0.15491651205936921,0.15491651205936921,0.30983302411873836,True,correct,correct;high_confidence;temporal_regime,DECISION-TIME
d96974c538bffa2724e574f9,fold_3,1,6084023,2,2,17,600,600,29.296875,29.296875,50,50,1,18,15,6084491.5,0,0.15491651205936921,0.15491651205936921,0.30983302411873836,False,high_confidence_error,false_negative;high_confidence;temporal_regime,DECISION-TIME
0d552c687fdb38f0bf4a40c6,fold_3,1,6084750,1,1,1,600,600,29.296875,29.296875,50,50,1,3,2,6085208,0,0.15491651205936921,0.15491651205936921,0.30983302411873836,False,high_confidence_error,false_negative;high_confidence;temporal_regime,DECISION-TIME
f7ebc6c8020db25d768b7df1,fold_3,0,6085634,2,2,40,500,600,12.20703125,14.6484375,50,50,1,40,32,6085646.5,0,0.15491651205936921,0.15491651205936921,0.30983302411873836,True,correct,correct;high_confidence;temporal_regime,DECISION-TIME
2d6f8ed473b598999cb76679,fold_3,0,6085649,1,1,1,600,600,29.296875,29.296875,50,50,1,1,1,6085659,0,0.15491651205936921,0.15491651205936921,0.30983302411873836,True,correct,correct;high_confidence;temporal_regime,DECISION-TIME
b5c0497f38337596b1a98256,fold_3,0,6085991,1,1,1,600,600,29.296875,29.296875,100,100,1,1,1,6085994,0,0.15491651205936921,0.15491651205936921,0.30983302411873836,True,correct,correct;high_confidence;temporal_regime,DECISION-TIME
d9d05413bb885bb28e342da9,fold_3,0,6086986,1,1,1,600,600,29.296875,29.296875,100,100,1,1,1,6086989,0,0.15491651205936921,0.15491651205936921,0.30983302411873836,True,correct,correct;high_confidence;temporal_regime,DECISION-TIME
bcec522ec72f6e2da342b83e,fold_3,0,6086994,1,1,1,600,600,29.296875,29.296875,100,100,1,1,1,6086997,0,0.15491651205936921,0.15491651205936921,0.30983302411873836,True,correct,correct;high_confidence;temporal_regime,DECISION-TIME
768cf9e7eb3be2af3654ccfd,fold_3,0,6087643,1,1,1,600,600,29.296875,29.296875,100,100,1,1,1,6087646,0,0.15491651205936921,0.15491651205936921,0.30983302411873836,True,correct,correct;high_confidence;temporal_regime,DECISION-TIME
40644cb00a09c24fa0530d93,fold_3,0,6087646,1,1,1,1000,1000,19.55078125,19.55078125,50,50,1,1,1,6087649,0,0.15491651205936921,0.15491651205936921,0.30983302411873836,True,correct,correct;high_confidence;temporal_regime,DECISION-TIME
96f397e0df82fd5cf638b74f,fold_3,1,6088302,1,1,1,600,600,29.296875,29.296875,10,10,1,1,1,6088305,0,0.15491651205936921,0.15491651205936921,0.30983302411873836,False,high_confidence_error,false_negative;high_confidence;temporal_regime,DECISION-TIME
13a81d42f487ae1f2bf1eda2,fold_3,0,6088754,1,1,1,600,600,29.296875,29.296875,50,50,1,1,1,6088767,0,0.15491651205936921,0.15491651205936921,0.30983302411873836,True,correct,correct;high_confidence;temporal_regime,DECISION-TIME
0a74e7bbbafa814cb1c8ff33,fold_3,0,6089923,2,2,57,500,600,10.7421875,11.71875,50,50,1,58,42,6089956.1034482755,0,0.15491651205936921,0.15491651205936921,0.30983302411873836,True,correct,correct;high_confidence;temporal_regime,DECISION-TIME
989c4c66416fcc6beafc3b8b,fold_3,0,6089939,1,1,1,600,600,29.296875,29.296875,25,25,1,1,1,6089942,0,0.15491651205936921,0.15491651205936921,0.30983302411873836,True,correct,correct;high_confidence;temporal_regime,DECISION-TIME
b31256eeb560f04146f43880,fold_3,0,6090614,1,1,1,600,600,29.296875,29.296875,100,100,1,1,1,6090617,0,0.15491651205936921,0.15491651205936921,0.30983302411873836,True,correct,correct;high_confidence;temporal_regime,DECISION-TIME
cf7ac793c31b75fc13811980,fold_3,0,6092553,1,1,1,1800,1800,58.59375,58.59375,100,100,1,1,1,6092557,1,0.79462102689486558,0.79462102689486558,0.41075794621026884,False,high_confidence_error,false_positive;high_confidence;temporal_regime,DECISION-TIME
c118515f93bd82c74a167f0d,fold_3,0,6093128,1,1,1,600,600,29.296875,29.296875,100,100,1,1,1,6093139,0,0.15491651205936921,0.15491651205936921,0.30983302411873836,True,correct,correct;high_confidence;temporal_regime,DECISION-TIME
b427c4ca893b80b122be2a48,fold_3,0,6093241,1,1,1,800,800,35.15625,35.15625,100,100,1,1,1,6093281,0,0.15491651205936921,0.15491651205936921,0.30983302411873836,True,correct,correct;high_confidence;temporal_regime,DECISION-TIME
c94baec84b5c98aba38c4946,fold_3,1,6093415,1,1,1,600,600,29.296875,29.296875,25,25,1,1,1,6093421,0,0.15491651205936921,0.15491651205936921,0.30983302411873836,False,high_confidence_error,false_negative;high_confidence;temporal_regime,DECISION-TIME
7a33a14f478aa3e8e30d70bf,fold_3,0,6094483,1,1,1,800,800,29.296875,29.296875,50,50,1,1,1,6094494,0,0.15491651205936921,0.15491651205936921,0.30983302411873836,True,correct,correct;high_confidence;temporal_regime,DECISION-TIME
e249441320a021e7ab0e6d53,fold_3,1,6094932,1,1,1,1600,1600,58.59375,58.59375,100,100,1,1,1,6094945,1,0.79462102689486558,0.79462102689486558,0.41075794621026884,True,correct,correct;high_confidence;temporal_regime,DECISION-TIME
faeeadfb34c53f7d2747e499,fold_3,1,6095058,1,1,1,600,600,29.296875,29.296875,25,25,1,1,1,6095065,0,0.15491651205936921,0.15491651205936921,0.30983302411873836,False,high_confidence_error,false_negative;high_confidence;temporal_regime,DECISION-TIME
6390885475bd61ce5324cd2b,fold_3,0,6095217,1,1,1,600,600,29.296875,29.296875,50,50,1,1,1,6095226,0,0.15491651205936921,0.15491651205936921,0.30983302411873836,True,correct,correct;high_confidence;temporal_regime,DECISION-TIME
c58c9e03ca328ce77a66c580,fold_3,0,6095960,2,2,21,700,800,11.71875,19.53125,50,50,1,21,15,6095967.1428571427,0,0.15491651205936921,0.15491651205936921,0.30983302411873836,True,correct,correct;high_confidence;temporal_regime,DECISION-TIME
5f5b88fecfd33bed83b64d2f,fold_3,1,6096016,1,1,1,600,600,29.296875,29.296875,100,100,1,1,1,6096027,0,0.15491651205936921,0.15491651205936921,0.30983302411873836,False,high_confidence_error,false_negative;high_confidence;temporal_regime,DECISION-TIME
0f9f36ee75ff7a3fb61f41e5,fold_3,0,6096557,2,2,2,500,600,24.6484375,29.296875,25,25,1,2,2,6096565,0,0.15491651205936921,0.15491651205936921,0.30983302411873836,True,correct,correct;high_confidence;temporal_regime,DECISION-TIME
fdce28bc1116a0979d6ba071,fold_3,0,6099289,1,1,1,1800,1800,58.59375,58.59375,100,100,1,1,1,6099298,1,0.79462102689486558,0.79462102689486558,0.41075794621026884,False,high_confidence_error,false_positive;high_confidence;temporal_regime,DECISION-TIME
8d1ae9382598f6edd324ec40,fold_3,0,6099464,1,1,1,600,600,29.296875,29.296875,100,100,1,1,1,6099467,0,0.15491651205936921,0.15491651205936921,0.30983302411873836,True,correct,correct;high_confidence;temporal_regime,DECISION-TIME
b9e03c96f0024ea6004e986c,fold_3,0,6099956,1,1,1,600,600,29.296875,29.296875,5,5,1,1,1,6099961,0,0.15491651205936921,0.15491651205936921,0.30983302411873836,True,correct,correct;high_confidence;temporal_regime,DECISION-TIME
c5888fb26a4a854da920a736,fold_3,0,6101332,2,2,26,350,600,2,2,25,25,1,26,7,6101338.307692308,0,0.092592592592592587,0.092592592592592587,0.18518518518518512,True,correct,correct;high_confidence;temporal_regime,DECISION-TIME
2c3532a826b38fe22c00eea1,fold_3,0,6101934,1,1,1,600,600,29.296875,29.296875,25,25,1,1,1,6101945,0,0.15491651205936921,0.15491651205936921,0.30983302411873836,True,correct,correct;high_confidence;temporal_regime,DECISION-TIME
d367ea3455ec45fcd478bc75,fold_3,0,6102730,1,1,1,100,100,29.296875,29.296875,25,25,1,1,1,6102736,1,0.79462102689486558,0.79462102689486558,0.41075794621026884,False,high_confidence_error,false_positive;high_confidence;temporal_regime,DECISION-TIME
174ca6c5743b2c6ae0a631cb,fold_3,1,6104891,1,1,1,20,20,29.296875,29.296875,5,5,1,1,1,6104902,1,0.79462102689486558,0.79462102689486558,0.41075794621026884,True,correct,correct;high_confidence;temporal_regime,DECISION-TIME
becb9ac6f5623b9619520728,fold_3,1,6104898,1,1,1,20,20,29.296875,29.296875,5,5,1,1,1,6104911,1,0.79462102689486558,0.79462102689486558,0.41075794621026884,True,correct,correct;high_confidence;temporal_regime,DECISION-TIME
a5d8f163dbddce87edebb5f5,fold_3,1,6104927,1,1,1,20,20,29.296875,29.296875,5,5,1,1,1,6104931,1,0.79462102689486558,0.79462102689486558,0.41075794621026884,True,correct,correct;high_confidence;temporal_regime,DECISION-TIME
528ad062dd5dd70abe836ac7,fold_3,1,6104948,1,1,1,20,20,29.296875,29.296875,5,5,1,1,1,6104951,1,0.79462102689486558,0.79462102689486558,0.41075794621026884,True,correct,correct;high_confidence;temporal_regime,DECISION-TIME
1e8e22b0147d297f28ebc5b3,fold_3,1,6104973,1,1,1,20,20,29.296875,29.296875,5,5,1,1,1,6104982,1,0.79462102689486558,0.79462102689486558,0.41075794621026884,True,correct,correct;high_confidence;temporal_regime,DECISION-TIME
0576be9faad5e541eae66f8f,fold_3,1,6105036,1,1,1,20,20,29.296875,29.296875,5,5,1,1,1,6105042,1,0.79462102689486558,0.79462102689486558,0.41075794621026884,True,correct,correct;high_confidence;temporal_regime,DECISION-TIME
63898994e2e3e25bd3537270,fold_3,1,6105060,1,1,1,20,20,29.296875,29.296875,5,5,1,1,1,6105073,1,0.79462102689486558,0.79462102689486558,0.41075794621026884,True,correct,correct;high_confidence;temporal_regime,DECISION-TIME
53a92fed560973631bd7ece7,fold_3,1,6105188,1,1,1,20,20,29.296875,29.296875,5,5,1,1,1,6105193,1,0.79462102689486558,0.79462102689486558,0.41075794621026884,True,correct,correct;high_confidence;temporal_regime,DECISION-TIME
c16dbe6b8d6ebc5573e7d990,fold_3,1,6105497,1,1,1,20,20,29.296875,29.296875,5,5,1,1,1,6105503,1,0.79462102689486558,0.79462102689486558,0.41075794621026884,True,correct,correct;high_confidence;temporal_regime,DECISION-TIME
dc01edfbfb642c258f315a41,fold_3,1,6105654,1,1,1,20,20,29.296875,29.296875,5,5,1,1,1,6105663,1,0.79462102689486558,0.79462102689486558,0.41075794621026884,True,correct,correct;high_confidence;temporal_regime,DECISION-TIME
f629e64a4ff10c32d786b380,fold_3,1,6105788,1,1,1,100,100,29.296875,29.296875,100,100,1,1,1,6105794,0,0.15491651205936921,0.15491651205936921,0.30983302411873836,False,high_confidence_error,false_negative;high_confidence;temporal_regime,DECISION-TIME
4e79d63b422fb960ac68754d,fold_3,1,6105851,1,1,1,20,20,29.296875,29.296875,5,5,1,1,1,6105865,1,0.79462102689486558,0.79462102689486558,0.41075794621026884,True,correct,correct;high_confidence;temporal_regime,DECISION-TIME
bea59c73cb13a28568e663bc,fold_3,1,6105981,1,1,1,20,20,29.296875,29.296875,5,5,1,1,1,6105995,1,0.79462102689486558,0.79462102689486558,0.41075794621026884,True,correct,correct;high_confidence;temporal_regime,DECISION-TIME
d98ec06faf5802270a13066a,fold_3,1,6106074,1,1,1,20,20,29.296875,29.296875,5,5,1,1,1,6106085,1,0.79462102689486558,0.79462102689486558,0.41075794621026884,True,correct,correct;high_confidence;temporal_regime,DECISION-TIME
ed37d86c330d6b37fe563c3a,fold_3,0,6106414,1,1,1,600,600,29.296875,29.296875,100,100,1,1,1,6106417,0,0.15491651205936921,0.15491651205936921,0.30983302411873836,True,correct,correct;high_confidence;temporal_regime,DECISION-TIME
dafcab88f27fb1a9041b7064,fold_3,0,6106576,1,1,1,100,100,29.296875,29.296875,25,25,1,1,1,6106586,1,0.79462102689486558,0.79462102689486558,0.41075794621026884,False,high_confidence_error,false_positive;high_confidence;temporal_regime,DECISION-TIME
2cd35b39adf894e8daddb795,fold_3,1,6106735,1,1,1,20,20,29.296875,29.296875,5,5,1,1,1,6106746,1,0.79462102689486558,0.79462102689486558,0.41075794621026884,True,correct,correct;high_confidence;temporal_regime,DECISION-TIME
592f6a8db07a100966b8d87a,fold_3,0,6106835,1,1,1,100,100,29.296875,29.296875,25,25,1,1,1,6106847,1,0.79462102689486558,0.79462102689486558,0.41075794621026884,False,high_confidence_error,false_positive;high_confidence;temporal_regime,DECISION-TIME
c82624bec0a0f754488d1b7a,fold_3,0,6106860,1,1,1,100,100,29.296875,29.296875,25,25,1,1,1,6106867,1,0.79462102689486558,0.79462102689486558,0.41075794621026884,False,high_confidence_error,false_positive;high_confidence;temporal_regime,DECISION-TIME
1752c3b8892f7918b14079ef,fold_3,0,6106977,1,1,1,1000,1000,19.55078125,19.55078125,50,50,1,1,1,6106980,0,0.15491651205936921,0.15491651205936921,0.30983302411873836,True,correct,correct;high_confidence;temporal_regime,DECISION-TIME
f6c10071056b3fd679f4dd98,fold_3,1,6106986,1,1,1,20,20,29.296875,29.296875,5,5,1,1,1,6106998,1,0.79462102689486558,0.79462102689486558,0.41075794621026884,True,correct,correct;high_confidence;temporal_regime,DECISION-TIME
6c44a65624fa594cb7dd48a9,fold_3,1,6107014,1,1,1,20,20,29.296875,29.296875,5,5,1,1,1,6107017,1,0.79462102689486558,0.79462102689486558,0.41075794621026884,True,correct,correct;high_confidence;temporal_regime,DECISION-TIME
ccdfd19c136fda87bb1ff7ec,fold_3,0,6107024,1,1,1,100,100,29.296875,29.296875,25,25,1,1,1,6107027,1,0.79462102689486558,0.79462102689486558,0.41075794621026884,False,high_confidence_error,false_positive;high_confidence;temporal_regime,DECISION-TIME
4b32109601aaa085e950b262,fold_3,0,6107270,1,1,1,600,600,29.296875,29.296875,100,100,1,1,1,6107280,0,0.15491651205936921,0.15491651205936921,0.30983302411873836,True,correct,correct;high_confidence;temporal_regime,DECISION-TIME
1f38f987be13cf2988ba5ddc,fold_3,0,6107377,1,1,1,100,100,29.296875,29.296875,25,25,1,1,1,6107389,1,0.79462102689486558,0.79462102689486558,0.41075794621026884,False,high_confidence_error,false_positive;high_confidence;temporal_regime,DECISION-TIME
de2017a9b2e5cad3f2dd33b6,fold_3,0,6107402,1,1,1,100,100,29.296875,29.296875,25,25,1,1,1,6107410,1,0.79462102689486558,0.79462102689486558,0.41075794621026884,False,high_confidence_error,false_positive;high_confidence;temporal_regime,DECISION-TIME
4f62c8a61be9593e3735c41f,fold_3,0,6107441,1,1,1,100,100,29.296875,29.296875,25,25,1,1,1,6107450,1,0.79462102689486558,0.79462102689486558,0.41075794621026884,False,high_confidence_error,false_positive;high_confidence;temporal_regime,DECISION-TIME
add8354a9c8d1ba2b38e2486,fold_3,0,6107636,1,1,1,800,800,35.15625,35.15625,100,100,1,1,1,6107660,0,0.15491651205936921,0.15491651205936921,0.30983302411873836,True,correct,correct;high_confidence;temporal_regime,DECISION-TIME
87d91747a2f48c38550fc52c,fold_3,0,6107671,1,1,1,600,600,29.296875,29.296875,100,100,1,1,1,6107680,0,0.15491651205936921,0.15491651205936921,0.30983302411873836,True,correct,correct;high_confidence;temporal_regime,DECISION-TIME
ca137bd4b9309887b2ac2a61,fold_3,0,6107896,1,1,1,600,600,29.296875,29.296875,100,100,1,1,1,6108012,0,0.15491651205936921,0.15491651205936921,0.30983302411873836,True,correct,correct;high_confidence;temporal_regime,DECISION-TIME
c1446ebb41134518c15da8cb,fold_3,1,6107957,1,1,1,20,20,29.296875,29.296875,5,5,1,1,1,6108005,1,0.79462102689486558,0.79462102689486558,0.41075794621026884,True,correct,correct;high_confidence;temporal_regime,DECISION-TIME
be6fab37120520dd62cc7640,fold_3,1,6108114,1,1,1,20,20,29.296875,29.296875,5,5,1,1,1,6108124,1,0.79462102689486558,0.79462102689486558,0.41075794621026884,True,correct,correct;high_confidence;temporal_regime,DECISION-TIME
1e20a62f5b360498bec43dfc,fold_3,0,6108126,1,1,1,600,600,29.296875,29.296875,100,100,1,1,1,6108129,0,0.15491651205936921,0.15491651205936921,0.30983302411873836,True,correct,correct;high_confidence;temporal_regime,DECISION-TIME
82efba5900135c0d1a59ac1b,fold_3,0,6108429,2,2,12,600,1000,29.296875,29.296875,15,15,1,12,10,6108442.666666667,0,0.15491651205936921,0.15491651205936921,0.30983302411873836,True,correct,correct;high_confidence;temporal_regime,DECISION-TIME
d52092622222d164e80d1dea,fold_3,0,6108539,1,1,1,100,100,29.296875,29.296875,25,25,1,1,1,6108546,1,0.79462102689486558,0.79462102689486558,0.41075794621026884,False,high_confidence_error,false_positive;high_confidence;temporal_regime,DECISION-TIME
7be5c2595e023d356db66f81,fold_3,0,6108734,1,1,1,100,100,29.296875,29.296875,25,25,1,1,1,6108744,1,0.79462102689486558,0.79462102689486558,0.41075794621026884,False,high_confidence_error,false_positive;high_confidence;temporal_regime,DECISION-TIME
7bd060caaff57662acb14b4c,fold_3,0,6108757,1,1,1,100,100,29.296875,29.296875,25,25,1,1,1,6108785,1,0.79462102689486558,0.79462102689486558,0.41075794621026884,False,high_confidence_error,false_positive;high_confidence;temporal_regime,DECISION-TIME
c897316f851cd14c541c188e,fold_3,0,6109269,1,1,1,200,200,0.99609375,0.99609375,,,0,1,1,6109272,0,0.092592592592592587,0.092592592592592587,0.18518518518518512,True,correct,correct;high_confidence;temporal_regime;feature_missingness,DECISION-TIME
2af303363c681f8e5dfe0a5e,fold_3,0,6110258,1,1,1,600,600,29.296875,29.296875,100,100,1,1,1,6110378,0,0.15491651205936921,0.15491651205936921,0.30983302411873836,True,correct,correct;high_confidence;temporal_regime,DECISION-TIME
68314a5106f2cf97e761cab8,fold_3,0,6111550,1,1,1,600,600,29.296875,29.296875,100,100,1,1,1,6111557,0,0.15491651205936921,0.15491651205936921,0.30983302411873836,True,correct,correct;high_confidence;temporal_regime,DECISION-TIME
9ce1e2166f44e69f033f4ba2,fold_3,0,6112017,1,1,1,600,600,29.296875,29.296875,25,25,1,1,1,6112673,0,0.15491651205936921,0.15491651205936921,0.30983302411873836,True,correct,correct;high_confidence;temporal_regime,DECISION-TIME
e7e63318f60b60c866f0be84,fold_3,0,6112039,1,1,5,100,100,1.013671875,1.013671875,,,0,5,5,6112044.4000000004,0,0.092592592592592587,0.092592592592592587,0.18518518518518512,True,correct,correct;high_confidence;temporal_regime;feature_missingness,DECISION-TIME
06d2399792e2418145778dbb,fold_3,0,6112991,1,1,1,600,600,29.296875,29.296875,50,50,1,1,1,6113004,0,0.15491651205936921,0.15491651205936921,0.30983302411873836,True,correct,correct;high_confidence;temporal_regime,DECISION-TIME
325a698bf5ece20a6ed046de,fold_3,0,6113713,1,1,1,600,600,29.296875,29.296875,10,10,1,1,1,6113716,0,0.15491651205936921,0.15491651205936921,0.30983302411873836,True,correct,correct;high_confidence;temporal_regime,DECISION-TIME
431a4463543cf7866225a263,fold_3,0,6113716,1,1,1,600,600,29.296875,29.296875,10,10,1,1,1,6113727,0,0.15491651205936921,0.15491651205936921,0.30983302411873836,True,correct,correct;high_confidence;temporal_regime,DECISION-TIME
85a8abce85c08dc0c204aa31,fold_3,1,6113873,1,1,1,600,600,29.296875,29.296875,10,10,1,1,1,6115265,0,0.15491651205936921,0.15491651205936921,0.30983302411873836,False,high_confidence_error,false_negative;high_confidence;temporal_regime,DECISION-TIME
346a0b37b69b795a7363a7b0,fold_3,0,6113880,1,1,1,1600,1600,1.953125,1.953125,100,100,1,1,1,6113887,0,0.15384615384615385,0.15384615384615385,0.30769230769230771,True,correct,correct;high_confidence;temporal_regime,DECISION-TIME
9e81ef31368dce9a93e71f86,fold_3,0,6113931,1,1,1,600,600,29.296875,29.296875,10,10,1,1,1,6117202,0,0.15491651205936921,0.15491651205936921,0.30983302411873836,True,correct,correct;high_confidence;temporal_regime,DECISION-TIME
9985d7d3641e62b1b760a5c5,fold_3,0,6119279,1,1,1,600,600,29.296875,29.296875,25,25,1,1,1,6119286,0,0.15491651205936921,0.15491651205936921,0.30983302411873836,True,correct,correct;high_confidence;temporal_regime,DECISION-TIME
3e24f869121710fb52176471,fold_3,0,6120661,1,1,1,800,800,29.296875,29.296875,50,50,1,1,1,6120672,0,0.15491651205936921,0.15491651205936921,0.30983302411873836,True,correct,correct;high_confidence;temporal_regime,DECISION-TIME
d2d4e0a8879021e7068a32c5,fold_3,0,6122353,1,1,1,600,600,29.296875,29.296875,25,25,1,1,1,6122359,0,0.15491651205936921,0.15491651205936921,0.30983302411873836,True,correct,correct;high_confidence;temporal_regime,DECISION-TIME
c96878fe8ad12ca121bdaf14,fold_3,0,6122825,2,2,6,450,800,53.7109375,78.125,25,25,1,6,6,6122838.666666667,1,0.79462102689486558,0.79462102689486558,0.41075794621026884,False,high_confidence_error,false_positive;high_confidence;temporal_regime,DECISION-TIME
700198504df6b3a67cff39a9,fold_3,0,6122911,2,2,11,800,800,53.7109375,78.125,25,25,1,14,14,6122995.5,1,0.79462102689486558,0.79462102689486558,0.41075794621026884,False,high_confidence_error,false_positive;high_confidence;temporal_regime,DECISION-TIME
db9cb91f3eaa555c7172885c,fold_3,0,6123547,1,1,1,600,600,29.296875,29.296875,25,25,1,1,1,6123552,0,0.15491651205936921,0.15491651205936921,0.30983302411873836,True,correct,correct;high_confidence;temporal_regime,DECISION-TIME
04bc7b01d1edc44c8afe5427,fold_3,0,6123548,1,1,1,600,600,29.296875,29.296875,25,25,1,1,1,6123552,0,0.15491651205936921,0.15491651205936921,0.30983302411873836,True,correct,correct;high_confidence;temporal_regime,DECISION-TIME
58bc3f9d6d898e893d76beb8,fold_3,0,6123548,1,1,1,600,600,29.296875,29.296875,25,25,1,1,1,6123553,0,0.15491651205936921,0.15491651205936921,0.30983302411873836,True,correct,correct;high_confidence;temporal_regime,DECISION-TIME
134971e2eba33b2f325f3e86,fold_3,0,6123562,2,2,2,600,600,29.296875,29.296875,100,100,2,2,2,6123643.5,1,0.79462102689486558,0.79462102689486558,0.41075794621026884,False,high_confidence_error,false_positive;high_confidence;temporal_regime,DECISION-TIME
eca90a0e2eada081aadc8e56,fold_3,0,6124403,1,1,1,600,600,29.296875,29.296875,100,100,1,1,1,6124415,0,0.15491651205936921,0.15491651205936921,0.30983302411873836,True,correct,correct;high_confidence;temporal_regime,DECISION-TIME
cd0e57b08d9c60d9e4214b0f,fold_3,0,6124412,1,1,1,600,600,29.296875,29.296875,25,25,1,1,1,6124416,0,0.15491651205936921,0.15491651205936921,0.30983302411873836,True,correct,correct;high_confidence;temporal_regime,DECISION-TIME
c8eb7247283cc0e127549680,fold_3,0,6124621,1,1,1,600,600,29.296875,29.296875,100,100,1,1,1,6124626,0,0.15491651205936921,0.15491651205936921,0.30983302411873836,True,correct,correct;high_confidence;temporal_regime,DECISION-TIME
56e61b5cf2bb9d2b101782a6,fold_3,0,6125278,1,1,1,600,600,29.296875,29.296875,25,25,1,1,1,6125289,0,0.15491651205936921,0.15491651205936921,0.30983302411873836,True,correct,correct;high_confidence;temporal_regime,DECISION-TIME
9f1818e7fd76d12eed5fb855,fold_3,0,6125456,1,1,1,600,600,29.296875,29.296875,100,100,1,1,1,6125470,0,0.15491651205936921,0.15491651205936921,0.30983302411873836,True,correct,correct;high_confidence;temporal_regime,DECISION-TIME
bdf6d16217399a9ab5172dd9,fold_3,0,6125675,1,1,1,4000,4000,46.875,46.875,50,50,1,3,2,6127547,0,0.15491651205936921,0.15491651205936921,0.30983302411873836,True,correct,correct;high_confidence;temporal_regime,DECISION-TIME
7b719db09b8980f475099d5e,fold_3,0,6125809,2,2,47,500,600,10.7421875,11.71875,50,50,1,55,41,6126663.5094339624,0,0.15491651205936921,0.15491651205936921,0.30983302411873836,True,correct,correct;high_confidence;temporal_regime,DECISION-TIME
764de24f439006ded36cae42,fold_3,0,6128142,1,1,1,800,800,35.15625,35.15625,100,100,1,1,1,6128149,0,0.15491651205936921,0.15491651205936921,0.30983302411873836,True,correct,correct;high_confidence;temporal_regime,DECISION-TIME
c1daf8e0c729d69f8887b511,fold_3,0,6128182,1,1,1,800,800,35.15625,35.15625,100,100,1,1,1,6128190,0,0.15491651205936921,0.15491651205936921,0.30983302411873836,True,correct,correct;high_confidence;temporal_regime,DECISION-TIME
326f4b908d7b577f4d074a0f,fold_3,0,6128220,1,1,1,800,800,35.15625,35.15625,100,100,1,1,1,6128229,0,0.15491651205936921,0.15491651205936921,0.30983302411873836,True,correct,correct;high_confidence;temporal_regime,DECISION-TIME
b3ac531eae3d7bc618fce299,fold_3,0,6129067,1,1,1,600,600,29.296875,29.296875,10,10,1,1,1,6129070,0,0.15491651205936921,0.15491651205936921,0.30983302411873836,True,correct,correct;high_confidence;temporal_regime,DECISION-TIME
7a1e8509ae4052f51c5b25da,fold_3,0,6129867,1,1,1,1200,1200,29.296875,29.296875,100,100,1,1,1,6129870,0,0.15491651205936921,0.15491651205936921,0.30983302411873836,True,correct,correct;high_confidence;temporal_regime,DECISION-TIME
9c13f2e338bf292ebc48c370,fold_3,0,6130151,1,1,1,300,300,292.96875,292.96875,800,800,1,1,1,6130154,1,1,1,0,False,high_confidence_error,false_positive;high_confidence;temporal_regime,DECISION-TIME
9dde61701c802aa0412b6dca,fold_3,0,6130466,1,1,1,600,600,29.296875,29.296875,10,10,1,1,1,6130479,0,0.15491651205936921,0.15491651205936921,0.30983302411873836,True,correct,correct;high_confidence;temporal_regime,DECISION-TIME
d206ab1dd77c0394a83cddde,fold_3,0,6130475,1,1,1,600,600,29.296875,29.296875,10,10,1,1,1,6130479,0,0.15491651205936921,0.15491651205936921,0.30983302411873836,True,correct,correct;high_confidence;temporal_regime,DECISION-TIME
66c66f0c88540677d87dbe44,fold_3,0,6130646,1,1,1,2000,2000,48.828125,48.828125,100,100,1,1,1,6130651,0,0.15491651205936921,0.15491651205936921,0.30983302411873836,True,correct,correct;high_confidence;temporal_regime,DECISION-TIME
ac330b990913424a5a130804,fold_3,0,6130926,2,2,2,600,600,2.9296875,2.9296875,100,100,1,3,3,6131863.5,0,0.15424036238252753,0.15424036238252753,0.30848072476505506,True,correct,correct;high_confidence;temporal_regime,DECISION-TIME
ee7c0db56eddfc2f45d4df42,fold_3,0,6131203,1,1,1,600,600,29.296875,29.296875,10,10,1,1,1,6131214,0,0.15491651205936921,0.15491651205936921,0.30983302411873836,True,correct,correct;high_confidence;temporal_regime,DECISION-TIME
bf239d2ff5c1d998be936b7d,fold_3,0,6131326,1,1,1,600,600,29.296875,29.296875,10,10,1,1,1,6131344,0,0.15491651205936921,0.15491651205936921,0.30983302411873836,True,correct,correct;high_confidence;temporal_regime,DECISION-TIME
15d01c88e4391ef18733f896,fold_3,0,6133009,2,2,2,600,600,29.296875,29.296875,100,100,1,2,2,6133013.5,0,0.15491651205936921,0.15491651205936921,0.30983302411873836,True,correct,correct;high_confidence;temporal_regime,DECISION-TIME
8f7c9090f20ff5fc71026507,fold_3,0,6133266,2,2,4,600,600,29.296875,29.296875,100,100,1,4,3,6133270.5,0,0.15491651205936921,0.15491651205936921,0.30983302411873836,True,correct,correct;high_confidence;temporal_regime,DECISION-TIME
1746dcf6c0b29f6c566d8a62,fold_3,0,6133434,2,2,26,350,600,2,2,25,25,1,26,11,6133439.346153846,0,0.092592592592592587,0.092592592592592587,0.18518518518518512,True,correct,correct;high_confidence;temporal_regime,DECISION-TIME
80f0abbc4fb94f780108a70d,fold_3,0,6133462,1,1,1,600,600,29.296875,29.296875,100,100,1,1,1,6133474,0,0.15491651205936921,0.15491651205936921,0.30983302411873836,True,correct,correct;high_confidence;temporal_regime,DECISION-TIME
2c398d4dad8262e2685958fb,fold_3,1,6133586,1,1,1,600,600,29.296875,29.296875,100,100,1,1,1,6133593,0,0.15491651205936921,0.15491651205936921,0.30983302411873836,False,high_confidence_error,false_negative;high_confidence;temporal_regime,DECISION-TIME
6df376d18a0693d878caf3bb,fold_3,0,6133693,1,1,1,600,600,29.296875,29.296875,200,200,1,1,1,6133704,0,0.15491651205936921,0.15491651205936921,0.30983302411873836,True,correct,correct;high_confidence;temporal_regime,DECISION-TIME
85c38f41d4a16eac02cd17ec,fold_3,0,6133722,1,1,1,100,100,29.296875,29.296875,100,100,1,1,1,6133734,0,0.15491651205936921,0.15491651205936921,0.30983302411873836,True,correct,correct;high_confidence;temporal_regime,DECISION-TIME
cb77c6e51c7451d016eef8c3,fold_3,0,6133777,2,2,136,300,400,9.765625,9.765625,20,20,1,145,57,6133810.6206896547,0,0.15491651205936921,0.15491651205936921,0.30983302411873836,True,correct,correct;high_confidence;temporal_regime,DECISION-TIME
246a6bbe0211e598301e228b,fold_3,0,6133878,1,1,1,600,600,29.296875,29.296875,100,100,1,1,1,6133884,0,0.15491651205936921,0.15491651205936921,0.30983302411873836,True,correct,correct;high_confidence;temporal_regime,DECISION-TIME
dc6c1a6acb7d9fd10f3eadec,fold_3,0,6134796,1,1,1,600,600,29.296875,29.296875,100,100,1,1,1,6134808,0,0.15491651205936921,0.15491651205936921,0.30983302411873836,True,correct,correct;high_confidence;temporal_regime,DECISION-TIME
b86be4da689009cf588b556a,fold_3,0,6134910,2,2,2,600,600,29.296875,29.296875,100,100,1,2,2,6134914.5,0,0.15491651205936921,0.15491651205936921,0.30983302411873836,True,correct,correct;high_confidence;temporal_regime,DECISION-TIME
f4ea20db4afb4f9ecbffcd70,fold_3,0,6136270,1,1,1,600,600,29.296875,29.296875,100,100,1,1,1,6136281,0,0.15491651205936921,0.15491651205936921,0.30983302411873836,True,correct,correct;high_confidence;temporal_regime,DECISION-TIME
a57385bcd8bb186c378ef1bb,fold_3,0,6137325,1,1,4,1800,1800,58.59375,58.59375,100,100,1,4,4,6137332.25,1,0.79462102689486558,0.79462102689486558,0.41075794621026884,False,high_confidence_error,false_positive;high_confidence;temporal_regime,DECISION-TIME
a0b8ba35e88bff486eda3ba4,fold_3,0,6138157,1,1,1,600,600,29.296875,29.296875,100,100,1,1,1,6138165,0,0.15491651205936921,0.15491651205936921,0.30983302411873836,True,correct,correct;high_confidence;temporal_regime,DECISION-TIME
a68adbf8d58d8b56ee722076,fold_3,1,6138801,2,2,25,550,600,31.73828125,39.0625,25,25,1,25,19,6138806.166666667,0,0.15491651205936921,0.15491651205936921,0.30983302411873836,False,high_confidence_error,false_negative;high_confidence;temporal_regime,DECISION-TIME
fb798ff6d16450aaac261eef,fold_3,0,6138979,1,1,1,600,600,29.296875,29.296875,100,100,1,1,1,6138986,0,0.15491651205936921,0.15491651205936921,0.30983302411873836,True,correct,correct;high_confidence;temporal_regime,DECISION-TIME
ca9421bf319e726470b20802,fold_3,0,6139923,1,1,1,600,600,29.296875,29.296875,100,100,1,1,1,6139928,0,0.15491651205936921,0.15491651205936921,0.30983302411873836,True,correct,correct;high_confidence;temporal_regime,DECISION-TIME
c67fa646d6c82b0734c7102e,fold_3,1,6140370,1,1,1,600,600,29.296875,29.296875,25,25,1,1,1,6140380,0,0.15491651205936921,0.15491651205936921,0.30983302411873836,False,high_confidence_error,false_negative;high_confidence;temporal_regime,DECISION-TIME
ce46aa20801cbc6b06800de4,fold_3,0,6141439,1,1,1,100,100,1.97265625,1.97265625,,,0,1,1,6141443,0,0.092592592592592587,0.092592592592592587,0.18518518518518512,True,correct,correct;high_confidence;temporal_regime;feature_missingness,DECISION-TIME
e80dffc7073d394c7c19d2be,fold_3,0,6141672,1,1,1,200,200,0.99609375,0.99609375,,,0,1,1,6141676,0,0.092592592592592587,0.092592592592592587,0.18518518518518512,True,correct,correct;high_confidence;temporal_regime;feature_missingness,DECISION-TIME
830415dd5c1be43ce5935109,fold_3,0,6142403,1,1,1,100,100,97.65625,97.65625,500,500,1,1,1,6143382,1,0.79462102689486558,0.79462102689486558,0.41075794621026884,False,high_confidence_error,false_positive;high_confidence;temporal_regime,DECISION-TIME
214304c44257ac4f9eef6471,fold_3,0,6142407,1,1,1,100,100,97.65625,97.65625,500,500,1,1,1,6161489,1,0.79462102689486558,0.79462102689486558,0.41075794621026884,False,high_confidence_error,false_positive;high_confidence;temporal_regime,DECISION-TIME
d00516c135264c0c2cc8428f,fold_3,0,6142870,1,1,1,600,600,29.296875,29.296875,100,100,1,1,1,6142874,0,0.15491651205936921,0.15491651205936921,0.30983302411873836,True,correct,correct;high_confidence;temporal_regime,DECISION-TIME
bef947c325d8c9ddb5501482,fold_3,0,6142937,2,2,13,1200,1200,29.296875,29.296875,25,25,1,13,13,6142953.230769231,0,0.15491651205936921,0.15491651205936921,0.30983302411873836,True,correct,correct;high_confidence;temporal_regime,DECISION-TIME
0cd98b1962157fadcbdbe18b,fold_3,0,6143058,2,2,6,700,800,16.6015625,29.296875,50,50,1,6,2,6143065.5,0,0.15491651205936921,0.15491651205936921,0.30983302411873836,True,correct,correct;high_confidence;temporal_regime,DECISION-TIME
87e323af2a8f858eaf195ae8,fold_3,0,6143316,2,2,2,600,600,29.296875,29.296875,25,25,1,2,2,6143323.5,0,0.15491651205936921,0.15491651205936921,0.30983302411873836,True,correct,correct;high_confidence;temporal_regime,DECISION-TIME
99b41019d792c1f038e91f26,fold_3,0,6143707,1,1,1,800,800,35.15625,35.15625,100,100,1,1,1,6143716,0,0.15491651205936921,0.15491651205936921,0.30983302411873836,True,correct,correct;high_confidence;temporal_regime,DECISION-TIME
21efe1dacd48571bda646e4f,fold_3,0,6143712,1,1,1,800,800,35.15625,35.15625,100,100,1,1,1,6143716,0,0.15491651205936921,0.15491651205936921,0.30983302411873836,True,correct,correct;high_confidence;temporal_regime,DECISION-TIME
b4ecb4f0d55830a372ac7848,fold_3,0,6143896,1,1,1,600,600,29.296875,29.296875,100,100,1,1,1,6143906,0,0.15491651205936921,0.15491651205936921,0.30983302411873836,True,correct,correct;high_confidence;temporal_regime,DECISION-TIME
7241925a74f5637aabb7a073,fold_3,0,6144848,2,2,4,600,600,29.296875,29.296875,50,50,1,4,2,6144853,0,0.15491651205936921,0.15491651205936921,0.30983302411873836,True,correct,correct;high_confidence;temporal_regime,DECISION-TIME
8d3732b2168c1c1dfbda8a8a,fold_3,0,6145098,1,1,1,1000,1000,19.55078125,19.55078125,50,50,1,1,1,6145102,0,0.15491651205936921,0.15491651205936921,0.30983302411873836,True,correct,correct;high_confidence;temporal_regime,DECISION-TIME
fc5567483bde67779d5301a7,fold_3,1,6145138,2,2,60,850,900,26.85546875,29.296875,100,100,1,79,68,6145287.333333333,1,0.79462102689486558,0.79462102689486558,0.41075794621026884,True,correct,correct;high_confidence;temporal_regime,DECISION-TIME
70c0fdd1c589362f0b74847e,fold_3,0,6145869,1,1,1,1800,1800,58.59375,58.59375,100,100,1,1,1,6145879,1,0.79462102689486558,0.79462102689486558,0.41075794621026884,False,high_confidence_error,false_positive;high_confidence;temporal_regime,DECISION-TIME
56a932cb321a1d97f3bbc11d,fold_3,0,6146464,1,1,1,600,600,29.296875,29.296875,100,100,1,1,1,6146472,0,0.15491651205936921,0.15491651205936921,0.30983302411873836,True,correct,correct;high_confidence;temporal_regime,DECISION-TIME
2580f381bda0542ba4265141,fold_3,0,6146826,1,1,1,600,600,29.296875,29.296875,50,50,1,1,1,6146829,0,0.15491651205936921,0.15491651205936921,0.30983302411873836,True,correct,correct;high_confidence;temporal_regime,DECISION-TIME
407ff4ff2584c473bf7aa84c,fold_3,0,6147211,2,2,51,500,600,19.53125,19.53125,50,50,1,51,46,6147224.666666667,0,0.15491651205936921,0.15491651205936921,0.30983302411873836,True,correct,correct;high_confidence;temporal_regime,DECISION-TIME
92065e3a8012ff1e302220a9,fold_3,0,6147316,1,1,1,1800,1800,58.59375,58.59375,100,100,1,1,1,6147323,1,0.79462102689486558,0.79462102689486558,0.41075794621026884,False,high_confidence_error,false_positive;high_confidence;temporal_regime,DECISION-TIME
a78a704e451c69c600d2a269,fold_3,0,6147714,1,1,16,200,200,4,4,25,25,1,16,10,6147717.3125,0,0.15491651205936921,0.15491651205936921,0.30983302411873836,True,correct,correct;high_confidence;temporal_regime,DECISION-TIME
7339a60dfb4808788efeb24f,fold_3,0,6148226,3,3,4,466.66666666666669,600,11.765625,29.296875,25,25,1,4,3,6148230.75,0,0.15491651205936921,0.15491651205936921,0.30983302411873836,True,correct,correct;high_confidence;temporal_regime,DECISION-TIME
81387ec9d29c83bcc8a2b290,fold_3,0,6149073,1,1,1,600,600,29.296875,29.296875,100,100,1,1,1,6149077,0,0.15491651205936921,0.15491651205936921,0.30983302411873836,True,correct,correct;high_confidence;temporal_regime,DECISION-TIME
b0d1e1453f8a630a948607a0,fold_3,0,6149222,1,1,1,600,600,29.296875,29.296875,100,100,1,1,1,6149268,0,0.15491651205936921,0.15491651205936921,0.30983302411873836,True,correct,correct;high_confidence;temporal_regime,DECISION-TIME
cdac18045b4fc8af434d05fa,fold_3,0,6149560,1,1,1,1000,1000,19.55078125,19.55078125,50,50,1,1,1,6149675,0,0.15491651205936921,0.15491651205936921,0.30983302411873836,True,correct,correct;high_confidence;temporal_regime,DECISION-TIME
ef162688969529ee41cd257c,fold_3,0,6149666,2,2,13,400,600,2,2,25,25,1,13,4,6149672.384615385,0,0.11538461538461539,0.11538461538461539,0.23076923076923084,True,correct,correct;high_confidence;temporal_regime,DECISION-TIME
90440c1e6ae6fe514df4fee6,fold_3,0,6150502,1,1,10,600,600,29.296875,29.296875,50,50,1,10,6,6150505.2999999998,0,0.15491651205936921,0.15491651205936921,0.30983302411873836,True,correct,correct;high_confidence;temporal_regime,DECISION-TIME
8ed4726d70e4aa564f91250e,fold_3,0,6150722,1,1,1,600,600,29.296875,29.296875,100,100,1,1,1,6150725,0,0.15491651205936921,0.15491651205936921,0.30983302411873836,True,correct,correct;high_confidence;temporal_regime,DECISION-TIME
459218c81adfecd7f4e40ff8,fold_3,0,6150899,1,1,1,100,100,29.296875,29.296875,100,100,1,1,1,6150904,0,0.15491651205936921,0.15491651205936921,0.30983302411873836,True,correct,correct;high_confidence;temporal_regime,DECISION-TIME
9bedf549bde4421194407fd3,fold_3,0,6151429,1,1,1,1800,1800,58.59375,58.59375,100,100,1,2,2,6153114,1,0.79462102689486558,0.79462102689486558,0.41075794621026884,False,high_confidence_error,false_positive;high_confidence;temporal_regime,DECISION-TIME
ba19397d012874b57fcf8759,fold_3,0,6152108,1,1,1,600,600,29.296875,29.296875,100,100,1,1,1,6152122,0,0.15491651205936921,0.15491651205936921,0.30983302411873836,True,correct,correct;high_confidence;temporal_regime,DECISION-TIME
6dd9b66ee4f5a0aab8dbd8d3,fold_3,0,6154872,1,1,1,600,600,29.296875,29.296875,25,25,1,1,1,6154878,0,0.15491651205936921,0.15491651205936921,0.30983302411873836,True,correct,correct;high_confidence;temporal_regime,DECISION-TIME
e743af8afc1dbae892698651,fold_3,0,6155099,2,2,51,500,600,14.6484375,19.53125,50,50,1,52,38,6155111.076923077,0,0.15491651205936921,0.15491651205936921,0.30983302411873836,True,correct,correct;high_confidence;temporal_regime,DECISION-TIME
3c48645126c258eee3205541,fold_3,0,6156925,1,1,1,20,20,29.296875,29.296875,5,5,1,1,1,6156933,1,0.79462102689486558,0.79462102689486558,0.41075794621026884,False,high_confidence_error,false_positive;high_confidence;temporal_regime,DECISION-TIME
301af52cf506e6c497106b09,fold_3,0,6158232,1,1,1,600,600,29.296875,29.296875,100,100,1,1,1,6158236,0,0.15491651205936921,0.15491651205936921,0.30983302411873836,True,correct,correct;high_confidence;temporal_regime,DECISION-TIME
60e45dbe75217b7e555a00f5,fold_3,0,6158505,1,1,1,600,600,29.296875,29.296875,100,100,1,1,1,6158517,0,0.15491651205936921,0.15491651205936921,0.30983302411873836,True,correct,correct;high_confidence;temporal_regime,DECISION-TIME
bd2a7cb0c0a2141b86c240b4,fold_3,0,6158861,1,1,1,1200,1200,29.296875,29.296875,100,100,1,1,1,6158905,0,0.15491651205936921,0.15491651205936921,0.30983302411873836,True,correct,correct;high_confidence;temporal_regime,DECISION-TIME
a6b234f7d78fc5cd0fde505d,fold_3,0,6159239,1,1,1,600,600,29.296875,29.296875,200,200,1,1,1,6159249,0,0.15491651205936921,0.15491651205936921,0.30983302411873836,True,correct,correct;high_confidence;temporal_regime,DECISION-TIME
e8ad7daec5929d374e209b52,fold_3,0,6160470,1,1,1,600,600,29.296875,29.296875,100,100,1,1,1,6160482,0,0.15491651205936921,0.15491651205936921,0.30983302411873836,True,correct,correct;high_confidence;temporal_regime,DECISION-TIME
570d1e4c254f92e5ed0d1498,fold_3,0,6160686,1,1,1,600,600,29.296875,29.296875,100,100,1,1,1,6160693,0,0.15491651205936921,0.15491651205936921,0.30983302411873836,True,correct,correct;high_confidence;temporal_regime,DECISION-TIME
64b1f85fbe97345293a5e195,fold_3,0,6160798,1,1,10,50,50,29.296875,29.296875,100,100,1,10,4,6160906.9000000004,0,0.15491651205936921,0.15491651205936921,0.30983302411873836,True,correct,correct;high_confidence;temporal_regime,DECISION-TIME
3b7699a0da18699579fc7e08,fold_3,1,6161041,1,1,10,50,50,29.296875,29.296875,100,100,1,10,6,6161165,0,0.15491651205936921,0.15491651205936921,0.30983302411873836,False,high_confidence_error,false_negative;high_confidence;temporal_regime,DECISION-TIME
a5d3aaed2c925d61315579ea,fold_3,0,6161146,1,1,1,600,600,29.296875,29.296875,25,25,1,1,1,6161149,0,0.15491651205936921,0.15491651205936921,0.30983302411873836,True,correct,correct;high_confidence;temporal_regime,DECISION-TIME
8f11dd9526ed46d159b3b7c1,fold_3,1,6161674,1,1,1,600,600,29.296875,29.296875,10,10,1,1,1,6161686,0,0.15491651205936921,0.15491651205936921,0.30983302411873836,False,high_confidence_error,false_negative;high_confidence;temporal_regime,DECISION-TIME
9575cca0aaacd04ce7b9e93f,fold_3,0,6162589,1,1,1,600,600,29.296875,29.296875,100,100,1,1,1,6162597,0,0.15491651205936921,0.15491651205936921,0.30983302411873836,True,correct,correct;high_confidence;temporal_regime,DECISION-TIME
546aef524898ab06acc2faae,fold_3,0,6164063,1,1,1,1800,1800,58.59375,58.59375,100,100,1,1,1,6164071,1,0.79462102689486558,0.79462102689486558,0.41075794621026884,False,high_confidence_error,false_positive;high_confidence;temporal_regime,DECISION-TIME
c8e20ca408db5b9b924a151d,fold_3,1,6164151,1,1,1,600,600,29.296875,29.296875,10,10,1,1,1,6164161,0,0.15491651205936921,0.15491651205936921,0.30983302411873836,False,high_confidence_error,false_negative;high_confidence;temporal_regime,DECISION-TIME
5bd6ffe12c209f01db57b5dc,fold_3,0,6164255,1,1,1,600,600,29.296875,29.296875,100,100,1,1,1,6164261,0,0.15491651205936921,0.15491651205936921,0.30983302411873836,True,correct,correct;high_confidence;temporal_regime,DECISION-TIME
fbdf099f134d0fec0d8964f8,fold_3,0,6164287,1,1,1,600,600,29.296875,29.296875,25,25,1,1,1,6164292,0,0.15491651205936921,0.15491651205936921,0.30983302411873836,True,correct,correct;high_confidence;temporal_regime,DECISION-TIME
365d64821599d04bf4a86fd7,fold_3,0,6164292,2,2,21,600,600,29.296875,29.296875,100,100,1,21,19,6164301.2857142854,0,0.15491651205936921,0.15491651205936921,0.30983302411873836,True,correct,correct;high_confidence;temporal_regime,DECISION-TIME
f315092e6c437cad4a0a6b56,fold_3,0,6165571,1,1,1,600,600,29.296875,29.296875,100,100,1,1,1,6165574,0,0.15491651205936921,0.15491651205936921,0.30983302411873836,True,correct,correct;high_confidence;temporal_regime,DECISION-TIME
60a6b71967f60ef0875c2d00,fold_3,0,6165693,1,1,1,600,600,29.296875,29.296875,100,100,1,1,1,6165706,0,0.15491651205936921,0.15491651205936921,0.30983302411873836,True,correct,correct;high_confidence;temporal_regime,DECISION-TIME
c7441d870343edcce9b472ca,fold_3,0,6166527,1,1,1,600,600,29.296875,29.296875,25,25,1,1,1,6166537,0,0.15491651205936921,0.15491651205936921,0.30983302411873836,True,correct,correct;high_confidence;temporal_regime,DECISION-TIME
ea78c7bb0da860ad2399d8d4,fold_3,0,6166710,1,1,1,600,600,29.296875,29.296875,100,100,1,1,1,6166717,0,0.15491651205936921,0.15491651205936921,0.30983302411873836,True,correct,correct;high_confidence;temporal_regime,DECISION-TIME
0e1bcae9dfa0ac55e6ce1f66,fold_3,0,6167118,1,1,1,800,800,35.15625,35.15625,100,100,1,1,1,6167128,0,0.15491651205936921,0.15491651205936921,0.30983302411873836,True,correct,correct;high_confidence;temporal_regime,DECISION-TIME
9ea62d44d6ec4bab95b19e8e,fold_3,0,6167734,1,1,1,1000,1000,19.55078125,19.55078125,50,50,1,1,1,6167737,0,0.15491651205936921,0.15491651205936921,0.30983302411873836,True,correct,correct;high_confidence;temporal_regime,DECISION-TIME
9a5739f756a2c316b2f6f86f,fold_3,1,6168303,1,1,1,600,600,29.296875,29.296875,10,10,1,1,1,6168311,0,0.15491651205936921,0.15491651205936921,0.30983302411873836,False,high_confidence_error,false_negative;high_confidence;temporal_regime,DECISION-TIME
6b5010f74f68b8a2cc0d240b,fold_3,1,6168325,1,1,1,600,600,29.296875,29.296875,10,10,1,1,1,6168438,0,0.15491651205936921,0.15491651205936921,0.30983302411873836,False,high_confidence_error,false_negative;high_confidence;temporal_regime,DECISION-TIME
1454c166a21cbb20fd81f850,fold_3,1,6168352,1,1,1,600,600,29.296875,29.296875,10,10,1,1,1,6169606,0,0.15491651205936921,0.15491651205936921,0.30983302411873836,False,high_confidence_error,false_negative;high_confidence;temporal_regime,DECISION-TIME
8aeedabccf90546764f572e9,fold_3,1,6168352,1,1,1,600,600,29.296875,29.296875,10,10,1,1,1,6169606,0,0.15491651205936921,0.15491651205936921,0.30983302411873836,False,high_confidence_error,false_negative;high_confidence;temporal_regime,DECISION-TIME
c4bdc40e4285a7acd8af429e,fold_3,0,6168849,1,1,1,600,600,29.296875,29.296875,50,50,1,1,1,6171903,0,0.15491651205936921,0.15491651205936921,0.30983302411873836,True,correct,correct;high_confidence;temporal_regime,DECISION-TIME
7066f79f8c5cfac62354224c,fold_3,0,6169500,1,1,1,600,600,29.296875,29.296875,25,25,1,1,1,6169506,0,0.15491651205936921,0.15491651205936921,0.30983302411873836,True,correct,correct;high_confidence;temporal_regime,DECISION-TIME
d2534cc263415edc35ed9584,fold_3,0,6169618,3,3,7,466.66666666666669,600,11.098958333333334,29.296875,25,25,1,7,3,6169623.2857142854,0,0.15384615384615385,0.15384615384615385,0.30769230769230771,True,correct,correct;high_confidence;temporal_regime,DECISION-TIME
62f81619f05194a9c1a0919a,fold_3,0,6170458,1,1,1,1000,1000,19.55078125,19.55078125,50,50,1,1,1,6170461,0,0.15491651205936921,0.15491651205936921,0.30983302411873836,True,correct,correct;high_confidence;temporal_regime,DECISION-TIME
e427b54139bf625b97c212c0,fold_3,0,6170794,1,1,1,600,600,29.296875,29.296875,100,100,1,1,1,6170806,0,0.15491651205936921,0.15491651205936921,0.30983302411873836,True,correct,correct;high_confidence;temporal_regime,DECISION-TIME
fc8c9809dce073f0d8ec46ab,fold_3,1,6170848,1,1,1,100,100,29.296875,29.296875,100,100,1,1,1,6170856,0,0.15491651205936921,0.15491651205936921,0.30983302411873836,False,high_confidence_error,false_negative;high_confidence;temporal_regime,DECISION-TIME
ac70d139d2607dd77f0d0b3c,fold_3,0,6170887,1,1,1,600,600,29.296875,29.296875,100,100,1,1,1,6170896,0,0.15491651205936921,0.15491651205936921,0.30983302411873836,True,correct,correct;high_confidence;temporal_regime,DECISION-TIME
d972dd75fc2db1aaf7be69ff,fold_3,0,6171335,1,1,1,1800,1800,58.59375,58.59375,100,100,1,1,1,6171338,1,0.79462102689486558,0.79462102689486558,0.41075794621026884,False,high_confidence_error,false_positive;high_confidence;temporal_regime,DECISION-TIME
0ba91c0e28a8ed6aaa2973d8,fold_3,0,6172166,1,1,1,800,800,35.15625,35.15625,100,100,1,1,1,6172173,0,0.15491651205936921,0.15491651205936921,0.30983302411873836,True,correct,correct;high_confidence;temporal_regime,DECISION-TIME
29f3cc4bcb34f44500d3e773,fold_3,0,6172870,1,1,1,600,600,29.296875,29.296875,100,100,1,1,1,6172872,0,0.15491651205936921,0.15491651205936921,0.30983302411873836,True,correct,correct;high_confidence;temporal_regime,DECISION-TIME
6656c3e859c6d69127e9f9b6,fold_3,0,6173786,1,1,1,600,600,29.296875,29.296875,100,100,1,1,1,6173789,0,0.15491651205936921,0.15491651205936921,0.30983302411873836,True,correct,correct;high_confidence;temporal_regime,DECISION-TIME
3dd4560860c724200d0775ac,fold_3,0,6173792,1,1,1,600,600,29.296875,29.296875,100,100,1,1,1,6173795,0,0.15491651205936921,0.15491651205936921,0.30983302411873836,True,correct,correct;high_confidence;temporal_regime,DECISION-TIME
3211e4803b6657ae41be4e4b,fold_3,0,6173836,1,1,1,600,600,29.296875,29.296875,50,50,1,1,1,6173849,0,0.15491651205936921,0.15491651205936921,0.30983302411873836,True,correct,correct;high_confidence;temporal_regime,DECISION-TIME
29a1d623e9084aadd067394b,fold_3,0,6174095,1,1,1,600,600,29.296875,29.296875,100,100,1,1,1,6174098,0,0.15491651205936921,0.15491651205936921,0.30983302411873836,True,correct,correct;high_confidence;temporal_regime,DECISION-TIME
4bc8e7a6abf89a314960ebcf,fold_3,0,6176246,1,1,1,600,600,29.296875,29.296875,100,100,1,1,1,6176250,0,0.15491651205936921,0.15491651205936921,0.30983302411873836,True,correct,correct;high_confidence;temporal_regime,DECISION-TIME
5a739ccc694aa9873bbf0664,fold_3,0,6176695,1,1,1,600,600,29.296875,29.296875,50,50,1,1,1,6176705,0,0.15491651205936921,0.15491651205936921,0.30983302411873836,True,correct,correct;high_confidence;temporal_regime,DECISION-TIME
fa8b8d2e9cbbf2a043512e99,fold_3,0,6177797,1,1,1,4,4,1.953125,1.953125,100,100,1,1,1,6177807,0,0.15491651205936921,0.15491651205936921,0.30983302411873836,True,correct,correct;high_confidence;temporal_regime,DECISION-TIME
13d6c709b6ed109e08c234d5,fold_3,0,6178554,1,1,1,600,600,29.296875,29.296875,50,50,1,1,1,6178558,0,0.15491651205936921,0.15491651205936921,0.30983302411873836,True,correct,correct;high_confidence;temporal_regime,DECISION-TIME
11d482d9066c8ff01f56d49e,fold_3,0,6180093,1,1,1,800,800,35.15625,35.15625,100,100,1,1,1,6180132,0,0.15491651205936921,0.15491651205936921,0.30983302411873836,True,correct,correct;high_confidence;temporal_regime,DECISION-TIME
31bcc48d8660ce18e3669a25,fold_3,0,6180093,1,1,1,800,800,35.15625,35.15625,100,100,1,1,1,6180132,0,0.15491651205936921,0.15491651205936921,0.30983302411873836,True,correct,correct;high_confidence;temporal_regime,DECISION-TIME
5f451b23e9c32740ea3f99f2,fold_3,0,6180532,1,1,1,600,600,29.296875,29.296875,5,5,1,1,1,6180545,0,0.15491651205936921,0.15491651205936921,0.30983302411873836,True,correct,correct;high_confidence;temporal_regime,DECISION-TIME
e58ebcccfdc9c70d398d65f6,fold_3,0,6180538,1,1,1,600,600,29.296875,29.296875,5,5,1,1,1,6180545,0,0.15491651205936921,0.15491651205936921,0.30983302411873836,True,correct,correct;high_confidence;temporal_regime,DECISION-TIME
b4ed061f32371dd676c35f10,fold_3,0,6180825,2,2,22,600,600,29.296875,39.0625,25,25,1,22,11,6180843.9090909092,0,0.15491651205936921,0.15491651205936921,0.30983302411873836,True,correct,correct;high_confidence;temporal_regime,DECISION-TIME
0fccfdfae851f6c341a643a3,fold_3,0,6182112,1,1,10,50,50,29.296875,29.296875,100,100,1,10,8,6182115,0,0.15491651205936921,0.15491651205936921,0.30983302411873836,True,correct,correct;high_confidence;temporal_regime,DECISION-TIME
2b1a852ddf705b35bc1912ea,fold_3,0,6182251,1,1,10,50,50,29.296875,29.296875,100,100,1,10,8,6182254,0,0.15491651205936921,0.15491651205936921,0.30983302411873836,True,correct,correct;high_confidence;temporal_regime,DECISION-TIME
4be5626ddfa9f146bcb12c90,fold_3,0,6182353,1,1,10,50,50,29.296875,29.296875,100,100,1,10,6,6182356.7000000002,0,0.15491651205936921,0.15491651205936921,0.30983302411873836,True,correct,correct;high_confidence;temporal_regime,DECISION-TIME
6d866f4c038d2ab7fea3c829,fold_3,0,6182560,1,1,1,800,800,35.15625,35.15625,100,100,1,1,1,6182567,0,0.15491651205936921,0.15491651205936921,0.30983302411873836,True,correct,correct;high_confidence;temporal_regime,DECISION-TIME
610983c9c3290fab5f601d14,fold_3,0,6182711,1,1,1,1000,1000,19.55078125,19.55078125,50,50,1,1,1,6182715,0,0.15491651205936921,0.15491651205936921,0.30983302411873836,True,correct,correct;high_confidence;temporal_regime,DECISION-TIME
9d655721733bede51d08f7e3,fold_3,0,6183100,1,1,1,400,400,29.296875,29.296875,100,100,1,1,1,6183107,0,0.15491651205936921,0.15491651205936921,0.30983302411873836,True,correct,correct;high_confidence;temporal_regime,DECISION-TIME
cb14d0c255813d8d57d73d7f,fold_3,0,6183253,1,1,1,600,600,29.296875,29.296875,100,100,1,1,1,6183258,0,0.15491651205936921,0.15491651205936921,0.30983302411873836,True,correct,correct;high_confidence;temporal_regime,DECISION-TIME
73c32950842b89ebf0893fb5,fold_3,0,6184133,1,1,1,600,600,29.296875,29.296875,5,5,1,1,1,6184140,0,0.15491651205936921,0.15491651205936921,0.30983302411873836,True,correct,correct;high_confidence;temporal_regime,DECISION-TIME
bb21def9ccf05ad8cb403600,fold_3,1,6185308,1,1,1,600,600,29.296875,29.296875,10,10,1,1,1,6185321,0,0.15491651205936921,0.15491651205936921,0.30983302411873836,False,high_confidence_error,false_negative;high_confidence;temporal_regime,DECISION-TIME
58897f99a1e0b997268037fe,fold_3,0,6185994,1,1,1,600,600,29.296875,29.296875,100,100,1,1,1,6186003,0,0.15491651205936921,0.15491651205936921,0.30983302411873836,True,correct,correct;high_confidence;temporal_regime,DECISION-TIME
8ad25b5ff8cd02d44cb276e8,fold_3,0,6186613,2,2,80,600,600,29.296875,29.296875,5,5,1,82,56,6187108.7125000004,0,0.15491651205936921,0.15491651205936921,0.30983302411873836,True,correct,correct;high_confidence;temporal_regime,DECISION-TIME
88229b97ca180def23921d53,fold_3,1,6192521,1,1,1,2400,2400,23.4375,23.4375,200,200,1,1,1,6192532,0,0.15491651205936921,0.15491651205936921,0.30983302411873836,False,high_confidence_error,false_negative;high_confidence;temporal_regime,DECISION-TIME
4693bb6532bd7fbcbaaaf2e1,fold_3,0,6192716,2,2,11,350,600,2,2,25,25,1,11,6,6192721.8181818184,0,0.11538461538461539,0.11538461538461539,0.23076923076923084,True,correct,correct;high_confidence;temporal_regime,DECISION-TIME
f32b0e7d0d88f5e518dd8ace,fold_3,0,6194209,1,1,1,1800,1800,58.59375,58.59375,100,100,1,1,1,6194212,1,0.79462102689486558,0.79462102689486558,0.41075794621026884,False,high_confidence_error,false_positive;high_confidence;temporal_regime,DECISION-TIME
89c7ea7c3f8c8149581ca09f,fold_3,0,6194427,1,1,1,600,600,29.296875,29.296875,10,10,1,1,1,6194434,0,0.15491651205936921,0.15491651205936921,0.30983302411873836,True,correct,correct;high_confidence;temporal_regime,DECISION-TIME
e5bd5ad120b30022862280f4,fold_3,0,6194632,1,1,1,600,600,29.296875,29.296875,100,100,1,1,1,6194643,0,0.15491651205936921,0.15491651205936921,0.30983302411873836,True,correct,correct;high_confidence;temporal_regime,DECISION-TIME
66ec3b0cdd7191787e10b462,fold_3,0,6194651,1,1,1,600,600,29.296875,29.296875,100,100,1,1,1,6194663,0,0.15491651205936921,0.15491651205936921,0.30983302411873836,True,correct,correct;high_confidence;temporal_regime,DECISION-TIME
ea33c7fa17cda5228c57f901,fold_3,0,6194820,1,1,1,100,100,29.296875,29.296875,25,25,1,1,1,6194824,1,0.79462102689486558,0.79462102689486558,0.41075794621026884,False,high_confidence_error,false_positive;high_confidence;temporal_regime,DECISION-TIME
543619a0ba0932fdd7f7edf0,fold_3,0,6194858,1,1,1,100,100,29.296875,29.296875,25,25,1,1,1,6194866,1,0.79462102689486558,0.79462102689486558,0.41075794621026884,False,high_confidence_error,false_positive;high_confidence;temporal_regime,DECISION-TIME
5bc8d59c46c780311effdd4c,fold_3,0,6194901,1,1,1,100,100,29.296875,29.296875,25,25,1,1,1,6194910,1,0.79462102689486558,0.79462102689486558,0.41075794621026884,False,high_confidence_error,false_positive;high_confidence;temporal_regime,DECISION-TIME
f64ba86f8f8e69aea30dfd39,fold_3,0,6194916,1,1,1,100,100,29.296875,29.296875,25,25,1,1,1,6194926,1,0.79462102689486558,0.79462102689486558,0.41075794621026884,False,high_confidence_error,false_positive;high_confidence;temporal_regime,DECISION-TIME
ee18a80d8633d0f46d70f591,fold_3,0,6194918,1,1,1,100,100,29.296875,29.296875,25,25,1,1,1,6194965,1,0.79462102689486558,0.79462102689486558,0.41075794621026884,False,high_confidence_error,false_positive;high_confidence;temporal_regime,DECISION-TIME
0537709ae6843aeef1b57fae,fold_3,0,6195002,1,1,1,1800,1800,58.59375,58.59375,100,100,1,1,1,6195015,1,0.79462102689486558,0.79462102689486558,0.41075794621026884,False,high_confidence_error,false_positive;high_confidence;temporal_regime,DECISION-TIME
d6d610be8226502a64f62710,fold_3,0,6195078,1,1,1,1800,1800,58.59375,58.59375,100,100,1,1,1,6195081,1,0.79462102689486558,0.79462102689486558,0.41075794621026884,False,high_confidence_error,false_positive;high_confidence;temporal_regime,DECISION-TIME
d3998edd7cde5824045fda3f,fold_3,0,6195400,1,1,1,1800,1800,58.59375,58.59375,100,100,1,1,1,6195555,1,0.79462102689486558,0.79462102689486558,0.41075794621026884,False,high_confidence_error,false_positive;high_confidence;temporal_regime,DECISION-TIME
d4c642347d4b356eb6945306,fold_3,0,6195957,1,1,1,600,600,29.296875,29.296875,100,100,1,1,1,6195960,0,0.15491651205936921,0.15491651205936921,0.30983302411873836,True,correct,correct;high_confidence;temporal_regime,DECISION-TIME
5d6ecac0bf7ce82a8011316b,fold_3,0,6196131,1,1,1,600,600,29.296875,29.296875,10,10,1,1,1,6196137,0,0.15491651205936921,0.15491651205936921,0.30983302411873836,True,correct,correct;high_confidence;temporal_regime,DECISION-TIME
9946161c3f0ef15d86cdca0a,fold_3,0,6196198,1,1,1,600,600,29.296875,29.296875,10,10,1,1,1,6196208,0,0.15491651205936921,0.15491651205936921,0.30983302411873836,True,correct,correct;high_confidence;temporal_regime,DECISION-TIME
80a5330bcae130f1868146b4,fold_3,0,6196261,1,1,1,600,600,29.296875,29.296875,100,100,1,1,1,6196269,0,0.15491651205936921,0.15491651205936921,0.30983302411873836,True,correct,correct;high_confidence;temporal_regime,DECISION-TIME
661d1bb5f4cf116446ee4a24,fold_3,1,6196416,1,1,1,600,600,29.296875,29.296875,100,100,1,1,1,6196448,0,0.15491651205936921,0.15491651205936921,0.30983302411873836,False,high_confidence_error,false_negative;high_confidence;temporal_regime,DECISION-TIME
62b9d5251ccdd2759a0f201b,fold_3,0,6197099,1,1,1,1000,1000,9.765625,9.765625,100,100,1,1,1,6197102,0,0.15491651205936921,0.15491651205936921,0.30983302411873836,True,correct,correct;high_confidence;temporal_regime,DECISION-TIME
5b48fc87506c47a4ef5fc44d,fold_3,0,6197979,1,1,1,600,600,29.296875,29.296875,100,100,1,1,1,6198063,0,0.15491651205936921,0.15491651205936921,0.30983302411873836,True,correct,correct;high_confidence;temporal_regime,DECISION-TIME
250693db6c09acdb15224531,fold_3,0,6198798,1,1,1,1800,1800,58.59375,58.59375,100,100,1,1,1,6198802,1,0.79462102689486558,0.79462102689486558,0.41075794621026884,False,high_confidence_error,false_positive;high_confidence;temporal_regime,DECISION-TIME
b28f79d36881afc09ba6011b,fold_3,0,6200682,1,1,1,600,600,29.296875,29.296875,100,100,1,1,1,6200695,0,0.15491651205936921,0.15491651205936921,0.30983302411873836,True,correct,correct;high_confidence;temporal_regime,DECISION-TIME
69e8b2a04dff5a040ec68fcd,fold_3,1,6200954,1,1,1,600,600,29.296875,29.296875,10,10,1,1,1,6200965,0,0.15491651205936921,0.15491651205936921,0.30983302411873836,False,high_confidence_error,false_negative;high_confidence;temporal_regime,DECISION-TIME
a7a005875c30c671c845cda7,fold_3,1,6201024,1,1,1,600,600,29.296875,29.296875,10,10,1,1,1,6201035,0,0.15491651205936921,0.15491651205936921,0.30983302411873836,False,high_confidence_error,false_negative;high_confidence;temporal_regime,DECISION-TIME
f72e1841fe231b7085dac625,fold_3,1,6201046,1,1,1,600,600,29.296875,29.296875,10,10,1,1,1,6201168,0,0.15491651205936921,0.15491651205936921,0.30983302411873836,False,high_confidence_error,false_negative;high_confidence;temporal_regime,DECISION-TIME
01ff2c62fb7f14f727e5a1e3,fold_3,1,6201054,1,1,1,600,600,29.296875,29.296875,10,10,1,1,1,6201170,0,0.15491651205936921,0.15491651205936921,0.30983302411873836,False,high_confidence_error,false_negative;high_confidence;temporal_regime,DECISION-TIME
3ee710069b9846286bad42fe,fold_3,0,6201058,1,1,1,600,600,29.296875,29.296875,10,10,1,1,1,6201173,0,0.15491651205936921,0.15491651205936921,0.30983302411873836,True,correct,correct;high_confidence;temporal_regime,DECISION-TIME
e88910de67dffbdf2b820387,fold_3,1,6201076,1,1,1,600,600,29.296875,29.296875,10,10,1,1,1,6201438,0,0.15491651205936921,0.15491651205936921,0.30983302411873836,False,high_confidence_error,false_negative;high_confidence;temporal_regime,DECISION-TIME
4bc33e20f28fabdc8e785742,fold_3,0,6203899,1,1,1,600,600,29.296875,29.296875,100,100,1,1,1,6208518,0,0.15491651205936921,0.15491651205936921,0.30983302411873836,True,correct,correct;high_confidence;temporal_regime,DECISION-TIME
1c0298efbe72f10ddda83a86,fold_3,0,6203903,1,1,1,600,600,29.296875,29.296875,100,100,1,1,1,6208640,0,0.15491651205936921,0.15491651205936921,0.30983302411873836,True,correct,correct;high_confidence;temporal_regime,DECISION-TIME
d2cd6d5592320c50f36c2902,fold_3,0,6205595,1,1,1,600,600,29.296875,29.296875,25,25,1,1,1,6205606,0,0.15491651205936921,0.15491651205936921,0.30983302411873836,True,correct,correct;high_confidence;temporal_regime,DECISION-TIME
e8361cbba1600b3cd7b64cf1,fold_3,1,6205844,1,1,1,600,600,29.296875,29.296875,25,25,1,1,1,6205859,0,0.15491651205936921,0.15491651205936921,0.30983302411873836,False,high_confidence_error,false_negative;high_confidence;temporal_regime,DECISION-TIME
3c4674a05787236f4a2e5f6c,fold_3,0,6206595,1,1,1,600,600,29.296875,29.296875,100,100,1,1,1,6206602,0,0.15491651205936921,0.15491651205936921,0.30983302411873836,True,correct,correct;high_confidence;temporal_regime,DECISION-TIME
6189b877ec0a156f9681ee87,fold_3,0,6207343,1,1,1,20,20,29.296875,29.296875,10,10,1,1,1,6208884,1,0.79462102689486558,0.79462102689486558,0.41075794621026884,False,high_confidence_error,false_positive;high_confidence;temporal_regime,DECISION-TIME
c7799f48216542abffb97e6b,fold_3,0,6207360,1,1,1,20,20,29.296875,29.296875,10,10,1,1,1,6210343,1,0.79462102689486558,0.79462102689486558,0.41075794621026884,False,high_confidence_error,false_positive;high_confidence;temporal_regime,DECISION-TIME
0976e67aac75e65edf767a38,fold_3,1,6210167,1,1,1,600,600,29.296875,29.296875,200,200,1,1,1,6210170,0,0.15491651205936921,0.15491651205936921,0.30983302411873836,False,high_confidence_error,false_negative;high_confidence;temporal_regime,DECISION-TIME
5978b2b15093102317dabd62,fold_3,0,6211078,1,1,1,600,600,29.296875,29.296875,100,100,1,2,2,6211354,0,0.15491651205936921,0.15491651205936921,0.30983302411873836,True,correct,correct;high_confidence;temporal_regime,DECISION-TIME
f39e5a27717ee61d5b6ec0ab,fold_3,0,6211354,1,1,1,600,600,29.296875,29.296875,100,100,1,1,1,6211360,0,0.15491651205936921,0.15491651205936921,0.30983302411873836,True,correct,correct;high_confidence;temporal_regime,DECISION-TIME
74e14ffe402079bab7f593e8,fold_3,0,6212003,2,2,301,450,800,10.76171875,19.55078125,,,0,301,297,6212009.6611295678,0,0.15491651205936921,0.15491651205936921,0.30983302411873836,True,correct,correct;high_confidence;temporal_regime;feature_missingness,DECISION-TIME
86f50e61948f4cf39fe24fc7,fold_3,0,6212197,2,2,6,1200,1200,53.7109375,97.65625,25,25,1,6,6,6212207.333333333,1,0.79462102689486558,0.79462102689486558,0.41075794621026884,False,high_confidence_error,false_positive;high_confidence;temporal_regime,DECISION-TIME
790e1af1132510b0774024e1,fold_3,0,6212241,1,1,1,600,600,29.296875,29.296875,25,25,1,1,1,6212252,0,0.15491651205936921,0.15491651205936921,0.30983302411873836,True,correct,correct;high_confidence;temporal_regime,DECISION-TIME
a6a7ee6c7f04dfcf4fc95750,fold_3,0,6214341,1,1,1,600,600,29.296875,29.296875,25,25,1,1,1,6214344,0,0.15491651205936921,0.15491651205936921,0.30983302411873836,True,correct,correct;high_confidence;temporal_regime,DECISION-TIME
b6a39a9253bf364da1273efc,fold_3,0,6214582,1,1,1,800,800,35.15625,35.15625,100,100,1,1,1,6214586,0,0.15491651205936921,0.15491651205936921,0.30983302411873836,True,correct,correct;high_confidence;temporal_regime,DECISION-TIME
548ba36536735c468ff66685,fold_3,0,6215546,1,1,1,600,600,29.296875,29.296875,100,100,1,1,1,6215558,0,0.15491651205936921,0.15491651205936921,0.30983302411873836,True,correct,correct;high_confidence;temporal_regime,DECISION-TIME
fa302389b424b8de25cf3e0c,fold_3,0,6216259,2,2,3,600,600,29.296875,29.296875,100,100,2,3,2,6216306.333333333,1,0.79462102689486558,0.79462102689486558,0.41075794621026884,False,high_confidence_error,false_positive;high_confidence;temporal_regime,DECISION-TIME
70830e6cdcabcc54a8ef6d0b,fold_3,0,6216957,1,1,1,600,600,29.296875,29.296875,100,100,1,1,1,6216961,0,0.15491651205936921,0.15491651205936921,0.30983302411873836,True,correct,correct;high_confidence;temporal_regime,DECISION-TIME
ee211ada273f96b789f04a1b,fold_3,0,6217857,1,1,1,800,800,29.296875,29.296875,50,50,1,1,1,6217864,0,0.15491651205936921,0.15491651205936921,0.30983302411873836,True,correct,correct;high_confidence;temporal_regime,DECISION-TIME
d323fc9221a6f75c599e4c7c,fold_3,0,6218830,1,1,1,800,800,35.15625,35.15625,100,100,1,3,2,6219922,0,0.17877973311201362,0.17877973311201362,0.35755946622402723,True,correct,correct;high_confidence;temporal_regime,DECISION-TIME
564ceda33e7fda7ca622b83f,fold_3,0,6218835,1,1,1,800,800,35.15625,35.15625,100,100,1,1,1,6218846,0,0.15491651205936921,0.15491651205936921,0.30983302411873836,True,correct,correct;high_confidence;temporal_regime,DECISION-TIME
a32cabd2a6f35d9e7982cf62,fold_3,0,6218893,1,1,1,600,600,29.296875,29.296875,100,100,1,1,1,6218907,0,0.15491651205936921,0.15491651205936921,0.30983302411873836,True,correct,correct;high_confidence;temporal_regime,DECISION-TIME
e7b95491458d3fbd00fe4b77,fold_3,1,6219119,2,2,120,600,600,24.4140625,24.4140625,,,0,20,20,6219357,0,0,0,0,False,high_confidence_error,false_negative;high_confidence;temporal_regime;feature_missingness,DECISION-TIME
bc3131ce87d5641b2624f3da,fold_3,0,6219157,1,1,1,600,600,29.296875,29.296875,100,100,1,1,1,6219160,0,0.15491651205936921,0.15491651205936921,0.30983302411873836,True,correct,correct;high_confidence;temporal_regime,DECISION-TIME
fe52fe7e4b557699a70f47ed,fold_3,0,6219222,1,1,1,600,600,29.296875,29.296875,100,100,1,1,1,6219225,0,0.15491651205936921,0.15491651205936921,0.30983302411873836,True,correct,correct;high_confidence;temporal_regime,DECISION-TIME
2cabb39ab115c6719b53a787,fold_3,0,6219454,2,2,2,600,600,29.296875,29.296875,100,100,1,2,2,6219458.5,0,0.15491651205936921,0.15491651205936921,0.30983302411873836,True,correct,correct;high_confidence;temporal_regime,DECISION-TIME
5b1ba975f88990fc6b61dadd,fold_3,0,6219962,1,1,1,600,600,29.296875,29.296875,100,100,1,1,1,6219966,0,0.15491651205936921,0.15491651205936921,0.30983302411873836,True,correct,correct;high_confidence;temporal_regime,DECISION-TIME
5e337660eea698dbc9c7a070,fold_3,0,6221933,1,1,1,600,600,29.296875,29.296875,10,10,1,1,1,6221946,0,0.15491651205936921,0.15491651205936921,0.30983302411873836,True,correct,correct;high_confidence;temporal_regime,DECISION-TIME
d767f364e505be130e442aa0,fold_3,0,6222041,1,1,1,600,600,29.296875,29.296875,10,10,1,1,1,6222048,0,0.15491651205936921,0.15491651205936921,0.30983302411873836,True,correct,correct;high_confidence;temporal_regime,DECISION-TIME
b06b7b541e5c347509a82ccf,fold_3,0,6222050,1,1,1,600,600,29.296875,29.296875,10,10,1,1,1,6222058,0,0.15491651205936921,0.15491651205936921,0.30983302411873836,True,correct,correct;high_confidence;temporal_regime,DECISION-TIME
67d28e0ec827a1cbe28a29ea,fold_3,0,6222170,1,1,1,600,600,29.296875,29.296875,10,10,1,1,1,6222181,0,0.15491651205936921,0.15491651205936921,0.30983302411873836,True,correct,correct;high_confidence;temporal_regime,DECISION-TIME
650c1ff1a02b5c5ecd89b04b,fold_3,0,6222816,1,1,1,600,600,29.296875,29.296875,50,50,1,1,1,6222820,0,0.15491651205936921,0.15491651205936921,0.30983302411873836,True,correct,correct;high_confidence;temporal_regime,DECISION-TIME
a250e8f6d25de34457542598,fold_3,0,6222821,1,1,1,600,600,29.296875,29.296875,100,100,1,1,1,6222834,0,0.15491651205936921,0.15491651205936921,0.30983302411873836,True,correct,correct;high_confidence;temporal_regime,DECISION-TIME
50a2624b026a5b4ddcf1e41e,fold_3,0,6223028,1,1,1,600,600,29.296875,29.296875,100,100,1,1,1,6223033,0,0.15491651205936921,0.15491651205936921,0.30983302411873836,True,correct,correct;high_confidence;temporal_regime,DECISION-TIME
f61ca2cff385fccf5d0ffea9,fold_3,0,6226584,1,1,1,600,600,29.296875,29.296875,100,100,1,1,1,6226592,0,0.15491651205936921,0.15491651205936921,0.30983302411873836,True,correct,correct;high_confidence;temporal_regime,DECISION-TIME
e29c52f1bd07d7b9d3458b9b,fold_3,0,6227259,1,1,8,100,100,24.4140625,24.4140625,100,100,1,9,9,6227379.625,0,0.15491651205936921,0.15491651205936921,0.30983302411873836,True,correct,correct;high_confidence;temporal_regime,DECISION-TIME
a209d9b29c5c283860da842c,fold_3,0,6227778,1,1,1,600,600,29.296875,29.296875,100,100,1,1,1,6227784,0,0.15491651205936921,0.15491651205936921,0.30983302411873836,True,correct,correct;high_confidence;temporal_regime,DECISION-TIME
b9f7e6ad23d3b1f264100d90,fold_3,0,6229454,1,1,1,20,20,29.296875,29.296875,5,5,1,1,1,6229458,1,0.79462102689486558,0.79462102689486558,0.41075794621026884,False,high_confidence_error,false_positive;high_confidence;temporal_regime,DECISION-TIME
26e8d9618fd7bd9ba4e596b5,fold_3,0,6229751,1,1,1,800,800,35.15625,35.15625,100,100,1,1,1,6229759,0,0.15491651205936921,0.15491651205936921,0.30983302411873836,True,correct,correct;high_confidence;temporal_regime,DECISION-TIME
2b5d09c790de95a6008e3c2f,fold_3,1,6230849,2,2,51,600,600,29.296875,29.296875,25,25,1,51,25,6230856.5,0,0.15491651205936921,0.15491651205936921,0.30983302411873836,False,high_confidence_error,false_negative;high_confidence;temporal_regime,DECISION-TIME
3fa9aa8057522cb6cbe2402e,fold_3,0,6230996,1,1,1,600,600,29.296875,29.296875,100,100,1,1,1,6230999,0,0.15491651205936921,0.15491651205936921,0.30983302411873836,True,correct,correct;high_confidence;temporal_regime,DECISION-TIME
237c3864957ed7e8ff504322,fold_3,1,6231998,2,2,51,600,600,29.296875,29.296875,25,25,1,51,36,6232006.5,0,0.15491651205936921,0.15491651205936921,0.30983302411873836,False,high_confidence_error,false_negative;high_confidence;temporal_regime,DECISION-TIME
8974da2d333ae25eaedb1407,fold_3,0,6232728,1,1,1,600,600,29.296875,29.296875,100,100,1,1,1,6232731,0,0.15491651205936921,0.15491651205936921,0.30983302411873836,True,correct,correct;high_confidence;temporal_regime,DECISION-TIME
782d889ae8c23ae6e0341b08,fold_3,0,6235101,2,2,21,350,600,29.296875,29.296875,20,20,1,21,18,6235187.5238095243,0,0.15491651205936921,0.15491651205936921,0.30983302411873836,True,correct,correct;high_confidence;temporal_regime,DECISION-TIME
902881b9bef69342e9751934,fold_3,0,6235479,1,1,1,1000,1000,19.55078125,19.55078125,50,50,1,1,1,6235483,0,0.15491651205936921,0.15491651205936921,0.30983302411873836,True,correct,correct;high_confidence;temporal_regime,DECISION-TIME
cacf4593292ce02fba945a32,fold_3,0,6238571,1,1,8,600,600,29.296875,29.296875,25,25,1,8,8,6238674,0,0.15491651205936921,0.15491651205936921,0.30983302411873836,True,correct,correct;high_confidence;temporal_regime,DECISION-TIME
46e0b4cffca00761ba80d1f4,fold_3,0,6238917,1,1,1,100,100,29.296875,29.296875,100,100,1,1,1,6238928,0,0.15491651205936921,0.15491651205936921,0.30983302411873836,True,correct,correct;high_confidence;temporal_regime,DECISION-TIME
3d4c6d6dcef9dccac523f480,fold_3,0,6240463,1,1,1,600,600,29.296875,29.296875,25,25,1,1,1,6240471,0,0.15491651205936921,0.15491651205936921,0.30983302411873836,True,correct,correct;high_confidence;temporal_regime,DECISION-TIME
57a69c5e92b046c87fc599df,fold_3,1,6242679,1,1,2,100,100,24.4140625,24.4140625,200,200,1,4,2,6243616,0,0.15491651205936921,0.15491651205936921,0.30983302411873836,False,high_confidence_error,false_negative;high_confidence;temporal_regime,DECISION-TIME
1a9b3fcaab2023217f30c8c9,fold_3,0,6242721,2,2,4,600,600,29.296875,29.296875,50,50,1,4,2,6242726.25,0,0.15491651205936921,0.15491651205936921,0.30983302411873836,True,correct,correct;high_confidence;temporal_regime,DECISION-TIME
fea0a82b6b43fc21949d6eaa,fold_3,0,6242743,1,1,1,600,600,29.296875,29.296875,100,100,1,1,1,6242755,0,0.15491651205936921,0.15491651205936921,0.30983302411873836,True,correct,correct;high_confidence;temporal_regime,DECISION-TIME
a75a49ea8bfafcca010ead90,fold_3,0,6243273,1,1,1,600,600,29.296875,29.296875,100,100,1,1,1,6243285,0,0.15491651205936921,0.15491651205936921,0.30983302411873836,True,correct,correct;high_confidence;temporal_regime,DECISION-TIME
da44e24174644ffbf33d4b05,fold_3,1,6245638,1,1,1,600,600,29.296875,29.296875,100,100,1,1,1,6245651,0,0.15491651205936921,0.15491651205936921,0.30983302411873836,False,high_confidence_error,false_negative;high_confidence;temporal_regime,DECISION-TIME
61e2e684c0efa44c884f2977,fold_3,0,6247138,1,1,1,600,600,29.296875,29.296875,100,100,1,1,1,6247143,0,0.15491651205936921,0.15491651205936921,0.30983302411873836,True,correct,correct;high_confidence;temporal_regime,DECISION-TIME
afb786e74a7d72ef33133f6e,fold_3,0,6247836,2,2,7,600,600,39.0625,58.59375,25,25,1,7,5,6247843.4285714282,1,0.79462102689486558,0.79462102689486558,0.41075794621026884,False,high_confidence_error,false_positive;high_confidence;temporal_regime,DECISION-TIME
21bd0a9939d43beeb0f04614,fold_3,0,6248997,1,1,1,600,600,29.296875,29.296875,25,25,1,1,1,6249006,0,0.15491651205936921,0.15491651205936921,0.30983302411873836,True,correct,correct;high_confidence;temporal_regime,DECISION-TIME
fb00797dd99cf3971e80eaaa,fold_3,0,6252771,1,1,1,600,600,29.296875,29.296875,25,25,1,1,1,6252785,0,0.15491651205936921,0.15491651205936921,0.30983302411873836,True,correct,correct;high_confidence;temporal_regime,DECISION-TIME
53ccbce7739365189aed95e6,fold_3,0,6254432,1,1,1,20,20,29.296875,29.296875,5,5,1,1,1,6254437,1,0.79462102689486558,0.79462102689486558,0.41075794621026884,False,high_confidence_error,false_positive;high_confidence;temporal_regime,DECISION-TIME
59d2b60fe05bde3eb2bdae66,fold_3,0,6255289,1,1,1,600,600,29.296875,29.296875,100,100,1,1,1,6255298,0,0.15491651205936921,0.15491651205936921,0.30983302411873836,True,correct,correct;high_confidence;temporal_regime,DECISION-TIME
ea0eeaae64fd1ea60e7b8164,fold_3,1,6255755,2,2,33,700,800,29.296875,29.296875,100,100,1,132,101,6260126.5346534653,1,1,1,0,True,correct,correct;high_confidence;temporal_regime,DECISION-TIME
8b7d15d7f38f0994028f91b8,fold_3,0,6256796,2,2,13,350,600,2,2,25,25,1,13,7,6256802.384615385,0,0.11538461538461539,0.11538461538461539,0.23076923076923084,True,correct,correct;high_confidence;temporal_regime,DECISION-TIME
4701e59373b69deabba0b1bb,fold_3,0,6256835,2,2,12,350,600,2,2,25,25,1,12,7,6256840.333333333,0,0.11538461538461539,0.11538461538461539,0.23076923076923084,True,correct,correct;high_confidence;temporal_regime,DECISION-TIME
ee970306769fd3b0141d819f,fold_3,1,6257378,1,1,1,600,600,29.296875,29.296875,10,10,1,1,1,6257381,0,0.15491651205936921,0.15491651205936921,0.30983302411873836,False,high_confidence_error,false_negative;high_confidence;temporal_regime,DECISION-TIME
7fe528d7fba1ff9fa5b23217,fold_3,0,6257418,1,1,1,600,600,29.296875,29.296875,10,10,1,1,1,6257422,0,0.15491651205936921,0.15491651205936921,0.30983302411873836,True,correct,correct;high_confidence;temporal_regime,DECISION-TIME
8941a2b0541025de0cad727c,fold_3,0,6258322,2,2,2,600,600,19.53125,19.53125,60,60,1,2,2,6258331,0,0.15491651205936921,0.15491651205936921,0.30983302411873836,True,correct,correct;high_confidence;temporal_regime,DECISION-TIME
42df464c0e44ce37c20cb10a,fold_3,0,6262726,2,2,13,350,600,2,2,25,25,1,14,6,6262840.076923077,0,0.11538461538461539,0.11538461538461539,0.23076923076923084,True,correct,correct;high_confidence;temporal_regime,DECISION-TIME
bdfde7e3f87d4fd1594c6738,fold_3,0,6263705,2,2,13,350,600,2,2,25,25,1,17,6,6267054.615384615,0,0.15491651205936921,0.15491651205936921,0.30983302411873836,True,correct,correct;high_confidence;temporal_regime,DECISION-TIME
5e6c48b028f65f5f35c2eb3f,fold_3,0,6264480,1,1,1,600,600,29.296875,29.296875,100,100,1,1,1,6264487,0,0.15491651205936921,0.15491651205936921,0.30983302411873836,True,correct,correct;high_confidence;temporal_regime,DECISION-TIME
dca440334d3490336c2909d7,fold_3,0,6264481,1,1,1,600,600,29.296875,29.296875,100,100,1,1,1,6264495,0,0.15491651205936921,0.15491651205936921,0.30983302411873836,True,correct,correct;high_confidence;temporal_regime,DECISION-TIME
5695ddfbac37d7a82a30f667,fold_3,0,6265637,1,1,1,20,20,29.296875,29.296875,10,10,1,1,1,6265648,1,0.79462102689486558,0.79462102689486558,0.41075794621026884,False,high_confidence_error,false_positive;high_confidence;temporal_regime,DECISION-TIME
ee3acd08d0e636f3273099e9,fold_3,0,6265639,1,1,1,20,20,29.296875,29.296875,10,10,1,1,1,6265648,1,0.79462102689486558,0.79462102689486558,0.41075794621026884,False,high_confidence_error,false_positive;high_confidence;temporal_regime,DECISION-TIME
55eddde27ad302f4ae6b8c14,fold_3,0,6266053,1,1,1,600,600,29.296875,29.296875,100,100,1,1,1,6266059,0,0.15491651205936921,0.15491651205936921,0.30983302411873836,True,correct,correct;high_confidence;temporal_regime,DECISION-TIME
d2c9080a2248b51662dd9de1,fold_3,0,6267768,1,1,1,100,100,1.97265625,1.97265625,,,0,1,1,6267772,0,0.11538461538461539,0.11538461538461539,0.23076923076923084,True,correct,correct;high_confidence;temporal_regime;feature_missingness,DECISION-TIME
c4bcba9ff872b2544d9a7c28,fold_3,0,6268915,1,1,10,50,50,29.296875,29.296875,100,100,1,10,9,6268918,0,0.16112578831236099,0.16112578831236099,0.32225157662472204,True,correct,correct;high_confidence;temporal_regime,DECISION-TIME
32134ecd8bb9e3a4a7253f07,fold_3,0,6269501,1,1,10,50,50,29.296875,29.296875,100,100,1,10,9,6269575,0,0.16601228233058857,0.16601228233058857,0.33202456466117714,True,correct,correct;high_confidence;temporal_regime,DECISION-TIME
4f56b5cde10980f601a0066b,fold_3,0,6270146,2,2,80,600,600,29.296875,29.296875,5,5,1,82,60,6270153.817073171,0,0.15491651205936921,0.15491651205936921,0.30983302411873836,True,correct,correct;high_confidence;temporal_regime,DECISION-TIME
78621817a7305acd38fa103d,fold_3,0,6272184,2,2,25,600,600,34.1796875,39.0625,20,20,1,25,20,6272196.5999999996,0,0.15491651205936921,0.15491651205936921,0.30983302411873836,True,correct,correct;high_confidence;temporal_regime,DECISION-TIME
a927b6b5facb68a55aeadf97,fold_3,0,6273641,1,1,1,600,600,29.296875,29.296875,100,100,1,1,1,6273652,0,0.15491651205936921,0.15491651205936921,0.30983302411873836,True,correct,correct;high_confidence;temporal_regime,DECISION-TIME
84bd9e0303a7469429eaade0,fold_3,0,6274934,1,1,1,600,600,29.296875,29.296875,100,100,1,1,1,6274943,0,0.15491651205936921,0.15491651205936921,0.30983302411873836,True,correct,correct;high_confidence;temporal_regime,DECISION-TIME
09c921f1e93c7d8017fa86ee,fold_3,0,6275534,1,1,1,600,600,29.296875,29.296875,100,100,1,1,1,6275543,0,0.15491651205936921,0.15491651205936921,0.30983302411873836,True,correct,correct;high_confidence;temporal_regime,DECISION-TIME
1eb104d9caafeaa71857e410,fold_3,0,6275745,1,1,1,800,800,35.15625,35.15625,100,100,1,1,1,6275753,0,0.15491651205936921,0.15491651205936921,0.30983302411873836,True,correct,correct;high_confidence;temporal_regime,DECISION-TIME
de3731edc73eb7f43fdf9e85,fold_3,0,6276528,1,1,1,1800,1800,58.59375,58.59375,100,100,1,1,1,6276538,1,0.79462102689486558,0.79462102689486558,0.41075794621026884,False,high_confidence_error,false_positive;high_confidence;temporal_regime,DECISION-TIME
4f0127038c81adf1c617ec89,fold_3,1,6277025,1,1,1,600,600,29.296875,29.296875,100,100,1,1,1,6277035,0,0.15491651205936921,0.15491651205936921,0.30983302411873836,False,high_confidence_error,false_negative;high_confidence;temporal_regime,DECISION-TIME
a68070e0570f4bdbeefa8acd,fold_3,0,6278618,1,1,1,600,600,29.296875,29.296875,100,100,1,1,1,6278628,0,0.15491651205936921,0.15491651205936921,0.30983302411873836,True,correct,correct;high_confidence;temporal_regime,DECISION-TIME
74346d201ae6536934cc3cef,fold_3,0,6278994,1,1,1,600,600,29.296875,29.296875,10,10,1,1,1,6278999,0,0.15491651205936921,0.15491651205936921,0.30983302411873836,True,correct,correct;high_confidence;temporal_regime,DECISION-TIME
ba885e81e9bb80031cf34c61,fold_3,0,6279005,1,1,1,600,600,29.296875,29.296875,10,10,1,1,1,6279009,0,0.15491651205936921,0.15491651205936921,0.30983302411873836,True,correct,correct;high_confidence;temporal_regime,DECISION-TIME
2d3827415de74a9858f04bdc,fold_3,0,6279255,1,1,1,600,600,29.296875,29.296875,10,10,1,1,1,6279260,0,0.15491651205936921,0.15491651205936921,0.30983302411873836,True,correct,correct;high_confidence;temporal_regime,DECISION-TIME
d3fd22c57d1b5e779561465e,fold_3,0,6279262,1,1,1,600,600,29.296875,29.296875,10,10,1,1,1,6279269,0,0.15491651205936921,0.15491651205936921,0.30983302411873836,True,correct,correct;high_confidence;temporal_regime,DECISION-TIME
4126528c9dadb056b798f9f9,fold_3,0,6279271,1,1,1,600,600,29.296875,29.296875,10,10,1,1,1,6279280,0,0.15491651205936921,0.15491651205936921,0.30983302411873836,True,correct,correct;high_confidence;temporal_regime,DECISION-TIME
68641534ab74fcae6e9c586b,fold_3,0,6279272,1,1,1,600,600,29.296875,29.296875,10,10,1,1,1,6279280,0,0.15491651205936921,0.15491651205936921,0.30983302411873836,True,correct,correct;high_confidence;temporal_regime,DECISION-TIME
455f0bfcba9970723812f544,fold_3,0,6280088,1,1,1,800,800,31.26953125,31.26953125,,,0,1,1,6280091,0,0.15491651205936921,0.15491651205936921,0.30983302411873836,True,correct,correct;high_confidence;temporal_regime;feature_missingness,DECISION-TIME
605f235e2aa366b6c7a19417,fold_3,0,6280773,1,1,1,100,100,29.296875,29.296875,25,25,1,1,1,6280785,1,0.79462102689486558,0.79462102689486558,0.41075794621026884,False,high_confidence_error,false_positive;high_confidence;temporal_regime,DECISION-TIME
2ad695d49f94c69f939c1fbc,fold_3,0,6281914,1,1,1,600,600,29.296875,29.296875,10,10,1,1,1,6281927,0,0.15491651205936921,0.15491651205936921,0.30983302411873836,True,correct,correct;high_confidence;temporal_regime,DECISION-TIME
2dec7aa6ad1500dfb23eb665,fold_3,0,6281930,1,1,1,600,600,29.296875,29.296875,10,10,1,1,1,6281937,0,0.15491651205936921,0.15491651205936921,0.30983302411873836,True,correct,correct;high_confidence;temporal_regime,DECISION-TIME
24d6ab2160dcc7a61983e972,fold_3,0,6281938,1,1,1,600,600,29.296875,29.296875,10,10,1,1,1,6281947,0,0.15491651205936921,0.15491651205936921,0.30983302411873836,True,correct,correct;high_confidence;temporal_regime,DECISION-TIME
352c6f80c5c5e61e3439a24d,fold_3,0,6281945,1,1,1,600,600,29.296875,29.296875,10,10,1,1,1,6281958,0,0.15491651205936921,0.15491651205936921,0.30983302411873836,True,correct,correct;high_confidence;temporal_regime,DECISION-TIME
f617fc13cf49ad8c20124d37,fold_3,0,6282017,2,2,51,400,600,18.5546875,29.296875,200,200,1,52,36,6282027.923076923,0,0.15491651205936921,0.15491651205936921,0.30983302411873836,True,correct,correct;high_confidence;temporal_regime,DECISION-TIME
557b7ce2b855f75d6385836c,fold_3,0,6282177,1,1,1,600,600,29.296875,29.296875,100,100,1,1,1,6282180,0,0.15491651205936921,0.15491651205936921,0.30983302411873836,True,correct,correct;high_confidence;temporal_regime,DECISION-TIME
cdca7f7be0c752251dfa447d,fold_3,0,6282716,2,2,11,8,8,0.9765625,0.9765625,,,0,11,10,6282722.1818181816,0,0.072288848652034943,0.072288848652034943,0.14457769730406989,True,correct,correct;high_confidence;temporal_regime;feature_missingness,DECISION-TIME
2a34cdca44f28953f5860bfc,fold_3,1,6283563,1,1,1,1800,1800,58.59375,58.59375,100,100,1,1,1,6283566,1,0.79462102689486558,0.79462102689486558,0.41075794621026884,True,correct,correct;high_confidence;temporal_regime,DECISION-TIME
95da8350462fa6d1468ded2e,fold_3,0,6284355,1,1,1,600,600,29.296875,29.296875,100,100,1,1,1,6284361,0,0.15491651205936921,0.15491651205936921,0.30983302411873836,True,correct,correct;high_confidence;temporal_regime,DECISION-TIME
f43d116764272765e18cd833,fold_3,0,6284690,1,1,1,150,150,5.859375,5.859375,100,100,1,1,1,6284701,0,0.15491651205936921,0.15491651205936921,0.30983302411873836,True,correct,correct;high_confidence;temporal_regime,DECISION-TIME
08b2f74d83be4c5097d77a64,fold_3,0,6284931,2,2,100,400,700,8.7890625,9.765625,15,15,1,104,61,6284940.432692308,0,0.15491651205936921,0.15491651205936921,0.30983302411873836,True,correct,correct;high_confidence;temporal_regime,DECISION-TIME
960e86c036a2092693b110fe,fold_3,0,6285302,1,1,1,600,600,29.296875,29.296875,100,100,1,1,1,6285313,0,0.15491651205936921,0.15491651205936921,0.30983302411873836,True,correct,correct;high_confidence;temporal_regime,DECISION-TIME
71f40db58638a2c242f6b8fd,fold_3,1,6286702,1,1,1,600,600,29.296875,29.296875,10,10,1,1,1,6286714,0,0.15491651205936921,0.15491651205936921,0.30983302411873836,False,high_confidence_error,false_negative;high_confidence;temporal_regime,DECISION-TIME
3c1cc255dbca5500ec41bf80,fold_3,0,6286729,1,1,1,600,600,29.296875,29.296875,10,10,1,1,1,6286830,0,0.15491651205936921,0.15491651205936921,0.30983302411873836,True,correct,correct;high_confidence;temporal_regime,DECISION-TIME
3a516376d3648d04b80cfc75,fold_3,1,6286730,1,1,1,600,600,29.296875,29.296875,10,10,1,1,1,6286830,0,0.15491651205936921,0.15491651205936921,0.30983302411873836,False,high_confidence_error,false_negative;high_confidence;temporal_regime,DECISION-TIME
9d49ce687be04c8fe719bfc2,fold_3,0,6286762,1,1,1,600,600,29.296875,29.296875,10,10,1,1,1,6287017,0,0.15491651205936921,0.15491651205936921,0.30983302411873836,True,correct,correct;high_confidence;temporal_regime,DECISION-TIME
52eb71b98ee58bd3167f377f,fold_3,0,6286788,1,1,1,600,600,29.296875,29.296875,10,10,1,1,1,6287168,0,0.15491651205936921,0.15491651205936921,0.30983302411873836,True,correct,correct;high_confidence;temporal_regime,DECISION-TIME
2ffeb667da7e019aaced78ad,fold_3,0,6286796,1,1,1,600,600,29.296875,29.296875,10,10,1,1,1,6287642,0,0.15491651205936921,0.15491651205936921,0.30983302411873836,True,correct,correct;high_confidence;temporal_regime,DECISION-TIME
8cec529fa2cebdd7d3362b29,fold_3,0,6287051,1,1,1,1200,1200,29.296875,29.296875,10,10,1,1,1,6288264,0,0.15491651205936921,0.15491651205936921,0.30983302411873836,True,correct,correct;high_confidence;temporal_regime,DECISION-TIME
d941ba9ca26f2074b98f4f79,fold_3,0,6288258,2,2,12,500,600,29.296875,29.296875,25,25,1,12,4,6288281.916666667,0,0.15491651205936921,0.15491651205936921,0.30983302411873836,True,correct,correct;high_confidence;temporal_regime,DECISION-TIME
227d583b858c61fad2103182,fold_3,0,6288466,1,1,1,600,600,29.296875,29.296875,200,200,1,1,1,6288469,0,0.15491651205936921,0.15491651205936921,0.30983302411873836,True,correct,correct;high_confidence;temporal_regime,DECISION-TIME
214302872c9ad01d639a6476,fold_3,0,6289428,1,1,1,600,600,29.296875,29.296875,100,100,1,1,1,6289439,0,0.15491651205936921,0.15491651205936921,0.30983302411873836,True,correct,correct;high_confidence;temporal_regime,DECISION-TIME
b81711fe0d99622073192782,fold_3,0,6292510,1,1,2,1800,1800,58.59375,58.59375,100,100,1,2,1,6292515.5,1,0.79462102689486558,0.79462102689486558,0.41075794621026884,False,high_confidence_error,false_positive;high_confidence;temporal_regime,DECISION-TIME
206f92bfd38b484828dacae3,fold_3,0,6295333,1,1,1,600,600,29.296875,29.296875,100,100,1,1,1,6295345,0,0.15491651205936921,0.15491651205936921,0.30983302411873836,True,correct,correct;high_confidence;temporal_regime,DECISION-TIME
7129b950c48d60356ade0259,fold_3,0,6296149,1,1,1,600,600,29.296875,29.296875,100,100,1,1,1,6296153,0,0.15491651205936921,0.15491651205936921,0.30983302411873836,True,correct,correct;high_confidence;temporal_regime,DECISION-TIME
a59d181c6da548791b3c1542,fold_3,0,6296542,1,1,1,600,600,29.296875,29.296875,100,100,1,1,1,6296545,0,0.15491651205936921,0.15491651205936921,0.30983302411873836,True,correct,correct;high_confidence;temporal_regime,DECISION-TIME
a9aa862f71a5600d9135b003,fold_3,0,6297952,1,1,1,600,600,29.296875,29.296875,50,50,1,1,1,6297956,0,0.15491651205936921,0.15491651205936921,0.30983302411873836,True,correct,correct;high_confidence;temporal_regime,DECISION-TIME
19927f17dedf0d6c61255e1a,fold_3,1,6298074,2,2,5,600,600,9.765625,9.765625,25,25,1,5,2,6298081.5,0,0.15491651205936921,0.15491651205936921,0.30983302411873836,False,high_confidence_error,false_negative;high_confidence;temporal_regime,DECISION-TIME
956fba790b6b5649edd91f89,fold_3,0,6298264,1,1,1,1800,1800,58.59375,58.59375,100,100,1,1,1,6298277,1,0.79462102689486558,0.79462102689486558,0.41075794621026884,False,high_confidence_error,false_positive;high_confidence;temporal_regime,DECISION-TIME
6ff7cf36af53dda2ff9565c4,fold_3,0,6298288,1,1,1,600,600,29.296875,29.296875,100,100,1,1,1,6298297,0,0.15491651205936921,0.15491651205936921,0.30983302411873836,True,correct,correct;high_confidence;temporal_regime,DECISION-TIME
7534b1bb54fec87437615d57,fold_3,0,6298288,1,1,1,600,600,29.296875,29.296875,100,100,1,1,1,6298297,0,0.15491651205936921,0.15491651205936921,0.30983302411873836,True,correct,correct;high_confidence;temporal_regime,DECISION-TIME
372c32035d81736e5fc8582d,fold_3,0,6298547,1,1,1,800,800,35.15625,35.15625,100,100,1,1,1,6298557,0,0.15491651205936921,0.15491651205936921,0.30983302411873836,True,correct,correct;high_confidence;temporal_regime,DECISION-TIME
8aa9507bfc0ce29c644a11df,fold_3,0,6299147,1,1,1,600,600,29.296875,29.296875,100,100,1,1,1,6299160,0,0.15491651205936921,0.15491651205936921,0.30983302411873836,True,correct,correct;high_confidence;temporal_regime,DECISION-TIME
224bea583b987d72fe7ad52c,fold_3,1,6299212,1,1,8,1800,1800,58.59375,58.59375,100,100,1,6,5,6299219,1,0.79462102689486558,0.79462102689486558,0.41075794621026884,True,correct,correct;high_confidence;temporal_regime,DECISION-TIME
b9c8aae871bec14412184518,fold_3,0,6299388,1,1,1,800,800,35.15625,35.15625,100,100,1,1,1,6299399,0,0.15491651205936921,0.15491651205936921,0.30983302411873836,True,correct,correct;high_confidence;temporal_regime,DECISION-TIME
4ed27ec99f26a9c1294f200c,fold_3,0,6299623,1,1,8,1800,1800,58.59375,58.59375,100,100,1,8,6,6299629.375,1,0.79462102689486558,0.79462102689486558,0.41075794621026884,False,high_confidence_error,false_positive;high_confidence;temporal_regime,DECISION-TIME
c00dc60e18c9f9c1ef4484bf,fold_3,0,6300437,2,2,15,350,600,24.4140625,29.296875,25,25,1,16,11,6301130.5999999996,0,0.15491651205936921,0.15491651205936921,0.30983302411873836,True,correct,correct;high_confidence;temporal_regime,DECISION-TIME
cb7061d9498b0c050aca77dc,fold_3,0,6301848,1,1,1,600,600,29.296875,29.296875,100,100,1,1,1,6301853,0,0.15491651205936921,0.15491651205936921,0.30983302411873836,True,correct,correct;high_confidence;temporal_regime,DECISION-TIME
9af323dad593185abb805426,fold_3,0,6302216,1,1,1,1600,1600,29.296875,29.296875,100,100,1,1,1,6302224,0,0.15491651205936921,0.15491651205936921,0.30983302411873836,True,correct,correct;high_confidence;temporal_regime,DECISION-TIME
f7df4eab6015868b0fd34b31,fold_3,0,6303385,1,1,1,600,600,29.296875,29.296875,10,10,1,1,1,6303399,0,0.15491651205936921,0.15491651205936921,0.30983302411873836,True,correct,correct;high_confidence;temporal_regime,DECISION-TIME
60406d21a8dd00d580fcf9a6,fold_3,0,6303409,1,1,1,600,600,29.296875,29.296875,10,10,1,1,1,6303461,0,0.15491651205936921,0.15491651205936921,0.30983302411873836,True,correct,correct;high_confidence;temporal_regime,DECISION-TIME
17f97e9ae93690a4a4b943dc,fold_3,0,6303431,1,1,1,600,600,29.296875,29.296875,10,10,1,1,1,6303472,0,0.15491651205936921,0.15491651205936921,0.30983302411873836,True,correct,correct;high_confidence;temporal_regime,DECISION-TIME
8fb2b150fd377c88d101e851,fold_3,0,6303526,1,1,1,600,600,29.296875,29.296875,10,10,1,1,1,6303563,0,0.15491651205936921,0.15491651205936921,0.30983302411873836,True,correct,correct;high_confidence;temporal_regime,DECISION-TIME
9dc00dab24938f29a7577dee,fold_3,0,6303526,1,1,1,600,600,29.296875,29.296875,10,10,1,1,1,6303563,0,0.15491651205936921,0.15491651205936921,0.30983302411873836,True,correct,correct;high_confidence;temporal_regime,DECISION-TIME
6cc6b3dfe1fecd14a9e2f88e,fold_3,0,6303528,1,1,1,600,600,29.296875,29.296875,10,10,1,1,1,6303541,0,0.15491651205936921,0.15491651205936921,0.30983302411873836,True,correct,correct;high_confidence;temporal_regime,DECISION-TIME
f31b5465e20a0cb6fc53330b,fold_3,0,6303533,1,1,1,600,600,29.296875,29.296875,10,10,1,1,1,6303572,0,0.15491651205936921,0.15491651205936921,0.30983302411873836,True,correct,correct;high_confidence;temporal_regime,DECISION-TIME
40cc1c9e2cbe10f80592d9b7,fold_3,0,6304272,1,1,1,600,600,29.296875,29.296875,10,10,1,1,1,6304284,0,0.15491651205936921,0.15491651205936921,0.30983302411873836,True,correct,correct;high_confidence;temporal_regime,DECISION-TIME
044103a8112f048fa066d91d,fold_3,0,6304302,1,1,1,600,600,29.296875,29.296875,10,10,1,1,1,6304314,0,0.15491651205936921,0.15491651205936921,0.30983302411873836,True,correct,correct;high_confidence;temporal_regime,DECISION-TIME
d68017a158d3f52b56ad3ae2,fold_3,0,6306011,1,1,1,600,600,29.296875,29.296875,100,100,1,1,1,6306019,0,0.15491651205936921,0.15491651205936921,0.30983302411873836,True,correct,correct;high_confidence;temporal_regime,DECISION-TIME
ab96940af9cec2c828173224,fold_3,0,6307612,1,1,1,600,600,29.296875,29.296875,25,25,1,1,1,6307623,0,0.15491651205936921,0.15491651205936921,0.30983302411873836,True,correct,correct;high_confidence;temporal_regime,DECISION-TIME
6f895e7c22d78a45791d9c6a,fold_3,0,6309621,2,2,25,400,600,17.578125,29.296875,20,20,1,25,6,6309631.2400000002,0,0.15491651205936921,0.15491651205936921,0.30983302411873836,True,correct,correct;high_confidence;temporal_regime,DECISION-TIME
7c899907e2382343075f2242,fold_3,0,6310001,1,1,1,600,600,29.296875,29.296875,100,100,1,1,1,6310012,0,0.15491651205936921,0.15491651205936921,0.30983302411873836,True,correct,correct;high_confidence;temporal_regime,DECISION-TIME
21f2cc890892a370e8ef5e5c,fold_3,0,6311018,1,1,1,600,600,29.296875,29.296875,25,25,1,1,1,6311026,0,0.15491651205936921,0.15491651205936921,0.30983302411873836,True,correct,correct;high_confidence;temporal_regime,DECISION-TIME
d39711ce1c11688bb1ab82f1,fold_3,0,6311440,1,1,1,600,600,29.296875,29.296875,100,100,1,1,1,6311446,0,0.15491651205936921,0.15491651205936921,0.30983302411873836,True,correct,correct;high_confidence;temporal_regime,DECISION-TIME
2a48177bb31f6bb0ef271df3,fold_3,0,6311471,1,1,1,1000,1000,19.55078125,19.55078125,50,50,1,1,1,6311474,0,0.15491651205936921,0.15491651205936921,0.30983302411873836,True,correct,correct;high_confidence;temporal_regime,DECISION-TIME
0d952fae614d17be6012285a,fold_3,0,6311543,2,2,102,100,100,0.78125,0.78125,100,100,1,102,87,6311558.1470588231,0,0.15491651205936921,0.15491651205936921,0.30983302411873836,True,correct,correct;high_confidence;temporal_regime,DECISION-TIME
404c2e496a61303466492e4c,fold_3,0,6311976,1,1,1,600,600,29.296875,29.296875,100,100,1,1,1,6311989,0,0.15491651205936921,0.15491651205936921,0.30983302411873836,True,correct,correct;high_confidence;temporal_regime,DECISION-TIME
60a318ad725db7adb3d279b5,fold_3,0,6312239,1,1,1,600,600,29.296875,29.296875,25,25,1,1,1,6312250,0,0.15491651205936921,0.15491651205936921,0.30983302411873836,True,correct,correct;high_confidence;temporal_regime,DECISION-TIME
bfea05b5a6a86c702f907c9a,fold_3,0,6312891,1,1,1,600,600,29.296875,29.296875,50,50,1,1,1,6312902,0,0.15491651205936921,0.15491651205936921,0.30983302411873836,True,correct,correct;high_confidence;temporal_regime,DECISION-TIME
284d06a8471954bbbd900d31,fold_3,0,6313874,1,1,1,100,100,29.296875,29.296875,100,100,1,1,1,6313887,0,0.15491651205936921,0.15491651205936921,0.30983302411873836,True,correct,correct;high_confidence;temporal_regime,DECISION-TIME
486f0a4b062b29d26506d1ee,fold_3,0,6313878,1,1,1,600,600,29.296875,29.296875,100,100,1,1,1,6313881,0,0.15491651205936921,0.15491651205936921,0.30983302411873836,True,correct,correct;high_confidence;temporal_regime,DECISION-TIME
5343dbc5e7ee4b102d43a4a2,fold_3,0,6314670,1,1,1,600,600,29.296875,29.296875,100,100,1,1,1,6314681,0,0.15491651205936921,0.15491651205936921,0.30983302411873836,True,correct,correct;high_confidence;temporal_regime,DECISION-TIME
854e1f5fbf3f8ab21113c94b,fold_3,0,6314955,1,1,1,600,600,29.296875,29.296875,100,100,1,1,1,6314963,0,0.15491651205936921,0.15491651205936921,0.30983302411873836,True,correct,correct;high_confidence;temporal_regime,DECISION-TIME
e5541933e96d4dcff00f634a,fold_3,0,6315800,1,1,1,800,800,35.15625,35.15625,100,100,1,1,1,6315805,0,0.15491651205936921,0.15491651205936921,0.30983302411873836,True,correct,correct;high_confidence;temporal_regime,DECISION-TIME
0a1836d15f77aebea1099e99,fold_3,0,6316038,1,1,1,600,600,29.296875,29.296875,25,25,1,1,1,6316047,0,0.15491651205936921,0.15491651205936921,0.30983302411873836,True,correct,correct;high_confidence;temporal_regime,DECISION-TIME
167d9f58ccf9d37395784c57,fold_3,0,6319238,1,1,1,1800,1800,58.59375,58.59375,100,100,1,1,1,6319251,1,0.79462102689486558,0.79462102689486558,0.41075794621026884,False,high_confidence_error,false_positive;high_confidence;temporal_regime,DECISION-TIME
4c542234f0a56ffc7f83164b,fold_3,1,6321613,1,1,1,1800,1800,58.59375,58.59375,100,100,1,1,1,6325154,1,0.79462102689486558,0.79462102689486558,0.41075794621026884,True,correct,correct;high_confidence;temporal_regime,DECISION-TIME
509b6d8e9565a935dcb0950f,fold_3,1,6321664,1,1,1,600,600,29.296875,29.296875,50,50,1,1,1,6321667,0,0.15491651205936921,0.15491651205936921,0.30983302411873836,False,high_confidence_error,false_negative;high_confidence;temporal_regime,DECISION-TIME
633845b4efb30697cfd35d11,fold_3,0,6322234,1,1,1,1000,1000,19.55078125,19.55078125,50,50,1,1,1,6322238,0,0.15491651205936921,0.15491651205936921,0.30983302411873836,True,correct,correct;high_confidence;temporal_regime,DECISION-TIME
a4efd01c5070cad876e065cc,fold_3,0,6322297,1,1,1,600,600,29.296875,29.296875,50,50,1,1,1,6322304,0,0.15491651205936921,0.15491651205936921,0.30983302411873836,True,correct,correct;high_confidence;temporal_regime,DECISION-TIME
d4112e9f1fe717d583b0d94e,fold_3,0,6324837,1,1,1,600,600,29.296875,29.296875,100,100,1,1,1,6324843,0,0.15491651205936921,0.15491651205936921,0.30983302411873836,True,correct,correct;high_confidence;temporal_regime,DECISION-TIME
52a45b8181dffcf13985cc8b,fold_3,0,6326386,1,1,1,600,600,29.296875,29.296875,50,50,1,1,1,6326397,0,0.15491651205936921,0.15491651205936921,0.30983302411873836,True,correct,correct;high_confidence;temporal_regime,DECISION-TIME
ed052a6b2c91789461ce769d,fold_3,0,6327304,1,1,1,1800,1800,58.59375,58.59375,100,100,1,1,1,6327310,1,0.79462102689486558,0.79462102689486558,0.41075794621026884,False,high_confidence_error,false_positive;high_confidence;temporal_regime,DECISION-TIME
546f3bae42fac3a5f6b9a865,fold_3,0,6327457,1,1,1,600,600,29.296875,29.296875,100,100,1,1,1,6327460,0,0.15491651205936921,0.15491651205936921,0.30983302411873836,True,correct,correct;high_confidence;temporal_regime,DECISION-TIME
75ffa0e02d2bae5975388746,fold_3,0,6327638,1,1,1,600,600,29.296875,29.296875,50,50,1,1,1,6327652,0,0.15491651205936921,0.15491651205936921,0.30983302411873836,True,correct,correct;high_confidence;temporal_regime,DECISION-TIME
5051cda0ce3300d07eaffc7c,fold_3,0,6327647,1,1,1,600,600,29.296875,29.296875,50,50,1,1,1,6327652,0,0.15491651205936921,0.15491651205936921,0.30983302411873836,True,correct,correct;high_confidence;temporal_regime,DECISION-TIME
d54d164ce0162e5e6970ca46,fold_3,0,6329110,1,1,1,600,600,29.296875,29.296875,100,100,1,1,1,6329116,0,0.15491651205936921,0.15491651205936921,0.30983302411873836,True,correct,correct;high_confidence;temporal_regime,DECISION-TIME
565f53cf20f182674fd093c6,fold_3,0,6329776,1,1,1,600,600,29.296875,29.296875,100,100,1,1,1,6329788,0,0.15491651205936921,0.15491651205936921,0.30983302411873836,True,correct,correct;high_confidence;temporal_regime,DECISION-TIME
2ef3a2cbd2b695a066b1315d,fold_3,0,6329949,1,1,1,600,600,29.296875,29.296875,25,25,1,1,1,6329959,0,0.15491651205936921,0.15491651205936921,0.30983302411873836,True,correct,correct;high_confidence;temporal_regime,DECISION-TIME
dfdcd65299e59ca01276a27b,fold_3,0,6330766,1,1,1,600,600,29.296875,29.296875,100,100,1,1,1,6330772,0,0.15491651205936921,0.15491651205936921,0.30983302411873836,True,correct,correct;high_confidence;temporal_regime,DECISION-TIME
414de47a643dd813fc8d544e,fold_3,0,6330817,1,1,1,600,600,29.296875,29.296875,25,25,1,1,1,6330821,0,0.15491651205936921,0.15491651205936921,0.30983302411873836,True,correct,correct;high_confidence;temporal_regime,DECISION-TIME
b4c86e11ee4460f1f2c7302c,fold_3,0,6332392,2,2,2,600,600,29.296875,29.296875,25,25,1,2,2,6332400.5,0,0.15491651205936921,0.15491651205936921,0.30983302411873836,True,correct,correct;high_confidence;temporal_regime,DECISION-TIME
550826fed96942e3efcfde9d,fold_3,0,6333109,1,1,1,800,800,58.59375,58.59375,300,300,1,1,1,6333458,1,0.79462102689486558,0.79462102689486558,0.41075794621026884,False,high_confidence_error,false_positive;high_confidence;temporal_regime,DECISION-TIME
07bb7b6c24cfb2a3f1b03b85,fold_3,0,6333473,1,1,1,800,800,35.15625,35.15625,100,100,1,1,1,6333479,0,0.15491651205936921,0.15491651205936921,0.30983302411873836,True,correct,correct;high_confidence;temporal_regime,DECISION-TIME
999f8cfe8ad3bc5099396f0d,fold_3,0,6333478,1,1,1,600,600,29.296875,29.296875,25,25,1,1,1,6333481,0,0.15491651205936921,0.15491651205936921,0.30983302411873836,True,correct,correct;high_confidence;temporal_regime,DECISION-TIME
7cbf2905abcb150e54dc8807,fold_3,0,6333479,1,1,1,800,800,35.15625,35.15625,100,100,1,1,1,6333490,0,0.15491651205936921,0.15491651205936921,0.30983302411873836,True,correct,correct;high_confidence;temporal_regime,DECISION-TIME
7243cd2e3b280ebcd409bcf9,fold_3,0,6334009,1,1,1,600,600,29.296875,29.296875,50,50,1,1,1,6334023,0,0.15491651205936921,0.15491651205936921,0.30983302411873836,True,correct,correct;high_confidence;temporal_regime,DECISION-TIME
6faf6276393251e32ce2e233,fold_3,0,6334370,1,1,1,600,600,29.296875,29.296875,100,100,1,1,1,6334383,0,0.15491651205936921,0.15491651205936921,0.30983302411873836,True,correct,correct;high_confidence;temporal_regime,DECISION-TIME
6ec9ce5fea2b795bb51dc006,fold_3,0,6335183,1,1,1,600,600,29.296875,29.296875,100,100,1,1,1,6335186,0,0.15491651205936921,0.15491651205936921,0.30983302411873836,True,correct,correct;high_confidence;temporal_regime,DECISION-TIME
0c9a735b9e5e1f517d75ac30,fold_3,0,6336277,2,2,51,500,600,19.53125,19.53125,50,50,1,51,31,6336290.176470588,0,0.15491651205936921,0.15491651205936921,0.30983302411873836,True,correct,correct;high_confidence;temporal_regime,DECISION-TIME
568d9a843c5a4f7916826e38,fold_3,0,6336583,1,1,1,600,600,29.296875,29.296875,100,100,1,1,1,6336592,0,0.15491651205936921,0.15491651205936921,0.30983302411873836,True,correct,correct;high_confidence;temporal_regime,DECISION-TIME
12a66dd7867a8d8f43a356f6,fold_3,1,6336591,1,1,1,600,600,29.296875,29.296875,100,100,1,3,2,6337046,0,0.15491651205936921,0.15491651205936921,0.30983302411873836,False,high_confidence_error,false_negative;high_confidence;temporal_regime,DECISION-TIME
94b0dfa599e67cbc9574847f,fold_3,0,6336726,1,1,1,600,600,29.296875,29.296875,100,100,1,1,1,6336729,0,0.15491651205936921,0.15491651205936921,0.30983302411873836,True,correct,correct;high_confidence;temporal_regime,DECISION-TIME
e263996c814eacff7166dd8c,fold_3,0,6336870,1,1,1,600,600,29.296875,29.296875,100,100,1,1,1,6336873,0,0.15491651205936921,0.15491651205936921,0.30983302411873836,True,correct,correct;high_confidence;temporal_regime,DECISION-TIME
d19ca3dd1bbe05fabb383f76,fold_3,0,6336884,1,1,1,600,600,29.296875,29.296875,100,100,1,1,1,6336887,0,0.15491651205936921,0.15491651205936921,0.30983302411873836,True,correct,correct;high_confidence;temporal_regime,DECISION-TIME
8031c0cde2f849c5afb6d849,fold_3,0,6337036,1,1,1,600,600,29.296875,29.296875,100,100,1,1,1,6337039,0,0.15491651205936921,0.15491651205936921,0.30983302411873836,True,correct,correct;high_confidence;temporal_regime,DECISION-TIME
9735333a56e34ef01c775f7a,fold_3,0,6337036,1,1,1,600,600,29.296875,29.296875,100,100,1,1,1,6337039,0,0.15491651205936921,0.15491651205936921,0.30983302411873836,True,correct,correct;high_confidence;temporal_regime,DECISION-TIME
86b3e991e4c2a212bf08a159,fold_3,0,6337207,1,1,1,600,600,29.296875,29.296875,100,100,1,1,1,6337210,0,0.15491651205936921,0.15491651205936921,0.30983302411873836,True,correct,correct;high_confidence;temporal_regime,DECISION-TIME
469e04520c7d4a323614e41b,fold_3,0,6337952,1,1,1,2300,2300,29.296875,29.296875,10,10,1,1,1,6337965,0,0.15491651205936921,0.15491651205936921,0.30983302411873836,True,correct,correct;high_confidence;temporal_regime,DECISION-TIME
f8c9382ba9e7f17fff319d4a,fold_3,0,6338512,1,1,1,600,600,29.296875,29.296875,100,100,1,1,1,6338515,0,0.15491651205936921,0.15491651205936921,0.30983302411873836,True,correct,correct;high_confidence;temporal_regime,DECISION-TIME
3c569ee9e17f727b47bc6602,fold_3,0,6338811,1,1,1,600,600,29.296875,29.296875,10,10,1,1,1,6338817,0,0.15491651205936921,0.15491651205936921,0.30983302411873836,True,correct,correct;high_confidence;temporal_regime,DECISION-TIME
e9e8c195f1dd1c7483e673a7,fold_3,0,6339156,1,1,1,600,600,29.296875,29.296875,100,100,1,1,1,6339159,0,0.15491651205936921,0.15491651205936921,0.30983302411873836,True,correct,correct;high_confidence;temporal_regime,DECISION-TIME
e0ec93cff7617453cb63b52c,fold_3,1,6339340,1,1,1,2300,2300,29.296875,29.296875,10,10,1,1,1,6339349,0,0.15491651205936921,0.15491651205936921,0.30983302411873836,False,high_confidence_error,false_negative;high_confidence;temporal_regime,DECISION-TIME
23ae3c8a2d67054796d93b03,fold_3,1,6340531,1,1,1,2300,2300,29.296875,29.296875,10,10,1,1,1,6340543,0,0.15491651205936921,0.15491651205936921,0.30983302411873836,False,high_confidence_error,false_negative;high_confidence;temporal_regime,DECISION-TIME
a0f5a67a6953ddad01ba7ba7,fold_3,0,6340558,1,1,1,600,600,29.296875,29.296875,100,100,1,1,1,6340561,0,0.15491651205936921,0.15491651205936921,0.30983302411873836,True,correct,correct;high_confidence;temporal_regime,DECISION-TIME
2dd041e78c18cf26a477e705,fold_3,0,6341400,1,1,1,600,600,29.296875,29.296875,25,25,1,1,1,6341405,0,0.15491651205936921,0.15491651205936921,0.30983302411873836,True,correct,correct;high_confidence;temporal_regime,DECISION-TIME
1b331fc4f6ee26aeb703db7f,fold_3,0,6343882,1,1,1,600,600,29.296875,29.296875,10,10,1,1,1,6343893,0,0.15491651205936921,0.15491651205936921,0.30983302411873836,True,correct,correct;high_confidence;temporal_regime,DECISION-TIME
4cd69a62c34c546038f542cd,fold_3,0,6343911,1,1,1,600,600,29.296875,29.296875,10,10,1,1,1,6343923,0,0.15491651205936921,0.15491651205936921,0.30983302411873836,True,correct,correct;high_confidence;temporal_regime,DECISION-TIME
f9e237a0c566df5e536a898d,fold_3,1,6343937,1,1,1,600,600,29.296875,29.296875,10,10,1,1,1,6343943,0,0.15491651205936921,0.15491651205936921,0.30983302411873836,False,high_confidence_error,false_negative;high_confidence;temporal_regime,DECISION-TIME
bfe2e5ce93dd3346641ca125,fold_3,0,6344502,1,1,1,600,600,29.296875,29.296875,100,100,1,1,1,6344515,0,0.15491651205936921,0.15491651205936921,0.30983302411873836,True,correct,correct;high_confidence;temporal_regime,DECISION-TIME
1dcb293f4e6bf0274fa072d7,fold_3,0,6348247,1,1,1,600,600,29.296875,29.296875,100,100,1,1,1,6348259,0,0.15491651205936921,0.15491651205936921,0.30983302411873836,True,correct,correct;high_confidence;temporal_regime,DECISION-TIME
7b2cd191c40dd221a52fec40,fold_3,0,6350533,1,1,1,600,600,29.296875,29.296875,100,100,1,1,1,6350543,0,0.15491651205936921,0.15491651205936921,0.30983302411873836,True,correct,correct;high_confidence;temporal_regime,DECISION-TIME
33d22bf38b2d8038d2481a74,fold_3,0,6351711,1,1,1,800,800,35.15625,35.15625,100,100,1,1,1,6351716,0,0.15491651205936921,0.15491651205936921,0.30983302411873836,True,correct,correct;high_confidence;temporal_regime,DECISION-TIME
95664dda43669d1148980983,fold_3,0,6352143,1,1,1,20,20,29.296875,29.296875,10,10,1,1,1,6352147,1,0.79462102689486558,0.79462102689486558,0.41075794621026884,False,high_confidence_error,false_positive;high_confidence;temporal_regime,DECISION-TIME
4c0976e8bbae1221d39412d8,fold_3,0,6352145,1,1,1,20,20,29.296875,29.296875,10,10,1,1,1,6352158,1,0.79462102689486558,0.79462102689486558,0.41075794621026884,False,high_confidence_error,false_positive;high_confidence;temporal_regime,DECISION-TIME
46965cfac1fa091abf1d1d65,fold_3,0,6354033,1,1,1,600,600,29.296875,29.296875,100,100,1,1,1,6354044,0,0.15491651205936921,0.15491651205936921,0.30983302411873836,True,correct,correct;high_confidence;temporal_regime,DECISION-TIME
ec5a0f5be57d6a8b08e8ab1c,fold_3,0,6355455,3,3,67,600,600,29.296875,29.296875,100,100,1,67,43,6355467.0746268658,0,0.15491651205936921,0.15491651205936921,0.30983302411873836,True,correct,correct;high_confidence;temporal_regime,DECISION-TIME
fc6a5776dcdb1627da256722,fold_3,0,6355672,1,1,10,50,50,29.296875,29.296875,100,100,1,12,6,6355817.4000000004,1,0.79462102689486558,0.79462102689486558,0.41075794621026884,False,high_confidence_error,false_positive;high_confidence;temporal_regime,DECISION-TIME
1bb8f15b2255699724993501,fold_3,0,6356477,1,1,10,50,50,29.296875,29.296875,100,100,1,10,7,6356925.4000000004,0,0.15491651205936921,0.15491651205936921,0.30983302411873836,True,correct,correct;high_confidence;temporal_regime,DECISION-TIME
b393c01604e2405fc4219189,fold_3,0,6356775,3,3,3,466.66666666666669,600,17.098958333333332,29.296875,25,25,1,3,2,6357257.333333333,0,0.15491651205936921,0.15491651205936921,0.30983302411873836,True,correct,correct;high_confidence;temporal_regime,DECISION-TIME
9d2c07ec50928ea25da6527a,fold_3,0,6357087,1,1,10,50,50,29.296875,29.296875,100,100,1,10,9,6357147.7999999998,1,0.79462102689486558,0.79462102689486558,0.41075794621026884,False,high_confidence_error,false_positive;high_confidence;temporal_regime,DECISION-TIME
70b1fa6c4ab16aeb83fec231,fold_3,0,6357921,1,1,1,600,600,29.296875,29.296875,25,25,1,1,1,6357935,0,0.15491651205936921,0.15491651205936921,0.30983302411873836,True,correct,correct;high_confidence;temporal_regime,DECISION-TIME
d9dd8edc143b11e9c7f585aa,fold_3,0,6358167,1,1,4,1800,1800,58.59375,58.59375,100,100,1,4,1,6358177,1,0.79462102689486558,0.79462102689486558,0.41075794621026884,False,high_confidence_error,false_positive;high_confidence;temporal_regime,DECISION-TIME
ae5ac43c4fde7d983bd1967f,fold_3,0,6358299,1,1,1,800,800,35.15625,35.15625,100,100,1,1,1,6358305,0,0.15491651205936921,0.15491651205936921,0.30983302411873836,True,correct,correct;high_confidence;temporal_regime,DECISION-TIME
4b924a20b12c6c277d89c9eb,fold_3,0,6359561,1,1,40,200,200,4,4,20,20,1,40,12,6359789.3499999996,0,0.15491651205936921,0.15491651205936921,0.30983302411873836,True,correct,correct;high_confidence;temporal_regime,DECISION-TIME
8f82e21975e1b451c6c68965,fold_3,0,6362141,1,1,1,800,800,35.15625,35.15625,100,100,1,1,1,6362151,0,0.15491651205936921,0.15491651205936921,0.30983302411873836,True,correct,correct;high_confidence;temporal_regime,DECISION-TIME
9346debd8f29736ba256de6f,fold_3,0,6362231,1,1,1,600,600,29.296875,29.296875,100,100,1,1,1,6362238,0,0.15491651205936921,0.15491651205936921,0.30983302411873836,True,correct,correct;high_confidence;temporal_regime,DECISION-TIME
5e29eb16a835e23065e16f41,fold_3,0,6362234,1,1,1,600,600,29.296875,29.296875,100,100,1,1,1,6362238,0,0.15491651205936921,0.15491651205936921,0.30983302411873836,True,correct,correct;high_confidence;temporal_regime,DECISION-TIME
1221abbac99ff45aed188168,fold_3,0,6362237,1,1,1,600,600,29.296875,29.296875,100,100,1,1,1,6362247,0,0.15491651205936921,0.15491651205936921,0.30983302411873836,True,correct,correct;high_confidence;temporal_regime,DECISION-TIME
c8cf69aa79edbfbdb9344009,fold_3,0,6362245,1,1,1,600,600,29.296875,29.296875,100,100,1,2,2,6362519,0,0.15491651205936921,0.15491651205936921,0.30983302411873836,True,correct,correct;high_confidence;temporal_regime,DECISION-TIME
9f13f8a1d6718b956279b9a2,fold_3,1,6363625,1,1,1,600,600,29.296875,29.296875,100,100,1,1,1,6363632,0,0.15491651205936921,0.15491651205936921,0.30983302411873836,False,high_confidence_error,false_negative;high_confidence;temporal_regime,DECISION-TIME
2c52727b05502500fd4d925f,fold_3,0,6363719,1,1,1,800,800,29.296875,29.296875,50,50,1,1,1,6363722,0,0.15491651205936921,0.15491651205936921,0.30983302411873836,True,correct,correct;high_confidence;temporal_regime,DECISION-TIME
cfda2296e48150a2ce350251,fold_3,1,6363816,1,1,1,600,600,29.296875,29.296875,100,100,1,1,1,6363823,0,0.15491651205936921,0.15491651205936921,0.30983302411873836,False,high_confidence_error,false_negative;high_confidence;temporal_regime,DECISION-TIME
ddaec1c07521c84fbb151a9e,fold_3,1,6363824,1,1,1,600,600,29.296875,29.296875,100,100,1,1,1,6363834,0,0.15491651205936921,0.15491651205936921,0.30983302411873836,False,high_confidence_error,false_negative;high_confidence;temporal_regime,DECISION-TIME
e229c26e0e031152b77c579c,fold_3,1,6363825,1,1,1,600,600,29.296875,29.296875,100,100,1,1,1,6363843,0,0.15491651205936921,0.15491651205936921,0.30983302411873836,False,high_confidence_error,false_negative;high_confidence;temporal_regime,DECISION-TIME
030e82ed6a7a85e066558360,fold_3,1,6363993,1,1,1,600,600,29.296875,29.296875,100,100,1,1,1,6364004,0,0.15491651205936921,0.15491651205936921,0.30983302411873836,False,high_confidence_error,false_negative;high_confidence;temporal_regime,DECISION-TIME
c020582b597677071779d5ad,fold_3,1,6363995,1,1,1,600,600,29.296875,29.296875,100,100,1,1,1,6364004,0,0.15491651205936921,0.15491651205936921,0.30983302411873836,False,high_confidence_error,false_negative;high_confidence;temporal_regime,DECISION-TIME
609594e398d5c76643a8480a,fold_3,1,6364002,1,1,1,600,600,29.296875,29.296875,100,100,1,1,1,6364014,0,0.15491651205936921,0.15491651205936921,0.30983302411873836,False,high_confidence_error,false_negative;high_confidence;temporal_regime,DECISION-TIME
24797b887acdc2d20c9229fa,fold_3,1,6364197,1,1,1,600,600,29.296875,29.296875,100,100,1,1,1,6364205,0,0.15491651205936921,0.15491651205936921,0.30983302411873836,False,high_confidence_error,false_negative;high_confidence;temporal_regime,DECISION-TIME
7b12f2b21a8fa95458b85ede,fold_3,0,6364626,1,1,1,600,600,29.296875,29.296875,25,25,1,1,1,6364636,0,0.15491651205936921,0.15491651205936921,0.30983302411873836,True,correct,correct;high_confidence;temporal_regime,DECISION-TIME
6a1ee58f9f771e18364e695d,fold_3,1,6365048,1,1,1,600,600,29.296875,29.296875,100,100,1,1,1,6365058,0,0.15491651205936921,0.15491651205936921,0.30983302411873836,False,high_confidence_error,false_negative;high_confidence;temporal_regime,DECISION-TIME
012bde941ae96e20f9fb855d,fold_3,1,6365057,1,1,1,600,600,29.296875,29.296875,100,100,1,1,1,6365068,0,0.15491651205936921,0.15491651205936921,0.30983302411873836,False,high_confidence_error,false_negative;high_confidence;temporal_regime,DECISION-TIME
d2a5de820e19c0272ff6d5f6,fold_3,1,6365304,1,1,1,600,600,29.296875,29.296875,100,100,1,1,1,6365329,0,0.15491651205936921,0.15491651205936921,0.30983302411873836,False,high_confidence_error,false_negative;high_confidence;temporal_regime,DECISION-TIME
c83eea8cc9af205910f425b3,fold_3,1,6365311,1,1,1,600,600,29.296875,29.296875,100,100,1,1,1,6365350,0,0.15491651205936921,0.15491651205936921,0.30983302411873836,False,high_confidence_error,false_negative;high_confidence;temporal_regime,DECISION-TIME
abaea6b20e4e6ab4c3b85228,fold_3,0,6365699,1,1,1,600,600,29.296875,29.296875,100,100,1,1,1,6365712,0,0.15491651205936921,0.15491651205936921,0.30983302411873836,True,correct,correct;high_confidence;temporal_regime,DECISION-TIME
23edf7eed78df8b317eb33a2,fold_3,0,6365724,1,1,1,600,600,29.296875,29.296875,100,100,1,1,1,6365953,0,0.15491651205936921,0.15491651205936921,0.30983302411873836,True,correct,correct;high_confidence;temporal_regime,DECISION-TIME
dd3ec15c4906634e29a400d3,fold_3,0,6365849,1,1,1,600,600,29.296875,29.296875,10,10,1,1,1,6365946,0,0.15491651205936921,0.15491651205936921,0.30983302411873836,True,correct,correct;high_confidence;temporal_regime,DECISION-TIME
76d8936c393d193f3344c680,fold_3,0,6365980,1,1,1,600,600,29.296875,29.296875,100,100,1,1,1,6365994,0,0.15491651205936921,0.15491651205936921,0.30983302411873836,True,correct,correct;high_confidence;temporal_regime,DECISION-TIME
919b94ac322453726b79670d,fold_3,0,6366107,1,1,1,100,100,29.296875,29.296875,25,25,1,1,1,6366195,1,0.79462102689486558,0.79462102689486558,0.41075794621026884,False,high_confidence_error,false_positive;high_confidence;temporal_regime,DECISION-TIME
3fd7a47f79b80c47438dd9ec,fold_3,0,6366115,1,1,1,100,100,29.296875,29.296875,25,25,1,1,1,6366196,1,0.79462102689486558,0.79462102689486558,0.41075794621026884,False,high_confidence_error,false_positive;high_confidence;temporal_regime,DECISION-TIME
e87474fbfae7dab96aa278af,fold_3,0,6366127,1,1,1,800,800,31.26953125,31.26953125,,,0,1,1,6366130,0,0.15491651205936921,0.15491651205936921,0.30983302411873836,True,correct,correct;high_confidence;temporal_regime;feature_missingness,DECISION-TIME
491dc8721a5be799865402d6,fold_3,0,6366146,1,1,1,100,100,29.296875,29.296875,25,25,1,1,1,6366235,1,0.79462102689486558,0.79462102689486558,0.41075794621026884,False,high_confidence_error,false_positive;high_confidence;temporal_regime,DECISION-TIME
05fcf1b2f3d38990775809bb,fold_3,0,6366162,1,1,1,100,100,29.296875,29.296875,25,25,1,1,1,6366255,1,0.79462102689486558,0.79462102689486558,0.41075794621026884,False,high_confidence_error,false_positive;high_confidence;temporal_regime,DECISION-TIME
de5db32081f5e07563a2cc65,fold_3,0,6366182,1,1,1,100,100,29.296875,29.296875,25,25,1,1,1,6366285,1,0.79462102689486558,0.79462102689486558,0.41075794621026884,False,high_confidence_error,false_positive;high_confidence;temporal_regime,DECISION-TIME
659a0eda33d51953a44a8852,fold_3,1,6366221,1,1,1,600,600,29.296875,29.296875,100,100,1,1,1,6366342,0,0.15491651205936921,0.15491651205936921,0.30983302411873836,False,high_confidence_error,false_negative;high_confidence;temporal_regime,DECISION-TIME
c28e2519376b67b992e6bdcc,fold_3,0,6366863,1,1,1,600,600,29.296875,29.296875,100,100,1,1,1,6366866,0,0.15491651205936921,0.15491651205936921,0.30983302411873836,True,correct,correct;high_confidence;temporal_regime,DECISION-TIME
b9005e7b484c8376cfc82eb9,fold_3,0,6366995,1,1,1,600,600,29.296875,29.296875,100,100,1,1,1,6366998,0,0.15491651205936921,0.15491651205936921,0.30983302411873836,True,correct,correct;high_confidence;temporal_regime,DECISION-TIME
c78dd1c8ef900fe9430b9188,fold_3,0,6367062,1,1,1,100,100,29.296875,29.296875,25,25,1,1,1,6367070,1,0.79462102689486558,0.79462102689486558,0.41075794621026884,False,high_confidence_error,false_positive;high_confidence;temporal_regime,DECISION-TIME
1c0bb980d02e6634dfb2e2d4,fold_3,0,6367216,1,1,1,100,100,29.296875,29.296875,25,25,1,1,1,6367327,1,0.79462102689486558,0.79462102689486558,0.41075794621026884,False,high_confidence_error,false_positive;high_confidence;temporal_regime,DECISION-TIME
ce4151fa38ec368e17f45fed,fold_3,0,6367739,1,1,1,600,600,29.296875,29.296875,100,100,1,1,1,6367743,0,0.15491651205936921,0.15491651205936921,0.30983302411873836,True,correct,correct;high_confidence;temporal_regime,DECISION-TIME
07b05d65479d984d144a5616,fold_3,0,6368527,1,1,1,600,600,29.296875,29.296875,100,100,1,1,1,6368535,0,0.15491651205936921,0.15491651205936921,0.30983302411873836,True,correct,correct;high_confidence;temporal_regime,DECISION-TIME
d0a9369f8c62ce685a84abfd,fold_3,0,6368956,1,1,1,600,600,29.296875,29.296875,100,100,1,1,1,6368960,0,0.15491651205936921,0.15491651205936921,0.30983302411873836,True,correct,correct;high_confidence;temporal_regime,DECISION-TIME
bc138dcd949fb76a8fa1e60b,fold_3,0,6369334,1,1,1,600,600,29.296875,29.296875,25,25,1,1,1,6369338,0,0.15491651205936921,0.15491651205936921,0.30983302411873836,True,correct,correct;high_confidence;temporal_regime,DECISION-TIME
f1988c7b6143e3ae291b7ec5,fold_3,0,6372649,1,1,1,600,600,29.296875,29.296875,10,10,1,1,1,6372819,0,0.15491651205936921,0.15491651205936921,0.30983302411873836,True,correct,correct;high_confidence;temporal_regime,DECISION-TIME
7e1731e9d83af690d1b3da83,fold_3,0,6372667,1,1,1,600,600,29.296875,29.296875,10,10,1,1,1,6374927,0,0.15491651205936921,0.15491651205936921,0.30983302411873836,True,correct,correct;high_confidence;temporal_regime,DECISION-TIME
099cb8c8e27d84fa070c2000,fold_3,0,6373912,2,2,2,600,600,2.9296875,2.9296875,100,100,1,2,2,6373916,0,0.15384615384615385,0.15384615384615385,0.30769230769230771,True,correct,correct;high_confidence;temporal_regime,DECISION-TIME
b13f7f09a58e1b52fd29d6f3,fold_3,0,6374179,1,1,1,600,600,29.296875,29.296875,100,100,1,1,1,6376737,0,0.15491651205936921,0.15491651205936921,0.30983302411873836,True,correct,correct;high_confidence;temporal_regime,DECISION-TIME
d32f80f200472d904c1a9ac7,fold_3,0,6376685,1,1,1,600,600,29.296875,29.296875,100,100,1,1,1,6376688,0,0.15491651205936921,0.15491651205936921,0.30983302411873836,True,correct,correct;high_confidence;temporal_regime,DECISION-TIME
de41c61cd8a7b1b68337780a,fold_3,1,6377023,2,2,120,600,600,39.0625,48.828125,50,50,1,120,74,6377039.5714285718,0,0.15491651205936921,0.15491651205936921,0.30983302411873836,False,high_confidence_error,false_negative;high_confidence;temporal_regime,DECISION-TIME
67accdf8789f3d5fec87988a,fold_3,0,6377197,2,2,51,600,600,29.296875,29.296875,50,50,1,51,15,6377214.4705882352,0,0.15491651205936921,0.15491651205936921,0.30983302411873836,True,correct,correct;high_confidence;temporal_regime,DECISION-TIME
755dc27c1f3514d505d6c2bc,fold_3,0,6377230,1,1,4,600,600,29.296875,29.296875,25,25,1,4,4,6377270.25,0,0.15491651205936921,0.15491651205936921,0.30983302411873836,True,correct,correct;high_confidence;temporal_regime,DECISION-TIME
ce285ee8ff546fafe4a6006c,fold_3,0,6377767,1,1,1,600,600,29.296875,29.296875,100,100,1,1,1,6380601,0,0.15491651205936921,0.15491651205936921,0.30983302411873836,True,correct,correct;high_confidence;temporal_regime,DECISION-TIME
0931b84d031b7e4d7236a5f8,fold_3,0,6377849,2,2,51,350,600,5.37109375,9.765625,100,100,1,58,33,6377989.176470588,0,0.15491651205936921,0.15491651205936921,0.30983302411873836,True,correct,correct;high_confidence;temporal_regime,DECISION-TIME
75528d8a64a609059a2bcba3,fold_3,0,6378832,2,2,25,600,600,19.53125,19.53125,20,20,1,32,22,6379102.3200000003,0,0.15491651205936921,0.15491651205936921,0.30983302411873836,True,correct,correct;high_confidence;temporal_regime,DECISION-TIME
8eaadf5e7fedafd1f63ff165,fold_3,0,6379469,1,1,1,600,600,29.296875,29.296875,100,100,1,1,1,6379478,0,0.15491651205936921,0.15491651205936921,0.30983302411873836,True,correct,correct;high_confidence;temporal_regime,DECISION-TIME
fc9705e8556fd89f8750e784,fold_3,0,6381029,1,1,1,600,600,29.296875,29.296875,25,25,1,1,1,6381033,0,0.15491651205936921,0.15491651205936921,0.30983302411873836,True,correct,correct;high_confidence;temporal_regime,DECISION-TIME
61206c42840b005311584561,fold_3,0,6381197,1,1,1,600,600,29.296875,29.296875,100,100,1,1,1,6381234,0,0.15491651205936921,0.15491651205936921,0.30983302411873836,True,correct,correct;high_confidence;temporal_regime,DECISION-TIME
ef3f8ecbe05ce763ceed3087,fold_3,0,6383413,1,1,1,600,600,29.296875,29.296875,100,100,1,1,1,6383422,0,0.15491651205936921,0.15491651205936921,0.30983302411873836,True,correct,correct;high_confidence;temporal_regime,DECISION-TIME
54a0c6a940ec93be063c5fa0,fold_3,0,6383436,1,1,1,600,600,29.296875,29.296875,100,100,1,1,1,6383443,0,0.15491651205936921,0.15491651205936921,0.30983302411873836,True,correct,correct;high_confidence;temporal_regime,DECISION-TIME
9f95d6b7ab9f8d006efef634,fold_3,0,6386976,2,2,13,400,600,2,2,25,25,1,13,8,6386980.846153846,0,0.11538461538461539,0.11538461538461539,0.23076923076923084,True,correct,correct;high_confidence;temporal_regime,DECISION-TIME
1ae7f92b97816ec354e7ec09,fold_3,0,6387545,1,1,1,100,100,29.296875,29.296875,100,100,1,1,1,6387549,0,0.15491651205936921,0.15491651205936921,0.30983302411873836,True,correct,correct;high_confidence;temporal_regime,DECISION-TIME
ee8a4e978158030567b722ff,fold_3,1,6388525,1,1,1,600,600,29.296875,29.296875,50,50,1,1,1,6388533,0,0.15491651205936921,0.15491651205936921,0.30983302411873836,False,high_confidence_error,false_negative;high_confidence;temporal_regime,DECISION-TIME
c4f572552515a035804aac21,fold_3,0,6388526,2,2,6,700,800,16.6015625,29.296875,50,50,1,6,2,6388542.333333333,0,0.15491651205936921,0.15491651205936921,0.30983302411873836,True,correct,correct;high_confidence;temporal_regime,DECISION-TIME
ef6dce4961cc21f939a10194,fold_3,1,6388975,1,1,1,600,600,29.296875,29.296875,100,100,1,1,1,6388985,0,0.15491651205936921,0.15491651205936921,0.30983302411873836,False,high_confidence_error,false_negative;high_confidence;temporal_regime,DECISION-TIME
3be0309b177189248020f159,fold_3,0,6389438,1,1,1,20,20,29.296875,29.296875,5,5,1,1,1,6389451,1,0.79462102689486558,0.79462102689486558,0.41075794621026884,False,high_confidence_error,false_positive;high_confidence;temporal_regime,DECISION-TIME
f3cd69ea42a94719c38e04a4,fold_3,0,6389444,1,1,1,20,20,29.296875,29.296875,5,5,1,1,1,6389471,1,0.79462102689486558,0.79462102689486558,0.41075794621026884,False,high_confidence_error,false_positive;high_confidence;temporal_regime,DECISION-TIME
fb9d09e4283f533fe4852051,fold_3,0,6389688,1,1,1,600,600,29.296875,29.296875,10,10,1,1,1,6389705,0,0.15491651205936921,0.15491651205936921,0.30983302411873836,True,correct,correct;high_confidence;temporal_regime,DECISION-TIME
41958b42c8de20b37c29330a,fold_3,0,6389737,1,1,20,600,600,29.296875,29.296875,100,100,1,20,11,6389742.4000000004,0,0.15491651205936921,0.15491651205936921,0.30983302411873836,True,correct,correct;high_confidence;temporal_regime,DECISION-TIME
bfe87e722f1f7a7cc6966c49,fold_3,0,6389762,1,1,1,600,600,29.296875,29.296875,10,10,1,1,1,6389815,0,0.15491651205936921,0.15491651205936921,0.30983302411873836,True,correct,correct;high_confidence;temporal_regime,DECISION-TIME
1963670002c520f72403d951,fold_3,0,6390550,1,1,1,600,600,29.296875,29.296875,10,10,1,1,1,6390559,0,0.15491651205936921,0.15491651205936921,0.30983302411873836,True,correct,correct;high_confidence;temporal_regime,DECISION-TIME
ed2ec95ed7373b592463912e,fold_3,0,6390553,1,1,1,600,600,29.296875,29.296875,10,10,1,1,1,6390559,0,0.15491651205936921,0.15491651205936921,0.30983302411873836,True,correct,correct;high_confidence;temporal_regime,DECISION-TIME
e4881c6207233ebaff53a0bd,fold_3,0,6390554,1,1,1,600,600,29.296875,29.296875,10,10,1,1,1,6390560,0,0.15491651205936921,0.15491651205936921,0.30983302411873836,True,correct,correct;high_confidence;temporal_regime,DECISION-TIME
a89030b68e3bd56445585e38,fold_3,0,6391003,1,1,1,600,600,29.296875,29.296875,10,10,1,1,1,6391013,0,0.15491651205936921,0.15491651205936921,0.30983302411873836,True,correct,correct;high_confidence;temporal_regime,DECISION-TIME
6dba6566f280cd0846c9fdbb,fold_3,0,6391941,1,1,2,600,600,29.296875,29.296875,100,100,1,2,1,6391950,0,0.15491651205936921,0.15491651205936921,0.30983302411873836,True,correct,correct;high_confidence;temporal_regime,DECISION-TIME
27c88a8931b3e7f49d58410e,fold_3,0,6391959,1,1,1,800,800,35.15625,35.15625,100,100,1,1,1,6391970,0,0.15491651205936921,0.15491651205936921,0.30983302411873836,True,correct,correct;high_confidence;temporal_regime,DECISION-TIME
1b545c32bd5fc5ce47e2e00a,fold_3,0,6393323,1,1,1,600,600,29.296875,29.296875,25,25,1,1,1,6393329,0,0.15491651205936921,0.15491651205936921,0.30983302411873836,True,correct,correct;high_confidence;temporal_regime,DECISION-TIME
d3aff45ada380a9e93c8c99c,fold_3,0,6393570,1,1,1,600,600,29.296875,29.296875,25,25,1,1,1,6393581,0,0.15491651205936921,0.15491651205936921,0.30983302411873836,True,correct,correct;high_confidence;temporal_regime,DECISION-TIME
02b846006fe615b210c6727c,fold_3,0,6393685,1,1,1,600,600,29.296875,29.296875,100,100,1,1,1,6393691,0,0.15491651205936921,0.15491651205936921,0.30983302411873836,True,correct,correct;high_confidence;temporal_regime,DECISION-TIME
51e60caa4e83285d3bab80fc,fold_3,0,6394933,2,2,60,600,600,43.9453125,58.59375,25,25,1,89,73,6395565.5730337081,1,0.79462102689486558,0.79462102689486558,0.41075794621026884,False,high_confidence_error,false_positive;high_confidence;temporal_regime,DECISION-TIME
2c540b7aad5920b7a93811ce,fold_3,0,6395656,1,1,1,800,800,35.15625,35.15625,100,100,1,1,1,6395704,0,0.15491651205936921,0.15491651205936921,0.30983302411873836,True,correct,correct;high_confidence;temporal_regime,DECISION-TIME
7fb6ade4b292fe4c3ea53370,fold_3,0,6395660,1,1,1,800,800,35.15625,35.15625,100,100,1,1,1,6395674,0,0.15491651205936921,0.15491651205936921,0.30983302411873836,True,correct,correct;high_confidence;temporal_regime,DECISION-TIME
648095456f20cd926177ee41,fold_3,0,6396150,1,1,1,600,600,29.296875,29.296875,100,100,1,1,1,6396154,0,0.15491651205936921,0.15491651205936921,0.30983302411873836,True,correct,correct;high_confidence;temporal_regime,DECISION-TIME
b2e26e5be261220c3fea2463,fold_3,0,6396276,1,1,1,600,600,29.296875,29.296875,100,100,1,1,1,6396284,0,0.15491651205936921,0.15491651205936921,0.30983302411873836,True,correct,correct;high_confidence;temporal_regime,DECISION-TIME
806c1d69e727ebf577e6194c,fold_3,0,6396606,1,1,8,600,600,29.296875,29.296875,25,25,1,8,1,6396610.125,0,0.15491651205936921,0.15491651205936921,0.30983302411873836,True,correct,correct;high_confidence;temporal_regime,DECISION-TIME
5f130629bfbd0273132f9748,fold_3,0,6397237,1,1,1,600,600,29.296875,29.296875,100,100,1,1,1,6397245,0,0.15491651205936921,0.15491651205936921,0.30983302411873836,True,correct,correct;high_confidence;temporal_regime,DECISION-TIME
06ca41bc5f187ffac673d472,fold_3,1,6397406,2,2,11,350,500,4.8828125,4.8828125,50,50,1,11,10,6397412.5,0,0.15491651205936921,0.15491651205936921,0.30983302411873836,False,high_confidence_error,false_negative;high_confidence;temporal_regime,DECISION-TIME
776ea73a99ca1040ec76fe0e,fold_3,0,6397704,2,2,2,600,600,29.296875,29.296875,100,100,1,2,1,6397720.5,0,0.15491651205936921,0.15491651205936921,0.30983302411873836,True,correct,correct;high_confidence;temporal_regime,DECISION-TIME
668793f51bccccae70f9d922,fold_3,0,6400587,1,1,1,600,600,29.296875,29.296875,100,100,1,1,1,6400600,0,0.15491651205936921,0.15491651205936921,0.30983302411873836,True,correct,correct;high_confidence;temporal_regime,DECISION-TIME
0c70a7e38571d5db61d7f5db,fold_3,0,6400597,1,1,1,600,600,29.296875,29.296875,100,100,1,1,1,6400662,0,0.15491651205936921,0.15491651205936921,0.30983302411873836,True,correct,correct;high_confidence;temporal_regime,DECISION-TIME
1ff7f3f997b5f14f3a3e3b5d,fold_3,0,6400597,1,1,1,600,600,29.296875,29.296875,100,100,1,1,1,6400610,0,0.15491651205936921,0.15491651205936921,0.30983302411873836,True,correct,correct;high_confidence;temporal_regime,DECISION-TIME
0b68182ee4b951c54bbe4d7c,fold_3,0,6400601,1,1,1,600,600,29.296875,29.296875,100,100,1,1,1,6400721,0,0.15491651205936921,0.15491651205936921,0.30983302411873836,True,correct,correct;high_confidence;temporal_regime,DECISION-TIME
694744562196d318c7a15d64,fold_3,0,6402751,1,1,1,1800,1800,58.59375,58.59375,100,100,1,1,1,6402796,1,0.79462102689486558,0.79462102689486558,0.41075794621026884,False,high_confidence_error,false_positive;high_confidence;temporal_regime,DECISION-TIME
4c7a001d4427bc12ead5e000,fold_3,0,6402863,2,2,51,500,600,19.53125,19.53125,50,50,1,51,33,6402876.7058823528,0,0.15491651205936921,0.15491651205936921,0.30983302411873836,True,correct,correct;high_confidence;temporal_regime,DECISION-TIME
9420e45203bebe14b7d7a3ac,fold_3,1,6402964,1,1,1,600,600,29.296875,29.296875,100,100,1,1,1,6402976,0,0.15491651205936921,0.15491651205936921,0.30983302411873836,False,high_confidence_error,false_negative;high_confidence;temporal_regime,DECISION-TIME
dacaf2d4f199c116504cec51,fold_3,0,6403549,1,1,1,100,100,1.97265625,1.97265625,,,0,1,1,6403552,0,0.11538461538461539,0.11538461538461539,0.23076923076923084,True,correct,correct;high_confidence;temporal_regime;feature_missingness,DECISION-TIME
82f3f83857e13c8a800410a4,fold_3,0,6403785,1,1,1,600,600,29.296875,29.296875,100,100,1,1,1,6403789,0,0.15491651205936921,0.15491651205936921,0.30983302411873836,True,correct,correct;high_confidence;temporal_regime,DECISION-TIME
ab2a02d1a596a48d81c8b644,fold_3,0,6404062,1,1,1,600,600,29.296875,29.296875,100,100,1,1,1,6404071,0,0.15491651205936921,0.15491651205936921,0.30983302411873836,True,correct,correct;high_confidence;temporal_regime,DECISION-TIME
763fc649008b00b1e04da730,fold_3,0,6404530,1,1,1,600,600,29.296875,29.296875,100,100,1,1,1,6404542,0,0.15491651205936921,0.15491651205936921,0.30983302411873836,True,correct,correct;high_confidence;temporal_regime,DECISION-TIME
897373aae6aa6cbd1187f899,fold_3,0,6404631,2,2,12,600,600,29.296875,29.296875,50,50,1,13,12,6405495,0,0.15491651205936921,0.15491651205936921,0.30983302411873836,True,correct,correct;high_confidence;temporal_regime,DECISION-TIME
efb67f6f667494957d63390e,fold_3,0,6404772,1,1,1,600,600,29.296875,29.296875,25,25,1,1,1,6404782,0,0.15491651205936921,0.15491651205936921,0.30983302411873836,True,correct,correct;high_confidence;temporal_regime,DECISION-TIME
7e707ff313085e11a4394037,fold_3,0,6405720,1,1,1,600,600,29.296875,29.296875,100,100,1,1,1,6405723,0,0.15491651205936921,0.15491651205936921,0.30983302411873836,True,correct,correct;high_confidence;temporal_regime,DECISION-TIME
b3ef6f4c290332c8d87af754,fold_3,0,6405799,2,2,6,350,600,8.30078125,15.625,100,100,1,6,5,6405812.333333333,0,0.15384615384615385,0.15384615384615385,0.30769230769230771,True,correct,correct;high_confidence;temporal_regime,DECISION-TIME
36b6b0def230ecad9f4ab2bf,fold_3,0,6406704,1,1,1,600,600,29.296875,29.296875,100,100,1,1,1,6406716,0,0.15491651205936921,0.15491651205936921,0.30983302411873836,True,correct,correct;high_confidence;temporal_regime,DECISION-TIME
7bc9c4051ff6f684165ee116,fold_3,0,6407107,1,1,4,1800,1800,58.59375,58.59375,100,100,1,4,4,6407118,1,0.79462102689486558,0.79462102689486558,0.41075794621026884,False,high_confidence_error,false_positive;high_confidence;temporal_regime,DECISION-TIME
b13383a3b47235baaf5c73f6,fold_3,1,6407183,1,1,1,100,100,29.296875,29.296875,25,25,1,1,1,6407188,1,0.79462102689486558,0.79462102689486558,0.41075794621026884,True,correct,correct;high_confidence;temporal_regime,DECISION-TIME
cd0414cd1b1b0a9df2f9c10b,fold_3,0,6407374,1,1,1,600,600,29.296875,29.296875,100,100,1,1,1,6407377,0,0.15491651205936921,0.15491651205936921,0.30983302411873836,True,correct,correct;high_confidence;temporal_regime,DECISION-TIME
7196cf726cf4d3969530b13e,fold_3,1,6407533,1,1,1,600,600,29.296875,29.296875,200,200,1,1,1,6407540,0,0.15491651205936921,0.15491651205936921,0.30983302411873836,False,high_confidence_error,false_negative;high_confidence;temporal_regime,DECISION-TIME
290c6de72285fe05490c25f3,fold_3,0,6407589,1,1,1,600,600,29.296875,29.296875,100,100,1,1,1,6407602,0,0.15491651205936921,0.15491651205936921,0.30983302411873836,True,correct,correct;high_confidence;temporal_regime,DECISION-TIME
85139fb32a83022981b29330,fold_3,0,6408048,1,1,1,600,600,29.296875,29.296875,25,25,1,1,1,6408061,0,0.15491651205936921,0.15491651205936921,0.30983302411873836,True,correct,correct;high_confidence;temporal_regime,DECISION-TIME
5ae02433dd39b336f745d342,fold_3,0,6408056,1,1,1,600,600,29.296875,29.296875,25,25,1,1,1,6408061,0,0.15491651205936921,0.15491651205936921,0.30983302411873836,True,correct,correct;high_confidence;temporal_regime,DECISION-TIME
f0786d845bd8baf8a178d382,fold_3,1,6409069,2,2,11,600,600,29.296875,29.296875,25,25,1,11,8,6409078.5,0,0.15491651205936921,0.15491651205936921,0.30983302411873836,False,high_confidence_error,false_negative;high_confidence;temporal_regime,DECISION-TIME
a252e9dcf7485b228bbb4b1d,fold_3,1,6409129,2,2,85,450,600,17.08984375,19.53125,25,25,1,85,60,6409134.166666667,0,0.15491651205936921,0.15491651205936921,0.30983302411873836,False,high_confidence_error,false_negative;high_confidence;temporal_regime,DECISION-TIME
b31c10855cec7f374b788ff1,fold_3,0,6409409,1,1,1,600,600,29.296875,29.296875,10,10,1,1,1,6409416,0,0.15491651205936921,0.15491651205936921,0.30983302411873836,True,correct,correct;high_confidence;temporal_regime,DECISION-TIME
cf073cf49ad6ad52288c91c0,fold_3,0,6409497,1,1,1,600,600,29.296875,29.296875,100,100,1,1,1,6409500,0,0.15491651205936921,0.15491651205936921,0.30983302411873836,True,correct,correct;high_confidence;temporal_regime,DECISION-TIME
f90fb7be75cf3260bb3dd632,fold_3,0,6409560,1,1,1,600,600,29.296875,29.296875,10,10,1,1,1,6409607,0,0.15491651205936921,0.15491651205936921,0.30983302411873836,True,correct,correct;high_confidence;temporal_regime,DECISION-TIME
b6aa21c3dba9648f85f2b5ec,fold_3,0,6409588,1,1,1,800,800,35.15625,35.15625,100,100,1,1,1,6409637,0,0.15491651205936921,0.15491651205936921,0.30983302411873836,True,correct,correct;high_confidence;temporal_regime,DECISION-TIME
d68cdcd1153b1924c7cace67,fold_3,0,6409598,1,1,1,600,600,29.296875,29.296875,10,10,1,1,1,6409614,0,0.15491651205936921,0.15491651205936921,0.30983302411873836,True,correct,correct;high_confidence;temporal_regime,DECISION-TIME
162c6e6501a6aeca5e1f28d8,fold_3,1,6411826,1,1,1,600,600,29.296875,29.296875,100,100,1,1,1,6411833,0,0.15491651205936921,0.15491651205936921,0.30983302411873836,False,high_confidence_error,false_negative;high_confidence;temporal_regime,DECISION-TIME
3ee51c411bc318ab753d2dc3,fold_3,0,6412458,1,1,1,600,600,29.296875,29.296875,10,10,1,1,1,6412464,0,0.15491651205936921,0.15491651205936921,0.30983302411873836,True,correct,correct;high_confidence;temporal_regime,DECISION-TIME
84895fe5307fb9e5bd9a25d0,fold_3,0,6412536,1,1,1,600,600,29.296875,29.296875,10,10,1,1,1,6412543,0,0.15491651205936921,0.15491651205936921,0.30983302411873836,True,correct,correct;high_confidence;temporal_regime,DECISION-TIME
735995a75fd39b3f3bfd95a3,fold_3,0,6412547,1,1,1,600,600,29.296875,29.296875,10,10,1,1,1,6412553,0,0.15491651205936921,0.15491651205936921,0.30983302411873836,True,correct,correct;high_confidence;temporal_regime,DECISION-TIME
375df14e01bb70fd524124e7,fold_3,0,6412662,1,1,1,600,600,29.296875,29.296875,100,100,1,1,1,6412675,0,0.15491651205936921,0.15491651205936921,0.30983302411873836,True,correct,correct;high_confidence;temporal_regime,DECISION-TIME
430ee657f53af01c9f2a1b65,fold_3,0,6413581,2,2,21,500,600,6.8359375,9.765625,50,50,1,21,11,6413595.6190476194,0,0.15491651205936921,0.15491651205936921,0.30983302411873836,True,correct,correct;high_confidence;temporal_regime,DECISION-TIME
228caf2b27b5bc8ee1d2ec5b,fold_3,0,6413974,1,1,1,1000,1000,19.55078125,19.55078125,50,50,1,1,1,6413977,0,0.15491651205936921,0.15491651205936921,0.30983302411873836,True,correct,correct;high_confidence;temporal_regime,DECISION-TIME
5c738c7adf951ca5f50c32ef,fold_3,1,6414051,1,1,1,9000,9000,300,300,800,800,1,1,1,6414056,1,0.83520889043871183,0.83520889043871183,0.32958221912257635,True,correct,correct;high_confidence;temporal_regime,DECISION-TIME
1aaab9a55e64f9f795db7983,fold_3,0,6415018,1,1,1,600,600,29.296875,29.296875,100,100,1,1,1,6415029,0,0.15491651205936921,0.15491651205936921,0.30983302411873836,True,correct,correct;high_confidence;temporal_regime,DECISION-TIME
7056d9f594f0514129a44fd7,fold_3,0,6415687,2,2,2,450,800,53.7109375,78.125,25,25,1,2,2,6416227.5,1,0.79462102689486558,0.79462102689486558,0.41075794621026884,False,high_confidence_error,false_positive;high_confidence;temporal_regime,DECISION-TIME
bb0c38fccdcf2db9042a8f15,fold_3,0,6416142,1,1,1,600,600,29.296875,29.296875,100,100,1,1,1,6416151,0,0.15491651205936921,0.15491651205936921,0.30983302411873836,True,correct,correct;high_confidence;temporal_regime,DECISION-TIME
e72f176da82ac8aa069b59d9,fold_3,0,6417318,1,1,1,800,800,35.15625,35.15625,100,100,1,1,1,6417325,0,0.15491651205936921,0.15491651205936921,0.30983302411873836,True,correct,correct;high_confidence;temporal_regime,DECISION-TIME
0663bec45520ed32c8662ca4,fold_3,1,6418110,2,2,2,600,600,29.296875,29.296875,25,25,1,2,2,6418119,0,0.15491651205936921,0.15491651205936921,0.30983302411873836,False,high_confidence_error,false_negative;high_confidence;temporal_regime,DECISION-TIME
6e043cab3f16b1aed54613ba,fold_3,0,6418188,1,1,1,600,600,29.296875,29.296875,100,100,1,1,1,6418195,0,0.15491651205936921,0.15491651205936921,0.30983302411873836,True,correct,correct;high_confidence;temporal_regime,DECISION-TIME
19ca716f69d0b39962dd3f8f,fold_3,0,6418515,1,1,1,600,600,29.296875,29.296875,25,25,1,1,1,6418527,0,0.15491651205936921,0.15491651205936921,0.30983302411873836,True,correct,correct;high_confidence;temporal_regime,DECISION-TIME
194ce05799b6ad9bb3cd928c,fold_3,0,6419382,1,1,1,1800,1800,58.59375,58.59375,100,100,1,1,1,6419428,1,0.79462102689486558,0.79462102689486558,0.41075794621026884,False,high_confidence_error,false_positive;high_confidence;temporal_regime,DECISION-TIME
a0cc6325dfb19189dc19d63c,fold_3,1,6419795,1,1,1,600,600,29.296875,29.296875,100,100,1,1,1,6419808,0,0.15491651205936921,0.15491651205936921,0.30983302411873836,False,high_confidence_error,false_negative;high_confidence;temporal_regime,DECISION-TIME
76a3ad8cecfe2499df2ca311,fold_3,0,6421973,1,1,4,400,400,58.59375,58.59375,100,100,1,4,3,6421981.75,1,0.79462102689486558,0.79462102689486558,0.41075794621026884,False,high_confidence_error,false_positive;high_confidence;temporal_regime,DECISION-TIME
9d62ff920aae2f22f5e3593a,fold_3,1,6422097,1,1,1,100,100,1.953125,1.953125,100,100,1,1,1,6422102,0,0.15491651205936921,0.15491651205936921,0.30983302411873836,False,high_confidence_error,false_negative;high_confidence;temporal_regime,DECISION-TIME
b8c122617d456c528c7f2e6a,fold_3,1,6422280,2,2,46,650,1000,9.765625,9.765625,25,25,1,46,42,6422368,0,0.15491651205936921,0.15491651205936921,0.30983302411873836,False,high_confidence_error,false_negative;high_confidence;temporal_regime,DECISION-TIME
98791ffabe8ccecbab64ca06,fold_3,1,6422603,2,2,31,1200,1200,19.53125,19.53125,25,25,1,31,14,6422609,0,0.15491651205936921,0.15491651205936921,0.30983302411873836,False,high_confidence_error,false_negative;high_confidence;temporal_regime,DECISION-TIME
e596539636232cec95e55a94,fold_3,0,6423098,1,1,1,600,600,29.296875,29.296875,100,100,1,1,1,6423103,0,0.15491651205936921,0.15491651205936921,0.30983302411873836,True,correct,correct;high_confidence;temporal_regime,DECISION-TIME
67a5fd144921d539a079a237,fold_3,0,6423433,1,1,1,600,600,29.296875,29.296875,100,100,1,1,1,6423445,0,0.15491651205936921,0.15491651205936921,0.30983302411873836,True,correct,correct;high_confidence;temporal_regime,DECISION-TIME
84e654886f56faaebd4ab1e2,fold_3,1,6423581,2,2,20,600,600,78.125,78.125,25,25,1,20,19,6423586.4000000004,1,0.79462102689486558,0.79462102689486558,0.41075794621026884,True,correct,correct;high_confidence;temporal_regime,DECISION-TIME
b3e833c1533cf0aab9577cae,fold_3,0,6423590,2,2,4,700,800,29.296875,29.296875,100,100,1,4,2,6423601.5,0,0.15491651205936921,0.15491651205936921,0.30983302411873836,True,correct,correct;high_confidence;temporal_regime,DECISION-TIME
d8605767c2b389b7b91ecc3a,fold_3,0,6424144,1,1,1,600,600,29.296875,29.296875,10,10,1,1,1,6424156,0,0.15491651205936921,0.15491651205936921,0.30983302411873836,True,correct,correct;high_confidence;temporal_regime,DECISION-TIME
c66566b2dca13ca0c316970a,fold_3,0,6424152,1,1,1,600,600,29.296875,29.296875,10,10,1,1,1,6424155,0,0.15491651205936921,0.15491651205936921,0.30983302411873836,True,correct,correct;high_confidence;temporal_regime,DECISION-TIME
4bdf97d685fff9cbe31465a6,fold_3,0,6424222,1,1,1,800,800,35.15625,35.15625,100,100,1,1,1,6424227,0,0.15491651205936921,0.15491651205936921,0.30983302411873836,True,correct,correct;high_confidence;temporal_regime,DECISION-TIME
e4ee3e2c4776c8deda6fd33d,fold_3,0,6424445,1,1,1,600,600,29.296875,29.296875,25,25,1,1,1,6424456,0,0.15491651205936921,0.15491651205936921,0.30983302411873836,True,correct,correct;high_confidence;temporal_regime,DECISION-TIME
9766b983cfce3e89709905ef,fold_3,0,6424462,1,1,1,600,600,29.296875,29.296875,25,25,1,1,1,6424467,0,0.15491651205936921,0.15491651205936921,0.30983302411873836,True,correct,correct;high_confidence;temporal_regime,DECISION-TIME
a1c9d1e31a798a74aeefbdbd,fold_3,0,6425925,1,1,1,600,600,29.296875,29.296875,100,100,1,1,1,6425931,0,0.15491651205936921,0.15491651205936921,0.30983302411873836,True,correct,correct;high_confidence;temporal_regime,DECISION-TIME
29e9f3a5a0a97304647f2c99,fold_3,1,6426234,1,1,1,600,600,29.296875,29.296875,100,100,1,1,1,6426241,0,0.15491651205936921,0.15491651205936921,0.30983302411873836,False,high_confidence_error,false_negative;high_confidence;temporal_regime,DECISION-TIME
c64fe81e0ede8baae45e75b6,fold_3,1,6426269,1,1,1,600,600,29.296875,29.296875,100,100,1,1,1,6426281,0,0.15491651205936921,0.15491651205936921,0.30983302411873836,False,high_confidence_error,false_negative;high_confidence;temporal_regime,DECISION-TIME
4bc9ae804b224b7a0879b403,fold_3,0,6426318,1,1,1,600,600,29.296875,29.296875,100,100,1,1,1,6426335,0,0.15491651205936921,0.15491651205936921,0.30983302411873836,True,correct,correct;high_confidence;temporal_regime,DECISION-TIME
8fc47aa29a2689e690ba8789,fold_3,0,6427170,1,1,1,800,800,35.15625,35.15625,100,100,1,1,1,6427183,0,0.15491651205936921,0.15491651205936921,0.30983302411873836,True,correct,correct;high_confidence;temporal_regime,DECISION-TIME
d0e39b72ddc4dd2f83fc0983,fold_3,1,6427180,2,2,25,400,600,15.13671875,16.6015625,25,25,1,25,16,6427183.833333333,0,0.15491651205936921,0.15491651205936921,0.30983302411873836,False,high_confidence_error,false_negative;high_confidence;temporal_regime,DECISION-TIME
43f48c48f9b289c8ca4d3e59,fold_3,0,6427683,1,1,1,1800,1800,58.59375,58.59375,100,100,1,1,1,6427692,1,0.79462102689486558,0.79462102689486558,0.41075794621026884,False,high_confidence_error,false_positive;high_confidence;temporal_regime,DECISION-TIME
0c0729dadbfd27e1b2bb2648,fold_3,0,6428189,2,2,101,450,800,10.76171875,19.55078125,,,0,101,98,6428206.4059405942,0,0.11538461538461539,0.11538461538461539,0.23076923076923084,True,correct,correct;high_confidence;temporal_regime;feature_missingness,DECISION-TIME
7b15c62ac946c855f3f49410,fold_3,1,6429157,2,2,45,450,600,18.5546875,19.53125,25,25,1,45,24,6429160.5,0,0.15491651205936921,0.15491651205936921,0.30983302411873836,False,high_confidence_error,false_negative;high_confidence;temporal_regime,DECISION-TIME
8b91fe2292348b49ed0a008c,fold_3,0,6429525,1,1,1,1800,1800,58.59375,58.59375,100,100,1,1,1,6429568,1,0.79462102689486558,0.79462102689486558,0.41075794621026884,False,high_confidence_error,false_positive;high_confidence;temporal_regime,DECISION-TIME
b5a318e59db86b19cb91b35c,fold_3,0,6430253,1,1,1,600,600,29.296875,29.296875,100,100,1,1,1,6430256,0,0.15491651205936921,0.15491651205936921,0.30983302411873836,True,correct,correct;high_confidence;temporal_regime,DECISION-TIME
e36ce70ec1076aa2e7b25238,fold_3,0,6432082,1,1,1,600,600,29.296875,29.296875,25,25,1,1,1,6432091,0,0.15491651205936921,0.15491651205936921,0.30983302411873836,True,correct,correct;high_confidence;temporal_regime,DECISION-TIME
68a161b26c33ae42c3c804fe,fold_3,0,6432083,1,1,1,600,600,29.296875,29.296875,25,25,1,1,1,6432089,0,0.15491651205936921,0.15491651205936921,0.30983302411873836,True,correct,correct;high_confidence;temporal_regime,DECISION-TIME
2f5fb1bb0dba9cd78c085cb1,fold_3,1,6432103,1,1,1,600,600,29.296875,29.296875,25,25,1,1,1,6432110,0,0.15491651205936921,0.15491651205936921,0.30983302411873836,False,high_confidence_error,false_negative;high_confidence;temporal_regime,DECISION-TIME
5b0df1595960c9d9bae7543f,fold_3,0,6432295,1,1,1,600,600,29.296875,29.296875,50,50,1,1,1,6432299,0,0.15491651205936921,0.15491651205936921,0.30983302411873836,True,correct,correct;high_confidence;temporal_regime,DECISION-TIME
54836db1a1dad3c3e3153ffa,fold_3,1,6433380,1,1,1,800,800,29.296875,29.296875,50,50,1,1,1,6433384,0,0.15491651205936921,0.15491651205936921,0.30983302411873836,False,high_confidence_error,false_negative;high_confidence;temporal_regime,DECISION-TIME
96cea857247c3129a6d375d1,fold_3,0,6433505,1,1,1,100,100,1.97265625,1.97265625,,,0,1,1,6433508,0,0.11538461538461539,0.11538461538461539,0.23076923076923084,True,correct,correct;high_confidence;temporal_regime;feature_missingness,DECISION-TIME
07c1bb7c3e17e46bf21e7149,fold_3,0,6433530,1,1,1,600,600,29.296875,29.296875,100,100,1,1,1,6433544,0,0.15491651205936921,0.15491651205936921,0.30983302411873836,True,correct,correct;high_confidence;temporal_regime,DECISION-TIME
f805023f2c567e9b1fccbb57,fold_3,0,6433690,1,1,1,600,600,29.296875,29.296875,100,100,1,1,1,6433693,0,0.15491651205936921,0.15491651205936921,0.30983302411873836,True,correct,correct;high_confidence;temporal_regime,DECISION-TIME
3a1d2e3c898f086efd94d975,fold_3,0,6434586,1,1,1,800,800,35.15625,35.15625,100,100,1,1,1,6434595,0,0.15491651205936921,0.15491651205936921,0.30983302411873836,True,correct,correct;high_confidence;temporal_regime,DECISION-TIME
6d1087537d17e7531d1460df,fold_3,0,6434596,1,1,1,800,800,35.15625,35.15625,100,100,1,1,1,6434604,0,0.15491651205936921,0.15491651205936921,0.30983302411873836,True,correct,correct;high_confidence;temporal_regime,DECISION-TIME
db428287851bed098431a5bb,fold_3,0,6435183,1,1,1,600,600,29.296875,29.296875,5,5,1,1,1,6435186,0,0.15491651205936921,0.15491651205936921,0.30983302411873836,True,correct,correct;high_confidence;temporal_regime,DECISION-TIME
3c12ce61fb21d73485bbc110,fold_3,1,6435579,1,1,1,1800,1800,58.59375,58.59375,100,100,1,1,1,6435587,1,0.79462102689486558,0.79462102689486558,0.41075794621026884,True,correct,correct;high_confidence;temporal_regime,DECISION-TIME
5bfc10a69f7d983ef6e21448,fold_3,0,6435626,3,3,4,466.66666666666669,600,11.098958333333334,29.296875,25,25,1,4,3,6435629.75,0,0.15491651205936921,0.15491651205936921,0.30983302411873836,True,correct,correct;high_confidence;temporal_regime,DECISION-TIME
a79e4112ce6405ee0983319a,fold_3,1,6437017,1,1,1,600,600,29.296875,29.296875,300,300,1,1,1,6437030,0,0.15491651205936921,0.15491651205936921,0.30983302411873836,False,high_confidence_error,false_negative;high_confidence;temporal_regime,DECISION-TIME
ef2a38c5c026f5437bab2efe,fold_3,0,6437513,1,1,1,1800,1800,58.59375,58.59375,100,100,1,1,1,6437522,1,0.79462102689486558,0.79462102689486558,0.41075794621026884,False,high_confidence_error,false_positive;high_confidence;temporal_regime,DECISION-TIME
44c1ed1d12788bcb678d99d0,fold_3,0,6437552,1,1,2,200,200,29.296875,29.296875,100,100,1,2,2,6437562,0,0.15491651205936921,0.15491651205936921,0.30983302411873836,True,correct,correct;high_confidence;temporal_regime,DECISION-TIME
0f9e15013452a7da82441fe2,fold_3,0,6437822,1,1,1,600,600,29.296875,29.296875,100,100,1,1,1,6437832,0,0.15491651205936921,0.15491651205936921,0.30983302411873836,True,correct,correct;high_confidence;temporal_regime,DECISION-TIME
f7569f446df979553b398f4d,fold_3,0,6438202,1,1,2,1800,1800,58.59375,58.59375,100,100,1,2,2,6438214,1,0.79462102689486558,0.79462102689486558,0.41075794621026884,False,high_confidence_error,false_positive;high_confidence;temporal_regime,DECISION-TIME
86963498434014047aa6e57a,fold_3,0,6439600,1,1,1,1800,1800,58.59375,58.59375,100,100,1,1,1,6439608,1,0.79462102689486558,0.79462102689486558,0.41075794621026884,False,high_confidence_error,false_positive;high_confidence;temporal_regime,DECISION-TIME
4e9caad16bd46cb33f69ec7b,fold_3,0,6440382,1,1,1,600,600,29.296875,29.296875,50,50,1,1,1,6440391,0,0.15491651205936921,0.15491651205936921,0.30983302411873836,True,correct,correct;high_confidence;temporal_regime,DECISION-TIME
6d945bf477540558b43f4de8,fold_3,0,6440988,2,2,502,600,600,24.6484375,29.296875,25,25,1,502,105,6441177.2589641437,0,0,0,0,True,correct,correct;high_confidence;temporal_regime,DECISION-TIME
3b660db0d3e502ce1f14193d,fold_3,1,6441221,1,1,1,1800,1800,58.59375,58.59375,100,100,1,1,1,6441271,1,0.79462102689486558,0.79462102689486558,0.41075794621026884,True,correct,correct;high_confidence;temporal_regime,DECISION-TIME
6d23b06d180d61c771a9d214,fold_3,0,6441421,1,1,1,600,600,29.296875,29.296875,100,100,1,1,1,6441432,0,0.15491651205936921,0.15491651205936921,0.30983302411873836,True,correct,correct;high_confidence;temporal_regime,DECISION-TIME
8ebe43ebf41e2c1c1d719760,fold_3,0,6441437,1,1,1,600,600,29.296875,29.296875,100,100,1,1,1,6441559,0,0.15491651205936921,0.15491651205936921,0.30983302411873836,True,correct,correct;high_confidence;temporal_regime,DECISION-TIME
67f3406eacb22f6288f16952,fold_3,0,6441552,1,1,1,800,800,35.15625,35.15625,100,100,1,1,1,6441676,0,0.15491651205936921,0.15491651205936921,0.30983302411873836,True,correct,correct;high_confidence;temporal_regime,DECISION-TIME
b16f4f0c456c160c61df73d4,fold_3,0,6443083,1,1,1,600,600,29.296875,29.296875,100,100,1,1,1,6443097,0,0.15491651205936921,0.15491651205936921,0.30983302411873836,True,correct,correct;high_confidence;temporal_regime,DECISION-TIME
aad21318eae058cf049ae3c7,fold_3,1,6443150,1,1,15,600,600,29.296875,29.296875,25,25,1,15,6,6443153,0,0.15491651205936921,0.15491651205936921,0.30983302411873836,False,high_confidence_error,false_negative;high_confidence;temporal_regime,DECISION-TIME
ac729fb50e66a2b8ee8a937c,fold_3,0,6443270,2,2,6,500,600,2.9296875,3.90625,100,100,1,6,6,6443276.333333333,0,0.15384615384615385,0.15384615384615385,0.30769230769230771,True,correct,correct;high_confidence;temporal_regime,DECISION-TIME
6e6219d37cc2180196284c7c,fold_3,0,6445032,1,1,1,600,600,29.296875,29.296875,100,100,1,1,1,6445042,0,0.15491651205936921,0.15491651205936921,0.30983302411873836,True,correct,correct;high_confidence;temporal_regime,DECISION-TIME
a3a64b454315ba39ca004726,fold_3,0,6447044,1,1,1,1800,1800,58.59375,58.59375,100,100,1,2,2,6447981,1,0.79462102689486558,0.79462102689486558,0.41075794621026884,False,high_confidence_error,false_positive;high_confidence;temporal_regime,DECISION-TIME
ae10b1c242cf10640911caed,fold_3,0,6447366,2,2,11,350,600,2,2,25,25,1,11,5,6447370.8181818184,0,0.11538461538461539,0.11538461538461539,0.23076923076923084,True,correct,correct;high_confidence;temporal_regime,DECISION-TIME
fb37314e7c8864620d6c9df6,fold_3,0,6448765,1,1,1,1800,1800,58.59375,58.59375,100,100,1,1,1,6448773,1,0.79462102689486558,0.79462102689486558,0.41075794621026884,False,high_confidence_error,false_positive;high_confidence;temporal_regime,DECISION-TIME
735b4fb4507f1294105f4ecc,fold_3,0,6449352,1,1,10,50,50,29.296875,29.296875,100,100,1,10,7,6449355.2999999998,0,0.15491651205936921,0.15491651205936921,0.30983302411873836,True,correct,correct;high_confidence;temporal_regime,DECISION-TIME
1481bc5d378394806614e4e3,fold_3,1,6449460,1,1,1,600,600,29.296875,29.296875,100,100,1,1,1,6449464,0,0.15491651205936921,0.15491651205936921,0.30983302411873836,False,high_confidence_error,false_negative;high_confidence;temporal_regime,DECISION-TIME
