job_name,population,label,job_start_time,n_tasks,n_distinct_task_names,sum_inst_num,mean_plan_cpu,max_plan_cpu,mean_plan_mem,max_plan_mem,mean_plan_gpu,max_plan_gpu,n_distinct_gpu_types,n_instances,n_distinct_machines,mean_instance_start_time,predicted_label,risk_score,calibrated_risk,uncertainty,correct,primary_failure_category,secondary_tags,decision_time_availability
5e4e5b998ff0c2a00f2b9d7e,fold_1,0,3563831,1,1,1,600,600,29.296875,29.296875,100,100,1,1,1,3563834,0,0.43999999999999984,0.43999999999999984,0.87999999999999967,True,correct,correct;low_confidence;temporal_regime,DECISION-TIME
40cf4199be8bb67c2cc3a328,fold_1,0,3564667,1,1,1,600,600,29.296875,29.296875,25,25,1,1,1,3564673,0,0.43999999999999984,0.43999999999999984,0.87999999999999967,True,correct,correct;low_confidence;temporal_regime,DECISION-TIME
9da2ef49429a6f021eca70b3,fold_1,0,3565514,1,1,15,600,600,29.296875,29.296875,50,50,1,15,12,3565768.2666666666,0,0.43999999999999984,0.43999999999999984,0.87999999999999967,True,correct,correct;low_confidence;temporal_regime,DECISION-TIME
1298da3f292e5fc37cb83395,fold_1,0,3565988,2,2,31,600,600,29.296875,29.296875,100,100,1,31,17,3566001.6129032257,0,0.088888888888888892,0.088888888888888892,0.17777777777777781,True,correct,correct;high_confidence;temporal_regime,DECISION-TIME
01cd2b3cd94bdb224ab43fa8,fold_1,1,3566952,2,2,9,600,600,29.296875,29.296875,100,100,1,64,35,3591024.1020408161,1,0.9042553266776352,0.9042553266776352,0.19148934664472961,True,correct,correct;high_confidence;temporal_regime,DECISION-TIME
8afd88f0fa5adaabf990625e,fold_1,0,3568145,1,1,1,100,100,1.97265625,1.97265625,,,0,1,1,3568156,0,0,0,0,True,correct,correct;high_confidence;temporal_regime;feature_missingness,DECISION-TIME
84ab1b4820385f7d2ee0d66d,fold_1,0,3568822,1,1,1,600,600,29.296875,29.296875,100,100,1,1,1,3568832,0,0.43999999999999984,0.43999999999999984,0.87999999999999967,True,correct,correct;low_confidence;temporal_regime,DECISION-TIME
abf7348cc735c388806c2dfb,fold_1,0,3569667,2,2,2,600,600,14.6484375,14.6484375,25,25,1,2,2,3569672,0,0.088888888888888892,0.088888888888888892,0.17777777777777781,True,correct,correct;high_confidence;temporal_regime,DECISION-TIME
ef6447dc4f6f6abd70d8d470,fold_1,0,3571096,1,1,1,600,600,29.296875,29.296875,100,100,1,1,1,3571099,0,0.43999999999999984,0.43999999999999984,0.87999999999999967,True,correct,correct;low_confidence;temporal_regime,DECISION-TIME
a55e0e5722b3f2dff3963acc,fold_1,0,3571220,1,1,1,600,600,29.296875,29.296875,100,100,1,1,1,3571227,0,0.43999999999999984,0.43999999999999984,0.87999999999999967,True,correct,correct;low_confidence;temporal_regime,DECISION-TIME
f2f46479c83f8f0631e97cbf,fold_1,0,3571435,2,2,2,600,600,2.9296875,2.9296875,100,100,1,2,2,3571443,0,0.025000000000000001,0.025000000000000001,0.050000000000000044,True,correct,correct;high_confidence;temporal_regime,DECISION-TIME
6f622e06579c0b5bda379aca,fold_1,0,3572345,1,1,4,600,600,29.296875,29.296875,50,50,1,4,3,3573986.25,0,0.43999999999999984,0.43999999999999984,0.87999999999999967,True,correct,correct;low_confidence;temporal_regime,DECISION-TIME
f1874df554afdd8ab5a31a46,fold_1,1,3573518,1,1,1,600,600,29.296875,29.296875,30,30,1,1,1,3573527,0,0.43999999999999984,0.43999999999999984,0.87999999999999967,False,low_confidence_error,false_negative;low_confidence;temporal_regime,DECISION-TIME
2ae4220566ac966fddb0215a,fold_1,0,3574898,1,1,1,1800,1800,58.59375,58.59375,100,100,1,1,1,3575013,0,0.43999999999999984,0.43999999999999984,0.87999999999999967,True,correct,correct;low_confidence;temporal_regime,DECISION-TIME
b68d6279bde32da8b55a54ac,fold_1,0,3575532,1,1,1,600,600,29.296875,29.296875,100,100,1,1,1,3575544,0,0.43999999999999984,0.43999999999999984,0.87999999999999967,True,correct,correct;low_confidence;temporal_regime,DECISION-TIME
ca3d23846b7881fc8167d521,fold_1,0,3575906,1,1,1,600,600,29.296875,29.296875,100,100,1,1,1,3575918,0,0.43999999999999984,0.43999999999999984,0.87999999999999967,True,correct,correct;low_confidence;temporal_regime,DECISION-TIME
a1226b50a3864b40dfe2d62e,fold_1,0,3576277,1,1,1,600,600,29.296875,29.296875,25,25,1,1,1,3576284,0,0.43999999999999984,0.43999999999999984,0.87999999999999967,True,correct,correct;low_confidence;temporal_regime,DECISION-TIME
47aaf2b98df4922db4b0c591,fold_1,0,3576405,2,2,3,1000,1600,34.1796875,58.59375,100,100,1,3,2,3576419,0,0.088888888888888892,0.088888888888888892,0.17777777777777781,True,correct,correct;high_confidence;temporal_regime,DECISION-TIME
e423ceabf5809eebdc0326a4,fold_1,0,3576623,1,1,1,600,600,29.296875,29.296875,100,100,1,1,1,3576637,0,0.43999999999999984,0.43999999999999984,0.87999999999999967,True,correct,correct;low_confidence;temporal_regime,DECISION-TIME
15936b50b63e83a4a9d2589b,fold_1,1,3576942,1,1,1,600,600,29.296875,29.296875,50,50,1,1,1,3577052,0,0.43999999999999984,0.43999999999999984,0.87999999999999967,False,low_confidence_error,false_negative;low_confidence;temporal_regime,DECISION-TIME
bdba87a3c692934b942bf3cb,fold_1,0,3577406,1,1,1,600,600,29.296875,29.296875,10,10,1,1,1,3577409,0,0.43999999999999984,0.43999999999999984,0.87999999999999967,True,correct,correct;low_confidence;temporal_regime,DECISION-TIME
bc786e43a4725c34841f58d5,fold_1,1,3577671,1,1,1,1800,1800,58.59375,58.59375,100,100,1,1,1,3577676,0,0.43999999999999984,0.43999999999999984,0.87999999999999967,False,low_confidence_error,false_negative;low_confidence;temporal_regime,DECISION-TIME
a4a2ca7e1690c63308b307ef,fold_1,1,3578358,1,1,1,600,600,29.296875,29.296875,10,10,1,1,1,3578385,0,0.43999999999999984,0.43999999999999984,0.87999999999999967,False,low_confidence_error,false_negative;low_confidence;temporal_regime,DECISION-TIME
45ec5745b61aef69af0b158f,fold_1,0,3579473,1,1,1,600,600,29.296875,29.296875,100,100,1,3,2,3579932,0,0.43999999999999984,0.43999999999999984,0.87999999999999967,True,correct,correct;low_confidence;temporal_regime,DECISION-TIME
e30762408b9915c890650a28,fold_1,0,3579502,1,1,1,600,600,29.296875,29.296875,100,100,1,1,1,3579604,0,0.43999999999999984,0.43999999999999984,0.87999999999999967,True,correct,correct;low_confidence;temporal_regime,DECISION-TIME
0a48e5563f820ebd63a2165b,fold_1,0,3580329,2,2,2,600,600,2.9296875,2.9296875,100,100,1,2,2,3580340,0,0.025000000000000001,0.025000000000000001,0.050000000000000044,True,correct,correct;high_confidence;temporal_regime,DECISION-TIME
1366c5933f3aae86606116d1,fold_1,0,3580465,1,1,1,600,600,29.296875,29.296875,10,10,1,1,1,3580469,0,0.43999999999999984,0.43999999999999984,0.87999999999999967,True,correct,correct;low_confidence;temporal_regime,DECISION-TIME
822e84f6fd28b97d9070fc68,fold_1,0,3581415,2,2,21,500,600,6.8359375,9.765625,50,50,1,21,19,3581427.3809523811,0,0.088888888888888892,0.088888888888888892,0.17777777777777781,True,correct,correct;high_confidence;temporal_regime,DECISION-TIME
e8aa7a6a2a1cb9c830f109b8,fold_1,0,3582153,1,1,1,600,600,29.296875,29.296875,50,50,1,1,1,3582169,0,0.43999999999999984,0.43999999999999984,0.87999999999999967,True,correct,correct;low_confidence;temporal_regime,DECISION-TIME
df0c40603bab30bfb53f59bf,fold_1,0,3583185,1,1,1,600,600,29.296875,29.296875,50,50,1,1,1,3583193,0,0.43999999999999984,0.43999999999999984,0.87999999999999967,True,correct,correct;low_confidence;temporal_regime,DECISION-TIME
da9846a9df94393e1bb5a32a,fold_1,1,3583413,1,1,1,600,600,29.296875,29.296875,100,100,1,1,1,3583416,0,0.43999999999999984,0.43999999999999984,0.87999999999999967,False,low_confidence_error,false_negative;low_confidence;temporal_regime,DECISION-TIME
47208aa0478f8b771604fc22,fold_1,1,3583831,1,1,1,600,600,29.296875,29.296875,200,200,1,1,1,3583838,0,0.088888888888888892,0.088888888888888892,0.17777777777777781,False,high_confidence_error,false_negative;high_confidence;temporal_regime,DECISION-TIME
c41f127fd0d670f7dc3a14c2,fold_1,1,3585198,2,2,12,600,600,29.296875,29.296875,100,100,1,12,7,3585210,0,0.088888888888888892,0.088888888888888892,0.17777777777777781,False,high_confidence_error,false_negative;high_confidence;temporal_regime,DECISION-TIME
849b55b6b69b550709acf05c,fold_1,0,3586303,1,1,1,600,600,29.296875,29.296875,100,100,1,1,1,3586313,0,0.43999999999999984,0.43999999999999984,0.87999999999999967,True,correct,correct;low_confidence;temporal_regime,DECISION-TIME
4f2566b3a01eaf8719ca2cf3,fold_1,0,3586512,1,1,1,600,600,29.296875,29.296875,100,100,1,1,1,3586524,0,0.43999999999999984,0.43999999999999984,0.87999999999999967,True,correct,correct;low_confidence;temporal_regime,DECISION-TIME
e6039676f211778279aa2d08,fold_1,0,3586516,1,1,1,600,600,29.296875,29.296875,100,100,1,1,1,3586563,0,0.43999999999999984,0.43999999999999984,0.87999999999999967,True,correct,correct;low_confidence;temporal_regime,DECISION-TIME
a2795e47744f8ece95695f2c,fold_1,0,3587174,1,1,1,100,100,1.97265625,1.97265625,,,0,1,1,3587177,0,0,0,0,True,correct,correct;high_confidence;temporal_regime;feature_missingness,DECISION-TIME
ea896582de78cebee717f32c,fold_1,1,3588815,1,1,1,600,600,29.296875,29.296875,100,100,1,1,1,3588818,0,0.43999999999999984,0.43999999999999984,0.87999999999999967,False,low_confidence_error,false_negative;low_confidence;temporal_regime,DECISION-TIME
09c942614b76ee7028f29448,fold_1,0,3589040,1,1,1,20,20,29.296875,29.296875,10,10,1,1,1,3589051,0,0.125,0.125,0.25,True,correct,correct;high_confidence;temporal_regime,DECISION-TIME
df50d2d6bc2f7a190737d4fe,fold_1,0,3589121,1,1,1,200,200,8,8,100,100,1,1,1,3589129,0,0.088888888888888892,0.088888888888888892,0.17777777777777781,True,correct,correct;high_confidence;temporal_regime,DECISION-TIME
fefa034467b27a0d249e68a8,fold_1,0,3590202,1,1,1,3200,3200,19.53125,19.53125,100,100,1,1,1,3590205,0,0.43999999999999984,0.43999999999999984,0.87999999999999967,True,correct,correct;low_confidence;temporal_regime,DECISION-TIME
49bde286d52682837beea475,fold_1,0,3590241,1,1,1,600,600,29.296875,29.296875,100,100,1,1,1,3590254,0,0.43999999999999984,0.43999999999999984,0.87999999999999967,True,correct,correct;low_confidence;temporal_regime,DECISION-TIME
676816f950ee38119f481f20,fold_1,0,3590325,1,1,1,600,600,29.296875,29.296875,100,100,1,1,1,3590335,0,0.43999999999999984,0.43999999999999984,0.87999999999999967,True,correct,correct;low_confidence;temporal_regime,DECISION-TIME
1336da3ca087aa7595dc448f,fold_1,0,3592269,1,1,1,600,600,29.296875,29.296875,50,50,1,1,1,3592272,0,0.43999999999999984,0.43999999999999984,0.87999999999999967,True,correct,correct;low_confidence;temporal_regime,DECISION-TIME
69920bd80d78498fcafbd9e0,fold_1,0,3592817,3,3,3,466.66666666666669,600,11.098958333333334,29.296875,25,25,1,3,3,3592820.6666666665,0,0.088888888888888892,0.088888888888888892,0.17777777777777781,True,correct,correct;high_confidence;temporal_regime,DECISION-TIME
0d206797906409cd02e40cac,fold_1,0,3593455,1,1,1,600,600,29.296875,29.296875,5,5,1,3,2,3595326,0,0.43999999999999984,0.43999999999999984,0.87999999999999967,True,correct,correct;low_confidence;temporal_regime,DECISION-TIME
ea33fe29fff8e1a817c57411,fold_1,0,3593607,1,1,1,600,600,29.296875,29.296875,10,10,1,1,1,3593610,0,0.43999999999999984,0.43999999999999984,0.87999999999999967,True,correct,correct;low_confidence;temporal_regime,DECISION-TIME
058b2aa0629065caaf83fffe,fold_1,0,3595600,1,1,1,600,600,29.296875,29.296875,10,10,1,1,1,3595611,0,0.43999999999999984,0.43999999999999984,0.87999999999999967,True,correct,correct;low_confidence;temporal_regime,DECISION-TIME
490843eee42e74b8a0fb5c95,fold_1,1,3595895,1,1,1,600,600,29.296875,29.296875,10,10,1,1,1,3595903,0,0.43999999999999984,0.43999999999999984,0.87999999999999967,False,low_confidence_error,false_negative;low_confidence;temporal_regime,DECISION-TIME
6e0f67e50122bbddfa865f82,fold_1,0,3597206,1,1,1,1800,1800,58.59375,58.59375,100,100,1,1,1,3597248,0,0.43999999999999984,0.43999999999999984,0.87999999999999967,True,correct,correct;low_confidence;temporal_regime,DECISION-TIME
f0c1cfb24ccd9cb314dfe0ce,fold_1,0,3597207,1,1,1,1800,1800,58.59375,58.59375,100,100,1,1,1,3597255,0,0.43999999999999984,0.43999999999999984,0.87999999999999967,True,correct,correct;low_confidence;temporal_regime,DECISION-TIME
0232a72ba43a4a3041af93c8,fold_1,0,3598056,1,1,1,20,20,29.296875,29.296875,10,10,1,1,1,3598061,0,0.125,0.125,0.25,True,correct,correct;high_confidence;temporal_regime,DECISION-TIME
946d39ce23d185fae732cdb8,fold_1,0,3599965,3,3,3,466.66666666666669,600,11.098958333333334,29.296875,25,25,1,3,3,3599968.6666666665,0,0.088888888888888892,0.088888888888888892,0.17777777777777781,True,correct,correct;high_confidence;temporal_regime,DECISION-TIME
bf196cb64a2bd2ea59e18f3e,fold_1,0,3600468,1,1,1,10,10,29.296875,29.296875,10,10,1,1,1,3600479,0,0.125,0.125,0.25,True,correct,correct;high_confidence;temporal_regime,DECISION-TIME
b6fabc81d58ecb73b0c21452,fold_1,0,3600492,1,1,1,800,800,31.26953125,31.26953125,,,0,1,1,3600495,0,0.025000000000000001,0.025000000000000001,0.050000000000000044,True,correct,correct;high_confidence;temporal_regime;feature_missingness,DECISION-TIME
efc50ac99dc814014cf3a0de,fold_1,0,3601038,1,1,1,600,600,29.296875,29.296875,10,10,1,1,1,3601043,0,0.43999999999999984,0.43999999999999984,0.87999999999999967,True,correct,correct;low_confidence;temporal_regime,DECISION-TIME
908783e05d7045bf5055ed81,fold_1,1,3601226,1,1,1,1800,1800,58.59375,58.59375,400,400,1,1,1,3638313,0,0.43999999999999984,0.43999999999999984,0.87999999999999967,False,low_confidence_error,false_negative;low_confidence;temporal_regime,DECISION-TIME
e73572d3613c0c95dd588c1d,fold_1,0,3601926,1,1,1,3200,3200,29.296875,29.296875,200,200,1,1,1,3601929,0,0.43999999999999984,0.43999999999999984,0.87999999999999967,True,correct,correct;low_confidence;temporal_regime,DECISION-TIME
26a299390cd6e3eee271f600,fold_1,1,3604424,1,1,1,600,600,29.296875,29.296875,50,50,1,1,1,3604427,0,0.43999999999999984,0.43999999999999984,0.87999999999999967,False,low_confidence_error,false_negative;low_confidence;temporal_regime,DECISION-TIME
a5cd4fa1edd2a7bc6d7e21fb,fold_1,0,3604587,1,1,1,600,600,29.296875,29.296875,10,10,1,1,1,3604598,0,0.43999999999999984,0.43999999999999984,0.87999999999999967,True,correct,correct;low_confidence;temporal_regime,DECISION-TIME
41ce08024ce8017011722ff2,fold_1,0,3605133,1,1,1,100,100,29.296875,29.296875,25,25,1,1,1,3605145,0,0.125,0.125,0.25,True,correct,correct;high_confidence;temporal_regime,DECISION-TIME
4805bcc4be065dac7e69c088,fold_1,0,3605593,1,1,1,600,600,29.296875,29.296875,100,100,1,1,1,3605596,0,0.43999999999999984,0.43999999999999984,0.87999999999999967,True,correct,correct;low_confidence;temporal_regime,DECISION-TIME
70bbeb6ff77dd34f50d353d7,fold_1,0,3605850,1,1,1,600,600,29.296875,29.296875,100,100,1,1,1,3605855,0,0.43999999999999984,0.43999999999999984,0.87999999999999967,True,correct,correct;low_confidence;temporal_regime,DECISION-TIME
12c8ea718fdd31556b5a6b96,fold_1,0,3606562,1,1,1,20,20,29.296875,29.296875,5,5,1,1,1,3606578,0,0.43999999999999984,0.43999999999999984,0.87999999999999967,True,correct,correct;low_confidence;temporal_regime,DECISION-TIME
6a8974aa7a6fa4bb0bdeddf7,fold_1,0,3606566,1,1,1,20,20,29.296875,29.296875,5,5,1,1,1,3606575,0,0.43999999999999984,0.43999999999999984,0.87999999999999967,True,correct,correct;low_confidence;temporal_regime,DECISION-TIME
d28563f679969a99dc718d28,fold_1,0,3606580,1,1,1,20,20,29.296875,29.296875,5,5,1,1,1,3606588,0,0.43999999999999984,0.43999999999999984,0.87999999999999967,True,correct,correct;low_confidence;temporal_regime,DECISION-TIME
91bdddcffa19a343a5d12574,fold_1,0,3606581,1,1,1,20,20,29.296875,29.296875,5,5,1,1,1,3606588,0,0.43999999999999984,0.43999999999999984,0.87999999999999967,True,correct,correct;low_confidence;temporal_regime,DECISION-TIME
74480348fc62b7d920336615,fold_1,0,3606584,1,1,1,20,20,29.296875,29.296875,5,5,1,1,1,3606599,0,0.43999999999999984,0.43999999999999984,0.87999999999999967,True,correct,correct;low_confidence;temporal_regime,DECISION-TIME
211235cce4e5f6446d51bb24,fold_1,0,3606760,1,1,1,600,600,29.296875,29.296875,100,100,1,1,1,3606767,0,0.43999999999999984,0.43999999999999984,0.87999999999999967,True,correct,correct;low_confidence;temporal_regime,DECISION-TIME
f24dbed83cfb27b2b19021cc,fold_1,0,3607441,1,1,1,600,600,29.296875,29.296875,25,25,1,1,1,3607455,0,0.43999999999999984,0.43999999999999984,0.87999999999999967,True,correct,correct;low_confidence;temporal_regime,DECISION-TIME
9310bba2cb1c2f435fbabbfb,fold_1,1,3607470,1,1,1,600,600,29.296875,29.296875,10,10,1,1,1,3607476,0,0.43999999999999984,0.43999999999999984,0.87999999999999967,False,low_confidence_error,false_negative;low_confidence;temporal_regime,DECISION-TIME
ab7a2ca4002671ad03d5c1da,fold_1,0,3608225,1,1,1,600,600,29.296875,29.296875,10,10,1,1,1,3608235,0,0.43999999999999984,0.43999999999999984,0.87999999999999967,True,correct,correct;low_confidence;temporal_regime,DECISION-TIME
34bfc721bdd586cf63e58180,fold_1,0,3608369,1,1,1,600,600,29.296875,29.296875,10,10,1,1,1,3608374,0,0.43999999999999984,0.43999999999999984,0.87999999999999967,True,correct,correct;low_confidence;temporal_regime,DECISION-TIME
79949acbd75045002c85b05d,fold_1,0,3608835,1,1,1,600,600,29.296875,29.296875,100,100,1,1,1,3608837,0,0.43999999999999984,0.43999999999999984,0.87999999999999967,True,correct,correct;low_confidence;temporal_regime,DECISION-TIME
c7d63b58b43942996f23271c,fold_1,0,3609521,1,1,1,600,600,29.296875,29.296875,100,100,1,2,2,3610466,0,0.43999999999999984,0.43999999999999984,0.87999999999999967,True,correct,correct;low_confidence;temporal_regime,DECISION-TIME
7ba54ad01d3d2827eb0a8f5b,fold_1,0,3611374,2,2,6,550,800,17.08984375,24.4140625,50,50,1,6,6,3611387.5,0,0.025000000000000001,0.025000000000000001,0.050000000000000044,True,correct,correct;high_confidence;temporal_regime,DECISION-TIME
f8efa646078d6af57ed42d0e,fold_1,0,3611927,1,1,1,600,600,29.296875,29.296875,50,50,1,1,1,3611937,0,0.43999999999999984,0.43999999999999984,0.87999999999999967,True,correct,correct;low_confidence;temporal_regime,DECISION-TIME
641525b6139660416649787b,fold_1,0,3612011,1,1,1,600,600,29.296875,29.296875,100,100,1,1,1,3612017,0,0.43999999999999984,0.43999999999999984,0.87999999999999967,True,correct,correct;low_confidence;temporal_regime,DECISION-TIME
cee5588666ab47f3a65c121a,fold_1,0,3612196,1,1,1,600,600,29.296875,29.296875,25,25,1,1,1,3614488,0,0.43999999999999984,0.43999999999999984,0.87999999999999967,True,correct,correct;low_confidence;temporal_regime,DECISION-TIME
4c320e50829ba6be2ede06b9,fold_1,0,3613031,1,1,1,600,600,29.296875,29.296875,25,25,1,1,1,3613038,0,0.43999999999999984,0.43999999999999984,0.87999999999999967,True,correct,correct;low_confidence;temporal_regime,DECISION-TIME
c1e4d83d183a08d88014c95f,fold_1,0,3615191,1,1,1,600,600,29.296875,29.296875,100,100,1,1,1,3615196,0,0.43999999999999984,0.43999999999999984,0.87999999999999967,True,correct,correct;low_confidence;temporal_regime,DECISION-TIME
1cb14610b4065874cf75cfb9,fold_1,0,3615299,1,1,1,600,600,29.296875,29.296875,25,25,1,1,1,3615307,0,0.43999999999999984,0.43999999999999984,0.87999999999999967,True,correct,correct;low_confidence;temporal_regime,DECISION-TIME
8525590fc2ce1c005fde5498,fold_1,0,3615405,2,2,2,600,600,2.9296875,2.9296875,100,100,1,2,2,3615412.5,0,0.025000000000000001,0.025000000000000001,0.050000000000000044,True,correct,correct;high_confidence;temporal_regime,DECISION-TIME
8c3fc5d46d7b5a05ef94bf98,fold_1,0,3615478,1,1,1,600,600,29.296875,29.296875,25,25,1,1,1,3615488,0,0.43999999999999984,0.43999999999999984,0.87999999999999967,True,correct,correct;low_confidence;temporal_regime,DECISION-TIME
31c9a99ae58b08caa52cf416,fold_1,0,3615524,1,1,20,600,600,9.765625,9.765625,100,100,1,20,16,3615529.3999999999,0,0.088888888888888892,0.088888888888888892,0.17777777777777781,True,correct,correct;high_confidence;temporal_regime,DECISION-TIME
658fc602c97858299526ab95,fold_1,0,3617995,1,1,1,600,600,29.296875,29.296875,100,100,1,1,1,3618001,0,0.43999999999999984,0.43999999999999984,0.87999999999999967,True,correct,correct;low_confidence;temporal_regime,DECISION-TIME
18541b235fa36f394efe0efa,fold_1,0,3618118,1,1,1,600,600,29.296875,29.296875,50,50,1,1,1,3618121,0,0.43999999999999984,0.43999999999999984,0.87999999999999967,True,correct,correct;low_confidence;temporal_regime,DECISION-TIME
0e3f156cd94c41382ecb9e20,fold_1,0,3618238,1,1,1,600,600,29.296875,29.296875,100,100,1,1,1,3618244,0,0.43999999999999984,0.43999999999999984,0.87999999999999967,True,correct,correct;low_confidence;temporal_regime,DECISION-TIME
ad976ae5ce6dfdae55b232c3,fold_1,0,3619546,2,2,23,600,600,15.625,19.53125,25,25,1,23,17,3619554.3913043477,0,0.125,0.125,0.25,True,correct,correct;high_confidence;temporal_regime,DECISION-TIME
684f81be512821d851171b66,fold_1,0,3620457,2,2,35,500,600,12.20703125,14.6484375,25,25,1,35,20,3620472.3714285716,0,0.088888888888888892,0.088888888888888892,0.17777777777777781,True,correct,correct;high_confidence;temporal_regime,DECISION-TIME
53ce1b2aca3c5b33963511a5,fold_1,0,3620591,1,1,10,600,600,29.296875,29.296875,50,50,1,10,8,3620594.2999999998,0,0.43999999999999984,0.43999999999999984,0.87999999999999967,True,correct,correct;low_confidence;temporal_regime,DECISION-TIME
3546c0db2677a9cb5dfa1e97,fold_1,0,3621807,1,1,1,600,600,29.296875,29.296875,100,100,1,1,1,3621817,0,0.43999999999999984,0.43999999999999984,0.87999999999999967,True,correct,correct;low_confidence;temporal_regime,DECISION-TIME
11b38dfe86938eccaef18081,fold_1,0,3622449,1,1,1,600,600,29.296875,29.296875,50,50,1,1,1,3622452,0,0.43999999999999984,0.43999999999999984,0.87999999999999967,True,correct,correct;low_confidence;temporal_regime,DECISION-TIME
8e9be43d5bf7afc9b638a00f,fold_1,0,3622784,1,1,10,600,600,29.296875,29.296875,50,50,1,10,4,3622787.1000000001,0,0.43999999999999984,0.43999999999999984,0.87999999999999967,True,correct,correct;low_confidence;temporal_regime,DECISION-TIME
319d84d1c28d823f42dbc3b3,fold_1,0,3622862,1,1,10,600,600,29.296875,29.296875,50,50,1,10,6,3622875.8999999999,0,0.43999999999999984,0.43999999999999984,0.87999999999999967,True,correct,correct;low_confidence;temporal_regime,DECISION-TIME
e0a44db2d16d45893cbdcdad,fold_1,0,3623032,1,1,1,600,600,29.296875,29.296875,25,25,1,1,1,3623038,0,0.43999999999999984,0.43999999999999984,0.87999999999999967,True,correct,correct;low_confidence;temporal_regime,DECISION-TIME
f2c24b56448fbc2bc6c8899d,fold_1,0,3623072,1,1,16,50,50,29.296875,29.296875,100,100,1,16,16,3623619,0,0.125,0.125,0.25,True,correct,correct;high_confidence;temporal_regime,DECISION-TIME
80fc10209521d567fa83a8d4,fold_1,0,3623558,2,2,2,600,600,29.296875,29.296875,100,100,2,2,2,3623710.5,0,0.43999999999999984,0.43999999999999984,0.87999999999999967,True,correct,correct;low_confidence;temporal_regime,DECISION-TIME
cdd994872056ead42ed5499b,fold_1,0,3623616,2,2,2,600,600,29.296875,29.296875,100,100,1,2,1,3623628,0,0.088888888888888892,0.088888888888888892,0.17777777777777781,True,correct,correct;high_confidence;temporal_regime,DECISION-TIME
11e40068f23448d5431d5ea1,fold_1,0,3624628,1,1,1,1000,1000,19.55078125,19.55078125,50,50,1,1,1,3624631,0,0.43999999999999984,0.43999999999999984,0.87999999999999967,True,correct,correct;low_confidence;temporal_regime,DECISION-TIME
5e3da30a9176a26740090b64,fold_1,0,3624814,1,1,1,600,600,29.296875,29.296875,25,25,1,1,1,3624825,0,0.43999999999999984,0.43999999999999984,0.87999999999999967,True,correct,correct;low_confidence;temporal_regime,DECISION-TIME
d25e148cea37e3d6d563d13f,fold_1,0,3625904,2,2,85,450,600,17.08984375,19.53125,25,25,1,89,44,3625966.3764705881,0,0.43999999999999984,0.43999999999999984,0.87999999999999967,True,correct,correct;low_confidence;temporal_regime,DECISION-TIME
aa4f4cb28fbe685bff74c4fa,fold_1,0,3626882,2,2,21,600,600,29.296875,29.296875,50,50,1,21,8,3634416.1428571427,0,0.088888888888888892,0.088888888888888892,0.17777777777777781,True,correct,correct;high_confidence;temporal_regime,DECISION-TIME
877c8763bb70492b04467750,fold_1,0,3627081,2,2,2,600,600,34.1796875,39.0625,10,10,1,2,2,3627088,0,0.43999999999999984,0.43999999999999984,0.87999999999999967,True,correct,correct;low_confidence;temporal_regime,DECISION-TIME
3cd4e60c0c017fe1430d3ab6,fold_1,0,3627350,1,1,1,600,600,29.296875,29.296875,100,100,1,1,1,3627518,0,0.43999999999999984,0.43999999999999984,0.87999999999999967,True,correct,correct;low_confidence;temporal_regime,DECISION-TIME
526078f3aefbeb18558c2473,fold_1,0,3627849,1,1,2,600,600,29.296875,29.296875,100,100,1,2,2,3627874,0,0.43999999999999984,0.43999999999999984,0.87999999999999967,True,correct,correct;low_confidence;temporal_regime,DECISION-TIME
fb615bdd69b836b9bed77da5,fold_1,0,3628014,2,2,2,600,600,2.9296875,2.9296875,100,100,1,2,2,3628018,0,0.025000000000000001,0.025000000000000001,0.050000000000000044,True,correct,correct;high_confidence;temporal_regime,DECISION-TIME
bfd95e47aa178ac7cb3e482d,fold_1,0,3628071,1,1,1,600,600,29.296875,29.296875,100,100,1,1,1,3628139,0,0.43999999999999984,0.43999999999999984,0.87999999999999967,True,correct,correct;low_confidence;temporal_regime,DECISION-TIME
df64aea25dff087fddefbefa,fold_1,0,3628149,1,1,1,50,50,48.828125,48.828125,500,500,1,1,1,3628153,0,0.025000000000000001,0.025000000000000001,0.050000000000000044,True,correct,correct;high_confidence;temporal_regime,DECISION-TIME
3692a16c21c5e6fd55c6a142,fold_1,0,3628246,2,2,2,600,600,29.296875,29.296875,100,100,1,2,2,3628289.5,0,0.088888888888888892,0.088888888888888892,0.17777777777777781,True,correct,correct;high_confidence;temporal_regime,DECISION-TIME
05c5f56b702b9ea0e88cd9b2,fold_1,0,3628417,1,1,1,600,600,29.296875,29.296875,100,100,1,1,1,3628423,0,0.43999999999999984,0.43999999999999984,0.87999999999999967,True,correct,correct;low_confidence;temporal_regime,DECISION-TIME
1a33212527c2e7a377aa7b37,fold_1,0,3629339,1,1,1,600,600,29.296875,29.296875,25,25,1,1,1,3629381,0,0.43999999999999984,0.43999999999999984,0.87999999999999967,True,correct,correct;low_confidence;temporal_regime,DECISION-TIME
d29ca8cb996f1e5a697c444d,fold_1,0,3629358,2,2,9,350,600,29.296875,29.296875,100,100,1,9,9,3629362.5555555555,0,0.025000000000000001,0.025000000000000001,0.050000000000000044,True,correct,correct;high_confidence;temporal_regime,DECISION-TIME
aa78a15ff78be4b70b245299,fold_1,0,3629797,2,2,2,600,600,2.9296875,2.9296875,100,100,1,2,2,3629802.5,0,0.025000000000000001,0.025000000000000001,0.050000000000000044,True,correct,correct;high_confidence;temporal_regime,DECISION-TIME
d44b973b2473a643634dba8e,fold_1,0,3629807,1,1,1,600,600,29.296875,29.296875,100,100,1,1,1,3629815,0,0.43999999999999984,0.43999999999999984,0.87999999999999967,True,correct,correct;low_confidence;temporal_regime,DECISION-TIME
f9c6e03b432c14cea495552d,fold_1,0,3630866,2,2,26,350,600,2,2,25,25,1,26,11,3630871.730769231,0,0.025000000000000001,0.025000000000000001,0.050000000000000044,True,correct,correct;high_confidence;temporal_regime,DECISION-TIME
e379ad49035682d3e07561a3,fold_1,0,3631402,1,1,1,100,100,1.97265625,1.97265625,,,0,1,1,3631405,0,0,0,0,True,correct,correct;high_confidence;temporal_regime;feature_missingness,DECISION-TIME
dbecfd7c6dc135f762c47c03,fold_1,0,3631801,2,2,160,500,600,45.8984375,62.5,50,50,1,162,104,3631821.9312499999,1,0.66666666666666663,0.66666666666666663,0.66666666666666674,False,low_confidence_error,false_positive;low_confidence;temporal_regime,DECISION-TIME
d8763f9d6174c6da5f9c46b1,fold_1,0,3632439,1,1,1,100,100,1.97265625,1.97265625,,,0,1,1,3632442,0,0,0,0,True,correct,correct;high_confidence;temporal_regime;feature_missingness,DECISION-TIME
4b99ae02c3f50f116ab11f97,fold_1,0,3633812,1,1,1,600,600,29.296875,29.296875,100,100,1,1,1,3633824,0,0.43999999999999984,0.43999999999999984,0.87999999999999967,True,correct,correct;low_confidence;temporal_regime,DECISION-TIME
ef2ac967f13bdf5b39089b25,fold_1,0,3635403,1,1,1,600,600,29.296875,29.296875,100,100,1,1,1,3635407,0,0.43999999999999984,0.43999999999999984,0.87999999999999967,True,correct,correct;low_confidence;temporal_regime,DECISION-TIME
1488608e796f8e8e6981018b,fold_1,0,3636861,1,1,1,1800,1800,58.59375,58.59375,100,100,1,1,1,3636867,0,0.43999999999999984,0.43999999999999984,0.87999999999999967,True,correct,correct;low_confidence;temporal_regime,DECISION-TIME
fb4342e5e5dc18bbec0299a8,fold_1,0,3637208,1,1,1,600,600,29.296875,29.296875,100,100,1,1,1,3637222,0,0.43999999999999984,0.43999999999999984,0.87999999999999967,True,correct,correct;low_confidence;temporal_regime,DECISION-TIME
fb39f80417655674e745333f,fold_1,0,3637264,1,1,1,600,600,29.296875,29.296875,100,100,1,1,1,3637313,0,0.43999999999999984,0.43999999999999984,0.87999999999999967,True,correct,correct;low_confidence;temporal_regime,DECISION-TIME
a9aae69ca204f163e5b338a3,fold_1,0,3638315,1,1,1,600,600,29.296875,29.296875,100,100,1,1,1,3638319,0,0.43999999999999984,0.43999999999999984,0.87999999999999967,True,correct,correct;low_confidence;temporal_regime,DECISION-TIME
c4673aaf4566a982c8bbf655,fold_1,0,3640185,1,1,1,600,600,29.296875,29.296875,50,50,1,1,1,3640188,0,0.43999999999999984,0.43999999999999984,0.87999999999999967,True,correct,correct;low_confidence;temporal_regime,DECISION-TIME
810f45badf76b1d01363d177,fold_1,0,3640332,1,1,1,600,600,29.296875,29.296875,100,100,1,1,1,3640402,0,0.43999999999999984,0.43999999999999984,0.87999999999999967,True,correct,correct;low_confidence;temporal_regime,DECISION-TIME
7973961c641601075383f398,fold_1,0,3641024,1,1,1,600,600,29.296875,29.296875,25,25,1,1,1,3641027,0,0.43999999999999984,0.43999999999999984,0.87999999999999967,True,correct,correct;low_confidence;temporal_regime,DECISION-TIME
4b02595581eb8e4ba384e153,fold_1,0,3641479,2,2,22,600,600,29.296875,39.0625,25,25,1,22,21,3641489.3636363638,0,0.43999999999999984,0.43999999999999984,0.87999999999999967,True,correct,correct;low_confidence;temporal_regime,DECISION-TIME
be1435093f2da295627cea16,fold_1,1,3641813,1,1,1,600,600,29.296875,29.296875,100,100,1,1,1,3641918,0,0.43999999999999984,0.43999999999999984,0.87999999999999967,False,low_confidence_error,false_negative;low_confidence;temporal_regime,DECISION-TIME
c15da66838b5f9445b5d9239,fold_1,0,3642380,1,1,1,600,600,29.296875,29.296875,25,25,1,1,1,3642383,0,0.43999999999999984,0.43999999999999984,0.87999999999999967,True,correct,correct;low_confidence;temporal_regime,DECISION-TIME
a4c398803abf23158060d881,fold_1,0,3643017,2,2,9,600,600,29.296875,29.296875,20,20,1,9,7,3643026.4444444445,0,0.125,0.125,0.25,True,correct,correct;high_confidence;temporal_regime,DECISION-TIME
24b7eeefedae8bad44299cb2,fold_1,1,3643171,1,1,1,600,600,29.296875,29.296875,100,100,1,1,1,3643219,0,0.43999999999999984,0.43999999999999984,0.87999999999999967,False,low_confidence_error,false_negative;low_confidence;temporal_regime,DECISION-TIME
4be7ceb15ea51026a93d83b5,fold_1,0,3643586,1,1,1,600,600,29.296875,29.296875,100,100,1,1,1,3643687,0,0.43999999999999984,0.43999999999999984,0.87999999999999967,True,correct,correct;low_confidence;temporal_regime,DECISION-TIME
0565a4db486aa479187f0cd1,fold_1,0,3644516,2,2,11,600,600,29.296875,29.296875,50,50,1,11,11,3644536.5454545454,0,0.11511673301805883,0.11511673301805883,0.23023346603611761,True,correct,correct;high_confidence;temporal_regime,DECISION-TIME
3e6521018f19a66ce727d509,fold_1,0,3644907,1,1,10,600,600,29.296875,29.296875,50,50,1,10,8,3644910,0,0.43999999999999984,0.43999999999999984,0.87999999999999967,True,correct,correct;low_confidence;temporal_regime,DECISION-TIME
1e80970f0be9b61e6302b2ab,fold_1,0,3648765,1,1,1,600,600,29.296875,29.296875,100,100,1,1,1,3648767,0,0.43999999999999984,0.43999999999999984,0.87999999999999967,True,correct,correct;low_confidence;temporal_regime,DECISION-TIME
b72efa43f65e34a47f5b235b,fold_1,0,3649286,2,2,10,700,800,29.296875,39.0625,25,25,1,10,8,3649302.3999999999,0,0.43999999999999984,0.43999999999999984,0.87999999999999967,True,correct,correct;low_confidence;temporal_regime,DECISION-TIME
d6633bf1f8e28783ee89851c,fold_1,1,3649556,1,1,1,1800,1800,58.59375,58.59375,100,100,1,1,1,3649565,0,0.43999999999999984,0.43999999999999984,0.87999999999999967,False,low_confidence_error,false_negative;low_confidence;temporal_regime,DECISION-TIME
548348360f16bd2e02edc0fd,fold_1,0,3649662,1,1,10,600,600,29.296875,29.296875,50,50,1,10,8,3649665,0,0.43999999999999984,0.43999999999999984,0.87999999999999967,True,correct,correct;low_confidence;temporal_regime,DECISION-TIME
76db163d77a26f4ebacb51ab,fold_1,0,3651242,2,2,26,600,1000,19.53125,19.53125,25,25,1,26,21,3652723.3846153845,0,0.025000000000000001,0.025000000000000001,0.050000000000000044,True,correct,correct;high_confidence;temporal_regime,DECISION-TIME
f081d8e89460468185a40a8c,fold_1,0,3651246,1,1,1,600,600,29.296875,29.296875,100,100,1,3,2,3653112,0,0.43999999999999984,0.43999999999999984,0.87999999999999967,True,correct,correct;low_confidence;temporal_regime,DECISION-TIME
b1c9140970e7632715ba2b72,fold_1,1,3652259,2,2,5,600,600,29.296875,29.296875,100,100,1,7,5,3653195,0,0.125,0.125,0.25,False,high_confidence_error,false_negative;high_confidence;temporal_regime,DECISION-TIME
b5ee0dbd7152ead86497cb3d,fold_1,0,3652884,1,1,1,600,600,29.296875,29.296875,100,100,1,1,1,3652887,0,0.43999999999999984,0.43999999999999984,0.87999999999999967,True,correct,correct;low_confidence;temporal_regime,DECISION-TIME
433fec2c75e25c40640ce3c6,fold_1,0,3652885,1,1,1,600,600,29.296875,29.296875,100,100,1,1,1,3652889,0,0.43999999999999984,0.43999999999999984,0.87999999999999967,True,correct,correct;low_confidence;temporal_regime,DECISION-TIME
d18742282a8daca6bd442618,fold_1,0,3652937,3,3,3,466.66666666666669,600,11.098958333333334,29.296875,25,25,1,3,3,3652940.3333333335,0,0.088888888888888892,0.088888888888888892,0.17777777777777781,True,correct,correct;high_confidence;temporal_regime,DECISION-TIME
10b6444d155698fc22d6bd16,fold_1,0,3653228,2,2,6,500,600,2.9296875,3.90625,100,100,1,6,6,3653234,0,0.025000000000000001,0.025000000000000001,0.050000000000000044,True,correct,correct;high_confidence;temporal_regime,DECISION-TIME
aca138207735031302e1dc3f,fold_1,0,3654080,2,2,26,350,600,2,2,25,25,1,26,8,3654085,0,0.025000000000000001,0.025000000000000001,0.050000000000000044,True,correct,correct;high_confidence;temporal_regime,DECISION-TIME
13742b5ef0f06822d76d03ce,fold_1,1,3654877,1,1,1,600,600,29.296875,29.296875,100,100,1,1,1,3654948,0,0.43999999999999984,0.43999999999999984,0.87999999999999967,False,low_confidence_error,false_negative;low_confidence;temporal_regime,DECISION-TIME
274763343d6e4f8f0a66f890,fold_1,0,3655196,1,1,1,600,600,29.296875,29.296875,50,50,1,1,1,3655199,0,0.43999999999999984,0.43999999999999984,0.87999999999999967,True,correct,correct;low_confidence;temporal_regime,DECISION-TIME
f745ad4c2d8aa86cb5e6015d,fold_1,0,3655334,1,1,1,600,600,29.296875,29.296875,50,50,1,1,1,3655337,0,0.43999999999999984,0.43999999999999984,0.87999999999999967,True,correct,correct;low_confidence;temporal_regime,DECISION-TIME
55b8fc3bf5eaa966d056770b,fold_1,0,3655424,1,1,1,600,600,29.296875,29.296875,50,50,1,1,1,3655427,0,0.43999999999999984,0.43999999999999984,0.87999999999999967,True,correct,correct;low_confidence;temporal_regime,DECISION-TIME
894943d966ddcf785459c57c,fold_1,0,3655705,1,1,1,600,600,29.296875,29.296875,50,50,1,1,1,3655708,0,0.43999999999999984,0.43999999999999984,0.87999999999999967,True,correct,correct;low_confidence;temporal_regime,DECISION-TIME
5b9d2d2a55b1e16a9b8dccf0,fold_1,0,3655841,1,1,1,600,600,29.296875,29.296875,50,50,1,1,1,3655845,0,0.43999999999999984,0.43999999999999984,0.87999999999999967,True,correct,correct;low_confidence;temporal_regime,DECISION-TIME
6741c8ad68cdbdb089069d4e,fold_1,1,3656176,1,1,2,1600,1600,29.296875,29.296875,100,100,1,2,2,3656290,0,0.43999999999999984,0.43999999999999984,0.87999999999999967,False,low_confidence_error,false_negative;low_confidence;temporal_regime,DECISION-TIME
632d5a56c78051ac2eca97ed,fold_1,0,3656194,1,1,1,600,600,29.296875,29.296875,100,100,1,1,1,3656197,0,0.43999999999999984,0.43999999999999984,0.87999999999999967,True,correct,correct;low_confidence;temporal_regime,DECISION-TIME
ff365c87e049b2e4681cdf57,fold_1,1,3656621,2,2,5,600,600,14.6484375,19.53125,25,25,1,5,4,3656669,0,0.088888888888888892,0.088888888888888892,0.17777777777777781,False,high_confidence_error,false_negative;high_confidence;temporal_regime,DECISION-TIME
b7c8bda9ef0f8c4e25069f4a,fold_1,0,3657095,1,1,1,600,600,29.296875,29.296875,100,100,1,1,1,3657098,0,0.43999999999999984,0.43999999999999984,0.87999999999999967,True,correct,correct;low_confidence;temporal_regime,DECISION-TIME
1d3e92c90da4c645894b32fe,fold_1,0,3657606,1,1,1,600,600,29.296875,29.296875,25,25,1,1,1,3657620,0,0.43999999999999984,0.43999999999999984,0.87999999999999967,True,correct,correct;low_confidence;temporal_regime,DECISION-TIME
aaee6d471f5d22d527f70922,fold_1,0,3658317,1,1,1,600,600,29.296875,29.296875,25,25,1,1,1,3658330,0,0.43999999999999984,0.43999999999999984,0.87999999999999967,True,correct,correct;low_confidence;temporal_regime,DECISION-TIME
93faac09979c878f93d3a96f,fold_1,0,3659485,1,1,1,1800,1800,58.59375,58.59375,100,100,1,1,1,3665460,0,0.43999999999999984,0.43999999999999984,0.87999999999999967,True,correct,correct;low_confidence;temporal_regime,DECISION-TIME
e81995630d9beca318ca4912,fold_1,0,3659982,1,1,1,600,600,29.296875,29.296875,25,25,1,3,2,3660439,0,0.43999999999999984,0.43999999999999984,0.87999999999999967,True,correct,correct;low_confidence;temporal_regime,DECISION-TIME
3ec6f04d9edd66114151dc22,fold_1,0,3660195,1,1,10,1800,1800,58.59375,58.59375,100,100,1,10,9,3660369.3999999999,1,0.55790694313347677,0.55790694313347677,0.88418611373304645,False,low_confidence_error,false_positive;low_confidence;temporal_regime,DECISION-TIME
ba90e88031c47b830bc7ccfb,fold_1,1,3660215,1,1,2,1800,1800,58.59375,58.59375,100,100,1,2,2,3660342,1,0.55555555555555558,0.55555555555555558,0.88888888888888884,True,correct,correct;low_confidence;temporal_regime,DECISION-TIME
36c3795f0407a37fc9cdd791,fold_1,0,3660629,1,1,1,600,600,29.296875,29.296875,25,25,1,1,1,3660642,0,0.43999999999999984,0.43999999999999984,0.87999999999999967,True,correct,correct;low_confidence;temporal_regime,DECISION-TIME
0f25e7a597160b55780559d6,fold_1,0,3662033,1,1,1,600,600,29.296875,29.296875,50,50,1,1,1,3662036,0,0.43999999999999984,0.43999999999999984,0.87999999999999967,True,correct,correct;low_confidence;temporal_regime,DECISION-TIME
4d36ca7f3c6c31d124381a78,fold_1,0,3662109,1,1,1,600,600,29.296875,29.296875,100,100,1,1,1,3662187,0,0.43999999999999984,0.43999999999999984,0.87999999999999967,True,correct,correct;low_confidence;temporal_regime,DECISION-TIME
c6b75fa294ee1f7f532b19e2,fold_1,0,3663870,2,2,40,600,600,12.20703125,19.53125,50,50,1,40,33,3663879.6000000001,0,0.43999999999999984,0.43999999999999984,0.87999999999999967,True,correct,correct;low_confidence;temporal_regime,DECISION-TIME
4b1623e73cceefa8c4dca47c,fold_1,0,3665042,1,1,1,600,600,29.296875,29.296875,100,100,1,1,1,3665055,0,0.43999999999999984,0.43999999999999984,0.87999999999999967,True,correct,correct;low_confidence;temporal_regime,DECISION-TIME
59ec7039779e63ce9b0710c0,fold_1,0,3665180,1,1,1,600,600,29.296875,29.296875,10,10,1,1,1,3665189,0,0.43999999999999984,0.43999999999999984,0.87999999999999967,True,correct,correct;low_confidence;temporal_regime,DECISION-TIME
de2aa18056ce00ca6047d8af,fold_1,0,3665290,1,1,1,1800,1800,58.59375,58.59375,100,100,1,1,1,3671888,0,0.43999999999999984,0.43999999999999984,0.87999999999999967,True,correct,correct;low_confidence;temporal_regime,DECISION-TIME
a2db57aadb4f1ede0dd0249c,fold_1,0,3666821,1,1,1,600,600,29.296875,29.296875,10,10,1,1,1,3666834,0,0.43999999999999984,0.43999999999999984,0.87999999999999967,True,correct,correct;low_confidence;temporal_regime,DECISION-TIME
60f643485380c0c78f867059,fold_1,0,3667142,2,2,2,600,600,2.9296875,2.9296875,100,100,1,2,2,3667153,0,0.025000000000000001,0.025000000000000001,0.050000000000000044,True,correct,correct;high_confidence;temporal_regime,DECISION-TIME
1fea72d90825d4b2c24c6d28,fold_1,0,3667478,1,1,1,600,600,29.296875,29.296875,10,10,1,1,1,3667483,0,0.43999999999999984,0.43999999999999984,0.87999999999999967,True,correct,correct;low_confidence;temporal_regime,DECISION-TIME
f703128065839324169fd11e,fold_1,1,3668226,2,2,41,200,300,29.296875,39.0625,25,25,1,41,32,3668233,0,0.43999999999999984,0.43999999999999984,0.87999999999999967,False,low_confidence_error,false_negative;low_confidence;temporal_regime,DECISION-TIME
cf56d857dda2d5112b6a68f3,fold_1,0,3668824,1,1,1,100,100,1.97265625,1.97265625,,,0,1,1,3668827,0,0,0,0,True,correct,correct;high_confidence;temporal_regime;feature_missingness,DECISION-TIME
7ea26907f41c178f64b86f37,fold_1,1,3669220,1,1,1,600,600,29.296875,29.296875,100,100,1,1,1,3669226,0,0.43999999999999984,0.43999999999999984,0.87999999999999967,False,low_confidence_error,false_negative;low_confidence;temporal_regime,DECISION-TIME
5b2bd36024f462ad2271ba07,fold_1,0,3669554,2,2,6,500,600,2.9296875,3.90625,100,100,1,6,6,3669565.3333333335,0,0.025000000000000001,0.025000000000000001,0.050000000000000044,True,correct,correct;high_confidence;temporal_regime,DECISION-TIME
e7a28f39a94a3746c12b6741,fold_1,0,3669610,1,1,1,600,600,29.296875,29.296875,25,25,1,1,1,3669620,0,0.43999999999999984,0.43999999999999984,0.87999999999999967,True,correct,correct;low_confidence;temporal_regime,DECISION-TIME
b07397f44600379cc7fab601,fold_1,0,3671037,2,2,26,600,600,29.296875,29.296875,100,100,1,26,18,3671079.6923076925,0,0.088888888888888892,0.088888888888888892,0.17777777777777781,True,correct,correct;high_confidence;temporal_regime,DECISION-TIME
52bef085fac62151304b940e,fold_1,0,3671291,1,1,1,600,600,29.296875,29.296875,100,100,1,1,1,3671334,0,0.43999999999999984,0.43999999999999984,0.87999999999999967,True,correct,correct;low_confidence;temporal_regime,DECISION-TIME
e21f8b7a46aad8c28b910354,fold_1,0,3671291,1,1,1,600,600,29.296875,29.296875,100,100,1,1,1,3671335,0,0.43999999999999984,0.43999999999999984,0.87999999999999967,True,correct,correct;low_confidence;temporal_regime,DECISION-TIME
cbe11ac42813e569225146d3,fold_1,1,3673417,1,1,1,600,600,29.296875,29.296875,50,50,1,1,1,3673430,0,0.43999999999999984,0.43999999999999984,0.87999999999999967,False,low_confidence_error,false_negative;low_confidence;temporal_regime,DECISION-TIME
cfe2ef2b91994dcee805fcf1,fold_1,0,3673596,1,1,1,600,600,29.296875,29.296875,100,100,1,1,1,3673602,0,0.43999999999999984,0.43999999999999984,0.87999999999999967,True,correct,correct;low_confidence;temporal_regime,DECISION-TIME
19a247f12de6843264925a35,fold_1,0,3675116,1,1,1,600,600,29.296875,29.296875,100,100,1,3,2,3675569,0,0.43999999999999984,0.43999999999999984,0.87999999999999967,True,correct,correct;low_confidence;temporal_regime,DECISION-TIME
cfb973392fc20df2e6b515f5,fold_1,0,3675146,1,1,1,600,600,29.296875,29.296875,50,50,1,1,1,3675149,0,0.43999999999999984,0.43999999999999984,0.87999999999999967,True,correct,correct;low_confidence;temporal_regime,DECISION-TIME
d15292878c76efc9e5d20bec,fold_1,1,3677965,1,1,1,600,600,29.296875,29.296875,100,100,1,1,1,3677976,0,0.43999999999999984,0.43999999999999984,0.87999999999999967,False,low_confidence_error,false_negative;low_confidence;temporal_regime,DECISION-TIME
9f913c1c9e166b94d192735b,fold_1,1,3678663,2,2,2,600,600,29.296875,29.296875,,,1,1,1,3679177,0,0.088888888888888892,0.088888888888888892,0.17777777777777781,False,high_confidence_error,false_negative;high_confidence;temporal_regime;feature_missingness,DECISION-TIME
1d77d99cc628c466bdbbf513,fold_1,0,3679931,1,1,1,20,20,29.296875,29.296875,10,10,1,1,1,3679941,0,0.125,0.125,0.25,True,correct,correct;high_confidence;temporal_regime,DECISION-TIME
32e755feba7bab1dc92c0736,fold_1,1,3680070,1,1,1,600,600,29.296875,29.296875,100,100,1,1,1,3680175,0,0.43999999999999984,0.43999999999999984,0.87999999999999967,False,low_confidence_error,false_negative;low_confidence;temporal_regime,DECISION-TIME
8442342c5b4199b1e7fd95af,fold_1,0,3681204,2,2,21,600,600,29.296875,29.296875,100,100,1,21,21,3686381.4285714286,0,0.088888888888888892,0.088888888888888892,0.17777777777777781,True,correct,correct;high_confidence;temporal_regime,DECISION-TIME
0bc6bb3b2c05eecb2d70f6c0,fold_1,1,3681613,1,1,1,600,600,29.296875,29.296875,100,100,1,1,1,3681619,0,0.43999999999999984,0.43999999999999984,0.87999999999999967,False,low_confidence_error,false_negative;low_confidence;temporal_regime,DECISION-TIME
55a3286a950626eb45684a89,fold_1,1,3681767,1,1,16,1800,1800,58.59375,58.59375,100,100,1,16,12,3681781,1,0.56815991251422993,0.56815991251422993,0.86368017497154015,True,correct,correct;low_confidence;temporal_regime,DECISION-TIME
14188f575382062ca03dae89,fold_1,0,3683396,1,1,1,600,600,29.296875,29.296875,10,10,1,1,1,3683407,0,0.43999999999999984,0.43999999999999984,0.87999999999999967,True,correct,correct;low_confidence;temporal_regime,DECISION-TIME
23af11d9a2af4e5426401caa,fold_1,0,3683522,1,1,1,600,600,29.296875,29.296875,100,100,1,1,1,3683529,0,0.43999999999999984,0.43999999999999984,0.87999999999999967,True,correct,correct;low_confidence;temporal_regime,DECISION-TIME
3f3a47371d9498ee67199b72,fold_1,1,3683712,1,1,1,1800,1800,58.59375,58.59375,100,100,1,1,1,3683719,0,0.43999999999999984,0.43999999999999984,0.87999999999999967,False,low_confidence_error,false_negative;low_confidence;temporal_regime,DECISION-TIME
f59e444bd020a85aacd8db78,fold_1,1,3684007,1,1,1,600,600,29.296875,29.296875,10,10,1,1,1,3684013,0,0.43999999999999984,0.43999999999999984,0.87999999999999967,False,low_confidence_error,false_negative;low_confidence;temporal_regime,DECISION-TIME
e52da4b58f36b20c7bad40cf,fold_1,0,3684106,1,1,1,1800,1800,58.59375,58.59375,100,100,1,1,1,3684114,0,0.43999999999999984,0.43999999999999984,0.87999999999999967,True,correct,correct;low_confidence;temporal_regime,DECISION-TIME
992dfb6cf464675e05c5996c,fold_1,0,3684277,1,1,1,600,600,29.296875,29.296875,100,100,1,1,1,3684286,0,0.43999999999999984,0.43999999999999984,0.87999999999999967,True,correct,correct;low_confidence;temporal_regime,DECISION-TIME
0a8575c15a756cbc3a41a872,fold_1,0,3684441,2,2,2,400,600,15.6484375,29.296875,25,25,1,2,2,3684450.5,0,0.088888888888888892,0.088888888888888892,0.17777777777777781,True,correct,correct;high_confidence;temporal_regime,DECISION-TIME
bc388b86f337b67b578c7b52,fold_1,0,3685608,2,2,11,600,600,29.296875,29.296875,25,25,1,11,9,3685617.0909090908,0,0.125,0.125,0.25,True,correct,correct;high_confidence;temporal_regime,DECISION-TIME
cdd26822f8c766c847f75680,fold_1,0,3685670,1,1,1,600,600,29.296875,29.296875,100,100,1,1,1,3685678,0,0.43999999999999984,0.43999999999999984,0.87999999999999967,True,correct,correct;low_confidence;temporal_regime,DECISION-TIME
039e81eba5307bc97733908f,fold_1,1,3686981,1,1,1,800,800,31.26953125,31.26953125,,,0,1,1,3686983,0,0.025000000000000001,0.025000000000000001,0.050000000000000044,False,high_confidence_error,false_negative;high_confidence;temporal_regime;feature_missingness,DECISION-TIME
4a12e8ae5089649b38e341d6,fold_1,0,3687407,1,1,1,600,600,29.296875,29.296875,100,100,1,1,1,3687410,0,0.43999999999999984,0.43999999999999984,0.87999999999999967,True,correct,correct;low_confidence;temporal_regime,DECISION-TIME
56c6be06e650e5ecc261ac23,fold_1,0,3688792,1,1,1,600,600,29.296875,29.296875,100,100,1,1,1,3688804,0,0.43999999999999984,0.43999999999999984,0.87999999999999967,True,correct,correct;low_confidence;temporal_regime,DECISION-TIME
51b251b0921aecdde43cebdc,fold_1,0,3689859,1,1,1,600,600,29.296875,29.296875,100,100,1,1,1,3689862,0,0.43999999999999984,0.43999999999999984,0.87999999999999967,True,correct,correct;low_confidence;temporal_regime,DECISION-TIME
266786664646d3772afcef0a,fold_1,1,3691175,1,1,1,600,600,29.296875,29.296875,50,50,1,1,1,3691178,0,0.43999999999999984,0.43999999999999984,0.87999999999999967,False,low_confidence_error,false_negative;low_confidence;temporal_regime,DECISION-TIME
af0377a0d09bf46e63f1ba54,fold_1,0,3693907,2,2,2,600,600,2.9296875,2.9296875,100,100,1,2,2,3693926,0,0.025000000000000001,0.025000000000000001,0.050000000000000044,True,correct,correct;high_confidence;temporal_regime,DECISION-TIME
094d3c29a0cdfc3eb39482e7,fold_1,0,3694329,1,1,1,600,600,29.296875,29.296875,50,50,1,1,1,3694336,0,0.43999999999999984,0.43999999999999984,0.87999999999999967,True,correct,correct;low_confidence;temporal_regime,DECISION-TIME
016c3f4bc72a0b22ac23c9ef,fold_1,0,3694524,1,1,1,600,600,29.296875,29.296875,100,100,1,1,1,3694570,0,0.43999999999999984,0.43999999999999984,0.87999999999999967,True,correct,correct;low_confidence;temporal_regime,DECISION-TIME
382bc970eee6a5a1e20e3207,fold_1,0,3696728,1,1,10,2000,2000,14.6484375,14.6484375,100,100,1,10,7,3696929,0,0.43999999999999984,0.43999999999999984,0.87999999999999967,True,correct,correct;low_confidence;temporal_regime,DECISION-TIME
4197b06c47476d5746bf21a3,fold_1,0,3697064,1,1,1,600,600,29.296875,29.296875,25,25,1,1,1,3697072,0,0.43999999999999984,0.43999999999999984,0.87999999999999967,True,correct,correct;low_confidence;temporal_regime,DECISION-TIME
6fa038d59bc7b2fc03613c40,fold_1,0,3697954,1,1,1,600,600,29.296875,29.296875,200,200,1,1,1,3697957,0,0.088888888888888892,0.088888888888888892,0.17777777777777781,True,correct,correct;high_confidence;temporal_regime,DECISION-TIME
3a631d66fc83b8bacd001fdc,fold_1,0,3701311,1,1,1,600,600,29.296875,29.296875,100,100,1,1,1,3701322,0,0.43999999999999984,0.43999999999999984,0.87999999999999967,True,correct,correct;low_confidence;temporal_regime,DECISION-TIME
7e1b7ce4997c083d3db384d6,fold_1,0,3701841,1,1,1,600,600,29.296875,29.296875,25,25,1,1,1,3701851,0,0.43999999999999984,0.43999999999999984,0.87999999999999967,True,correct,correct;low_confidence;temporal_regime,DECISION-TIME
925f0711e8ed49ffa6157cfa,fold_1,1,3702500,1,1,10,600,600,19.53125,19.53125,50,50,1,15,5,3702615,0,0.43999999999999984,0.43999999999999984,0.87999999999999967,False,low_confidence_error,false_negative;low_confidence;temporal_regime,DECISION-TIME
74784ccef8f2d814bbc8cd7e,fold_1,0,3702715,1,1,1,600,600,29.296875,29.296875,50,50,1,1,1,3702724,0,0.43999999999999984,0.43999999999999984,0.87999999999999967,True,correct,correct;low_confidence;temporal_regime,DECISION-TIME
2b9aa8e7940300810c9bf83f,fold_1,0,3703494,1,1,1,600,600,29.296875,29.296875,100,100,1,1,1,3703503,0,0.43999999999999984,0.43999999999999984,0.87999999999999967,True,correct,correct;low_confidence;temporal_regime,DECISION-TIME
23cf6b63d94d07e590d01914,fold_1,0,3703578,2,2,2,600,600,29.296875,29.296875,100,100,1,2,1,3703590,0,0.088888888888888892,0.088888888888888892,0.17777777777777781,True,correct,correct;high_confidence;temporal_regime,DECISION-TIME
2171d476a6d3336535753049,fold_1,0,3704559,1,1,1,600,600,29.296875,29.296875,100,100,1,1,1,3704569,0,0.43999999999999984,0.43999999999999984,0.87999999999999967,True,correct,correct;low_confidence;temporal_regime,DECISION-TIME
44c8b8c22d09d22880d90cbf,fold_1,0,3705115,1,1,1,1600,1600,10.01953125,10.01953125,100,100,1,1,1,3705118,0,0.43999999999999984,0.43999999999999984,0.87999999999999967,True,correct,correct;low_confidence;temporal_regime,DECISION-TIME
d47bb5ef5da4f21fe82d823e,fold_1,0,3705136,1,1,1,1600,1600,10.01953125,10.01953125,100,100,1,1,1,3705139,0,0.43999999999999984,0.43999999999999984,0.87999999999999967,True,correct,correct;low_confidence;temporal_regime,DECISION-TIME
331e7a0383b8bd676c0e6719,fold_1,0,3705585,1,1,1,600,600,29.296875,29.296875,100,100,1,1,1,3705596,0,0.43999999999999984,0.43999999999999984,0.87999999999999967,True,correct,correct;low_confidence;temporal_regime,DECISION-TIME
423c263c2d90660bd875ddf3,fold_1,0,3708547,1,1,1,600,600,29.296875,29.296875,50,50,1,1,1,3708555,0,0.43999999999999984,0.43999999999999984,0.87999999999999967,True,correct,correct;low_confidence;temporal_regime,DECISION-TIME
e19eb02ab86306a1a915634f,fold_1,0,3709906,1,1,1,600,600,29.296875,29.296875,25,25,1,1,1,3710027,0,0.43999999999999984,0.43999999999999984,0.87999999999999967,True,correct,correct;low_confidence;temporal_regime,DECISION-TIME
bb84ace463b12a614cae1800,fold_1,0,3709956,1,1,1,600,600,29.296875,29.296875,100,100,1,1,1,3710057,0,0.43999999999999984,0.43999999999999984,0.87999999999999967,True,correct,correct;low_confidence;temporal_regime,DECISION-TIME
2482d0d6440e79b1cdd19419,fold_1,0,3710379,1,1,1,1200,1200,29.296875,29.296875,5,5,1,1,1,3710382,0,0.43999999999999984,0.43999999999999984,0.87999999999999967,True,correct,correct;low_confidence;temporal_regime,DECISION-TIME
1cbd042b13a4d57d7ccb0415,fold_1,0,3711550,1,1,1,600,600,29.296875,29.296875,100,100,1,1,1,3711556,0,0.43999999999999984,0.43999999999999984,0.87999999999999967,True,correct,correct;low_confidence;temporal_regime,DECISION-TIME
a089df50cba4ed1989f81ab8,fold_1,0,3711642,1,1,1,600,600,29.296875,29.296875,50,50,1,1,1,3711646,0,0.43999999999999984,0.43999999999999984,0.87999999999999967,True,correct,correct;low_confidence;temporal_regime,DECISION-TIME
1fac01a4a7e86359fa9c6eb1,fold_1,0,3714102,2,2,3,600,600,29.296875,29.296875,25,25,1,3,2,3714107.6666666665,0,0.088888888888888892,0.088888888888888892,0.17777777777777781,True,correct,correct;high_confidence;temporal_regime,DECISION-TIME
734dec81d03d8c3e100e76c5,fold_1,0,3714923,1,1,1,1000,1000,19.55078125,19.55078125,50,50,1,1,1,3714926,0,0.43999999999999984,0.43999999999999984,0.87999999999999967,True,correct,correct;low_confidence;temporal_regime,DECISION-TIME
da7b806b65bdfbd292e8051b,fold_1,0,3715028,2,2,26,350,600,2,2,25,25,1,26,9,3715033.3076923075,0,0.025000000000000001,0.025000000000000001,0.050000000000000044,True,correct,correct;high_confidence;temporal_regime,DECISION-TIME
2658b3cb6ce97db4e8fcb630,fold_1,0,3716376,1,1,1,600,600,29.296875,29.296875,100,100,1,1,1,3716476,0,0.43999999999999984,0.43999999999999984,0.87999999999999967,True,correct,correct;low_confidence;temporal_regime,DECISION-TIME
0b332f8ba98bb46c8232f3ba,fold_1,0,3716725,2,2,2,600,600,29.296875,29.296875,25,25,1,2,2,3716733,0,0.088888888888888892,0.088888888888888892,0.17777777777777781,True,correct,correct;high_confidence;temporal_regime,DECISION-TIME
ce13451bccc515b3d2c7ea91,fold_1,0,3717197,1,1,1,600,600,29.296875,29.296875,100,100,1,1,1,3717200,0,0.43999999999999984,0.43999999999999984,0.87999999999999967,True,correct,correct;low_confidence;temporal_regime,DECISION-TIME
ebf1f8a198c1b4128bc05c18,fold_1,0,3717319,1,1,1,100,100,4.8828125,4.8828125,100,100,1,1,1,3718355,0,0.025000000000000001,0.025000000000000001,0.050000000000000044,True,correct,correct;high_confidence;temporal_regime,DECISION-TIME
23b82717bdb26a8f7635132b,fold_1,0,3720123,1,1,1,600,600,29.296875,29.296875,100,100,1,1,1,3720138,0,0.43999999999999984,0.43999999999999984,0.87999999999999967,True,correct,correct;low_confidence;temporal_regime,DECISION-TIME
4334497cfa28c5663a8d7ee6,fold_1,1,3720649,1,1,1,1800,1800,58.59375,58.59375,100,100,1,1,1,3720657,0,0.43999999999999984,0.43999999999999984,0.87999999999999967,False,low_confidence_error,false_negative;low_confidence;temporal_regime,DECISION-TIME
bea18fd2a3f5927d2e76c0cd,fold_1,0,3721215,1,1,1,1000,1000,19.55078125,19.55078125,50,50,1,1,1,3721218,0,0.43999999999999984,0.43999999999999984,0.87999999999999967,True,correct,correct;low_confidence;temporal_regime,DECISION-TIME
e270112f9c18483d34d7b4a3,fold_1,0,3721235,1,1,1,200,200,0.99609375,0.99609375,,,0,1,1,3721242,0,0,0,0,True,correct,correct;high_confidence;temporal_regime;feature_missingness,DECISION-TIME
630e10685e2f1dcaa15bbdcc,fold_1,0,3722604,1,1,1,10,10,29.296875,29.296875,10,10,1,1,1,3722610,0,0.125,0.125,0.25,True,correct,correct;high_confidence;temporal_regime,DECISION-TIME
ec9d281de532d9a7e14e1f10,fold_1,0,3722648,1,1,1,600,600,29.296875,29.296875,25,25,1,1,1,3722660,0,0.43999999999999984,0.43999999999999984,0.87999999999999967,True,correct,correct;low_confidence;temporal_regime,DECISION-TIME
39142e527c06dc3ead0eb831,fold_1,0,3722701,1,1,1,100,100,1.97265625,1.97265625,,,0,1,1,3722705,0,0,0,0,True,correct,correct;high_confidence;temporal_regime;feature_missingness,DECISION-TIME
d454a48ccab1fdceb7b3e6dc,fold_1,0,3722938,1,1,1,600,600,29.296875,29.296875,100,100,1,1,1,3722941,0,0.43999999999999984,0.43999999999999984,0.87999999999999967,True,correct,correct;low_confidence;temporal_regime,DECISION-TIME
6027f5b69346c5600cb4f0f7,fold_1,0,3723669,1,1,1,600,600,29.296875,29.296875,100,100,1,1,1,3723674,0,0.43999999999999984,0.43999999999999984,0.87999999999999967,True,correct,correct;low_confidence;temporal_regime,DECISION-TIME
02d5ae31c4abf1352d75ab70,fold_1,0,3724065,1,1,8,600,600,29.296875,29.296875,50,50,1,8,7,3725154,0,0.43999999999999984,0.43999999999999984,0.87999999999999967,True,correct,correct;low_confidence;temporal_regime,DECISION-TIME
4242ad751bbb10e67f690278,fold_1,0,3724123,1,1,1,600,600,29.296875,29.296875,100,100,1,1,1,3724165,0,0.43999999999999984,0.43999999999999984,0.87999999999999967,True,correct,correct;low_confidence;temporal_regime,DECISION-TIME
cf6b8dac091a661ca3e92190,fold_1,0,3724639,1,1,1,600,600,29.296875,29.296875,25,25,1,1,1,3724643,0,0.43999999999999984,0.43999999999999984,0.87999999999999967,True,correct,correct;low_confidence;temporal_regime,DECISION-TIME
bb24566b52b7466e14a93e31,fold_1,1,3724718,1,1,1,600,600,29.296875,29.296875,50,50,1,1,1,3724721,0,0.43999999999999984,0.43999999999999984,0.87999999999999967,False,low_confidence_error,false_negative;low_confidence;temporal_regime,DECISION-TIME
84bf05457869c1487187b6f4,fold_1,0,3724792,2,2,5,600,600,34.1796875,39.0625,50,50,1,5,4,3724798.2000000002,0,0.43999999999999984,0.43999999999999984,0.87999999999999967,True,correct,correct;low_confidence;temporal_regime,DECISION-TIME
40cdae6bb18ae10d8ea7ca99,fold_1,1,3725253,1,1,1,600,600,29.296875,29.296875,100,100,1,1,1,3725358,0,0.43999999999999984,0.43999999999999984,0.87999999999999967,False,low_confidence_error,false_negative;low_confidence;temporal_regime,DECISION-TIME
b39717e5c90e299e04eac6c6,fold_1,1,3725583,1,1,1,600,600,29.296875,29.296875,100,100,1,1,1,3725619,0,0.43999999999999984,0.43999999999999984,0.87999999999999967,False,low_confidence_error,false_negative;low_confidence;temporal_regime,DECISION-TIME
4e1e85d1b55315dc70a9a1d4,fold_1,0,3726416,1,1,1,600,600,29.296875,29.296875,25,25,1,1,1,3726419,0,0.43999999999999984,0.43999999999999984,0.87999999999999967,True,correct,correct;low_confidence;temporal_regime,DECISION-TIME
80e35ff66122970d78b88aa5,fold_1,1,3726443,1,1,2,1800,1800,58.59375,58.59375,800,800,1,2,2,3726447,0,0.088888888888888892,0.088888888888888892,0.17777777777777781,False,high_confidence_error,false_negative;high_confidence;temporal_regime,DECISION-TIME
7384ec2f227ace05f19c9921,fold_1,0,3726454,1,1,1,600,600,29.296875,29.296875,100,100,1,1,1,3726467,0,0.43999999999999984,0.43999999999999984,0.87999999999999967,True,correct,correct;low_confidence;temporal_regime,DECISION-TIME
8f3d0443df13bdf8fd096d18,fold_1,0,3726866,1,1,1,600,600,29.296875,29.296875,50,50,1,1,1,3726911,0,0.43999999999999984,0.43999999999999984,0.87999999999999967,True,correct,correct;low_confidence;temporal_regime,DECISION-TIME
81210021b437095f06431afb,fold_1,0,3727096,1,1,1,600,600,29.296875,29.296875,100,100,1,1,1,3727185,0,0.43999999999999984,0.43999999999999984,0.87999999999999967,True,correct,correct;low_confidence;temporal_regime,DECISION-TIME
27c30ff71f954e352dac3cdb,fold_1,0,3727604,1,1,1,600,600,29.296875,29.296875,25,25,1,1,1,3727608,0,0.43999999999999984,0.43999999999999984,0.87999999999999967,True,correct,correct;low_confidence;temporal_regime,DECISION-TIME
5fa3f9203bd162c8b753d9d2,fold_1,0,3728096,1,1,1,1000,1000,19.55078125,19.55078125,50,50,1,1,1,3728099,0,0.43999999999999984,0.43999999999999984,0.87999999999999967,True,correct,correct;low_confidence;temporal_regime,DECISION-TIME
3cd3e6ce4b73e54e4d7bbeaa,fold_1,0,3728380,1,1,1,600,600,29.296875,29.296875,50,50,1,1,1,3728383,0,0.43999999999999984,0.43999999999999984,0.87999999999999967,True,correct,correct;low_confidence;temporal_regime,DECISION-TIME
d8d02b69729ecd61278f5bcf,fold_1,0,3729249,1,1,1,600,600,29.296875,29.296875,50,50,1,1,1,3729260,0,0.43999999999999984,0.43999999999999984,0.87999999999999967,True,correct,correct;low_confidence;temporal_regime,DECISION-TIME
d6fb20c8d74d3171d6236dd5,fold_1,0,3729347,1,1,1,1600,1600,29.296875,29.296875,100,100,1,1,1,3730430,0,0.43999999999999984,0.43999999999999984,0.87999999999999967,True,correct,correct;low_confidence;temporal_regime,DECISION-TIME
7dd59d49d0ee67b7746ad8fe,fold_1,0,3729408,1,1,1,600,600,29.296875,29.296875,25,25,1,1,1,3729414,0,0.43999999999999984,0.43999999999999984,0.87999999999999967,True,correct,correct;low_confidence;temporal_regime,DECISION-TIME
f703975d280dcc7544f8dcbf,fold_1,0,3729664,1,1,1,600,600,29.296875,29.296875,50,50,1,1,1,3729676,0,0.43999999999999984,0.43999999999999984,0.87999999999999967,True,correct,correct;low_confidence;temporal_regime,DECISION-TIME
91d0acafa87843a09acc0c21,fold_1,0,3730072,2,2,51,500,600,19.53125,19.53125,50,50,1,52,38,3730270.0196078434,0,0.088888888888888892,0.088888888888888892,0.17777777777777781,True,correct,correct;high_confidence;temporal_regime,DECISION-TIME
a88b058b1b0f3cd803eefaf1,fold_1,0,3730336,1,1,1,600,600,29.296875,29.296875,50,50,1,1,1,3730347,0,0.43999999999999984,0.43999999999999984,0.87999999999999967,True,correct,correct;low_confidence;temporal_regime,DECISION-TIME
551b78ee42d9de07a5bc8c15,fold_1,0,3730337,1,1,1,1600,1600,29.296875,29.296875,100,100,1,1,1,3731421,0,0.43999999999999984,0.43999999999999984,0.87999999999999967,True,correct,correct;low_confidence;temporal_regime,DECISION-TIME
81aa5e9653d2ca028f900b4b,fold_1,0,3731344,1,1,1,600,600,29.296875,29.296875,50,50,1,1,1,3731347,0,0.43999999999999984,0.43999999999999984,0.87999999999999967,True,correct,correct;low_confidence;temporal_regime,DECISION-TIME
006774dc084beb9cc50b8c9f,fold_1,1,3731351,1,1,1,600,600,29.296875,29.296875,100,100,1,1,1,3731968,0,0.43999999999999984,0.43999999999999984,0.87999999999999967,False,low_confidence_error,false_negative;low_confidence;temporal_regime,DECISION-TIME
d1a1108896beb9a3af260078,fold_1,0,3733333,2,2,31,600,600,29.296875,29.296875,25,25,1,31,20,3733340.0322580645,0,0.43999999999999984,0.43999999999999984,0.87999999999999967,True,correct,correct;low_confidence;temporal_regime,DECISION-TIME
5a6e90cc5c6fda49c0d168c2,fold_1,0,3734242,1,1,1,1600,1600,29.296875,29.296875,100,100,1,1,1,3734245,0,0.43999999999999984,0.43999999999999984,0.87999999999999967,True,correct,correct;low_confidence;temporal_regime,DECISION-TIME
1b2a9452bdb36c2d8cfeb614,fold_1,0,3735723,1,1,1,600,600,29.296875,29.296875,100,100,1,1,1,3735826,0,0.43999999999999984,0.43999999999999984,0.87999999999999967,True,correct,correct;low_confidence;temporal_regime,DECISION-TIME
c801acfa8634b9ad5a6137c4,fold_1,0,3736069,2,2,25,600,600,19.53125,19.53125,20,20,1,25,22,3742331.4399999999,0,0.088888888888888892,0.088888888888888892,0.17777777777777781,True,correct,correct;high_confidence;temporal_regime,DECISION-TIME
b5feb78985d4653bc3444e70,fold_1,0,3736661,1,1,1,1800,1800,58.59375,58.59375,100,100,1,1,1,3740306,0,0.43999999999999984,0.43999999999999984,0.87999999999999967,True,correct,correct;low_confidence;temporal_regime,DECISION-TIME
4c0d15ea3039ab8499b9c868,fold_1,1,3736948,1,1,1,100,100,29.296875,29.296875,100,100,1,1,1,3736951,0,0.088888888888888892,0.088888888888888892,0.17777777777777781,False,high_confidence_error,false_negative;high_confidence;temporal_regime,DECISION-TIME
f21c83c6598591e3f558a97b,fold_1,0,3737071,1,1,8,400,400,5.859375,5.859375,100,100,1,8,7,3737074,0,0.088888888888888892,0.088888888888888892,0.17777777777777781,True,correct,correct;high_confidence;temporal_regime,DECISION-TIME
099d0f6f4cca333f0460c253,fold_1,0,3739148,1,1,1,100,100,1.97265625,1.97265625,,,0,1,1,3739151,0,0,0,0,True,correct,correct;high_confidence;temporal_regime;feature_missingness,DECISION-TIME
42f47566d760255ec8d0e7f2,fold_1,0,3741134,1,1,1,600,600,29.296875,29.296875,50,50,1,1,1,3741137,0,0.43999999999999984,0.43999999999999984,0.87999999999999967,True,correct,correct;low_confidence;temporal_regime,DECISION-TIME
cc2878d9da04c1ccac0e0d77,fold_1,0,3741140,1,1,1,1600,1600,10.01953125,10.01953125,100,100,1,1,1,3796508,0,0.43999999999999984,0.43999999999999984,0.87999999999999967,True,correct,correct;low_confidence;temporal_regime,DECISION-TIME
792090634d094dc77084e6c9,fold_1,0,3741711,2,2,20,500,600,12.20703125,14.6484375,25,25,1,20,16,3741730.5499999998,0,0.088888888888888892,0.088888888888888892,0.17777777777777781,True,correct,correct;high_confidence;temporal_regime,DECISION-TIME
b296be15fe7b0fb02cf1005d,fold_1,0,3744678,1,1,1,1600,1600,10.01953125,10.01953125,100,100,1,1,1,3759387,0,0.43999999999999984,0.43999999999999984,0.87999999999999967,True,correct,correct;low_confidence;temporal_regime,DECISION-TIME
595e59d2b0b5e9376a0e3107,fold_1,0,3744743,1,1,1,1600,1600,10.01953125,10.01953125,100,100,1,1,1,3762705,0,0.43999999999999984,0.43999999999999984,0.87999999999999967,True,correct,correct;low_confidence;temporal_regime,DECISION-TIME
c4520d0c54c32344ff3a4abe,fold_1,0,3744982,1,1,1,600,600,29.296875,29.296875,25,25,1,1,1,3744991,0,0.43999999999999984,0.43999999999999984,0.87999999999999967,True,correct,correct;low_confidence;temporal_regime,DECISION-TIME
2cd1c78761dcdac54e99afbc,fold_1,0,3745716,2,2,2,600,600,29.296875,39.0625,25,25,1,2,2,3745726.5,0,0.43999999999999984,0.43999999999999984,0.87999999999999967,True,correct,correct;low_confidence;temporal_regime,DECISION-TIME
3bc7a9fd6766e564ae491e9f,fold_1,1,3745718,1,1,4,1800,1800,58.59375,58.59375,100,100,1,3,2,3745724,0,0.43999999999999984,0.43999999999999984,0.87999999999999967,False,low_confidence_error,false_negative;low_confidence;temporal_regime,DECISION-TIME
d35b3ab68b978bd20c52e681,fold_1,1,3748005,2,2,3,400,600,14.6484375,19.53125,100,100,1,3,3,3748008,0,0.025000000000000001,0.025000000000000001,0.050000000000000044,False,high_confidence_error,false_negative;high_confidence;temporal_regime,DECISION-TIME
e39c904b2fa31cd5d564000e,fold_1,1,3748103,1,1,1,600,600,29.296875,29.296875,100,100,1,3,2,3748558,0,0.43999999999999984,0.43999999999999984,0.87999999999999967,False,low_confidence_error,false_negative;low_confidence;temporal_regime,DECISION-TIME
ed9cf75c709df237a098437f,fold_1,0,3748854,1,1,1,600,600,29.296875,29.296875,25,25,1,1,1,3748862,0,0.43999999999999984,0.43999999999999984,0.87999999999999967,True,correct,correct;low_confidence;temporal_regime,DECISION-TIME
86027891d635737672e2c076,fold_1,0,3749172,1,1,1,1600,1600,29.296875,29.296875,100,100,1,1,1,3749180,0,0.43999999999999984,0.43999999999999984,0.87999999999999967,True,correct,correct;low_confidence;temporal_regime,DECISION-TIME
421c98343fb2c5524e0a98b6,fold_1,0,3749362,2,2,100,400,700,7.32421875,9.765625,20,20,1,100,70,3749370.3300000001,0,0.088888888888888892,0.088888888888888892,0.17777777777777781,True,correct,correct;high_confidence;temporal_regime,DECISION-TIME
0c84c7dbb115ed4f630ada53,fold_1,1,3751506,1,1,1,4000,4000,46.875,46.875,50,50,1,1,1,3751519,1,0.66666666666666663,0.66666666666666663,0.66666666666666674,True,correct,correct;low_confidence;temporal_regime,DECISION-TIME
3b1660b5cfa658efd37d79f8,fold_1,0,3752563,2,2,26,350,600,2,2,25,25,1,26,5,3752569.4615384615,0,0.025000000000000001,0.025000000000000001,0.050000000000000044,True,correct,correct;high_confidence;temporal_regime,DECISION-TIME
144b83562881b45a4d374fff,fold_1,0,3752599,2,2,4,600,600,29.296875,29.296875,50,50,1,4,2,3752603.75,0,0.088888888888888892,0.088888888888888892,0.17777777777777781,True,correct,correct;high_confidence;temporal_regime,DECISION-TIME
260a22356fa5a231a62337b5,fold_1,0,3752724,1,1,1,600,600,29.296875,29.296875,100,100,1,1,1,3753121,0,0.43999999999999984,0.43999999999999984,0.87999999999999967,True,correct,correct;low_confidence;temporal_regime,DECISION-TIME
9706852076d1c5aef7c2b077,fold_1,0,3752724,1,1,1,600,600,29.296875,29.296875,100,100,1,1,1,3753710,0,0.43999999999999984,0.43999999999999984,0.87999999999999967,True,correct,correct;low_confidence;temporal_regime,DECISION-TIME
53505524ecb372245c059a20,fold_1,0,3752725,1,1,1,600,600,29.296875,29.296875,100,100,1,1,1,3754436,0,0.43999999999999984,0.43999999999999984,0.87999999999999967,True,correct,correct;low_confidence;temporal_regime,DECISION-TIME
5f995dc03f9fe66056e14b82,fold_1,0,3752725,1,1,1,600,600,29.296875,29.296875,25,25,1,1,1,3752730,0,0.43999999999999984,0.43999999999999984,0.87999999999999967,True,correct,correct;low_confidence;temporal_regime,DECISION-TIME
7115c87b47ce09382db086e6,fold_1,0,3752924,1,1,1,600,600,29.296875,29.296875,100,100,1,1,1,3752927,0,0.43999999999999984,0.43999999999999984,0.87999999999999967,True,correct,correct;low_confidence;temporal_regime,DECISION-TIME
0be24afbcc3efb65d6875486,fold_1,0,3753194,1,1,1,600,600,29.296875,29.296875,100,100,1,1,1,3753205,0,0.43999999999999984,0.43999999999999984,0.87999999999999967,True,correct,correct;low_confidence;temporal_regime,DECISION-TIME
820f48a634ae0b0eb9bcb1ee,fold_1,0,3754348,1,1,1,100,100,1.97265625,1.97265625,,,0,1,1,3754351,0,0,0,0,True,correct,correct;high_confidence;temporal_regime;feature_missingness,DECISION-TIME
523813428c850a0cec927f62,fold_1,0,3754402,1,1,1,600,600,29.296875,29.296875,100,100,1,1,1,3754415,0,0.43999999999999984,0.43999999999999984,0.87999999999999967,True,correct,correct;low_confidence;temporal_regime,DECISION-TIME
107c2a38566ed78f7945735d,fold_1,0,3754495,1,1,1,600,600,29.296875,29.296875,100,100,1,1,1,3754509,0,0.43999999999999984,0.43999999999999984,0.87999999999999967,True,correct,correct;low_confidence;temporal_regime,DECISION-TIME
cc6d04290cee5c346f707500,fold_1,0,3754753,1,1,1,50,50,48.828125,48.828125,500,500,1,1,1,3754756,0,0.025000000000000001,0.025000000000000001,0.050000000000000044,True,correct,correct;high_confidence;temporal_regime,DECISION-TIME
b550871853f4b1dfb2565603,fold_1,0,3755105,1,1,1,600,600,29.296875,29.296875,100,100,1,1,1,3755210,0,0.43999999999999984,0.43999999999999984,0.87999999999999967,True,correct,correct;low_confidence;temporal_regime,DECISION-TIME
6e41318ff0c968b8b071513e,fold_1,0,3759264,1,1,1,600,600,29.296875,29.296875,100,100,1,1,1,3759267,0,0.43999999999999984,0.43999999999999984,0.87999999999999967,True,correct,correct;low_confidence;temporal_regime,DECISION-TIME
e745dcb4f21472d2aa35a696,fold_1,0,3759543,1,1,1,600,600,29.296875,29.296875,400,400,1,1,1,3772502,0,0.088888888888888892,0.088888888888888892,0.17777777777777781,True,correct,correct;high_confidence;temporal_regime,DECISION-TIME
e222073664d066c771ead861,fold_1,0,3760819,2,2,21,350,500,4.8828125,4.8828125,50,50,1,21,15,3760830.7619047621,0,0.025000000000000001,0.025000000000000001,0.050000000000000044,True,correct,correct;high_confidence;temporal_regime,DECISION-TIME
9a7598f7fb7ba217b2c31eb3,fold_1,0,3761995,1,1,1,1800,1800,58.59375,58.59375,10,10,1,1,1,3761998,1,0.59590671088628278,0.59590671088628278,0.80818657822743445,False,low_confidence_error,false_positive;low_confidence;temporal_regime,DECISION-TIME
76fd24c159556cc67a3dd245,fold_1,0,3762272,1,1,1,600,600,29.296875,29.296875,100,100,1,1,1,3762276,0,0.43999999999999984,0.43999999999999984,0.87999999999999967,True,correct,correct;low_confidence;temporal_regime,DECISION-TIME
a4b4bea8b8b191795c0b929d,fold_1,0,3762706,1,1,1,600,600,29.296875,29.296875,100,100,1,1,1,3762714,0,0.43999999999999984,0.43999999999999984,0.87999999999999967,True,correct,correct;low_confidence;temporal_regime,DECISION-TIME
bed62e50d8065b3e9548cbd2,fold_1,0,3763190,1,1,1,600,600,29.296875,29.296875,100,100,1,1,1,3763352,0,0.43999999999999984,0.43999999999999984,0.87999999999999967,True,correct,correct;low_confidence;temporal_regime,DECISION-TIME
a5a95a38b2340b887598dd9b,fold_1,0,3765023,1,1,1,600,600,29.296875,29.296875,100,100,1,1,1,3765034,0,0.43999999999999984,0.43999999999999984,0.87999999999999967,True,correct,correct;low_confidence;temporal_regime,DECISION-TIME
e6518abd1b4ff23fe8c01c16,fold_1,0,3766409,1,1,1,800,800,29.296875,29.296875,50,50,1,1,1,3766513,0,0.43999999999999984,0.43999999999999984,0.87999999999999967,True,correct,correct;low_confidence;temporal_regime,DECISION-TIME
deb92b669202b9a6456e07bb,fold_1,0,3767066,1,1,1,600,600,29.296875,29.296875,100,100,1,1,1,3767078,0,0.43999999999999984,0.43999999999999984,0.87999999999999967,True,correct,correct;low_confidence;temporal_regime,DECISION-TIME
2540af4c414cb6fcd0c8d24d,fold_1,0,3767432,1,1,1,1600,1600,29.296875,29.296875,100,100,1,1,1,3767439,0,0.43999999999999984,0.43999999999999984,0.87999999999999967,True,correct,correct;low_confidence;temporal_regime,DECISION-TIME
6da22746b773d1e0096ce2e0,fold_1,1,3767806,1,1,1,1800,1800,58.59375,58.59375,100,100,1,1,1,3767812,0,0.43999999999999984,0.43999999999999984,0.87999999999999967,False,low_confidence_error,false_negative;low_confidence;temporal_regime,DECISION-TIME
bd47d29b7ca618efb4aec3c3,fold_1,1,3768734,2,2,210,2500,4000,19.6484375,29.296875,25,25,1,211,208,3769141.2352941176,0,0.025000000000000001,0.025000000000000001,0.050000000000000044,False,high_confidence_error,false_negative;high_confidence;temporal_regime,DECISION-TIME
315307bda002ac157652b554,fold_1,0,3774007,1,1,1,100,100,29.296875,29.296875,25,25,1,1,1,3774016,0,0.125,0.125,0.25,True,correct,correct;high_confidence;temporal_regime,DECISION-TIME
914dd89521437f2c1e39d16d,fold_1,1,3774312,2,2,22,1100,1200,29.296875,29.296875,30,30,1,22,21,3774321,0,0.43999999999999984,0.43999999999999984,0.87999999999999967,False,low_confidence_error,false_negative;low_confidence;temporal_regime,DECISION-TIME
412bbbb653367345322169cf,fold_1,0,3775106,1,1,1,1800,1800,58.59375,58.59375,100,100,1,1,1,3775114,0,0.43999999999999984,0.43999999999999984,0.87999999999999967,True,correct,correct;low_confidence;temporal_regime,DECISION-TIME
39ff364c573ff3e70c9ecc74,fold_1,0,3775132,1,1,1,100,100,29.296875,29.296875,25,25,1,1,1,3775146,0,0.125,0.125,0.25,True,correct,correct;high_confidence;temporal_regime,DECISION-TIME
478e9323be07aa8341269607,fold_1,0,3775138,1,1,1,100,100,29.296875,29.296875,25,25,1,1,1,3775146,0,0.125,0.125,0.25,True,correct,correct;high_confidence;temporal_regime,DECISION-TIME
ef430fab460d8dcdf39e9c7b,fold_1,0,3775309,1,1,1,100,100,29.296875,29.296875,100,100,1,1,1,3775312,0,0.088888888888888892,0.088888888888888892,0.17777777777777781,True,correct,correct;high_confidence;temporal_regime,DECISION-TIME
f294da7b0bcf07f8ea9faa80,fold_1,1,3776071,1,1,1,600,600,29.296875,29.296875,50,50,1,1,1,3776073,0,0.43999999999999984,0.43999999999999984,0.87999999999999967,False,low_confidence_error,false_negative;low_confidence;temporal_regime,DECISION-TIME
c92a151cc31eff8579de3f54,fold_1,1,3776175,1,1,1,600,600,29.296875,29.296875,50,50,1,1,1,3776178,0,0.43999999999999984,0.43999999999999984,0.87999999999999967,False,low_confidence_error,false_negative;low_confidence;temporal_regime,DECISION-TIME
2c8c8f7aff284b3b15ad2bd2,fold_1,1,3776190,1,1,1,600,600,29.296875,29.296875,50,50,1,1,1,3776193,0,0.43999999999999984,0.43999999999999984,0.87999999999999967,False,low_confidence_error,false_negative;low_confidence;temporal_regime,DECISION-TIME
708b1f3fa996fddf3595b66e,fold_1,0,3776600,1,1,1,1000,1000,19.53125,19.53125,200,200,1,1,1,3776611,0,0.088888888888888892,0.088888888888888892,0.17777777777777781,True,correct,correct;high_confidence;temporal_regime,DECISION-TIME
3ebde9031ff9309940089a47,fold_1,0,3776616,1,1,1,600,600,29.296875,29.296875,10,10,1,1,1,3776622,0,0.43999999999999984,0.43999999999999984,0.87999999999999967,True,correct,correct;low_confidence;temporal_regime,DECISION-TIME
9bee427270a1ee6310211284,fold_1,0,3777326,1,1,1,600,600,29.296875,29.296875,100,100,1,1,1,3777334,0,0.43999999999999984,0.43999999999999984,0.87999999999999967,True,correct,correct;low_confidence;temporal_regime,DECISION-TIME
972d5c7845ac25a54caceee7,fold_1,0,3777530,1,1,1,600,600,29.296875,29.296875,10,10,1,1,1,3777539,0,0.43999999999999984,0.43999999999999984,0.87999999999999967,True,correct,correct;low_confidence;temporal_regime,DECISION-TIME
9a42426f23310f757c9359b7,fold_1,0,3778653,1,1,1,20,20,29.296875,29.296875,5,5,1,1,1,3778662,0,0.43999999999999984,0.43999999999999984,0.87999999999999967,True,correct,correct;low_confidence;temporal_regime,DECISION-TIME
2a196e61a71d32b8cc599964,fold_1,1,3779005,1,1,1,600,600,29.296875,29.296875,25,25,1,1,1,3779014,0,0.43999999999999984,0.43999999999999984,0.87999999999999967,False,low_confidence_error,false_negative;low_confidence;temporal_regime,DECISION-TIME
88b475912ff727100621a0c7,fold_1,0,3779196,1,1,4,1600,1600,58.59375,58.59375,100,100,1,4,3,3779207,0,0.43999999999999984,0.43999999999999984,0.87999999999999967,True,correct,correct;low_confidence;temporal_regime,DECISION-TIME
203b7b230653d5e2c51fea5c,fold_1,0,3780150,1,1,1,600,600,29.296875,29.296875,100,100,1,1,1,3780156,0,0.43999999999999984,0.43999999999999984,0.87999999999999967,True,correct,correct;low_confidence;temporal_regime,DECISION-TIME
7255555617cdbb448b671555,fold_1,0,3780486,1,1,1,600,600,29.296875,29.296875,100,100,1,1,1,3780493,0,0.43999999999999984,0.43999999999999984,0.87999999999999967,True,correct,correct;low_confidence;temporal_regime,DECISION-TIME
d92b34435bf282659797acbf,fold_1,0,3783314,1,1,1,600,600,29.296875,29.296875,25,25,1,1,1,3783324,0,0.43999999999999984,0.43999999999999984,0.87999999999999967,True,correct,correct;low_confidence;temporal_regime,DECISION-TIME
5bb47e58a49ff26e515e07c6,fold_1,0,3784257,1,1,20,600,600,29.296875,29.296875,100,100,1,20,14,3784264.75,0,0.43999999999999984,0.43999999999999984,0.87999999999999967,True,correct,correct;low_confidence;temporal_regime,DECISION-TIME
a5808e8c435b3871f5e66dd7,fold_1,0,3784258,1,1,1,1600,1600,10.01953125,10.01953125,100,100,1,1,1,3788359,0,0.43999999999999984,0.43999999999999984,0.87999999999999967,True,correct,correct;low_confidence;temporal_regime,DECISION-TIME
52c2ace4f98d858284c3e172,fold_1,0,3784313,1,1,1,1600,1600,10.01953125,10.01953125,100,100,1,1,1,3792631,0,0.43999999999999984,0.43999999999999984,0.87999999999999967,True,correct,correct;low_confidence;temporal_regime,DECISION-TIME
d123be9f02fde4ec181f2969,fold_1,0,3785448,1,1,1,600,600,29.296875,29.296875,100,100,1,1,1,3785454,0,0.43999999999999984,0.43999999999999984,0.87999999999999967,True,correct,correct;low_confidence;temporal_regime,DECISION-TIME
0c9adb460e07c472585e1fcd,fold_1,0,3785522,1,1,1,600,600,29.296875,29.296875,100,100,1,1,1,3786445,0,0.43999999999999984,0.43999999999999984,0.87999999999999967,True,correct,correct;low_confidence;temporal_regime,DECISION-TIME
b6fd1eef7c832bea6f0d8cff,fold_1,0,3787471,1,1,1,600,600,29.296875,29.296875,100,100,1,1,1,3787487,0,0.43999999999999984,0.43999999999999984,0.87999999999999967,True,correct,correct;low_confidence;temporal_regime,DECISION-TIME
373e0f72699625e5d30dcd86,fold_1,0,3787720,2,2,25,500,600,17.578125,17.578125,25,25,1,25,18,3787733.9199999999,0,0.088888888888888892,0.088888888888888892,0.17777777777777781,True,correct,correct;high_confidence;temporal_regime,DECISION-TIME
9b9319f33ce931c3458b39bc,fold_1,0,3787835,1,1,1,1600,1600,10.01953125,10.01953125,100,100,1,1,1,3795443,0,0.43999999999999984,0.43999999999999984,0.87999999999999967,True,correct,correct;low_confidence;temporal_regime,DECISION-TIME
f467bb04817e4d0f5fe441a5,fold_1,0,3789188,1,1,1,600,600,29.296875,29.296875,100,100,1,1,1,3789192,0,0.43999999999999984,0.43999999999999984,0.87999999999999967,True,correct,correct;low_confidence;temporal_regime,DECISION-TIME
e6e0092474d283b71bab0177,fold_1,0,3789410,1,1,1,600,600,29.296875,29.296875,25,25,1,1,1,3789416,0,0.43999999999999984,0.43999999999999984,0.87999999999999967,True,correct,correct;low_confidence;temporal_regime,DECISION-TIME
43f8b911681afd82e69a8f98,fold_1,0,3791277,1,1,1,1800,1800,58.59375,58.59375,100,100,1,1,1,3791291,0,0.43999999999999984,0.43999999999999984,0.87999999999999967,True,correct,correct;low_confidence;temporal_regime,DECISION-TIME
9ecdf82500d4a8ea37a99015,fold_1,0,3791816,1,1,1,600,600,29.296875,29.296875,100,100,1,1,1,3791819,0,0.43999999999999984,0.43999999999999984,0.87999999999999967,True,correct,correct;low_confidence;temporal_regime,DECISION-TIME
b15e004421a8e0631eb22a34,fold_1,0,3792429,1,1,15,600,600,29.296875,29.296875,50,50,1,15,9,3792441.8666666667,0,0.43999999999999984,0.43999999999999984,0.87999999999999967,True,correct,correct;low_confidence;temporal_regime,DECISION-TIME
edcc396ff039cb2e66f25428,fold_1,0,3792786,1,1,10,600,600,29.296875,29.296875,50,50,1,10,9,3792789.3999999999,0,0.43999999999999984,0.43999999999999984,0.87999999999999967,True,correct,correct;low_confidence;temporal_regime,DECISION-TIME
167a37ff55b8285dc61f166f,fold_1,0,3793631,1,1,1,600,600,29.296875,29.296875,100,100,1,1,1,3793642,0,0.43999999999999984,0.43999999999999984,0.87999999999999967,True,correct,correct;low_confidence;temporal_regime,DECISION-TIME
6edee071e83c7014c5bbf36c,fold_1,0,3793758,1,1,1,600,600,29.296875,29.296875,100,100,1,1,1,3793764,0,0.43999999999999984,0.43999999999999984,0.87999999999999967,True,correct,correct;low_confidence;temporal_regime,DECISION-TIME
e2db27ddd609217f035b64c1,fold_1,0,3793886,1,1,16,50,50,29.296875,29.296875,100,100,1,16,16,3794299,0,0.125,0.125,0.25,True,correct,correct;high_confidence;temporal_regime,DECISION-TIME
e7e1924905dd28f6f0548943,fold_1,0,3794734,1,1,1,600,600,29.296875,29.296875,100,100,1,1,1,3794742,0,0.43999999999999984,0.43999999999999984,0.87999999999999967,True,correct,correct;low_confidence;temporal_regime,DECISION-TIME
18544faa8f2a15162f411a65,fold_1,0,3795206,1,1,1,600,600,29.296875,29.296875,100,100,1,1,1,3795219,0,0.43999999999999984,0.43999999999999984,0.87999999999999967,True,correct,correct;low_confidence;temporal_regime,DECISION-TIME
c581eeca253390f9e52a9302,fold_1,0,3797035,1,1,1,600,600,29.296875,29.296875,100,100,1,1,1,3797043,0,0.43999999999999984,0.43999999999999984,0.87999999999999967,True,correct,correct;low_confidence;temporal_regime,DECISION-TIME
407cb5aa32c2cc6344be7f63,fold_1,0,3797326,1,1,1,600,600,29.296875,29.296875,100,100,1,1,1,3797339,0,0.43999999999999984,0.43999999999999984,0.87999999999999967,True,correct,correct;low_confidence;temporal_regime,DECISION-TIME
ceee716a2de938e00c36cd84,fold_1,0,3799164,1,1,1,1200,1200,29.296875,29.296875,5,5,1,1,1,3799168,0,0.43999999999999984,0.43999999999999984,0.87999999999999967,True,correct,correct;low_confidence;temporal_regime,DECISION-TIME
fd97efbd8d13c92a557675c7,fold_1,0,3800175,2,2,30,100,100,2.9296875,2.9296875,20,20,1,30,21,3800182.3999999999,0,0.088888888888888892,0.088888888888888892,0.17777777777777781,True,correct,correct;high_confidence;temporal_regime,DECISION-TIME
aec42930f3817d6b50805cee,fold_1,0,3800359,2,2,6,500,600,2.9296875,3.90625,100,100,1,6,6,3800364.8333333335,0,0.025000000000000001,0.025000000000000001,0.050000000000000044,True,correct,correct;high_confidence;temporal_regime,DECISION-TIME
c02ffd3ff0863bd2bf2fe243,fold_1,0,3800391,1,1,1,50,50,48.828125,48.828125,500,500,1,1,1,3800394,0,0.025000000000000001,0.025000000000000001,0.050000000000000044,True,correct,correct;high_confidence;temporal_regime,DECISION-TIME
206eea218991198c5b951831,fold_1,0,3800583,2,2,3,600,600,29.296875,29.296875,25,25,1,3,2,3800588,0,0.088888888888888892,0.088888888888888892,0.17777777777777781,True,correct,correct;high_confidence;temporal_regime,DECISION-TIME
7dec1884a6de356504539fc3,fold_1,0,3800639,1,1,1,600,600,29.296875,29.296875,100,100,1,1,1,3800642,0,0.43999999999999984,0.43999999999999984,0.87999999999999967,True,correct,correct;low_confidence;temporal_regime,DECISION-TIME
e7f099f0fd1e6c94714ab78b,fold_1,0,3801179,1,1,1,600,600,29.296875,29.296875,100,100,1,1,1,3801182,0,0.43999999999999984,0.43999999999999984,0.87999999999999967,True,correct,correct;low_confidence;temporal_regime,DECISION-TIME
018a672880bef88e156ee285,fold_1,0,3802220,1,1,1,600,600,29.296875,29.296875,100,100,1,1,1,3802231,0,0.43999999999999984,0.43999999999999984,0.87999999999999967,True,correct,correct;low_confidence;temporal_regime,DECISION-TIME
a3665a2c2bbe46fdb9299d8b,fold_1,0,3802292,1,1,1,1600,1600,10.01953125,10.01953125,100,100,1,1,1,3802296,0,0.43999999999999984,0.43999999999999984,0.87999999999999967,True,correct,correct;low_confidence;temporal_regime,DECISION-TIME
e952085b29fdcaca7f6c6633,fold_1,0,3802842,1,1,1,600,600,29.296875,29.296875,100,100,1,1,1,3802854,0,0.43999999999999984,0.43999999999999984,0.87999999999999967,True,correct,correct;low_confidence;temporal_regime,DECISION-TIME
b44086125fcef205b6ffaa84,fold_1,0,3802934,2,2,11,500,800,17.08984375,29.296875,100,100,1,11,9,3802944.3636363638,0,0.025000000000000001,0.025000000000000001,0.050000000000000044,True,correct,correct;high_confidence;temporal_regime,DECISION-TIME
78dbc2c1fe4a39cd7e5a2ea4,fold_1,0,3803246,1,1,1,600,600,29.296875,29.296875,100,100,1,1,1,3803252,0,0.43999999999999984,0.43999999999999984,0.87999999999999967,True,correct,correct;low_confidence;temporal_regime,DECISION-TIME
04182b4a5f95557856930cda,fold_1,0,3803694,2,2,83,600,600,29.296875,29.296875,25,25,1,83,55,3803709.313253012,0,0.43999999999999984,0.43999999999999984,0.87999999999999967,True,correct,correct;low_confidence;temporal_regime,DECISION-TIME
ce272fd1a556b9f7f0b6e09a,fold_1,0,3805061,2,2,11,600,600,29.296875,29.296875,25,25,1,11,11,3805072.5454545454,0,0.125,0.125,0.25,True,correct,correct;high_confidence;temporal_regime,DECISION-TIME
6dda972c6d767ec94d0c9277,fold_1,0,3805878,1,1,1,600,600,29.296875,29.296875,100,100,1,1,1,3805889,0,0.43999999999999984,0.43999999999999984,0.87999999999999967,True,correct,correct;low_confidence;temporal_regime,DECISION-TIME
b65ff1357906a4fc0083f4d4,fold_1,0,3805969,1,1,1,1600,1600,10.01953125,10.01953125,100,100,1,1,1,3805972,0,0.43999999999999984,0.43999999999999984,0.87999999999999967,True,correct,correct;low_confidence;temporal_regime,DECISION-TIME
2191325069d0d641aa2ffdfb,fold_1,0,3807569,1,1,16,600,600,29.296875,29.296875,25,25,1,16,7,3807572.375,0,0.43999999999999984,0.43999999999999984,0.87999999999999967,True,correct,correct;low_confidence;temporal_regime,DECISION-TIME
3071e8c640fcaac74594c4f0,fold_1,0,3808944,2,2,2,600,600,29.296875,29.296875,100,100,1,2,2,3808997.5,0,0.088888888888888892,0.088888888888888892,0.17777777777777781,True,correct,correct;high_confidence;temporal_regime,DECISION-TIME
3bbd92b1532f6674e1c7b56a,fold_1,0,3809616,2,2,38,350,600,2.75,3.5,25,25,1,38,16,3809622.0263157897,0,0.025000000000000001,0.025000000000000001,0.050000000000000044,True,correct,correct;high_confidence;temporal_regime,DECISION-TIME
2daa07ccb715ca3a4976c46b,fold_1,0,3809746,2,2,25,600,600,29.296875,29.296875,25,25,1,25,15,3809754.5600000001,0,0.43999999999999984,0.43999999999999984,0.87999999999999967,True,correct,correct;low_confidence;temporal_regime,DECISION-TIME
99f27045f3b4d90ec4b56b90,fold_1,0,3809845,2,2,13,350,600,2,2,25,25,1,13,4,3809851.769230769,0,0.025000000000000001,0.025000000000000001,0.050000000000000044,True,correct,correct;high_confidence;temporal_regime,DECISION-TIME
958fe38ea645c7301fdd6fa6,fold_1,0,3812630,2,2,6,600,600,29.296875,29.296875,100,100,1,6,6,3812638,0,0.088888888888888892,0.088888888888888892,0.17777777777777781,True,correct,correct;high_confidence;temporal_regime,DECISION-TIME
ee74ad3baf687acf34db81f4,fold_1,0,3814342,1,1,1,600,600,29.296875,29.296875,25,25,1,1,1,3814347,0,0.43999999999999984,0.43999999999999984,0.87999999999999967,True,correct,correct;low_confidence;temporal_regime,DECISION-TIME
f059bae725005575fd0b5796,fold_1,0,3815793,1,1,1,1000,1000,19.55078125,19.55078125,50,50,1,1,1,3815796,0,0.43999999999999984,0.43999999999999984,0.87999999999999967,True,correct,correct;low_confidence;temporal_regime,DECISION-TIME
57b1f9b9f7ec3ab8f5ee363a,fold_1,0,3816557,1,1,1,800,800,31.26953125,31.26953125,,,0,1,1,3816559,0,0.025000000000000001,0.025000000000000001,0.050000000000000044,True,correct,correct;high_confidence;temporal_regime;feature_missingness,DECISION-TIME
d6c2708a9a71bd7a33645d30,fold_1,0,3817228,1,1,1,1000,1000,19.55078125,19.55078125,50,50,1,1,1,3817232,0,0.43999999999999984,0.43999999999999984,0.87999999999999967,True,correct,correct;low_confidence;temporal_regime,DECISION-TIME
4463fa722e394f6fde80dcef,fold_1,0,3824000,1,1,20,1800,1800,58.59375,58.59375,100,100,1,20,19,3824330.0499999998,1,0.59237079132723069,0.59237079132723069,0.81525841734553861,False,low_confidence_error,false_positive;low_confidence;temporal_regime,DECISION-TIME
7a0acad37576d2a97abbb9a0,fold_1,0,3825783,1,1,1,600,600,29.296875,29.296875,100,100,1,1,1,3825786,0,0.43999999999999984,0.43999999999999984,0.87999999999999967,True,correct,correct;low_confidence;temporal_regime,DECISION-TIME
8a5aa4e810e825e38a836282,fold_1,0,3825854,1,1,1,1800,1800,58.59375,58.59375,100,100,1,1,1,3825867,0,0.43999999999999984,0.43999999999999984,0.87999999999999967,True,correct,correct;low_confidence;temporal_regime,DECISION-TIME
2ed6017fe1691533421d52c5,fold_1,0,3826251,2,2,205,600,600,14.6484375,19.53125,25,25,1,205,77,3826359.556097561,0,0.43999999999999984,0.43999999999999984,0.87999999999999967,True,correct,correct;low_confidence;temporal_regime,DECISION-TIME
e9b0c822bac6c13a25d1e719,fold_1,0,3826807,1,1,1,600,600,29.296875,29.296875,100,100,1,1,1,3826810,0,0.43999999999999984,0.43999999999999984,0.87999999999999967,True,correct,correct;low_confidence;temporal_regime,DECISION-TIME
77b2d21c569d8fc6a4e64a25,fold_1,0,3828107,1,1,1,3200,3200,19.53125,19.53125,100,100,1,1,1,3828110,0,0.43999999999999984,0.43999999999999984,0.87999999999999967,True,correct,correct;low_confidence;temporal_regime,DECISION-TIME
b9ad1a149964ef5144da8365,fold_1,0,3829773,1,1,1,100,100,58.59375,58.59375,100,100,1,1,1,3829775,0,0.43999999999999984,0.43999999999999984,0.87999999999999967,True,correct,correct;low_confidence;temporal_regime,DECISION-TIME
66ce189ea966cf692265e53d,fold_1,0,3830134,2,2,11,600,600,29.296875,29.296875,25,25,1,12,10,3830232,0,0.43999999999999984,0.43999999999999984,0.87999999999999967,True,correct,correct;low_confidence;temporal_regime,DECISION-TIME
a75d132faaba8cd3fc5f57c3,fold_1,0,3830620,1,1,1,600,600,29.296875,29.296875,50,50,1,1,1,3830624,0,0.43999999999999984,0.43999999999999984,0.87999999999999967,True,correct,correct;low_confidence;temporal_regime,DECISION-TIME
695c52b646b29dd3ddc680f0,fold_1,0,3835292,1,1,1,600,600,29.296875,29.296875,25,25,1,1,1,3835300,0,0.43999999999999984,0.43999999999999984,0.87999999999999967,True,correct,correct;low_confidence;temporal_regime,DECISION-TIME
ada792b859685fe8a30de204,fold_1,0,3836030,1,1,1,600,600,29.296875,29.296875,10,10,1,1,1,3836044,0,0.43999999999999984,0.43999999999999984,0.87999999999999967,True,correct,correct;low_confidence;temporal_regime,DECISION-TIME
71d360760e2542ed624ee8b5,fold_1,0,3836945,1,1,1,600,600,29.296875,29.296875,10,10,1,1,1,3836952,0,0.43999999999999984,0.43999999999999984,0.87999999999999967,True,correct,correct;low_confidence;temporal_regime,DECISION-TIME
4ac31c28add5dc84961302f7,fold_1,0,3837136,2,2,51,350,600,3.41796875,4.8828125,25,25,1,51,25,3837152.3137254901,0,0.025000000000000001,0.025000000000000001,0.050000000000000044,True,correct,correct;high_confidence;temporal_regime,DECISION-TIME
9170d472245138c7979fc99f,fold_1,0,3837153,1,1,1,600,600,29.296875,29.296875,10,10,1,1,1,3837167,0,0.43999999999999984,0.43999999999999984,0.87999999999999967,True,correct,correct;low_confidence;temporal_regime,DECISION-TIME
08c86d406262af5af3d600b6,fold_1,0,3838123,1,1,1,600,600,29.296875,29.296875,10,10,1,1,1,3838138,0,0.43999999999999984,0.43999999999999984,0.87999999999999967,True,correct,correct;low_confidence;temporal_regime,DECISION-TIME
7c0d15901968733b7f7584c9,fold_1,0,3839069,1,1,1,600,600,29.296875,29.296875,100,100,1,1,1,3839082,0,0.43999999999999984,0.43999999999999984,0.87999999999999967,True,correct,correct;low_confidence;temporal_regime,DECISION-TIME
0427cea8275a74f9a691fd24,fold_1,0,3839074,1,1,1,600,600,29.296875,29.296875,50,50,1,1,1,3839083,0,0.43999999999999984,0.43999999999999984,0.87999999999999967,True,correct,correct;low_confidence;temporal_regime,DECISION-TIME
7b5478f64d680496b48ef4d1,fold_1,0,3840920,1,1,1,600,600,29.296875,29.296875,50,50,1,1,1,3840938,0,0.43999999999999984,0.43999999999999984,0.87999999999999967,True,correct,correct;low_confidence;temporal_regime,DECISION-TIME
63b6afae14f8c73274385e76,fold_1,0,3844932,1,1,1,600,600,29.296875,29.296875,50,50,1,1,1,3844942,0,0.43999999999999984,0.43999999999999984,0.87999999999999967,True,correct,correct;low_confidence;temporal_regime,DECISION-TIME
700990f1949790966bb1949b,fold_1,0,3845545,2,2,5,600,600,29.296875,29.296875,25,25,1,5,5,3845553,0,0.088888888888888892,0.088888888888888892,0.17777777777777781,True,correct,correct;high_confidence;temporal_regime,DECISION-TIME
d12fc022b1ce2f53e1a217e0,fold_1,0,3848385,1,1,1,600,600,29.296875,29.296875,5,5,1,1,1,3848398,0,0.43999999999999984,0.43999999999999984,0.87999999999999967,True,correct,correct;low_confidence;temporal_regime,DECISION-TIME
756caaee04127184c4da2dc0,fold_1,0,3848388,1,1,1,600,600,29.296875,29.296875,5,5,1,1,1,3848397,0,0.43999999999999984,0.43999999999999984,0.87999999999999967,True,correct,correct;low_confidence;temporal_regime,DECISION-TIME
5288485dfdecdcefb6c54134,fold_1,1,3848689,1,1,1,600,600,29.296875,29.296875,100,100,1,3,2,3849778,0,0.43999999999999984,0.43999999999999984,0.87999999999999967,False,low_confidence_error,false_negative;low_confidence;temporal_regime,DECISION-TIME
84c99adfd6b4d1f00fc6240a,fold_1,0,3852465,1,1,1,600,600,29.296875,29.296875,100,100,1,1,1,3852472,0,0.43999999999999984,0.43999999999999984,0.87999999999999967,True,correct,correct;low_confidence;temporal_regime,DECISION-TIME
1fea265c46886379927b8fd5,fold_1,1,3853870,1,1,1,1800,1800,58.59375,58.59375,100,100,1,1,1,3853873,0,0.43999999999999984,0.43999999999999984,0.87999999999999967,False,low_confidence_error,false_negative;low_confidence;temporal_regime,DECISION-TIME
59bab9e3bc41093d53e85a58,fold_1,0,3854260,1,1,1,600,600,29.296875,29.296875,10,10,1,1,1,3854268,0,0.43999999999999984,0.43999999999999984,0.87999999999999967,True,correct,correct;low_confidence;temporal_regime,DECISION-TIME
94453ad01b0a9aa0c6716775,fold_1,0,3854397,1,1,1,600,600,29.296875,29.296875,10,10,1,1,1,3854410,0,0.43999999999999984,0.43999999999999984,0.87999999999999967,True,correct,correct;low_confidence;temporal_regime,DECISION-TIME
99e5ee064fbddda9781c1dc1,fold_1,0,3854854,1,1,1,600,600,29.296875,29.296875,100,100,1,1,1,3854857,0,0.43999999999999984,0.43999999999999984,0.87999999999999967,True,correct,correct;low_confidence;temporal_regime,DECISION-TIME
6db0593eb98e7b9ae9704f57,fold_1,1,3855651,1,1,1,600,600,29.296875,29.296875,10,10,1,1,1,3855659,0,0.43999999999999984,0.43999999999999984,0.87999999999999967,False,low_confidence_error,false_negative;low_confidence;temporal_regime,DECISION-TIME
04bdfceeb6f62db622c21873,fold_1,0,3858448,1,1,1,1000,1000,19.55078125,19.55078125,50,50,1,1,1,3858451,0,0.43999999999999984,0.43999999999999984,0.87999999999999967,True,correct,correct;low_confidence;temporal_regime,DECISION-TIME
6d24a8aee1da7b977b42d212,fold_1,0,3859603,1,1,1,600,600,29.296875,29.296875,100,100,1,1,1,3859606,0,0.43999999999999984,0.43999999999999984,0.87999999999999967,True,correct,correct;low_confidence;temporal_regime,DECISION-TIME
437770d8d59afa0fdd7a7731,fold_1,0,3859629,1,1,1,10,10,29.296875,29.296875,10,10,1,1,1,3859642,0,0.125,0.125,0.25,True,correct,correct;high_confidence;temporal_regime,DECISION-TIME
a628179b8e671239516c0dc5,fold_1,0,3859651,1,1,1,10,10,29.296875,29.296875,10,10,1,1,1,3859694,0,0.125,0.125,0.25,True,correct,correct;high_confidence;temporal_regime,DECISION-TIME
58a5f478a6339cd279cfcde9,fold_1,0,3859946,1,1,1,600,600,29.296875,29.296875,100,100,1,3,2,3861819,0,0.43999999999999984,0.43999999999999984,0.87999999999999967,True,correct,correct;low_confidence;temporal_regime,DECISION-TIME
154d2846b99de5588ec3ef64,fold_1,0,3860016,2,2,101,450,800,10.76171875,19.55078125,,,0,101,101,3860020.5841584159,0,0.025000000000000001,0.025000000000000001,0.050000000000000044,True,correct,correct;high_confidence;temporal_regime;feature_missingness,DECISION-TIME
9187afa485dd743efe244428,fold_1,0,3860547,1,1,1,800,800,31.26953125,31.26953125,,,0,1,1,3860550,0,0.025000000000000001,0.025000000000000001,0.050000000000000044,True,correct,correct;high_confidence;temporal_regime;feature_missingness,DECISION-TIME
6ad30a867221ff4d33fc621b,fold_1,0,3860931,1,1,8,600,600,29.296875,29.296875,5,5,1,8,1,3860935.5,0,0.43999999999999984,0.43999999999999984,0.87999999999999967,True,correct,correct;low_confidence;temporal_regime,DECISION-TIME
a0b5f2395cd2ef1e0904db0b,fold_1,1,3861353,1,1,1,100,100,29.296875,29.296875,25,25,1,1,1,3861360,0,0.125,0.125,0.25,False,high_confidence_error,false_negative;high_confidence;temporal_regime,DECISION-TIME
765638643433b3a2faee653b,fold_1,0,3862615,1,1,1,1000,1000,19.53125,19.53125,200,200,1,1,1,3862622,0,0.088888888888888892,0.088888888888888892,0.17777777777777781,True,correct,correct;high_confidence;temporal_regime,DECISION-TIME
047a64872e134a454cc3ceaa,fold_1,0,3862638,2,2,4,600,600,29.296875,29.296875,50,50,1,4,4,3862648.75,0,0.088888888888888892,0.088888888888888892,0.17777777777777781,True,correct,correct;high_confidence;temporal_regime,DECISION-TIME
b8291ed1fa25667ef04ccd0d,fold_1,1,3862918,1,1,1,600,600,29.296875,29.296875,50,50,1,1,1,3862921,0,0.43999999999999984,0.43999999999999984,0.87999999999999967,False,low_confidence_error,false_negative;low_confidence;temporal_regime,DECISION-TIME
b4800aec136e812ee144c30e,fold_1,0,3864507,1,1,40,600,600,48.828125,48.828125,100,100,1,40,40,3864519,0,0.43999999999999984,0.43999999999999984,0.87999999999999967,True,correct,correct;low_confidence;temporal_regime,DECISION-TIME
d27442eda8f5e960ebd641d4,fold_1,0,3864547,1,1,1,600,600,29.296875,29.296875,25,25,1,1,1,3864562,0,0.43999999999999984,0.43999999999999984,0.87999999999999967,True,correct,correct;low_confidence;temporal_regime,DECISION-TIME
30ccf5ad548d4fa97ba4e49b,fold_1,0,3864587,1,1,1,600,600,29.296875,29.296875,10,10,1,1,1,3864634,0,0.43999999999999984,0.43999999999999984,0.87999999999999967,True,correct,correct;low_confidence;temporal_regime,DECISION-TIME
3514c02c5094f145399a0c87,fold_1,0,3864729,1,1,1,600,600,29.296875,29.296875,25,25,1,1,1,3864733,0,0.43999999999999984,0.43999999999999984,0.87999999999999967,True,correct,correct;low_confidence;temporal_regime,DECISION-TIME
a4b9bd6858b140287f332d36,fold_1,0,3864771,1,1,1,600,600,29.296875,29.296875,10,10,1,1,1,3864816,0,0.43999999999999984,0.43999999999999984,0.87999999999999967,True,correct,correct;low_confidence;temporal_regime,DECISION-TIME
1a15b605ac88d26d5f1bfe8d,fold_1,0,3864842,1,1,1,600,600,29.296875,29.296875,25,25,1,1,1,3864855,0,0.43999999999999984,0.43999999999999984,0.87999999999999967,True,correct,correct;low_confidence;temporal_regime,DECISION-TIME
6416f1989f20b905e8afa013,fold_1,0,3865098,1,1,1,20,20,29.296875,29.296875,5,5,1,1,1,3865140,0,0.43999999999999984,0.43999999999999984,0.87999999999999967,True,correct,correct;low_confidence;temporal_regime,DECISION-TIME
fe7232bb349221ef1c70c2d1,fold_1,0,3865107,1,1,1,20,20,29.296875,29.296875,5,5,1,1,1,3865149,0,0.43999999999999984,0.43999999999999984,0.87999999999999967,True,correct,correct;low_confidence;temporal_regime,DECISION-TIME
87835e33a2bbce15e408e7b8,fold_1,1,3865815,1,1,1,600,600,29.296875,29.296875,10,10,1,1,1,3865862,0,0.43999999999999984,0.43999999999999984,0.87999999999999967,False,low_confidence_error,false_negative;low_confidence;temporal_regime,DECISION-TIME
934ec2296055df8b6c5a0e8e,fold_1,0,3866402,2,2,30,150,200,2.9296875,2.9296875,20,20,1,30,17,3866416.7000000002,0,0.025000000000000001,0.025000000000000001,0.050000000000000044,True,correct,correct;high_confidence;temporal_regime,DECISION-TIME
d86c9d76b679a2cd98ace8e3,fold_1,0,3866515,1,1,1,600,600,29.296875,29.296875,100,100,1,1,1,3866522,0,0.43999999999999984,0.43999999999999984,0.87999999999999967,True,correct,correct;low_confidence;temporal_regime,DECISION-TIME
d2550ced2787d32f3ed34295,fold_1,0,3868749,1,1,1,600,600,29.296875,29.296875,100,100,1,1,1,3868752,0,0.43999999999999984,0.43999999999999984,0.87999999999999967,True,correct,correct;low_confidence;temporal_regime,DECISION-TIME
fe26e05cb016294976aca134,fold_1,0,3870756,1,1,1,600,600,29.296875,29.296875,100,100,1,1,1,3870759,0,0.43999999999999984,0.43999999999999984,0.87999999999999967,True,correct,correct;low_confidence;temporal_regime,DECISION-TIME
a8b2ea7a866e90a059830d78,fold_1,0,3872317,1,1,1,400,400,15.625,15.625,100,100,1,1,1,3872327,0,0.088888888888888892,0.088888888888888892,0.17777777777777781,True,correct,correct;high_confidence;temporal_regime,DECISION-TIME
962c5d75ad1f64083284d115,fold_1,0,3873309,1,1,1,600,600,29.296875,29.296875,25,25,1,1,1,3873321,0,0.43999999999999984,0.43999999999999984,0.87999999999999967,True,correct,correct;low_confidence;temporal_regime,DECISION-TIME
4937c320d84b0c42a7443808,fold_1,1,3873477,1,1,1,600,600,29.296875,29.296875,25,25,1,1,1,3873483,0,0.43999999999999984,0.43999999999999984,0.87999999999999967,False,low_confidence_error,false_negative;low_confidence;temporal_regime,DECISION-TIME
b52908371be8e980f38333ec,fold_1,1,3873483,1,1,1,600,600,29.296875,29.296875,25,25,1,1,1,3873493,0,0.43999999999999984,0.43999999999999984,0.87999999999999967,False,low_confidence_error,false_negative;low_confidence;temporal_regime,DECISION-TIME
67aa1e7fe73f11361cea6619,fold_1,0,3873944,1,1,1,600,600,29.296875,29.296875,25,25,1,1,1,3873953,0,0.43999999999999984,0.43999999999999984,0.87999999999999967,True,correct,correct;low_confidence;temporal_regime,DECISION-TIME
f317808191c5625a87941372,fold_1,0,3875506,2,2,2,600,600,29.296875,29.296875,100,100,2,2,2,3876142,0,0.43999999999999984,0.43999999999999984,0.87999999999999967,True,correct,correct;low_confidence;temporal_regime,DECISION-TIME
96cc216f1cdaff4b4c6d2851,fold_1,0,3875575,1,1,1,600,600,29.296875,29.296875,25,25,1,1,1,3875587,0,0.43999999999999984,0.43999999999999984,0.87999999999999967,True,correct,correct;low_confidence;temporal_regime,DECISION-TIME
dd671188cfaf185475e5f7a7,fold_1,0,3876470,1,1,1,600,600,29.296875,29.296875,100,100,1,1,1,3876480,0,0.43999999999999984,0.43999999999999984,0.87999999999999967,True,correct,correct;low_confidence;temporal_regime,DECISION-TIME
ddb4c2705afd354575915ed4,fold_1,0,3876668,2,2,2,600,600,29.296875,29.296875,100,100,1,2,1,3876699,0,0.088888888888888892,0.088888888888888892,0.17777777777777781,True,correct,correct;high_confidence;temporal_regime,DECISION-TIME
e2f03baaf3968ab158179aa6,fold_1,0,3876955,1,1,1,600,600,29.296875,29.296875,100,100,1,1,1,3876968,0,0.43999999999999984,0.43999999999999984,0.87999999999999967,True,correct,correct;low_confidence;temporal_regime,DECISION-TIME
ca587f55327f56a7f7076f31,fold_1,0,3877380,1,1,1,600,600,29.296875,29.296875,100,100,1,1,1,3877383,0,0.43999999999999984,0.43999999999999984,0.87999999999999967,True,correct,correct;low_confidence;temporal_regime,DECISION-TIME
185ee6b1507685d48838fd39,fold_1,0,3877573,1,1,1,1000,1000,19.55078125,19.55078125,50,50,1,1,1,3877576,0,0.43999999999999984,0.43999999999999984,0.87999999999999967,True,correct,correct;low_confidence;temporal_regime,DECISION-TIME
f4430fbe0a4e181f9d4aa069,fold_1,0,3878415,1,1,1,600,600,29.296875,29.296875,100,100,1,1,1,3878429,0,0.43999999999999984,0.43999999999999984,0.87999999999999967,True,correct,correct;low_confidence;temporal_regime,DECISION-TIME
dbaceee398b63263f5603253,fold_1,0,3879212,2,2,13,350,600,2,2,25,25,1,13,5,3879218.5384615385,0,0.025000000000000001,0.025000000000000001,0.050000000000000044,True,correct,correct;high_confidence;temporal_regime,DECISION-TIME
a6860d23d39e8d516f048cd9,fold_1,0,3879241,1,1,1,600,600,29.296875,29.296875,100,100,1,1,1,3879244,0,0.43999999999999984,0.43999999999999984,0.87999999999999967,True,correct,correct;low_confidence;temporal_regime,DECISION-TIME
32956a0bb84fbef7bf8d2ca0,fold_1,0,3879554,1,1,1,600,600,29.296875,29.296875,100,100,1,1,1,3879566,0,0.43999999999999984,0.43999999999999984,0.87999999999999967,True,correct,correct;low_confidence;temporal_regime,DECISION-TIME
ec911045e3646d639bc6e100,fold_1,0,3879561,1,1,1,600,600,29.296875,29.296875,100,100,1,1,1,3879664,0,0.43999999999999984,0.43999999999999984,0.87999999999999967,True,correct,correct;low_confidence;temporal_regime,DECISION-TIME
b0381623865a6889b2b86aff,fold_1,0,3879563,1,1,1,600,600,29.296875,29.296875,100,100,1,1,1,3879664,0,0.43999999999999984,0.43999999999999984,0.87999999999999967,True,correct,correct;low_confidence;temporal_regime,DECISION-TIME
83b988e83bc5f874b65ee7bf,fold_1,0,3880616,1,1,1,600,600,29.296875,29.296875,50,50,1,3,2,3881070,0,0.43999999999999984,0.43999999999999984,0.87999999999999967,True,correct,correct;low_confidence;temporal_regime,DECISION-TIME
f5abb29364b4f6676ff80076,fold_1,0,3881828,2,2,23,600,600,15.625,19.53125,25,25,1,23,19,3881836.3043478262,0,0.125,0.125,0.25,True,correct,correct;high_confidence;temporal_regime,DECISION-TIME
98bf11b0c68efe3d58966024,fold_1,0,3882160,2,2,6,1200,1200,53.7109375,97.65625,25,25,1,6,5,3882176.3333333335,1,0.66666666666666663,0.66666666666666663,0.66666666666666674,False,low_confidence_error,false_positive;low_confidence;temporal_regime,DECISION-TIME
40a9fbca7602b3fcff45fedb,fold_1,0,3882975,2,2,38,600,600,19.53125,29.296875,25,25,1,38,37,3883526,0,0.43999999999999984,0.43999999999999984,0.87999999999999967,True,correct,correct;low_confidence;temporal_regime,DECISION-TIME
a2be54558a4b7a2056338ee5,fold_1,0,3883978,2,2,70,600,600,29.296875,48.828125,25,25,1,73,61,3884027.3857142855,1,0.66666666666666663,0.66666666666666663,0.66666666666666674,False,low_confidence_error,false_positive;low_confidence;temporal_regime,DECISION-TIME
7194b45c681a36c8f2a16404,fold_1,0,3884986,1,1,1,600,600,29.296875,29.296875,200,200,1,1,1,3884994,0,0.088888888888888892,0.088888888888888892,0.17777777777777781,True,correct,correct;high_confidence;temporal_regime,DECISION-TIME
3d41c252f550e7c8634e17b5,fold_1,0,3889366,1,1,1,600,600,29.296875,29.296875,100,100,1,1,1,3889378,0,0.43999999999999984,0.43999999999999984,0.87999999999999967,True,correct,correct;low_confidence;temporal_regime,DECISION-TIME
fce5df5bd20bf9f370525c81,fold_1,0,3889589,1,1,1,600,600,29.296875,29.296875,100,100,1,1,1,3889601,0,0.43999999999999984,0.43999999999999984,0.87999999999999967,True,correct,correct;low_confidence;temporal_regime,DECISION-TIME
63b666cbcc2490a1a45cdd5b,fold_1,0,3889821,1,1,1,600,600,29.296875,29.296875,100,100,1,1,1,3889824,0,0.43999999999999984,0.43999999999999984,0.87999999999999967,True,correct,correct;low_confidence;temporal_regime,DECISION-TIME
b022ea7b6069cd9d4c2688a0,fold_1,0,3889986,1,1,1,600,600,29.296875,29.296875,100,100,1,1,1,3889998,0,0.43999999999999984,0.43999999999999984,0.87999999999999967,True,correct,correct;low_confidence;temporal_regime,DECISION-TIME
39924c42b9be0879bea38b63,fold_1,0,3890354,2,2,101,250,400,19.53125,19.53125,50,50,1,109,49,3890467.5148514854,0,0.43999999999999984,0.43999999999999984,0.87999999999999967,True,correct,correct;low_confidence;temporal_regime,DECISION-TIME
13baf3a4cf925ad6e48784c9,fold_1,0,3893897,2,2,21,500,600,6.8359375,9.765625,50,50,1,21,12,3894108.1428571427,0,0.025000000000000001,0.025000000000000001,0.050000000000000044,True,correct,correct;high_confidence;temporal_regime,DECISION-TIME
d2dad2ebdbb96fe17f272d72,fold_1,0,3894668,1,1,1,600,600,29.296875,29.296875,100,100,1,1,1,3894679,0,0.43999999999999984,0.43999999999999984,0.87999999999999967,True,correct,correct;low_confidence;temporal_regime,DECISION-TIME
270e0f6da901d0e3685682f1,fold_1,0,3894676,1,1,1,600,600,29.296875,29.296875,100,100,1,1,1,3894785,0,0.43999999999999984,0.43999999999999984,0.87999999999999967,True,correct,correct;low_confidence;temporal_regime,DECISION-TIME
f87d4bc21ddec9b86fcc6be9,fold_1,0,3895215,1,1,1,600,600,29.296875,29.296875,100,100,1,1,1,3895225,0,0.43999999999999984,0.43999999999999984,0.87999999999999967,True,correct,correct;low_confidence;temporal_regime,DECISION-TIME
4519b0280120ec049e521f21,fold_1,0,3896386,1,1,1,600,600,29.296875,29.296875,50,50,1,1,1,3896397,0,0.43999999999999984,0.43999999999999984,0.87999999999999967,True,correct,correct;low_confidence;temporal_regime,DECISION-TIME
a1b78cdec21e379dc6bf8269,fold_1,0,3896386,1,1,1,600,600,29.296875,29.296875,50,50,1,1,1,3896396,0,0.43999999999999984,0.43999999999999984,0.87999999999999967,True,correct,correct;low_confidence;temporal_regime,DECISION-TIME
1f0e3ebd3c08e35bbd2bcb35,fold_1,0,3896388,1,1,1,600,600,29.296875,29.296875,50,50,1,1,1,3896396,0,0.43999999999999984,0.43999999999999984,0.87999999999999967,True,correct,correct;low_confidence;temporal_regime,DECISION-TIME
b57c0a082e05986681e5a681,fold_1,0,3896389,1,1,1,600,600,29.296875,29.296875,50,50,1,1,1,3896396,0,0.43999999999999984,0.43999999999999984,0.87999999999999967,True,correct,correct;low_confidence;temporal_regime,DECISION-TIME
907219c86169fe0d395dfaf0,fold_1,0,3896392,1,1,1,600,600,29.296875,29.296875,50,50,1,1,1,3896396,0,0.43999999999999984,0.43999999999999984,0.87999999999999967,True,correct,correct;low_confidence;temporal_regime,DECISION-TIME
a39016b38f80646be958895f,fold_1,0,3896524,1,1,1,600,600,29.296875,29.296875,100,100,1,1,1,3896527,0,0.43999999999999984,0.43999999999999984,0.87999999999999967,True,correct,correct;low_confidence;temporal_regime,DECISION-TIME
32af0a6886389ec8bbab97b8,fold_1,0,3897020,1,1,1,1000,1000,19.55078125,19.55078125,50,50,1,1,1,3897024,0,0.43999999999999984,0.43999999999999984,0.87999999999999967,True,correct,correct;low_confidence;temporal_regime,DECISION-TIME
c18fbdef42daf4b70ef6c5e2,fold_1,0,3898032,2,2,2,600,600,2.9296875,2.9296875,100,100,1,2,2,3898038,0,0.025000000000000001,0.025000000000000001,0.050000000000000044,True,correct,correct;high_confidence;temporal_regime,DECISION-TIME
2ad587dbb1dde012f6c9366c,fold_1,0,3898183,1,1,1,600,600,29.296875,29.296875,50,50,1,1,1,3898192,0,0.43999999999999984,0.43999999999999984,0.87999999999999967,True,correct,correct;low_confidence;temporal_regime,DECISION-TIME
47417857ec734e84af651b5b,fold_1,0,3898195,1,1,1,600,600,29.296875,29.296875,50,50,1,1,1,3898202,0,0.43999999999999984,0.43999999999999984,0.87999999999999967,True,correct,correct;low_confidence;temporal_regime,DECISION-TIME
e2f0b259ab50597e3ccd70d2,fold_1,0,3898280,1,1,1,600,600,29.296875,29.296875,50,50,1,1,1,3898292,0,0.43999999999999984,0.43999999999999984,0.87999999999999967,True,correct,correct;low_confidence;temporal_regime,DECISION-TIME
bedd928f75f938aa7f00bd25,fold_1,0,3898409,1,1,1,600,600,29.296875,29.296875,50,50,1,1,1,3898413,0,0.43999999999999984,0.43999999999999984,0.87999999999999967,True,correct,correct;low_confidence;temporal_regime,DECISION-TIME
ec40d94f3bdf15852d2ad5be,fold_1,0,3898979,1,1,1,600,600,29.296875,29.296875,100,100,1,1,1,3898982,0,0.43999999999999984,0.43999999999999984,0.87999999999999967,True,correct,correct;low_confidence;temporal_regime,DECISION-TIME
a29a020f9c766bac61a6e431,fold_1,0,3899300,1,1,1,600,600,29.296875,29.296875,100,100,1,1,1,3899307,0,0.43999999999999984,0.43999999999999984,0.87999999999999967,True,correct,correct;low_confidence;temporal_regime,DECISION-TIME
1e50d72ca92208cb187a98a0,fold_1,0,3902323,1,1,1,600,600,29.296875,29.296875,100,100,1,1,1,3902334,0,0.43999999999999984,0.43999999999999984,0.87999999999999967,True,correct,correct;low_confidence;temporal_regime,DECISION-TIME
c51b3c351f006e10c01a3fed,fold_1,0,3902324,1,1,1,600,600,29.296875,29.296875,100,100,1,1,1,3902333,0,0.43999999999999984,0.43999999999999984,0.87999999999999967,True,correct,correct;low_confidence;temporal_regime,DECISION-TIME
1a5d2bfbc1d0c5d8508d63aa,fold_1,0,3902326,1,1,1,600,600,29.296875,29.296875,100,100,1,1,1,3902334,0,0.43999999999999984,0.43999999999999984,0.87999999999999967,True,correct,correct;low_confidence;temporal_regime,DECISION-TIME
79119a589d8a6da56c1f5953,fold_1,0,3902335,1,1,1,600,600,29.296875,29.296875,100,100,1,1,1,3902344,0,0.43999999999999984,0.43999999999999984,0.87999999999999967,True,correct,correct;low_confidence;temporal_regime,DECISION-TIME
646ed0d6218b4a61598cac45,fold_1,0,3902340,1,1,1,600,600,29.296875,29.296875,100,100,1,1,1,3902345,0,0.43999999999999984,0.43999999999999984,0.87999999999999967,True,correct,correct;low_confidence;temporal_regime,DECISION-TIME
86dac0f365da8f16b6631bd2,fold_1,0,3903120,1,1,1,600,600,29.296875,29.296875,5,5,1,1,1,3903127,0,0.43999999999999984,0.43999999999999984,0.87999999999999967,True,correct,correct;low_confidence;temporal_regime,DECISION-TIME
1f9c12d57ebe08f930dc8872,fold_1,0,3903124,1,1,1,600,600,29.296875,29.296875,5,5,1,1,1,3903175,0,0.43999999999999984,0.43999999999999984,0.87999999999999967,True,correct,correct;low_confidence;temporal_regime,DECISION-TIME
afe71ffec7ac30b1240b635a,fold_1,0,3903128,1,1,1,600,600,29.296875,29.296875,5,5,1,1,1,3903249,0,0.43999999999999984,0.43999999999999984,0.87999999999999967,True,correct,correct;low_confidence;temporal_regime,DECISION-TIME
432cd1ff0839f6aedf448811,fold_1,0,3903167,1,1,1,600,600,29.296875,29.296875,100,100,1,1,1,3903169,0,0.43999999999999984,0.43999999999999984,0.87999999999999967,True,correct,correct;low_confidence;temporal_regime,DECISION-TIME
e9e02dc146ffbaa5b1234169,fold_1,0,3903247,1,1,1,1800,1800,58.59375,58.59375,100,100,1,1,1,3903256,0,0.43999999999999984,0.43999999999999984,0.87999999999999967,True,correct,correct;low_confidence;temporal_regime,DECISION-TIME
70d10b55c37e3c2e50bf402b,fold_1,0,3903655,1,1,1,600,600,29.296875,29.296875,100,100,1,1,1,3903667,0,0.43999999999999984,0.43999999999999984,0.87999999999999967,True,correct,correct;low_confidence;temporal_regime,DECISION-TIME
a555f74094be655ba2d63200,fold_1,0,3903734,1,1,1,600,600,29.296875,29.296875,100,100,1,1,1,3903737,0,0.43999999999999984,0.43999999999999984,0.87999999999999967,True,correct,correct;low_confidence;temporal_regime,DECISION-TIME
0bf2245c4717555d26f64448,fold_1,0,3904032,1,1,1,600,600,29.296875,29.296875,25,25,1,1,1,3904038,0,0.43999999999999984,0.43999999999999984,0.87999999999999967,True,correct,correct;low_confidence;temporal_regime,DECISION-TIME
2368e987ecffbad0df02cb0c,fold_1,0,3905135,2,2,3,600,600,29.296875,29.296875,25,25,1,3,3,3905142.3333333335,0,0.088888888888888892,0.088888888888888892,0.17777777777777781,True,correct,correct;high_confidence;temporal_regime,DECISION-TIME
bc1cbe209f37ba88f6039671,fold_1,0,3906817,2,2,6,700,800,16.6015625,29.296875,50,50,1,7,3,3906943.5,0,0.125,0.125,0.25,True,correct,correct;high_confidence;temporal_regime,DECISION-TIME
5da4d577b80af7f14167ed90,fold_1,0,3907510,1,1,1,600,600,29.296875,29.296875,5,5,1,1,1,3907515,0,0.43999999999999984,0.43999999999999984,0.87999999999999967,True,correct,correct;low_confidence;temporal_regime,DECISION-TIME
d4cc0f3eb1750e6d08dbde25,fold_1,0,3909912,1,1,1,600,600,29.296875,29.296875,100,100,1,1,1,3909920,0,0.43999999999999984,0.43999999999999984,0.87999999999999967,True,correct,correct;low_confidence;temporal_regime,DECISION-TIME
519fbf5af5b5efecfc302ca4,fold_1,0,3910793,1,1,1,600,600,29.296875,29.296875,100,100,1,1,1,3910802,0,0.43999999999999984,0.43999999999999984,0.87999999999999967,True,correct,correct;low_confidence;temporal_regime,DECISION-TIME
b88ddd827feb8ca0fedfaa36,fold_1,0,3910847,1,1,1,600,600,29.296875,29.296875,50,50,1,1,1,3910852,0,0.43999999999999984,0.43999999999999984,0.87999999999999967,True,correct,correct;low_confidence;temporal_regime,DECISION-TIME
04993849121f7e37cc39799a,fold_1,0,3911545,1,1,1,600,600,29.296875,29.296875,100,100,1,1,1,3911548,0,0.43999999999999984,0.43999999999999984,0.87999999999999967,True,correct,correct;low_confidence;temporal_regime,DECISION-TIME
146015e8d13da313b99499e7,fold_1,0,3911623,1,1,1,600,600,29.296875,29.296875,100,100,1,1,1,3911634,0,0.43999999999999984,0.43999999999999984,0.87999999999999967,True,correct,correct;low_confidence;temporal_regime,DECISION-TIME
56747f896dfad6844ac04a84,fold_1,0,3911627,1,1,1,600,600,29.296875,29.296875,100,100,1,1,1,3911632,0,0.43999999999999984,0.43999999999999984,0.87999999999999967,True,correct,correct;low_confidence;temporal_regime,DECISION-TIME
69eb506abb819e357f182117,fold_1,0,3911909,1,1,1,600,600,29.296875,29.296875,100,100,1,1,1,3911912,0,0.43999999999999984,0.43999999999999984,0.87999999999999967,True,correct,correct;low_confidence;temporal_regime,DECISION-TIME
471bc3b0577b9e526ffa65ef,fold_1,0,3912593,1,1,1,600,600,29.296875,29.296875,100,100,1,1,1,3912605,0,0.43999999999999984,0.43999999999999984,0.87999999999999967,True,correct,correct;low_confidence;temporal_regime,DECISION-TIME
d43477a84ee2b0024ebf436e,fold_1,1,3914321,2,2,9,600,600,29.296875,29.296875,100,100,1,11,6,3914475.2857142859,0,0.125,0.125,0.25,False,high_confidence_error,false_negative;high_confidence;temporal_regime,DECISION-TIME
cc71a422ada69a72b28978a2,fold_1,1,3914979,1,1,20,600,600,29.296875,29.296875,100,100,1,27,5,3915253,0,0.43999999999999984,0.43999999999999984,0.87999999999999967,False,low_confidence_error,false_negative;low_confidence;temporal_regime,DECISION-TIME
889bff801ee988f6b51f0319,fold_1,1,3915310,1,1,4,1800,1800,58.59375,58.59375,100,100,1,4,3,3915319,1,0.55555555555555558,0.55555555555555558,0.88888888888888884,True,correct,correct;low_confidence;temporal_regime,DECISION-TIME
cbd62a8a569fe6e6f2d84d75,fold_1,0,3916561,1,1,1,600,600,29.296875,29.296875,100,100,1,1,1,3916573,0,0.43999999999999984,0.43999999999999984,0.87999999999999967,True,correct,correct;low_confidence;temporal_regime,DECISION-TIME
dd4f3d89c25171eddde23de7,fold_1,0,3918292,1,1,1,1000,1000,19.55078125,19.55078125,50,50,1,1,1,3918295,0,0.43999999999999984,0.43999999999999984,0.87999999999999967,True,correct,correct;low_confidence;temporal_regime,DECISION-TIME
71f4447eef22ffa382d38fc4,fold_1,0,3918379,1,1,1,600,600,29.296875,29.296875,100,100,1,1,1,3918385,0,0.43999999999999984,0.43999999999999984,0.87999999999999967,True,correct,correct;low_confidence;temporal_regime,DECISION-TIME
c5846cdda0513d660b98d1fe,fold_1,0,3919500,1,1,1,50,50,48.828125,48.828125,500,500,1,1,1,3919504,0,0.025000000000000001,0.025000000000000001,0.050000000000000044,True,correct,correct;high_confidence;temporal_regime,DECISION-TIME
6c71982153833eb4d2272183,fold_1,0,3922387,1,1,1,600,600,29.296875,29.296875,50,50,1,1,1,3922390,0,0.43999999999999984,0.43999999999999984,0.87999999999999967,True,correct,correct;low_confidence;temporal_regime,DECISION-TIME
a479f717f502d62efd5eb4ec,fold_1,0,3922485,2,2,9,600,600,29.296875,29.296875,100,100,1,9,4,3922491,0,0.088888888888888892,0.088888888888888892,0.17777777777777781,True,correct,correct;high_confidence;temporal_regime,DECISION-TIME
86b1ecbe14fd36941d813ec4,fold_1,1,3922582,1,1,1,600,600,29.296875,29.296875,10,10,1,1,1,3922595,0,0.43999999999999984,0.43999999999999984,0.87999999999999967,False,low_confidence_error,false_negative;low_confidence;temporal_regime,DECISION-TIME
d94118bb7d1bb91d67a67731,fold_1,0,3923073,2,2,6,700,800,16.6015625,29.296875,50,50,1,6,2,3923082.8333333335,0,0.088888888888888892,0.088888888888888892,0.17777777777777781,True,correct,correct;high_confidence;temporal_regime,DECISION-TIME
6dd2e1afcb645e9c6bc20664,fold_1,1,3924383,1,1,1,600,600,29.296875,29.296875,10,10,1,1,1,3924402,0,0.43999999999999984,0.43999999999999984,0.87999999999999967,False,low_confidence_error,false_negative;low_confidence;temporal_regime,DECISION-TIME
17faa7c3b4ce6c8407d9d03c,fold_1,1,3924441,1,1,1,600,600,29.296875,29.296875,10,10,1,1,1,3924445,0,0.43999999999999984,0.43999999999999984,0.87999999999999967,False,low_confidence_error,false_negative;low_confidence;temporal_regime,DECISION-TIME
506b0427e5d6d7e5bb4b97ec,fold_1,0,3925491,1,1,1,600,600,29.296875,29.296875,50,50,1,1,1,3925500,0,0.43999999999999984,0.43999999999999984,0.87999999999999967,True,correct,correct;low_confidence;temporal_regime,DECISION-TIME
c871df098d13bb02ec8c6c2b,fold_1,0,3927982,1,1,1,600,600,29.296875,29.296875,50,50,1,1,1,3927992,0,0.43999999999999984,0.43999999999999984,0.87999999999999967,True,correct,correct;low_confidence;temporal_regime,DECISION-TIME
a9b8300e478b86c1847897d6,fold_1,0,3929011,1,1,1,600,600,29.296875,29.296875,100,100,1,1,1,3929023,0,0.43999999999999984,0.43999999999999984,0.87999999999999967,True,correct,correct;low_confidence;temporal_regime,DECISION-TIME
d386f4737126aa80b5ac0f67,fold_1,1,3929881,1,1,32,1800,1800,58.59375,58.59375,100,100,1,32,22,3929894,1,0.60209702638511531,0.60209702638511531,0.79580594722976938,True,correct,correct;low_confidence;temporal_regime,DECISION-TIME
b3bca8effd3d906184d41324,fold_1,0,3931279,1,1,1,600,600,29.296875,29.296875,100,100,1,1,1,3931287,0,0.43999999999999984,0.43999999999999984,0.87999999999999967,True,correct,correct;low_confidence;temporal_regime,DECISION-TIME
3e24ab7e8549a96bb873f1a2,fold_1,0,3931739,1,1,1,20,20,29.296875,29.296875,10,10,1,1,1,3931748,0,0.125,0.125,0.25,True,correct,correct;high_confidence;temporal_regime,DECISION-TIME
4c3080873feca88cd1ce914f,fold_1,0,3931827,1,1,1,600,600,29.296875,29.296875,5,5,1,1,1,3931838,0,0.43999999999999984,0.43999999999999984,0.87999999999999967,True,correct,correct;low_confidence;temporal_regime,DECISION-TIME
4d9fce16e288060047fd74cf,fold_1,0,3935473,1,1,1,600,600,29.296875,29.296875,25,25,1,1,1,3935476,0,0.43999999999999984,0.43999999999999984,0.87999999999999967,True,correct,correct;low_confidence;temporal_regime,DECISION-TIME
808800703b599ea87bf50632,fold_1,0,3935552,1,1,1,600,600,29.296875,29.296875,100,100,1,1,1,3935566,0,0.43999999999999984,0.43999999999999984,0.87999999999999967,True,correct,correct;low_confidence;temporal_regime,DECISION-TIME
16f390b02122f32520e7cc30,fold_1,0,3937013,2,2,51,350,600,17.578125,29.296875,100,100,1,51,28,3937027.6274509802,0,0.088888888888888892,0.088888888888888892,0.17777777777777781,True,correct,correct;high_confidence;temporal_regime,DECISION-TIME
7bc5a4ab4c5e6cd0b7c961d5,fold_1,1,3937433,2,2,2,600,600,34.1796875,39.0625,10,10,1,2,2,3937447,0,0.43999999999999984,0.43999999999999984,0.87999999999999967,False,low_confidence_error,false_negative;low_confidence;temporal_regime,DECISION-TIME
37bde08d6c6ca4b0931d1134,fold_1,0,3937743,1,1,1,600,600,29.296875,29.296875,5,5,1,1,1,3937748,0,0.43999999999999984,0.43999999999999984,0.87999999999999967,True,correct,correct;low_confidence;temporal_regime,DECISION-TIME
c5eef26e1fee0d7b9b0f2f05,fold_1,0,3937985,1,1,1,1000,1000,19.55078125,19.55078125,50,50,1,1,1,3937989,0,0.43999999999999984,0.43999999999999984,0.87999999999999967,True,correct,correct;low_confidence;temporal_regime,DECISION-TIME
cd6405c54cb41fc80a3c61f7,fold_1,0,3938024,1,1,1,600,600,29.296875,29.296875,25,25,1,1,1,3938027,0,0.43999999999999984,0.43999999999999984,0.87999999999999967,True,correct,correct;low_confidence;temporal_regime,DECISION-TIME
232d0f8f8c9a0506450075e4,fold_1,0,3938267,2,2,6,500,600,2.9296875,3.90625,100,100,1,6,5,3938277.1666666665,0,0.025000000000000001,0.025000000000000001,0.050000000000000044,True,correct,correct;high_confidence;temporal_regime,DECISION-TIME
dd0477a6b33c2b7a79233269,fold_1,1,3938463,2,2,2,600,600,34.1796875,39.0625,10,10,1,2,2,3938468,0,0.43999999999999984,0.43999999999999984,0.87999999999999967,False,low_confidence_error,false_negative;low_confidence;temporal_regime,DECISION-TIME
5e5215ff5059071a66607c27,fold_1,1,3940148,2,2,21,600,600,29.296875,29.296875,25,25,1,21,15,3940161,0,0.43999999999999984,0.43999999999999984,0.87999999999999967,False,low_confidence_error,false_negative;low_confidence;temporal_regime,DECISION-TIME
a43d879aa31091ec927d30d9,fold_1,0,3940161,2,2,10,700,800,9.765625,9.765625,10,10,1,10,6,3940180.1000000001,0,0.025000000000000001,0.025000000000000001,0.050000000000000044,True,correct,correct;high_confidence;temporal_regime,DECISION-TIME
22e794926f3e4879a203f566,fold_1,0,3940333,1,1,1,1000,1000,19.55078125,19.55078125,50,50,1,1,1,3940337,0,0.43999999999999984,0.43999999999999984,0.87999999999999967,True,correct,correct;low_confidence;temporal_regime,DECISION-TIME
ae846f88db55ed3e489c1d81,fold_1,1,3940487,1,1,1,600,600,29.296875,29.296875,25,25,1,1,1,3940492,0,0.43999999999999984,0.43999999999999984,0.87999999999999967,False,low_confidence_error,false_negative;low_confidence;temporal_regime,DECISION-TIME
63b3d6b70b1ccd7170931b19,fold_1,0,3944118,2,2,6,500,600,2.9296875,3.90625,100,100,1,6,4,3944138,0,0.025000000000000001,0.025000000000000001,0.050000000000000044,True,correct,correct;high_confidence;temporal_regime,DECISION-TIME
eb3f1014f34bfc0d8716d331,fold_1,0,3946576,1,1,1,600,600,29.296875,29.296875,10,10,1,1,1,3946584,0,0.43999999999999984,0.43999999999999984,0.87999999999999967,True,correct,correct;low_confidence;temporal_regime,DECISION-TIME
9b0ea272d6d54076864f6a9f,fold_1,0,3946682,1,1,1,100,100,29.296875,29.296875,25,25,1,1,1,3946695,0,0.125,0.125,0.25,True,correct,correct;high_confidence;temporal_regime,DECISION-TIME
f6e0d1bc20bec22b655cca1c,fold_1,0,3948302,1,1,1,1800,1800,58.59375,58.59375,100,100,1,1,1,3948308,0,0.43999999999999984,0.43999999999999984,0.87999999999999967,True,correct,correct;low_confidence;temporal_regime,DECISION-TIME
bff11614b1626682f04ad3e0,fold_1,0,3951894,1,1,2,1800,1800,58.59375,58.59375,100,100,1,2,1,3951907,0,0.43999999999999984,0.43999999999999984,0.87999999999999967,True,correct,correct;low_confidence;temporal_regime,DECISION-TIME
c6de92a48d9fa19d90d6df64,fold_1,0,3952355,1,1,1,1800,1800,58.59375,58.59375,100,100,1,1,1,3952368,0,0.43999999999999984,0.43999999999999984,0.87999999999999967,True,correct,correct;low_confidence;temporal_regime,DECISION-TIME
a597d63174a6abc3d8b86e8a,fold_1,0,3952659,2,2,70,600,600,29.296875,29.296875,25,25,1,70,51,3952669.3285714285,0,0.43999999999999984,0.43999999999999984,0.87999999999999967,True,correct,correct;low_confidence;temporal_regime,DECISION-TIME
bd050b93f04f28d776e2a6f4,fold_1,0,3953310,1,1,40,600,600,29.296875,29.296875,80,80,1,40,19,3953321.9750000001,0,0.43999999999999984,0.43999999999999984,0.87999999999999967,True,correct,correct;low_confidence;temporal_regime,DECISION-TIME
def0a5f3241a069d5d903209,fold_1,0,3955316,1,1,1,600,600,29.296875,29.296875,100,100,1,1,1,3955323,0,0.43999999999999984,0.43999999999999984,0.87999999999999967,True,correct,correct;low_confidence;temporal_regime,DECISION-TIME
77bab8bb3c523e9b0043d941,fold_1,0,3957605,1,1,1,600,600,29.296875,29.296875,25,25,1,1,1,3957615,0,0.43999999999999984,0.43999999999999984,0.87999999999999967,True,correct,correct;low_confidence;temporal_regime,DECISION-TIME
dc26229095a6ca00411d9e93,fold_1,0,3959393,1,1,1,600,600,29.296875,29.296875,100,100,1,1,1,3959398,0,0.43999999999999984,0.43999999999999984,0.87999999999999967,True,correct,correct;low_confidence;temporal_regime,DECISION-TIME
59178ac2c67f40ccc9093f4f,fold_1,0,3960248,2,2,6,500,600,2.9296875,3.90625,100,100,1,6,5,3960263.8333333335,0,0.025000000000000001,0.025000000000000001,0.050000000000000044,True,correct,correct;high_confidence;temporal_regime,DECISION-TIME
42955aec37e253a8639ce906,fold_1,0,3960959,1,1,1,600,600,29.296875,29.296875,25,25,1,1,1,3960970,0,0.43999999999999984,0.43999999999999984,0.87999999999999967,True,correct,correct;low_confidence;temporal_regime,DECISION-TIME
4ccff1bdcff2e84d74fe9baf,fold_1,0,3961495,1,1,1,600,600,29.296875,29.296875,100,100,1,1,1,3961502,0,0.43999999999999984,0.43999999999999984,0.87999999999999967,True,correct,correct;low_confidence;temporal_regime,DECISION-TIME
f386f5ae4be255f74aa607e8,fold_1,0,3963156,1,1,1,600,600,29.296875,29.296875,100,100,1,1,1,3963164,0,0.43999999999999984,0.43999999999999984,0.87999999999999967,True,correct,correct;low_confidence;temporal_regime,DECISION-TIME
2c228fd3b307c3789df2575e,fold_1,0,3963379,2,2,6,100,100,17.08984375,29.296875,100,100,1,6,6,3963398.8333333335,0,0.088888888888888892,0.088888888888888892,0.17777777777777781,True,correct,correct;high_confidence;temporal_regime,DECISION-TIME
26bf730feb780cc10853244a,fold_1,0,3963853,1,1,1,600,600,29.296875,29.296875,100,100,1,1,1,3963873,0,0.43999999999999984,0.43999999999999984,0.87999999999999967,True,correct,correct;low_confidence;temporal_regime,DECISION-TIME
e825eae48118eb2f4a6f6bfa,fold_1,1,3964105,2,2,90,600,600,10,10,50,50,1,90,65,3964115,0,0.43999999999999984,0.43999999999999984,0.87999999999999967,False,low_confidence_error,false_negative;low_confidence;temporal_regime,DECISION-TIME
e351109feec4190bdc0783fe,fold_1,0,3964200,1,1,1,600,600,29.296875,29.296875,100,100,1,1,1,3964205,0,0.43999999999999984,0.43999999999999984,0.87999999999999967,True,correct,correct;low_confidence;temporal_regime,DECISION-TIME
bf1bbdf9d796a808ed3c7cc5,fold_1,0,3965750,1,1,1,600,600,29.296875,29.296875,100,100,1,1,1,3965765,0,0.43999999999999984,0.43999999999999984,0.87999999999999967,True,correct,correct;low_confidence;temporal_regime,DECISION-TIME
e3c1d03a56fc697d2ce7a9cf,fold_1,0,3968470,1,1,1,600,600,29.296875,29.296875,100,100,1,1,1,3968482,0,0.43999999999999984,0.43999999999999984,0.87999999999999967,True,correct,correct;low_confidence;temporal_regime,DECISION-TIME
38a3d577431f04fb29c26b6c,fold_1,0,3968510,1,1,4,100,100,24.4140625,24.4140625,100,100,1,4,1,3968522.25,0,0.088888888888888892,0.088888888888888892,0.17777777777777781,True,correct,correct;high_confidence;temporal_regime,DECISION-TIME
7b0b38118431ce71a6e9c17f,fold_1,0,3969345,2,2,2,600,600,29.296875,29.296875,100,100,1,2,2,3969350,0,0.088888888888888892,0.088888888888888892,0.17777777777777781,True,correct,correct;high_confidence;temporal_regime,DECISION-TIME
56d15aab33f3d68322b46d29,fold_1,0,3969450,1,1,1,600,600,29.296875,29.296875,100,100,1,1,1,3969463,0,0.43999999999999984,0.43999999999999984,0.87999999999999967,True,correct,correct;low_confidence;temporal_regime,DECISION-TIME
3b4e7a7c21426a7027c5df0d,fold_1,1,3970488,2,2,15,600,600,17.08984375,24.4140625,25,25,1,15,14,3970504,0,0.43999999999999984,0.43999999999999984,0.87999999999999967,False,low_confidence_error,false_negative;low_confidence;temporal_regime,DECISION-TIME
e1a902ed610dfa9c683675fe,fold_1,1,3970872,2,2,38,600,600,19.53125,29.296875,25,25,1,38,34,3970984,0,0.43999999999999984,0.43999999999999984,0.87999999999999967,False,low_confidence_error,false_negative;low_confidence;temporal_regime,DECISION-TIME
9ea91e91fed9cd78c58bdca8,fold_1,0,3974786,1,1,1,600,600,29.296875,29.296875,100,100,1,1,1,3974791,0,0.43999999999999984,0.43999999999999984,0.87999999999999967,True,correct,correct;low_confidence;temporal_regime,DECISION-TIME
10cc99380c799c23deba0458,fold_1,0,3976461,2,2,15,700,800,34.1796875,39.0625,50,50,1,15,10,3976471.2666666666,0,0.125,0.125,0.25,True,correct,correct;high_confidence;temporal_regime,DECISION-TIME
7cfdc42d44ad75f41a1b853c,fold_1,1,3977028,1,1,16,1600,1600,31.25,31.25,100,100,1,15,15,3977034,0,0.43999999999999984,0.43999999999999984,0.87999999999999967,False,low_confidence_error,false_negative;low_confidence;temporal_regime,DECISION-TIME
953ae3415bf834afdef258b5,fold_1,0,3977061,2,2,36,700,800,29.296875,29.296875,25,25,1,36,36,3977071.777777778,0,0.43999999999999984,0.43999999999999984,0.87999999999999967,True,correct,correct;low_confidence;temporal_regime,DECISION-TIME
aac4b6873075f9ef87aa77b2,fold_1,0,3980240,1,1,1,600,600,29.296875,29.296875,100,100,1,1,1,3980251,0,0.43999999999999984,0.43999999999999984,0.87999999999999967,True,correct,correct;low_confidence;temporal_regime,DECISION-TIME
dc57aed51d387d47d9d437b4,fold_1,1,3981759,1,1,4,600,600,29.296875,29.296875,25,25,1,4,1,3981762,0,0.43999999999999984,0.43999999999999984,0.87999999999999967,False,low_confidence_error,false_negative;low_confidence;temporal_regime,DECISION-TIME
57a486c7d064bdc00c81bd34,fold_1,0,3982023,2,2,81,400,400,7.8125,7.8125,,,0,81,80,3982027.2716049384,0,0.025000000000000001,0.025000000000000001,0.050000000000000044,True,correct,correct;high_confidence;temporal_regime;feature_missingness,DECISION-TIME
fd15aad4d1b5ce85b4f1ccbd,fold_1,0,3982167,1,1,1,600,600,29.296875,29.296875,100,100,1,1,1,3982169,0,0.43999999999999984,0.43999999999999984,0.87999999999999967,True,correct,correct;low_confidence;temporal_regime,DECISION-TIME
66227833aedee5d5a9cde9cb,fold_1,0,3982778,1,1,1,600,600,29.296875,29.296875,100,100,1,1,1,3982791,0,0.43999999999999984,0.43999999999999984,0.87999999999999967,True,correct,correct;low_confidence;temporal_regime,DECISION-TIME
4a5625ed3dbbe4c980bacb2d,fold_1,0,3983361,1,1,4,100,100,24.4140625,24.4140625,100,100,1,4,3,3983373.25,0,0.088888888888888892,0.088888888888888892,0.17777777777777781,True,correct,correct;high_confidence;temporal_regime,DECISION-TIME
d9487cd16be372277d0efcb7,fold_1,0,3984158,1,1,1,600,600,29.296875,29.296875,50,50,1,1,1,3984166,0,0.43999999999999984,0.43999999999999984,0.87999999999999967,True,correct,correct;low_confidence;temporal_regime,DECISION-TIME
6b95d5d24711247fe4cde6db,fold_1,1,3984255,2,2,45,600,600,29.296875,39.0625,50,50,1,46,34,3984269,0,0.43999999999999984,0.43999999999999984,0.87999999999999967,False,low_confidence_error,false_negative;low_confidence;temporal_regime,DECISION-TIME
64b97bf3b52f8052c9ca8c0f,fold_1,0,3984331,1,1,1,600,600,29.296875,29.296875,100,100,1,1,1,3984337,0,0.43999999999999984,0.43999999999999984,0.87999999999999967,True,correct,correct;low_confidence;temporal_regime,DECISION-TIME
6b5066c51056cfca816f6dad,fold_1,0,3984437,1,1,1,600,600,29.296875,29.296875,25,25,1,1,1,3984446,0,0.43999999999999984,0.43999999999999984,0.87999999999999967,True,correct,correct;low_confidence;temporal_regime,DECISION-TIME
1a2811ecc279533bae3a4a77,fold_1,0,3984515,2,2,4,600,600,29.296875,29.296875,100,100,1,6,4,3987223.8333333335,0,0.088888888888888892,0.088888888888888892,0.17777777777777781,True,correct,correct;high_confidence;temporal_regime,DECISION-TIME
800e72941d7f68fd78b95112,fold_1,0,3985203,1,1,1,1000,1000,19.55078125,19.55078125,50,50,1,1,1,3985206,0,0.43999999999999984,0.43999999999999984,0.87999999999999967,True,correct,correct;low_confidence;temporal_regime,DECISION-TIME
9833edde416ecd582484b370,fold_1,0,3985711,1,1,1,1200,1200,29.296875,29.296875,100,100,1,1,1,3985714,0,0.43999999999999984,0.43999999999999984,0.87999999999999967,True,correct,correct;low_confidence;temporal_regime,DECISION-TIME
cbef57734c7fc6b12a4cfb63,fold_1,0,3986220,1,1,2,1800,1800,58.59375,58.59375,800,800,1,2,2,3986226.5,0,0.088888888888888892,0.088888888888888892,0.17777777777777781,True,correct,correct;high_confidence;temporal_regime,DECISION-TIME
ad98c028b34afc511d9c1492,fold_1,0,3986288,2,2,3,600,600,29.296875,29.296875,100,100,1,3,3,3986292.3333333335,0,0.088888888888888892,0.088888888888888892,0.17777777777777781,True,correct,correct;high_confidence;temporal_regime,DECISION-TIME
c0092909e61cf1abfd4c8680,fold_1,0,3987627,1,1,1,600,600,29.296875,29.296875,100,100,1,1,1,3987640,0,0.43999999999999984,0.43999999999999984,0.87999999999999967,True,correct,correct;low_confidence;temporal_regime,DECISION-TIME
7de44a4ec81c54c7460862da,fold_1,0,3987801,1,1,64,100,100,8,8,25,25,1,64,19,3987804.703125,0,0.088888888888888892,0.088888888888888892,0.17777777777777781,True,correct,correct;high_confidence;temporal_regime,DECISION-TIME
281c13dc647a28ce16fb6003,fold_1,0,3987936,1,1,1,600,600,29.296875,29.296875,100,100,1,1,1,3988012,0,0.43999999999999984,0.43999999999999984,0.87999999999999967,True,correct,correct;low_confidence;temporal_regime,DECISION-TIME
248ecfdc235e3013713e71d0,fold_1,1,3987958,2,2,2,600,600,29.296875,29.296875,25,25,1,12,12,3989567.7272727271,0,0.43999999999999984,0.43999999999999984,0.87999999999999967,False,low_confidence_error,false_negative;low_confidence;temporal_regime,DECISION-TIME
c865102fc5515175f010c10d,fold_1,0,3988125,1,1,1,600,600,29.296875,29.296875,25,25,1,1,1,3988134,0,0.43999999999999984,0.43999999999999984,0.87999999999999967,True,correct,correct;low_confidence;temporal_regime,DECISION-TIME
5a3def1300f1c5bcb6990885,fold_1,1,3988207,1,1,1,600,600,29.296875,29.296875,100,100,1,1,1,3988210,0,0.43999999999999984,0.43999999999999984,0.87999999999999967,False,low_confidence_error,false_negative;low_confidence;temporal_regime,DECISION-TIME
73245010149421d10ccb090a,fold_1,0,3988321,1,1,1,100,100,1.97265625,1.97265625,,,0,1,1,3988324,0,0,0,0,True,correct,correct;high_confidence;temporal_regime;feature_missingness,DECISION-TIME
263d1504f434fc526c32dbf5,fold_1,0,3992094,2,2,25,600,600,34.1796875,39.0625,20,20,1,27,23,3992128.1851851852,0,0.43999999999999984,0.43999999999999984,0.87999999999999967,True,correct,correct;low_confidence;temporal_regime,DECISION-TIME
1fc12de5ba4927a2f8748bf6,fold_1,0,3992395,1,1,1,600,600,29.296875,29.296875,100,100,1,1,1,3992398,0,0.43999999999999984,0.43999999999999984,0.87999999999999967,True,correct,correct;low_confidence;temporal_regime,DECISION-TIME
2ddd18d70af52131a361b9f5,fold_1,0,3992780,1,1,1,600,600,29.296875,29.296875,100,100,1,1,1,3992896,0,0.43999999999999984,0.43999999999999984,0.87999999999999967,True,correct,correct;low_confidence;temporal_regime,DECISION-TIME
3fb86612541cb3538b53b904,fold_1,0,3993883,1,1,1,600,600,29.296875,29.296875,25,25,1,1,1,3993891,0,0.43999999999999984,0.43999999999999984,0.87999999999999967,True,correct,correct;low_confidence;temporal_regime,DECISION-TIME
2b0024f50d046c39f2067b2e,fold_1,0,3994743,2,2,13,350,600,2,2,25,25,1,13,4,3994748.3846153845,0,0.025000000000000001,0.025000000000000001,0.050000000000000044,True,correct,correct;high_confidence;temporal_regime,DECISION-TIME
3b33dd77c98258ec9eaed0fe,fold_1,0,3995182,1,1,1,800,800,7.83203125,7.83203125,50,50,1,1,1,3995186,0,0.088888888888888892,0.088888888888888892,0.17777777777777781,True,correct,correct;high_confidence;temporal_regime,DECISION-TIME
a472249cd8fcc426b0d52ebd,fold_1,0,3996793,1,1,1,600,600,29.296875,29.296875,100,100,1,1,1,3996914,0,0.43999999999999984,0.43999999999999984,0.87999999999999967,True,correct,correct;low_confidence;temporal_regime,DECISION-TIME
93990777e0db858c6d466f6d,fold_1,0,3996833,1,1,1,600,600,29.296875,29.296875,100,100,1,1,1,3997274,0,0.43999999999999984,0.43999999999999984,0.87999999999999967,True,correct,correct;low_confidence;temporal_regime,DECISION-TIME
b2c77dab703c256694bb9719,fold_1,0,3996975,1,1,1,50,50,48.828125,48.828125,500,500,1,1,1,3996978,0,0.025000000000000001,0.025000000000000001,0.050000000000000044,True,correct,correct;high_confidence;temporal_regime,DECISION-TIME
900cc8517c0db18668829de6,fold_1,0,3998724,1,1,1,1000,1000,19.55078125,19.55078125,50,50,1,1,1,3998727,0,0.43999999999999984,0.43999999999999984,0.87999999999999967,True,correct,correct;low_confidence;temporal_regime,DECISION-TIME
9b3e3c13b55375cf00c9efc5,fold_1,0,3998760,1,1,1,600,600,29.296875,29.296875,100,100,1,1,1,3998763,0,0.43999999999999984,0.43999999999999984,0.87999999999999967,True,correct,correct;low_confidence;temporal_regime,DECISION-TIME
1cf1e591798d7ee51624057f,fold_1,0,3999257,1,1,1,1800,1800,58.59375,58.59375,100,100,1,1,1,3999263,0,0.43999999999999984,0.43999999999999984,0.87999999999999967,True,correct,correct;low_confidence;temporal_regime,DECISION-TIME
9d8d3bc12e0e82bab7e3aea8,fold_1,0,3999296,1,1,1,600,600,29.296875,29.296875,100,100,1,1,1,3999299,0,0.43999999999999984,0.43999999999999984,0.87999999999999967,True,correct,correct;low_confidence;temporal_regime,DECISION-TIME
29d5b3ba1552f1381a0b7ee8,fold_1,0,3999688,1,1,1,600,600,29.296875,29.296875,25,25,1,1,1,3999701,0,0.43999999999999984,0.43999999999999984,0.87999999999999967,True,correct,correct;low_confidence;temporal_regime,DECISION-TIME
4796afaa941bfbd6b45f58a2,fold_1,0,3999854,1,1,1,200,200,4.90234375,4.90234375,,,0,1,1,3999857,0,0,0,0,True,correct,correct;high_confidence;temporal_regime;feature_missingness,DECISION-TIME
5758973483aa3e0841977581,fold_1,0,4000035,1,1,1,600,600,29.296875,29.296875,50,50,1,1,1,4000048,0,0.43999999999999984,0.43999999999999984,0.87999999999999967,True,correct,correct;low_confidence;temporal_regime,DECISION-TIME
18a91597f3bcec16e32ededd,fold_1,1,4000399,2,2,2,600,600,29.296875,29.296875,25,25,1,2,2,4000405,0,0.088888888888888892,0.088888888888888892,0.17777777777777781,False,high_confidence_error,false_negative;high_confidence;temporal_regime,DECISION-TIME
b847814d39b47db443fdffdd,fold_1,0,4000507,2,2,41,350,600,3.41796875,4.8828125,25,25,1,41,19,4000518.3902439023,0,0.025000000000000001,0.025000000000000001,0.050000000000000044,True,correct,correct;high_confidence;temporal_regime,DECISION-TIME
18f684b0801714ecd6216fc8,fold_1,1,4001463,2,2,25,600,600,29.296875,29.296875,25,25,1,25,22,4001611,0,0.43999999999999984,0.43999999999999984,0.87999999999999967,False,low_confidence_error,false_negative;low_confidence;temporal_regime,DECISION-TIME
22035934f0e35fedd03980f9,fold_1,0,4001750,1,1,1,600,600,29.296875,29.296875,100,100,1,1,1,4002933,0,0.43999999999999984,0.43999999999999984,0.87999999999999967,True,correct,correct;low_confidence;temporal_regime,DECISION-TIME
b40d2006b4c2aef474df1a55,fold_1,0,4002284,1,1,1,600,600,29.296875,29.296875,100,100,1,3,2,4002741,0,0.43999999999999984,0.43999999999999984,0.87999999999999967,True,correct,correct;low_confidence;temporal_regime,DECISION-TIME
a4ca45ea1b043b25208a7b4e,fold_1,0,4002552,1,1,1,600,600,29.296875,29.296875,100,100,1,1,1,4002559,0,0.43999999999999984,0.43999999999999984,0.87999999999999967,True,correct,correct;low_confidence;temporal_regime,DECISION-TIME
c1cf553ab6ded95fb3453163,fold_1,0,4005174,1,1,1,1800,1800,58.59375,58.59375,100,100,1,2,2,4005449,1,0.56169145556965605,0.56169145556965605,0.8766170888606879,False,low_confidence_error,false_positive;low_confidence;temporal_regime,DECISION-TIME
a587e903eac736d9fe0dac0e,fold_1,0,4005471,1,1,1,600,600,29.296875,29.296875,25,25,1,1,1,4005485,0,0.43999999999999984,0.43999999999999984,0.87999999999999967,True,correct,correct;low_confidence;temporal_regime,DECISION-TIME
3715a013661bc7653db27d3f,fold_1,0,4005620,2,2,11,350,600,2,2,25,25,1,11,6,4006513.6363636362,0,0.025000000000000001,0.025000000000000001,0.050000000000000044,True,correct,correct;high_confidence;temporal_regime,DECISION-TIME
20d1e1904a16fabcee191dce,fold_1,0,4006347,2,2,6,500,600,2.9296875,3.90625,100,100,1,6,5,4006381.6666666665,0,0.025000000000000001,0.025000000000000001,0.050000000000000044,True,correct,correct;high_confidence;temporal_regime,DECISION-TIME
56c2471209b8f4c04f280cf3,fold_1,0,4006894,1,1,1,600,600,29.296875,29.296875,25,25,1,1,1,4006908,0,0.43999999999999984,0.43999999999999984,0.87999999999999967,True,correct,correct;low_confidence;temporal_regime,DECISION-TIME
a3e70da002483cfb23560b80,fold_1,0,4007588,1,1,1,600,600,29.296875,29.296875,25,25,1,1,1,4007595,0,0.43999999999999984,0.43999999999999984,0.87999999999999967,True,correct,correct;low_confidence;temporal_regime,DECISION-TIME
027cd4e1e5486ead534a7859,fold_1,0,4007769,1,1,1,600,600,29.296875,29.296875,100,100,1,1,1,4007776,0,0.43999999999999984,0.43999999999999984,0.87999999999999967,True,correct,correct;low_confidence;temporal_regime,DECISION-TIME
f411e2eb7dd0bf983558ceb3,fold_1,0,4008336,1,1,1,3200,3200,19.53125,19.53125,100,100,1,1,1,4008339,0,0.43999999999999984,0.43999999999999984,0.87999999999999967,True,correct,correct;low_confidence;temporal_regime,DECISION-TIME
ea820a760f88fd0dc6812bf5,fold_1,0,4008340,1,1,1,3200,3200,19.53125,19.53125,100,100,1,1,1,4008343,0,0.43999999999999984,0.43999999999999984,0.87999999999999967,True,correct,correct;low_confidence;temporal_regime,DECISION-TIME
a28aa25da34c4dc98ef8d1ce,fold_1,0,4008385,1,1,1,600,600,29.296875,29.296875,25,25,1,1,1,4008393,0,0.43999999999999984,0.43999999999999984,0.87999999999999967,True,correct,correct;low_confidence;temporal_regime,DECISION-TIME
28831ed985876e476ab21246,fold_1,0,4008661,2,2,31,600,600,29.296875,39.0625,25,25,1,31,19,4008675.6451612902,0,0.43999999999999984,0.43999999999999984,0.87999999999999967,True,correct,correct;low_confidence;temporal_regime,DECISION-TIME
fcf6a7b5347ea978e55d8575,fold_1,0,4009002,1,1,1,600,600,29.296875,29.296875,100,100,1,1,1,4009103,0,0.43999999999999984,0.43999999999999984,0.87999999999999967,True,correct,correct;low_confidence;temporal_regime,DECISION-TIME
3180ec9eeaa9c83ff52eed90,fold_1,0,4010158,1,1,1,600,600,29.296875,29.296875,10,10,1,1,1,4010169,0,0.43999999999999984,0.43999999999999984,0.87999999999999967,True,correct,correct;low_confidence;temporal_regime,DECISION-TIME
3464c8b5ea475a921c022f21,fold_1,0,4010196,2,2,2,600,600,29.296875,29.296875,25,25,1,2,2,4010204,0,0.088888888888888892,0.088888888888888892,0.17777777777777781,True,correct,correct;high_confidence;temporal_regime,DECISION-TIME
21cf389a63e6b0c8600f0f77,fold_1,0,4010391,1,1,1,600,600,29.296875,29.296875,50,50,1,1,1,4010394,0,0.43999999999999984,0.43999999999999984,0.87999999999999967,True,correct,correct;low_confidence;temporal_regime,DECISION-TIME
285ed45e6548c885b59f49b1,fold_1,1,4010431,1,1,1,600,600,29.296875,29.296875,50,50,1,1,1,4010433,0,0.43999999999999984,0.43999999999999984,0.87999999999999967,False,low_confidence_error,false_negative;low_confidence;temporal_regime,DECISION-TIME
b12c9427ffe0ff85528433ac,fold_1,1,4010933,1,1,1,600,600,29.296875,29.296875,10,10,1,1,1,4010937,0,0.43999999999999984,0.43999999999999984,0.87999999999999967,False,low_confidence_error,false_negative;low_confidence;temporal_regime,DECISION-TIME
6b54eea12e2b40954150db14,fold_1,0,4011557,3,3,3,466.66666666666669,600,11.098958333333334,29.296875,25,25,1,3,3,4011561,0,0.088888888888888892,0.088888888888888892,0.17777777777777781,True,correct,correct;high_confidence;temporal_regime,DECISION-TIME
110521115bcf4549beab226e,fold_1,0,4013770,1,1,1,600,600,29.296875,29.296875,50,50,1,1,1,4013783,0,0.43999999999999984,0.43999999999999984,0.87999999999999967,True,correct,correct;low_confidence;temporal_regime,DECISION-TIME
7250a3c5b23c82aa2db867f4,fold_1,0,4014091,1,1,1,600,600,29.296875,29.296875,50,50,1,1,1,4014097,0,0.43999999999999984,0.43999999999999984,0.87999999999999967,True,correct,correct;low_confidence;temporal_regime,DECISION-TIME
7bff47b536aa9b2b532fa3c3,fold_1,0,4015624,2,2,65,100,100,29.296875,29.296875,100,100,1,66,58,4015826.4242424243,0,0.43999999999999984,0.43999999999999984,0.87999999999999967,True,correct,correct;low_confidence;temporal_regime,DECISION-TIME
b26196adfaf623655692f59f,fold_1,0,4016031,2,2,5,300.5,600,29.296875,29.296875,50,50,1,5,3,4016042.3999999999,0,0.025000000000000001,0.025000000000000001,0.050000000000000044,True,correct,correct;high_confidence;temporal_regime,DECISION-TIME
379f5b453dead968a6a82101,fold_1,1,4016304,3,3,7,600,600,29.296875,29.296875,100,100,1,60,52,4016452.1851851852,1,0.88175705245669966,0.88175705245669966,0.23648589508660067,True,correct,correct;high_confidence;temporal_regime,DECISION-TIME
1bc27650d3608b1d4a3214e8,fold_1,0,4017303,2,2,2,400,600,17.1484375,29.296875,25,25,1,2,2,4017311.5,0,0.088888888888888892,0.088888888888888892,0.17777777777777781,True,correct,correct;high_confidence;temporal_regime,DECISION-TIME
0f660be546e1db3bfcf8c6ec,fold_1,0,4017488,1,1,1,600,600,29.296875,29.296875,50,50,1,1,1,4017497,0,0.43999999999999984,0.43999999999999984,0.87999999999999967,True,correct,correct;low_confidence;temporal_regime,DECISION-TIME
fd8ba744b4be1342627bed3b,fold_1,0,4017618,1,1,1,20,20,29.296875,29.296875,10,10,1,1,1,4017628,0,0.125,0.125,0.25,True,correct,correct;high_confidence;temporal_regime,DECISION-TIME
0b83a97d777ecdbd4eea6b2a,fold_1,0,4017644,1,1,1,20,20,29.296875,29.296875,10,10,1,1,1,4017649,0,0.125,0.125,0.25,True,correct,correct;high_confidence;temporal_regime,DECISION-TIME
842de26eadc0d710d31fd4f6,fold_1,0,4017763,1,1,1,1000,1000,19.55078125,19.55078125,50,50,1,1,1,4017766,0,0.43999999999999984,0.43999999999999984,0.87999999999999967,True,correct,correct;low_confidence;temporal_regime,DECISION-TIME
1ac966531d327d789fd85bb5,fold_1,1,4019487,2,2,31,350,600,16.11328125,31.25,100,100,1,31,15,4021527.5,0,0.088888888888888892,0.088888888888888892,0.17777777777777781,False,high_confidence_error,false_negative;high_confidence;temporal_regime,DECISION-TIME
43f836fc5bd56886a8672056,fold_1,0,4020084,2,2,45,450,600,18.5546875,19.53125,25,25,1,45,45,4020120.777777778,0,0.088888888888888892,0.088888888888888892,0.17777777777777781,True,correct,correct;high_confidence;temporal_regime,DECISION-TIME
ff5dcce870e85a9a482f3da8,fold_1,1,4021237,1,1,1,4000,4000,80,80,100,100,1,1,1,4021240,1,0.66666666666666663,0.66666666666666663,0.66666666666666674,True,correct,correct;low_confidence;temporal_regime,DECISION-TIME
3061f32c20cb788b8b5a1aa5,fold_1,0,4021490,1,1,1,600,600,29.296875,29.296875,100,100,1,1,1,4021502,0,0.43999999999999984,0.43999999999999984,0.87999999999999967,True,correct,correct;low_confidence;temporal_regime,DECISION-TIME
24e9384de9c4486c1917dbdf,fold_1,0,4022582,2,2,51,450,800,10.76171875,19.55078125,,,0,51,51,4022622.6862745099,0,0,0,0,True,correct,correct;high_confidence;temporal_regime;feature_missingness,DECISION-TIME
06d7672471f0925eb2a488d3,fold_1,0,4025664,1,1,1,600,600,29.296875,29.296875,100,100,1,1,1,4025667,0,0.43999999999999984,0.43999999999999984,0.87999999999999967,True,correct,correct;low_confidence;temporal_regime,DECISION-TIME
aa9b3b5fe7d8052e35b41e07,fold_1,0,4025876,1,1,1,600,600,29.296875,29.296875,50,50,1,1,1,4025886,0,0.43999999999999984,0.43999999999999984,0.87999999999999967,True,correct,correct;low_confidence;temporal_regime,DECISION-TIME
127b8152798bae783672efcf,fold_1,0,4025955,1,1,1,600,600,29.296875,29.296875,50,50,1,1,1,4025966,0,0.43999999999999984,0.43999999999999984,0.87999999999999967,True,correct,correct;low_confidence;temporal_regime,DECISION-TIME
8eabc7aaaa6e0c782d7aaa1c,fold_1,1,4026421,1,1,1,600,600,29.296875,29.296875,100,100,1,1,1,4026427,0,0.43999999999999984,0.43999999999999984,0.87999999999999967,False,low_confidence_error,false_negative;low_confidence;temporal_regime,DECISION-TIME
25bc19d9b318eda642615569,fold_1,0,4028790,1,1,1,600,600,29.296875,29.296875,100,100,1,1,1,4028798,0,0.43999999999999984,0.43999999999999984,0.87999999999999967,True,correct,correct;low_confidence;temporal_regime,DECISION-TIME
c0fe8d245669c134c8e3ffd2,fold_1,0,4029554,1,1,1,600,600,29.296875,29.296875,50,50,1,1,1,4029561,0,0.43999999999999984,0.43999999999999984,0.87999999999999967,True,correct,correct;low_confidence;temporal_regime,DECISION-TIME
a7a9f0e57f203261a5d89bbb,fold_1,1,4031632,2,2,2,700,800,34.1796875,39.0625,70,70,1,2,2,4031648,0,0.088888888888888892,0.088888888888888892,0.17777777777777781,False,high_confidence_error,false_negative;high_confidence;temporal_regime,DECISION-TIME
afe51ffdca1cd4c3892bb180,fold_1,0,4032499,1,1,1,1800,1800,58.59375,58.59375,100,100,1,1,1,4032512,0,0.43999999999999984,0.43999999999999984,0.87999999999999967,True,correct,correct;low_confidence;temporal_regime,DECISION-TIME
31ffd43fe447549684aa2f05,fold_1,0,4034124,1,1,1,100,100,29.296875,29.296875,25,25,1,1,1,4034132,0,0.125,0.125,0.25,True,correct,correct;high_confidence;temporal_regime,DECISION-TIME
c76ae4c3a2689ce5db6b4430,fold_1,0,4034138,1,1,1,100,100,29.296875,29.296875,25,25,1,1,1,4034154,0,0.125,0.125,0.25,True,correct,correct;high_confidence;temporal_regime,DECISION-TIME
01addf8b6d0de784292be341,fold_1,0,4034153,1,1,1,600,600,29.296875,29.296875,100,100,1,1,1,4034156,0,0.43999999999999984,0.43999999999999984,0.87999999999999967,True,correct,correct;low_confidence;temporal_regime,DECISION-TIME
82dae21c48b9bf2f504d6073,fold_1,0,4034220,1,1,1,600,600,29.296875,29.296875,100,100,1,1,1,4034223,0,0.43999999999999984,0.43999999999999984,0.87999999999999967,True,correct,correct;low_confidence;temporal_regime,DECISION-TIME
4e32dd815f242f457de10852,fold_1,0,4034288,2,2,31,350,600,16.11328125,31.25,100,100,1,31,17,4068473.2258064514,0,0.088888888888888892,0.088888888888888892,0.17777777777777781,True,correct,correct;high_confidence;temporal_regime,DECISION-TIME
83f13744b8cb68735f5be3f1,fold_1,1,4035597,1,1,1,600,600,29.296875,29.296875,50,50,1,1,1,4035600,0,0.43999999999999984,0.43999999999999984,0.87999999999999967,False,low_confidence_error,false_negative;low_confidence;temporal_regime,DECISION-TIME
2ad6f7e500f8e757a2fd71ff,fold_1,1,4035626,1,1,1,600,600,29.296875,29.296875,50,50,1,1,1,4035629,0,0.43999999999999984,0.43999999999999984,0.87999999999999967,False,low_confidence_error,false_negative;low_confidence;temporal_regime,DECISION-TIME
c1da5993371aafafe89beaf9,fold_1,0,4035700,1,1,1,200,200,0.99609375,0.99609375,,,0,1,1,4035703,0,0,0,0,True,correct,correct;high_confidence;temporal_regime;feature_missingness,DECISION-TIME
b61cc3a43085d6e43be67784,fold_1,0,4035968,1,1,1,1200,1200,29.296875,29.296875,10,10,1,1,1,4035978,0,0.43999999999999984,0.43999999999999984,0.87999999999999967,True,correct,correct;low_confidence;temporal_regime,DECISION-TIME
feeba2e37061311a725a0fcd,fold_1,1,4036215,1,1,1,1800,1800,58.59375,58.59375,100,100,1,1,1,4036339,0,0.43999999999999984,0.43999999999999984,0.87999999999999967,False,low_confidence_error,false_negative;low_confidence;temporal_regime,DECISION-TIME
f8210918e2a284cff644834d,fold_1,1,4036692,1,1,1,1800,1800,58.59375,58.59375,100,100,1,1,1,4036701,0,0.43999999999999984,0.43999999999999984,0.87999999999999967,False,low_confidence_error,false_negative;low_confidence;temporal_regime,DECISION-TIME
ca97764bd5989103e6b2df78,fold_1,0,4036857,1,1,1,600,600,29.296875,29.296875,25,25,1,1,1,4036863,0,0.43999999999999984,0.43999999999999984,0.87999999999999967,True,correct,correct;low_confidence;temporal_regime,DECISION-TIME
349983ea90300f52417a2dc4,fold_1,0,4037604,1,1,1,600,600,29.296875,29.296875,10,10,1,1,1,4037613,0,0.43999999999999984,0.43999999999999984,0.87999999999999967,True,correct,correct;low_confidence;temporal_regime,DECISION-TIME
51f36699bde480a9dd8f3d81,fold_1,1,4037606,2,2,20,500,600,12.20703125,14.6484375,25,25,1,20,20,4037612,0,0.088888888888888892,0.088888888888888892,0.17777777777777781,False,high_confidence_error,false_negative;high_confidence;temporal_regime,DECISION-TIME
9bf450a4b1b45e1404281e3f,fold_1,0,4037622,2,2,16,400,600,19.53125,29.296875,20,20,1,16,16,4037626.25,0,0.088888888888888892,0.088888888888888892,0.17777777777777781,True,correct,correct;high_confidence;temporal_regime,DECISION-TIME
78707119b823a4edf2420326,fold_1,0,4037919,1,1,1,20,20,29.296875,29.296875,5,5,1,1,1,4037928,0,0.125,0.125,0.25,True,correct,correct;high_confidence;temporal_regime,DECISION-TIME
b843b112320dbc6da13957d9,fold_1,0,4039306,1,1,1,600,600,29.296875,29.296875,25,25,1,1,1,4039318,0,0.43999999999999984,0.43999999999999984,0.87999999999999967,True,correct,correct;low_confidence;temporal_regime,DECISION-TIME
5508af05c9bef9eed3624e39,fold_1,1,4039611,1,1,1,600,600,29.296875,29.296875,10,10,1,2,2,4040549,0,0.43999999999999984,0.43999999999999984,0.87999999999999967,False,low_confidence_error,false_negative;low_confidence;temporal_regime,DECISION-TIME
33f0c874550759f2a76c6d7a,fold_1,0,4039637,1,1,1,200,200,0.99609375,0.99609375,,,0,1,1,4039640,0,0,0,0,True,correct,correct;high_confidence;temporal_regime;feature_missingness,DECISION-TIME
7a084a4865bc78d265767235,fold_1,0,4040396,1,1,1,600,600,29.296875,29.296875,10,10,1,1,1,4040405,0,0.43999999999999984,0.43999999999999984,0.87999999999999967,True,correct,correct;low_confidence;temporal_regime,DECISION-TIME
670843d8b6dfafc0ea27645e,fold_1,0,4040674,1,1,1,600,600,29.296875,29.296875,10,10,1,1,1,4040689,0,0.43999999999999984,0.43999999999999984,0.87999999999999967,True,correct,correct;low_confidence;temporal_regime,DECISION-TIME
307932b757a717d6bc3e21fb,fold_1,0,4041710,1,1,1,600,600,29.296875,29.296875,50,50,1,1,1,4041720,0,0.43999999999999984,0.43999999999999984,0.87999999999999967,True,correct,correct;low_confidence;temporal_regime,DECISION-TIME
1f41c6a46519616747556fba,fold_1,0,4041750,1,1,1,600,600,29.296875,29.296875,100,100,1,1,1,4041757,0,0.43999999999999984,0.43999999999999984,0.87999999999999967,True,correct,correct;low_confidence;temporal_regime,DECISION-TIME
5748719aabcad0f9bdf23dbe,fold_1,0,4044975,2,2,10,600,600,29.296875,29.296875,25,25,1,10,7,4044984.7999999998,0,0.125,0.125,0.25,True,correct,correct;high_confidence;temporal_regime,DECISION-TIME
d03eabac13b27d013be23d6e,fold_1,0,4046330,1,1,1,600,600,29.296875,29.296875,25,25,1,1,1,4046339,0,0.43999999999999984,0.43999999999999984,0.87999999999999967,True,correct,correct;low_confidence;temporal_regime,DECISION-TIME
a95bdd3a4a9d62f967e352e0,fold_1,0,4047262,1,1,1,600,600,29.296875,29.296875,100,100,1,1,1,4047265,0,0.43999999999999984,0.43999999999999984,0.87999999999999967,True,correct,correct;low_confidence;temporal_regime,DECISION-TIME
900c5fbe7e27f0ed3895e9cf,fold_1,0,4047297,1,1,1,600,600,29.296875,29.296875,100,100,1,1,1,4047300,0,0.43999999999999984,0.43999999999999984,0.87999999999999967,True,correct,correct;low_confidence;temporal_regime,DECISION-TIME
c92e4a1a5aa3dd699f158ce8,fold_1,0,4047309,1,1,1,600,600,29.296875,29.296875,100,100,1,1,1,4047312,0,0.43999999999999984,0.43999999999999984,0.87999999999999967,True,correct,correct;low_confidence;temporal_regime,DECISION-TIME
e4290582f082d3bfbe194699,fold_1,0,4047360,1,1,4,600,600,29.296875,29.296875,25,25,1,4,2,4049723,0,0.43999999999999984,0.43999999999999984,0.87999999999999967,True,correct,correct;low_confidence;temporal_regime,DECISION-TIME
bf28b0e43e2835566e5d1624,fold_1,0,4047893,1,1,1,600,600,29.296875,29.296875,100,100,1,1,1,4047900,0,0.43999999999999984,0.43999999999999984,0.87999999999999967,True,correct,correct;low_confidence;temporal_regime,DECISION-TIME
9ea95a1044ef1c41bfc4b72c,fold_1,0,4049938,1,1,1,600,600,29.296875,29.296875,20,20,1,1,1,4049952,0,0.43999999999999984,0.43999999999999984,0.87999999999999967,True,correct,correct;low_confidence;temporal_regime,DECISION-TIME
2b5b29f6601e5c41a1b52c62,fold_1,0,4050076,1,1,1,600,600,29.296875,29.296875,20,20,1,1,1,4050081,0,0.43999999999999984,0.43999999999999984,0.87999999999999967,True,correct,correct;low_confidence;temporal_regime,DECISION-TIME
17fc918eb63383cbc328f584,fold_1,0,4050482,1,1,1,600,600,29.296875,29.296875,50,50,1,1,1,4050495,0,0.43999999999999984,0.43999999999999984,0.87999999999999967,True,correct,correct;low_confidence;temporal_regime,DECISION-TIME
e82ce5b43192f02698530489,fold_1,0,4052087,2,2,51,500,600,19.53125,19.53125,50,50,1,53,39,4052136.1568627451,0,0.088888888888888892,0.088888888888888892,0.17777777777777781,True,correct,correct;high_confidence;temporal_regime,DECISION-TIME
97275f189d6d56897624e220,fold_1,0,4054915,1,1,1,600,600,29.296875,29.296875,100,100,1,3,2,4056802,0,0.43999999999999984,0.43999999999999984,0.87999999999999967,True,correct,correct;low_confidence;temporal_regime,DECISION-TIME
32c9b9e829c02769ec3a5e06,fold_1,0,4054921,1,1,1,600,600,29.296875,29.296875,100,100,1,1,1,4054927,0,0.43999999999999984,0.43999999999999984,0.87999999999999967,True,correct,correct;low_confidence;temporal_regime,DECISION-TIME
14d1442fba368d575a8cf892,fold_1,0,4054956,1,1,1,600,600,29.296875,29.296875,25,25,1,1,1,4054966,0,0.43999999999999984,0.43999999999999984,0.87999999999999967,True,correct,correct;low_confidence;temporal_regime,DECISION-TIME
f47da60c7a05104d1019bc80,fold_1,0,4055239,1,1,1,600,600,29.296875,29.296875,10,10,1,1,1,4055242,0,0.43999999999999984,0.43999999999999984,0.87999999999999967,True,correct,correct;low_confidence;temporal_regime,DECISION-TIME
be23b43ddc2ec1a47b34fd2a,fold_1,0,4056416,1,1,10,600,600,29.296875,29.296875,50,50,1,10,5,4056419.1000000001,0,0.43999999999999984,0.43999999999999984,0.87999999999999967,True,correct,correct;low_confidence;temporal_regime,DECISION-TIME
b2e528b414f3bffe66718d17,fold_1,0,4056426,1,1,1,1000,1000,19.55078125,19.55078125,50,50,1,1,1,4056430,0,0.43999999999999984,0.43999999999999984,0.87999999999999967,True,correct,correct;low_confidence;temporal_regime,DECISION-TIME
f89c7caf53de4795c2a4162c,fold_1,0,4058468,2,2,11,600,600,29.296875,29.296875,25,25,1,11,9,4058482.9090909092,0,0.125,0.125,0.25,True,correct,correct;high_confidence;temporal_regime,DECISION-TIME
810141ce385a3c3f00027f09,fold_1,0,4058702,1,1,1,600,600,29.296875,29.296875,100,100,1,1,1,4058708,0,0.43999999999999984,0.43999999999999984,0.87999999999999967,True,correct,correct;low_confidence;temporal_regime,DECISION-TIME
68c1271a07ebabb7b45a7d27,fold_1,0,4059727,2,2,2,600,600,29.296875,29.296875,100,100,1,2,2,4059730.5,0,0.088888888888888892,0.088888888888888892,0.17777777777777781,True,correct,correct;high_confidence;temporal_regime,DECISION-TIME
8dffbcdd6163805d70112fa4,fold_1,1,4060248,2,2,23,550,800,17.08984375,24.4140625,25,25,1,23,21,4060262,0,0.088888888888888892,0.088888888888888892,0.17777777777777781,False,high_confidence_error,false_negative;high_confidence;temporal_regime,DECISION-TIME
bc5f11147792deba78f2d06c,fold_1,0,4061262,1,1,1,600,600,29.296875,29.296875,100,100,1,1,1,4061364,0,0.43999999999999984,0.43999999999999984,0.87999999999999967,True,correct,correct;low_confidence;temporal_regime,DECISION-TIME
bdf0dae4181fcc26a1092468,fold_1,0,4061630,1,1,1,600,600,29.296875,29.296875,100,100,1,1,1,4061682,0,0.43999999999999984,0.43999999999999984,0.87999999999999967,True,correct,correct;low_confidence;temporal_regime,DECISION-TIME
e9fc5089566b19489b15d95a,fold_1,0,4061841,1,1,1,600,600,29.296875,29.296875,25,25,1,1,1,4061845,0,0.43999999999999984,0.43999999999999984,0.87999999999999967,True,correct,correct;low_confidence;temporal_regime,DECISION-TIME
d2a8e9e7a48865009cc28309,fold_1,0,4061988,1,1,1,600,600,29.296875,29.296875,100,100,1,1,1,4061998,0,0.43999999999999984,0.43999999999999984,0.87999999999999967,True,correct,correct;low_confidence;temporal_regime,DECISION-TIME
944bdf9c1d3245317964c29d,fold_1,0,4062400,1,1,15,600,600,29.296875,29.296875,50,50,1,15,13,4063097.3999999999,0,0.43999999999999984,0.43999999999999984,0.87999999999999967,True,correct,correct;low_confidence;temporal_regime,DECISION-TIME
030a86cdbd16934b4c0ee7b5,fold_1,0,4062786,1,1,20,600,600,9.765625,9.765625,100,100,1,23,19,4063713.3500000001,0,0.43999999999999984,0.43999999999999984,0.87999999999999967,True,correct,correct;low_confidence;temporal_regime,DECISION-TIME
1a42d574e9ae092fac190dca,fold_1,0,4063378,1,1,4,600,600,29.296875,29.296875,50,50,1,4,3,4063832,0,0.43999999999999984,0.43999999999999984,0.87999999999999967,True,correct,correct;low_confidence;temporal_regime,DECISION-TIME
c98af01abe3b61485d1b3e42,fold_1,0,4064713,1,1,1,600,600,29.296875,29.296875,100,100,1,1,1,4064811,0,0.43999999999999984,0.43999999999999984,0.87999999999999967,True,correct,correct;low_confidence;temporal_regime,DECISION-TIME
e3ae5446e62bf9e1aa5bc49c,fold_1,0,4065211,1,1,1,600,600,29.296875,29.296875,10,10,1,3,2,4067088,0,0.43999999999999984,0.43999999999999984,0.87999999999999967,True,correct,correct;low_confidence;temporal_regime,DECISION-TIME
0859c60b1e1db7be1425560e,fold_1,0,4065568,1,1,1,600,600,29.296875,29.296875,10,10,1,1,1,4065578,0,0.43999999999999984,0.43999999999999984,0.87999999999999967,True,correct,correct;low_confidence;temporal_regime,DECISION-TIME
13e772d90feb803b98d3d8cb,fold_1,0,4065637,1,1,1,600,600,29.296875,29.296875,100,100,1,1,1,4065742,0,0.43999999999999984,0.43999999999999984,0.87999999999999967,True,correct,correct;low_confidence;temporal_regime,DECISION-TIME
ff7ed1d5247f70be8bdfef9e,fold_1,0,4065787,1,1,4,1800,1800,58.59375,58.59375,100,100,1,4,4,4066006.75,1,0.55555555555555558,0.55555555555555558,0.88888888888888884,False,low_confidence_error,false_positive;low_confidence;temporal_regime,DECISION-TIME
203ce9f525b371f06eaf09f1,fold_1,0,4065815,1,1,1,600,600,29.296875,29.296875,10,10,1,1,1,4065824,0,0.43999999999999984,0.43999999999999984,0.87999999999999967,True,correct,correct;low_confidence;temporal_regime,DECISION-TIME
9c1b15d2a53ea2dcacedf69b,fold_1,0,4068324,1,1,1,600,600,29.296875,29.296875,200,200,1,1,1,4068336,0,0.088888888888888892,0.088888888888888892,0.17777777777777781,True,correct,correct;high_confidence;temporal_regime,DECISION-TIME
6bdf78dc9cb397c1dd48f841,fold_1,0,4068469,2,2,4,600,600,29.296875,29.296875,50,50,1,4,2,4068474,0,0.088888888888888892,0.088888888888888892,0.17777777777777781,True,correct,correct;high_confidence;temporal_regime,DECISION-TIME
7d52c545897f11d11b31a0ea,fold_1,0,4068886,1,1,1,600,600,29.296875,29.296875,25,25,1,2,2,4069161,0,0.43999999999999984,0.43999999999999984,0.87999999999999967,True,correct,correct;low_confidence;temporal_regime,DECISION-TIME
7b3d07892cdf9cd02e4c7764,fold_1,1,4069021,2,2,2,1,1,0.09765625,0.09765625,100,100,1,15,15,4069121.3571428573,0,0.43999999999999984,0.43999999999999984,0.87999999999999967,False,low_confidence_error,false_negative;low_confidence;temporal_regime,DECISION-TIME
440334fc2c0d833adaf11cee,fold_1,1,4069643,1,1,4,4800,4800,29.296875,29.296875,400,400,1,4,4,4073049,1,0.55555555555555558,0.55555555555555558,0.88888888888888884,True,correct,correct;low_confidence;temporal_regime,DECISION-TIME
4cff696f8b4c6f6f32094313,fold_1,0,4070030,1,1,1,600,600,29.296875,29.296875,100,100,1,1,1,4070033,0,0.43999999999999984,0.43999999999999984,0.87999999999999967,True,correct,correct;low_confidence;temporal_regime,DECISION-TIME
f243af261296042d568d3f1e,fold_1,0,4070902,1,1,1,600,600,29.296875,29.296875,100,100,1,1,1,4071026,0,0.43999999999999984,0.43999999999999984,0.87999999999999967,True,correct,correct;low_confidence;temporal_regime,DECISION-TIME
24079cf442c16f33f7535011,fold_1,1,4070908,1,1,1,600,600,29.296875,29.296875,100,100,1,1,1,4071031,0,0.43999999999999984,0.43999999999999984,0.87999999999999967,False,low_confidence_error,false_negative;low_confidence;temporal_regime,DECISION-TIME
e00f2a0f8f6b148600f21800,fold_1,0,4070920,1,1,1,600,600,29.296875,29.296875,100,100,1,1,1,4071281,0,0.43999999999999984,0.43999999999999984,0.87999999999999967,True,correct,correct;low_confidence;temporal_regime,DECISION-TIME
4148028818e185bf8bc77a02,fold_1,0,4071435,1,1,1,600,600,29.296875,29.296875,25,25,1,1,1,4071441,0,0.43999999999999984,0.43999999999999984,0.87999999999999967,True,correct,correct;low_confidence;temporal_regime,DECISION-TIME
b07147fd33bc3c8843ce274e,fold_1,0,4071443,2,2,2,600,600,34.1796875,39.0625,10,10,1,2,2,4071448.5,0,0.43999999999999984,0.43999999999999984,0.87999999999999967,True,correct,correct;low_confidence;temporal_regime,DECISION-TIME
0e74e374701023974a45daf5,fold_1,1,4071676,1,1,1,1800,1800,58.59375,58.59375,100,100,1,1,1,4071771,0,0.43999999999999984,0.43999999999999984,0.87999999999999967,False,low_confidence_error,false_negative;low_confidence;temporal_regime,DECISION-TIME
dcc15014263ef26b72bb4d45,fold_1,1,4071775,1,1,1,600,600,29.296875,29.296875,100,100,1,1,1,4071778,0,0.43999999999999984,0.43999999999999984,0.87999999999999967,False,low_confidence_error,false_negative;low_confidence;temporal_regime,DECISION-TIME
d67607568bb6ff1cf0b2f182,fold_1,0,4072226,1,1,1,600,600,29.296875,29.296875,100,100,1,1,1,4072269,0,0.43999999999999984,0.43999999999999984,0.87999999999999967,True,correct,correct;low_confidence;temporal_regime,DECISION-TIME
b57074fa09af26f39311f9ee,fold_1,0,4072370,1,1,10,50,50,29.296875,29.296875,100,100,1,10,7,4072373,0,0.088888888888888892,0.088888888888888892,0.17777777777777781,True,correct,correct;high_confidence;temporal_regime,DECISION-TIME
b9c7ab4501ce432b135aa68c,fold_1,0,4072408,1,1,1,600,600,29.296875,29.296875,200,200,1,1,1,4072450,0,0.088888888888888892,0.088888888888888892,0.17777777777777781,True,correct,correct;high_confidence;temporal_regime,DECISION-TIME
2f19ca673c54b7605d1682bb,fold_1,0,4072531,2,2,2,400,600,17.578125,29.296875,20,20,1,2,2,4072539.5,0,0.088888888888888892,0.088888888888888892,0.17777777777777781,True,correct,correct;high_confidence;temporal_regime,DECISION-TIME
430382f76abb0b2dbbe99f1a,fold_1,0,4072649,1,1,1,1000,1000,19.55078125,19.55078125,50,50,1,1,1,4072653,0,0.43999999999999984,0.43999999999999984,0.87999999999999967,True,correct,correct;low_confidence;temporal_regime,DECISION-TIME
e704f4e764ab124ea26ecbc4,fold_1,0,4073081,1,1,4,600,600,29.296875,29.296875,25,25,1,4,4,4073241.5,0,0.43999999999999984,0.43999999999999984,0.87999999999999967,True,correct,correct;low_confidence;temporal_regime,DECISION-TIME
f0acfccc44fc8e22293f2e8f,fold_1,0,4073090,1,1,1,1000,1000,19.55078125,19.55078125,50,50,1,1,1,4073093,0,0.43999999999999984,0.43999999999999984,0.87999999999999967,True,correct,correct;low_confidence;temporal_regime,DECISION-TIME
5492edabe7dcb3b82d8c053f,fold_1,0,4073418,1,1,1,1000,1000,19.55078125,19.55078125,50,50,1,1,1,4073422,0,0.43999999999999984,0.43999999999999984,0.87999999999999967,True,correct,correct;low_confidence;temporal_regime,DECISION-TIME
5831a1da60986e661626f251,fold_1,0,4073855,1,1,1,600,600,29.296875,29.296875,100,100,1,1,1,4073859,0,0.43999999999999984,0.43999999999999984,0.87999999999999967,True,correct,correct;low_confidence;temporal_regime,DECISION-TIME
57c13070452a5de834642145,fold_1,1,4075065,1,1,1,1800,1800,58.59375,58.59375,100,100,1,2,2,4075312,1,0.56128915220902142,0.56128915220902142,0.87742169558195715,True,correct,correct;low_confidence;temporal_regime,DECISION-TIME
762ad298540230ba8b7ed12e,fold_1,0,4075485,2,2,4,600,600,29.296875,29.296875,50,50,1,4,2,4075489.5,0,0.088888888888888892,0.088888888888888892,0.17777777777777781,True,correct,correct;high_confidence;temporal_regime,DECISION-TIME
e2d4cb6020d9cb8c3bd49666,fold_1,0,4076449,1,1,1,600,600,29.296875,29.296875,25,25,1,1,1,4076483,0,0.43999999999999984,0.43999999999999984,0.87999999999999967,True,correct,correct;low_confidence;temporal_regime,DECISION-TIME
d53f14c1523aa9245edcd603,fold_1,0,4076450,1,1,1,600,600,29.296875,29.296875,25,25,1,1,1,4076462,0,0.43999999999999984,0.43999999999999984,0.87999999999999967,True,correct,correct;low_confidence;temporal_regime,DECISION-TIME
4927c305f5bcb28279209303,fold_1,0,4076466,1,1,1,1200,1200,29.296875,29.296875,100,100,1,1,1,4076573,0,0.43999999999999984,0.43999999999999984,0.87999999999999967,True,correct,correct;low_confidence;temporal_regime,DECISION-TIME
1551d5d98f77c1125a478766,fold_1,0,4079673,1,1,1,600,600,29.296875,29.296875,25,25,1,1,1,4079685,0,0.43999999999999984,0.43999999999999984,0.87999999999999967,True,correct,correct;low_confidence;temporal_regime,DECISION-TIME
a689d2f4c927b7f06ed04d3f,fold_1,0,4079947,1,1,1,600,600,29.296875,29.296875,100,100,1,1,1,4079960,0,0.43999999999999984,0.43999999999999984,0.87999999999999967,True,correct,correct;low_confidence;temporal_regime,DECISION-TIME
446134da3894853eb8f05e61,fold_1,1,4080516,1,1,1,600,600,29.296875,29.296875,50,50,1,1,1,4080523,0,0.43999999999999984,0.43999999999999984,0.87999999999999967,False,low_confidence_error,false_negative;low_confidence;temporal_regime,DECISION-TIME
ef32b25fbb3182e4a5d9a7d4,fold_1,0,4081330,1,1,1,1000,1000,19.55078125,19.55078125,50,50,1,1,1,4081333,0,0.43999999999999984,0.43999999999999984,0.87999999999999967,True,correct,correct;low_confidence;temporal_regime,DECISION-TIME
518db6e0f92f2c78acace087,fold_1,0,4081656,1,1,10,1400,1400,9.765625,9.765625,100,100,1,10,10,4081666,0,0.43999999999999984,0.43999999999999984,0.87999999999999967,True,correct,correct;low_confidence;temporal_regime,DECISION-TIME
d286c1bfbbc7c36aa0cfaa12,fold_1,1,4082047,1,1,1,600,600,29.296875,29.296875,25,25,1,3,2,4082501,0,0.43999999999999984,0.43999999999999984,0.87999999999999967,False,low_confidence_error,false_negative;low_confidence;temporal_regime,DECISION-TIME
41d7396d51f0a510ea041afd,fold_1,0,4084787,1,1,1,600,600,29.296875,29.296875,100,100,1,1,1,4084797,0,0.43999999999999984,0.43999999999999984,0.87999999999999967,True,correct,correct;low_confidence;temporal_regime,DECISION-TIME
52e932d9d43969adce8f2aaf,fold_1,0,4084928,2,2,41,350,600,4.8828125,4.8828125,25,25,1,41,20,4084962.3414634145,0,0.025000000000000001,0.025000000000000001,0.050000000000000044,True,correct,correct;high_confidence;temporal_regime,DECISION-TIME
d421215df699cf0e37f221b3,fold_1,0,4085611,1,1,1,800,800,7.83203125,7.83203125,50,50,1,1,1,4085614,0,0.088888888888888892,0.088888888888888892,0.17777777777777781,True,correct,correct;high_confidence;temporal_regime,DECISION-TIME
04826d5c6359fc7cf05add30,fold_1,0,4086130,1,1,1,600,600,29.296875,29.296875,25,25,1,1,1,4086176,0,0.43999999999999984,0.43999999999999984,0.87999999999999967,True,correct,correct;low_confidence;temporal_regime,DECISION-TIME
f037a430bfa40bca54156a7e,fold_1,1,4086510,1,1,1,1800,1800,58.59375,58.59375,100,100,1,2,2,4086786,1,0.56122257912818785,0.56122257912818785,0.8775548417436243,True,correct,correct;low_confidence;temporal_regime,DECISION-TIME
3de1c9539dd87ee40a9cb44e,fold_1,1,4086729,1,1,1,600,600,29.296875,29.296875,100,100,1,1,1,4086732,0,0.43999999999999984,0.43999999999999984,0.87999999999999967,False,low_confidence_error,false_negative;low_confidence;temporal_regime,DECISION-TIME
68d94d1d26454145d3b345ee,fold_1,0,4086912,2,2,13,400,600,2,2,25,25,1,13,12,4086917.6923076925,0,0.025000000000000001,0.025000000000000001,0.050000000000000044,True,correct,correct;high_confidence;temporal_regime,DECISION-TIME
564bcdf2f7de3e26f28184ea,fold_1,0,4087269,1,1,1,600,600,29.296875,29.296875,100,100,1,1,1,4087275,0,0.43999999999999984,0.43999999999999984,0.87999999999999967,True,correct,correct;low_confidence;temporal_regime,DECISION-TIME
761458b2f6b63d1b9ed81c48,fold_1,0,4088247,1,1,1,600,600,29.296875,29.296875,10,10,1,1,1,4088256,0,0.43999999999999984,0.43999999999999984,0.87999999999999967,True,correct,correct;low_confidence;temporal_regime,DECISION-TIME
dbf6ac8cbac6c917acc3e50b,fold_1,0,4089092,1,1,1,600,600,29.296875,29.296875,100,100,1,1,1,4089096,0,0.43999999999999984,0.43999999999999984,0.87999999999999967,True,correct,correct;low_confidence;temporal_regime,DECISION-TIME
8f077322de2bc599203fe27e,fold_1,0,4089873,1,1,1,600,600,29.296875,29.296875,100,100,1,1,1,4089876,0,0.43999999999999984,0.43999999999999984,0.87999999999999967,True,correct,correct;low_confidence;temporal_regime,DECISION-TIME
b6ddedeee1035b03c895dae9,fold_1,0,4090459,1,1,1,1800,1800,58.59375,58.59375,100,100,1,1,1,4090671,0,0.43999999999999984,0.43999999999999984,0.87999999999999967,True,correct,correct;low_confidence;temporal_regime,DECISION-TIME
3b472873e3fdfe4f1aa2513e,fold_1,0,4090867,1,1,1,600,600,29.296875,29.296875,25,25,1,1,1,4090879,0,0.43999999999999984,0.43999999999999984,0.87999999999999967,True,correct,correct;low_confidence;temporal_regime,DECISION-TIME
927c2e5a3acd9bea9551be43,fold_1,0,4091530,1,1,1,1000,1000,19.55078125,19.55078125,50,50,1,1,1,4091534,0,0.43999999999999984,0.43999999999999984,0.87999999999999967,True,correct,correct;low_confidence;temporal_regime,DECISION-TIME
d3f3cf3a20e179ba68c9b764,fold_1,0,4092784,1,1,1,600,600,29.296875,29.296875,100,100,1,1,1,4092787,0,0.43999999999999984,0.43999999999999984,0.87999999999999967,True,correct,correct;low_confidence;temporal_regime,DECISION-TIME
535535d2c96854a59ae9ccdc,fold_1,0,4093158,1,1,1,600,600,29.296875,29.296875,100,100,1,1,1,4093161,0,0.43999999999999984,0.43999999999999984,0.87999999999999967,True,correct,correct;low_confidence;temporal_regime,DECISION-TIME
2d50d6ee34105787189e3238,fold_1,0,4093223,1,1,1,600,600,29.296875,29.296875,100,100,1,1,1,4093229,0,0.43999999999999984,0.43999999999999984,0.87999999999999967,True,correct,correct;low_confidence;temporal_regime,DECISION-TIME
c1f4e405b5180f8d18f0aa3f,fold_1,0,4093306,1,1,1,600,600,29.296875,29.296875,100,100,1,1,1,4093320,0,0.43999999999999984,0.43999999999999984,0.87999999999999967,True,correct,correct;low_confidence;temporal_regime,DECISION-TIME
ab0b3795d6e6afac8b854b66,fold_1,0,4093509,1,1,1,600,600,29.296875,29.296875,100,100,1,1,1,4093512,0,0.43999999999999984,0.43999999999999984,0.87999999999999967,True,correct,correct;low_confidence;temporal_regime,DECISION-TIME
e24127310bc5327811d43946,fold_1,0,4093740,2,2,51,500,600,19.53125,19.53125,50,50,1,51,30,4093755.0196078434,0,0.088888888888888892,0.088888888888888892,0.17777777777777781,True,correct,correct;high_confidence;temporal_regime,DECISION-TIME
854259e05e69e35ce42165e6,fold_1,0,4093778,1,1,1,600,600,29.296875,29.296875,100,100,1,1,1,4093785,0,0.43999999999999984,0.43999999999999984,0.87999999999999967,True,correct,correct;low_confidence;temporal_regime,DECISION-TIME
6a047679b26450d14c86782a,fold_1,1,4094093,1,1,1,1800,1800,58.59375,58.59375,100,100,1,1,1,4094097,0,0.43999999999999984,0.43999999999999984,0.87999999999999967,False,low_confidence_error,false_negative;low_confidence;temporal_regime,DECISION-TIME
532987aff23fe050c5c9a070,fold_1,1,4094120,2,2,5,600,600,9.765625,9.765625,25,25,1,5,2,4094130,0,0.088888888888888892,0.088888888888888892,0.17777777777777781,False,high_confidence_error,false_negative;high_confidence;temporal_regime,DECISION-TIME
1363551d89b1e7dbc668022b,fold_1,0,4094157,1,1,1,600,600,29.296875,29.296875,25,25,1,1,1,4094170,0,0.43999999999999984,0.43999999999999984,0.87999999999999967,True,correct,correct;low_confidence;temporal_regime,DECISION-TIME
deb97a6438cb7476c17d8ba2,fold_1,0,4095530,1,1,1,600,600,29.296875,29.296875,100,100,1,1,1,4095536,0,0.43999999999999984,0.43999999999999984,0.87999999999999967,True,correct,correct;low_confidence;temporal_regime,DECISION-TIME
6879bba91b463bceac2bbbb3,fold_1,1,4095730,1,1,8,1800,1800,58.59375,58.59375,100,100,1,8,6,4095837,1,0.55555555555555558,0.55555555555555558,0.88888888888888884,True,correct,correct;low_confidence;temporal_regime,DECISION-TIME
5a9e937fa70c315929540ce4,fold_1,0,4097586,2,2,25,500,600,17.578125,17.578125,25,25,1,25,20,4097599.2400000002,0,0.088888888888888892,0.088888888888888892,0.17777777777777781,True,correct,correct;high_confidence;temporal_regime,DECISION-TIME
6af6f1efe8fc8f8719ba381f,fold_1,0,4097816,1,1,1,600,600,29.296875,29.296875,10,10,1,1,1,4097824,0,0.43999999999999984,0.43999999999999984,0.87999999999999967,True,correct,correct;low_confidence;temporal_regime,DECISION-TIME
2e1b6e9bb62fdf450ee5afa2,fold_1,0,4100685,1,1,32,800,800,29.296875,29.296875,20,20,1,32,20,4100696.0625,0,0.43999999999999984,0.43999999999999984,0.87999999999999967,True,correct,correct;low_confidence;temporal_regime,DECISION-TIME
7d197375060c3a86c17ea274,fold_1,0,4101453,1,1,1,800,800,29.296875,29.296875,50,50,1,3,2,4101908,0,0.43999999999999984,0.43999999999999984,0.87999999999999967,True,correct,correct;low_confidence;temporal_regime,DECISION-TIME
e3c8b0950f861208485586dc,fold_1,0,4102117,1,1,1,600,600,29.296875,29.296875,10,10,1,1,1,4102120,0,0.43999999999999984,0.43999999999999984,0.87999999999999967,True,correct,correct;low_confidence;temporal_regime,DECISION-TIME
dd0e75fa4beaeba361e4e370,fold_1,0,4102172,2,2,25,500,600,17.578125,17.578125,25,25,1,25,18,4102222.8799999999,0,0.088888888888888892,0.088888888888888892,0.17777777777777781,True,correct,correct;high_confidence;temporal_regime,DECISION-TIME
47ffc6a6d9839394def479d5,fold_1,1,4102697,1,1,1,600,600,29.296875,29.296875,100,100,1,1,1,4102706,0,0.43999999999999984,0.43999999999999984,0.87999999999999967,False,low_confidence_error,false_negative;low_confidence;temporal_regime,DECISION-TIME
faf3194fb1ac52c002d10a67,fold_1,1,4102784,1,1,1,100,100,29.296875,29.296875,100,100,1,1,1,4102885,0,0.088888888888888892,0.088888888888888892,0.17777777777777781,False,high_confidence_error,false_negative;high_confidence;temporal_regime,DECISION-TIME
435d89b38c0c5fdf34164cad,fold_1,1,4104033,2,2,10,700,800,29.296875,29.296875,50,50,1,15,14,4104074.4444444445,0,0.43999999999999984,0.43999999999999984,0.87999999999999967,False,low_confidence_error,false_negative;low_confidence;temporal_regime,DECISION-TIME
b788d2d208ab235697585acc,fold_1,1,4104035,2,2,35,100,100,6.34765625,9.765625,25,25,1,342,157,4104536.989966555,1,1,1,0,True,correct,correct;high_confidence;temporal_regime,DECISION-TIME
49459a5156e070ac383ab6fc,fold_1,0,4104205,1,1,1,600,600,29.296875,29.296875,100,100,1,1,1,4104209,0,0.43999999999999984,0.43999999999999984,0.87999999999999967,True,correct,correct;low_confidence;temporal_regime,DECISION-TIME
f9a04cfce512f209de719420,fold_1,0,4104327,1,1,1,600,600,29.296875,29.296875,10,10,1,1,1,4104331,0,0.43999999999999984,0.43999999999999984,0.87999999999999967,True,correct,correct;low_confidence;temporal_regime,DECISION-TIME
6719c5642e232e5728a3684b,fold_1,1,4104981,1,1,1,600,600,29.296875,29.296875,100,100,1,1,1,4104991,0,0.43999999999999984,0.43999999999999984,0.87999999999999967,False,low_confidence_error,false_negative;low_confidence;temporal_regime,DECISION-TIME
87a2911226eff66c3c150fd3,fold_1,0,4106704,1,1,1,600,600,29.296875,29.296875,50,50,1,1,1,4106710,0,0.43999999999999984,0.43999999999999984,0.87999999999999967,True,correct,correct;low_confidence;temporal_regime,DECISION-TIME
b653a5ddda11abf48a0cb59d,fold_1,0,4106887,1,1,1,20,20,29.296875,29.296875,10,10,1,1,1,4106892,0,0.125,0.125,0.25,True,correct,correct;high_confidence;temporal_regime,DECISION-TIME
20896fab137666cf21c573e6,fold_1,0,4107510,2,2,2,600,600,29.296875,29.296875,25,25,1,2,2,4107515.5,0,0.088888888888888892,0.088888888888888892,0.17777777777777781,True,correct,correct;high_confidence;temporal_regime,DECISION-TIME
117005b2cbd9ff130e907939,fold_1,0,4107627,1,1,1,600,600,29.296875,29.296875,10,10,1,1,1,4107631,0,0.43999999999999984,0.43999999999999984,0.87999999999999967,True,correct,correct;low_confidence;temporal_regime,DECISION-TIME
d3ec28b1656384451e243391,fold_1,0,4107833,1,1,1,400,400,4,4,100,100,1,1,1,4107836,0,0.088888888888888892,0.088888888888888892,0.17777777777777781,True,correct,correct;high_confidence;temporal_regime,DECISION-TIME
6acbc85b86006319108c33e5,fold_1,0,4107937,1,1,1,600,600,29.296875,29.296875,100,100,1,1,1,4107942,0,0.43999999999999984,0.43999999999999984,0.87999999999999967,True,correct,correct;low_confidence;temporal_regime,DECISION-TIME
d7059430b6095c6ed05c7a19,fold_1,0,4108183,1,1,1,600,600,29.296875,29.296875,50,50,1,1,1,4108197,0,0.43999999999999984,0.43999999999999984,0.87999999999999967,True,correct,correct;low_confidence;temporal_regime,DECISION-TIME
3183004b67e144d93ab962c6,fold_1,0,4108275,1,1,1,600,600,29.296875,29.296875,100,100,1,1,1,4108286,0,0.43999999999999984,0.43999999999999984,0.87999999999999967,True,correct,correct;low_confidence;temporal_regime,DECISION-TIME
f9f4c5aff76bad04dc0e206b,fold_1,0,4108561,1,1,1,1800,1800,58.59375,58.59375,100,100,1,1,1,4108879,0,0.43999999999999984,0.43999999999999984,0.87999999999999967,True,correct,correct;low_confidence;temporal_regime,DECISION-TIME
f4c50e16516080051c841331,fold_1,0,4108582,1,1,1,600,600,29.296875,29.296875,100,100,1,1,1,4108641,0,0.43999999999999984,0.43999999999999984,0.87999999999999967,True,correct,correct;low_confidence;temporal_regime,DECISION-TIME
d2954c187c4b8448c6aa69e1,fold_1,0,4109526,1,1,1,600,600,29.296875,29.296875,50,50,1,1,1,4109531,0,0.43999999999999984,0.43999999999999984,0.87999999999999967,True,correct,correct;low_confidence;temporal_regime,DECISION-TIME
25e6e63a79cfe93b4f6da7a9,fold_1,0,4110025,2,2,11,600,600,29.296875,29.296875,30,30,1,12,11,4110355.9090909092,0,0.43999999999999984,0.43999999999999984,0.87999999999999967,True,correct,correct;low_confidence;temporal_regime,DECISION-TIME
9c09fbc6cd9b424c1e2efd6f,fold_1,0,4111128,1,1,1,600,600,29.296875,29.296875,100,100,1,1,1,4111227,0,0.43999999999999984,0.43999999999999984,0.87999999999999967,True,correct,correct;low_confidence;temporal_regime,DECISION-TIME
fcb0ea995179550397d48408,fold_1,0,4111420,1,1,1,600,600,29.296875,29.296875,50,50,1,1,1,4111432,0,0.43999999999999984,0.43999999999999984,0.87999999999999967,True,correct,correct;low_confidence;temporal_regime,DECISION-TIME
56899f3fedfa1100f3a19438,fold_1,0,4113089,1,1,1,600,600,29.296875,29.296875,10,10,1,1,1,4113094,0,0.43999999999999984,0.43999999999999984,0.87999999999999967,True,correct,correct;low_confidence;temporal_regime,DECISION-TIME
dd6d597699bcbc7d11abab43,fold_1,0,4113217,1,1,1,1800,1800,58.59375,58.59375,100,100,1,1,1,4113326,0,0.43999999999999984,0.43999999999999984,0.87999999999999967,True,correct,correct;low_confidence;temporal_regime,DECISION-TIME
685d740033df78d374bb3ed3,fold_1,0,4113502,2,2,21,600,600,29.296875,29.296875,100,100,1,23,17,4116925,0,0.43999999999999984,0.43999999999999984,0.87999999999999967,True,correct,correct;low_confidence;temporal_regime,DECISION-TIME
d749579bb4c2f3030554af38,fold_1,0,4113573,1,1,1,600,600,29.296875,29.296875,10,10,1,1,1,4113584,0,0.43999999999999984,0.43999999999999984,0.87999999999999967,True,correct,correct;low_confidence;temporal_regime,DECISION-TIME
91f42678e453645b52c3f0cf,fold_1,0,4114358,2,2,125,600,600,29.296875,29.296875,100,100,1,126,108,4114756.8799999999,0,0.43999999999999984,0.43999999999999984,0.87999999999999967,True,correct,correct;low_confidence;temporal_regime,DECISION-TIME
3d0288d85f6530b4ff19803b,fold_1,0,4114912,1,1,1,600,600,29.296875,29.296875,100,100,1,1,1,4114920,0,0.43999999999999984,0.43999999999999984,0.87999999999999967,True,correct,correct;low_confidence;temporal_regime,DECISION-TIME
50c2b10545e6fa85fa07a83e,fold_1,0,4116386,1,1,1,600,600,29.296875,29.296875,100,100,1,1,1,4116389,0,0.43999999999999984,0.43999999999999984,0.87999999999999967,True,correct,correct;low_confidence;temporal_regime,DECISION-TIME
f4ef7d6006b9cf0cb66c29ef,fold_1,0,4116691,2,2,2,550,600,21.97265625,29.296875,25,25,1,2,2,4116697.5,0,0.088888888888888892,0.088888888888888892,0.17777777777777781,True,correct,correct;high_confidence;temporal_regime,DECISION-TIME
dd122fce1f8287a42d2568aa,fold_1,0,4117023,1,1,1,600,600,29.296875,29.296875,25,25,1,1,1,4117026,0,0.43999999999999984,0.43999999999999984,0.87999999999999967,True,correct,correct;low_confidence;temporal_regime,DECISION-TIME
d82aa8778bf67daaf98598a6,fold_1,0,4118838,1,1,1,800,800,31.26953125,31.26953125,,,0,1,1,4118841,0,0.025000000000000001,0.025000000000000001,0.050000000000000044,True,correct,correct;high_confidence;temporal_regime;feature_missingness,DECISION-TIME
18e845bc3de77c8fce01062b,fold_1,0,4119020,1,1,1,10,10,29.296875,29.296875,10,10,1,1,1,4119031,0,0.125,0.125,0.25,True,correct,correct;high_confidence;temporal_regime,DECISION-TIME
25cbb6baeb8225b0e7d2ef2e,fold_1,0,4119442,1,1,1,600,600,29.296875,29.296875,10,10,1,1,1,4119454,0,0.43999999999999984,0.43999999999999984,0.87999999999999967,True,correct,correct;low_confidence;temporal_regime,DECISION-TIME
2948b555f82e254c32f29c59,fold_1,0,4119443,1,1,1,600,600,29.296875,29.296875,10,10,1,1,1,4119455,0,0.43999999999999984,0.43999999999999984,0.87999999999999967,True,correct,correct;low_confidence;temporal_regime,DECISION-TIME
31beeb5cb1c79731ee6c2fef,fold_1,0,4119674,1,1,1,600,600,29.296875,29.296875,300,300,1,1,1,4119678,0,0.088888888888888892,0.088888888888888892,0.17777777777777781,True,correct,correct;high_confidence;temporal_regime,DECISION-TIME
f6ad24fdda485c864a3539d0,fold_1,0,4119924,1,1,1,600,600,29.296875,29.296875,10,10,1,1,1,4119928,0,0.43999999999999984,0.43999999999999984,0.87999999999999967,True,correct,correct;low_confidence;temporal_regime,DECISION-TIME
852db4e3c86f71fac1acd990,fold_1,0,4119928,1,1,1,600,600,29.296875,29.296875,100,100,1,1,1,4119931,0,0.43999999999999984,0.43999999999999984,0.87999999999999967,True,correct,correct;low_confidence;temporal_regime,DECISION-TIME
0ac4d97f3ad3de32921f7651,fold_1,0,4120015,1,1,1,800,800,29.296875,29.296875,50,50,1,3,2,4120504,0,0.43999999999999984,0.43999999999999984,0.87999999999999967,True,correct,correct;low_confidence;temporal_regime,DECISION-TIME
59c864c92e1b8c637ccbc50b,fold_1,0,4120524,1,1,1,600,600,29.296875,29.296875,25,25,1,1,1,4120533,0,0.43999999999999984,0.43999999999999984,0.87999999999999967,True,correct,correct;low_confidence;temporal_regime,DECISION-TIME
212e8e47c44db96b4965b8f7,fold_1,0,4120686,1,1,1,100,100,29.296875,29.296875,25,25,1,2,2,4121623,0,0.43999999999999984,0.43999999999999984,0.87999999999999967,True,correct,correct;low_confidence;temporal_regime,DECISION-TIME
eaaf2c59f4c8ca57c76c3584,fold_1,0,4120699,1,1,1,100,100,29.296875,29.296875,25,25,1,1,1,4120705,0,0.125,0.125,0.25,True,correct,correct;high_confidence;temporal_regime,DECISION-TIME
1332e22b9031b0ccb52ad0e0,fold_1,0,4122296,1,1,1,1200,1200,29.296875,29.296875,10,10,1,1,1,4122308,0,0.43999999999999984,0.43999999999999984,0.87999999999999967,True,correct,correct;low_confidence;temporal_regime,DECISION-TIME
053e0c7f890ea56a2a4d492b,fold_1,0,4122422,1,1,1,600,600,29.296875,29.296875,10,10,1,1,1,4122430,0,0.43999999999999984,0.43999999999999984,0.87999999999999967,True,correct,correct;low_confidence;temporal_regime,DECISION-TIME
2891ce891adddbff95118a40,fold_1,0,4122716,1,1,1,600,600,29.296875,29.296875,50,50,1,1,1,4122719,0,0.43999999999999984,0.43999999999999984,0.87999999999999967,True,correct,correct;low_confidence;temporal_regime,DECISION-TIME
31d3788df1a8d9c859ca01d1,fold_1,1,4122932,1,1,1,600,600,29.296875,29.296875,50,50,1,1,1,4122936,0,0.43999999999999984,0.43999999999999984,0.87999999999999967,False,low_confidence_error,false_negative;low_confidence;temporal_regime,DECISION-TIME
0d8b61ff69cef5919d3b2fa7,fold_1,0,4123347,1,1,1,600,600,29.296875,29.296875,10,10,1,1,1,4123359,0,0.43999999999999984,0.43999999999999984,0.87999999999999967,True,correct,correct;low_confidence;temporal_regime,DECISION-TIME
12bd59157aece96f8fcb03a3,fold_1,0,4123583,2,2,11,350,600,2,2,25,25,1,11,8,4123588.0909090908,0,0.025000000000000001,0.025000000000000001,0.050000000000000044,True,correct,correct;high_confidence;temporal_regime,DECISION-TIME
d135c11c7bd54e3547235985,fold_1,0,4125019,1,1,1,600,600,29.296875,29.296875,10,10,1,1,1,4125032,0,0.43999999999999984,0.43999999999999984,0.87999999999999967,True,correct,correct;low_confidence;temporal_regime,DECISION-TIME
380ae5a2d39a5262ec1bca22,fold_1,0,4125112,1,1,1,600,600,29.296875,29.296875,10,10,1,1,1,4125123,0,0.43999999999999984,0.43999999999999984,0.87999999999999967,True,correct,correct;low_confidence;temporal_regime,DECISION-TIME
724c55f8de11b9b2c9399ea4,fold_1,0,4125375,1,1,1,600,600,29.296875,29.296875,100,100,1,1,1,4125385,0,0.43999999999999984,0.43999999999999984,0.87999999999999967,True,correct,correct;low_confidence;temporal_regime,DECISION-TIME
da5ce5a5834e94b5c9720bb8,fold_1,0,4125970,1,1,1,600,600,29.296875,29.296875,10,10,1,1,1,4125982,0,0.43999999999999984,0.43999999999999984,0.87999999999999967,True,correct,correct;low_confidence;temporal_regime,DECISION-TIME
4ca63cb2dbe2224a75047393,fold_1,0,4126426,1,1,1,600,600,29.296875,29.296875,100,100,1,1,1,4126429,0,0.43999999999999984,0.43999999999999984,0.87999999999999967,True,correct,correct;low_confidence;temporal_regime,DECISION-TIME
4b4a061bedecac810d2a24ee,fold_1,0,4128154,1,1,1,600,600,29.296875,29.296875,100,100,1,1,1,4128161,0,0.43999999999999984,0.43999999999999984,0.87999999999999967,True,correct,correct;low_confidence;temporal_regime,DECISION-TIME
c0d26a15c6ca45231b308d98,fold_1,0,4128261,1,1,1,500,500,117.1875,117.1875,200,200,1,1,1,4128264,1,0.66666666666666663,0.66666666666666663,0.66666666666666674,False,low_confidence_error,false_positive;low_confidence;temporal_regime,DECISION-TIME
52ef20b463750906ef9d20ee,fold_1,0,4128957,1,1,2,1800,1800,58.59375,58.59375,100,100,1,2,2,4128967.5,0,0.43999999999999984,0.43999999999999984,0.87999999999999967,True,correct,correct;low_confidence;temporal_regime,DECISION-TIME
f3d348972b8ac9546f901e80,fold_1,0,4131666,2,2,22,400,600,29.296875,29.296875,25,25,1,22,15,4131673.9545454546,0,0.088888888888888892,0.088888888888888892,0.17777777777777781,True,correct,correct;high_confidence;temporal_regime,DECISION-TIME
d6143717c11aca1fee3f0e08,fold_1,0,4131871,2,2,7,600,600,29.296875,29.296875,100,100,1,7,7,4131875.1428571427,0,0.088888888888888892,0.088888888888888892,0.17777777777777781,True,correct,correct;high_confidence;temporal_regime,DECISION-TIME
fdd93d07b22fd359189fc6c5,fold_1,0,4132938,1,1,1,600,600,29.296875,29.296875,10,10,1,1,1,4132941,0,0.43999999999999984,0.43999999999999984,0.87999999999999967,True,correct,correct;low_confidence;temporal_regime,DECISION-TIME
3202012b65bc9b976ff45d49,fold_1,0,4133229,1,1,1,800,800,29.296875,29.296875,50,50,1,4,2,4133866,0,0.43999999999999984,0.43999999999999984,0.87999999999999967,True,correct,correct;low_confidence;temporal_regime,DECISION-TIME
8b5d78345042a3557a85426c,fold_1,0,4133523,1,1,1,600,600,29.296875,29.296875,100,100,1,1,1,4133532,0,0.43999999999999984,0.43999999999999984,0.87999999999999967,True,correct,correct;low_confidence;temporal_regime,DECISION-TIME
1cd6db41c0aeb6c6761f784d,fold_1,0,4134388,1,1,1,600,600,29.296875,29.296875,10,10,1,1,1,4134392,0,0.43999999999999984,0.43999999999999984,0.87999999999999967,True,correct,correct;low_confidence;temporal_regime,DECISION-TIME
d19be84e9dfd9c25b5b28b99,fold_1,0,4134437,1,1,1,600,600,29.296875,29.296875,25,25,1,1,1,4134442,0,0.43999999999999984,0.43999999999999984,0.87999999999999967,True,correct,correct;low_confidence;temporal_regime,DECISION-TIME
21cd118871415f28b26d9f8d,fold_1,1,4135168,1,1,1,600,600,29.296875,29.296875,100,100,1,1,1,4135178,0,0.43999999999999984,0.43999999999999984,0.87999999999999967,False,low_confidence_error,false_negative;low_confidence;temporal_regime,DECISION-TIME
666b43ebc0b84dc4004b049d,fold_1,0,4136248,2,2,401,450,800,10.76171875,19.55078125,,,0,401,400,4136255.5436408976,1,0.66666666666666663,0.66666666666666663,0.66666666666666674,False,low_confidence_error,false_positive;low_confidence;temporal_regime;feature_missingness,DECISION-TIME
009f8406d95b8955df518240,fold_1,0,4136723,1,1,1,600,600,29.296875,29.296875,25,25,1,1,1,4136734,0,0.43999999999999984,0.43999999999999984,0.87999999999999967,True,correct,correct;low_confidence;temporal_regime,DECISION-TIME
39f32bc263b7ce6ecfc6c02f,fold_1,0,4136861,2,2,26,600,1000,48.828125,78.125,25,25,1,26,25,4136873,0,0.43999999999999984,0.43999999999999984,0.87999999999999967,True,correct,correct;low_confidence;temporal_regime,DECISION-TIME
76cbd85f3748ba99dea74b3b,fold_1,0,4136901,1,1,1,600,600,29.296875,29.296875,25,25,1,1,1,4136915,0,0.43999999999999984,0.43999999999999984,0.87999999999999967,True,correct,correct;low_confidence;temporal_regime,DECISION-TIME
2cbfdd92f694ca3dd614ee28,fold_1,0,4138523,1,1,1,600,600,29.296875,29.296875,100,100,1,1,1,4138532,0,0.43999999999999984,0.43999999999999984,0.87999999999999967,True,correct,correct;low_confidence;temporal_regime,DECISION-TIME
b6550204334680c040c4b4a1,fold_1,0,4140413,1,1,16,50,50,29.296875,29.296875,100,100,1,16,13,4140533.3125,0,0.088888888888888892,0.088888888888888892,0.17777777777777781,True,correct,correct;high_confidence;temporal_regime,DECISION-TIME
6864bd37ab48a83b7fbc660a,fold_1,0,4141201,1,1,1,600,600,29.296875,29.296875,100,100,1,1,1,4141211,0,0.43999999999999984,0.43999999999999984,0.87999999999999967,True,correct,correct;low_confidence;temporal_regime,DECISION-TIME
9514ccb8302b6ff92d645d75,fold_1,0,4142869,1,1,1,1800,1800,58.59375,58.59375,100,100,1,1,1,4142878,0,0.43999999999999984,0.43999999999999984,0.87999999999999967,True,correct,correct;low_confidence;temporal_regime,DECISION-TIME
b3678efab3737e9d7d404008,fold_1,0,4143071,1,1,1,1800,1800,58.59375,58.59375,100,100,1,1,1,4143081,0,0.43999999999999984,0.43999999999999984,0.87999999999999967,True,correct,correct;low_confidence;temporal_regime,DECISION-TIME
18f11bb17de4949951ae14b8,fold_1,0,4143628,1,1,1,600,600,29.296875,29.296875,100,100,1,1,1,4155288,0,0.43999999999999984,0.43999999999999984,0.87999999999999967,True,correct,correct;low_confidence;temporal_regime,DECISION-TIME
43fecdcf8f60c304468dd4c1,fold_1,0,4143772,1,1,1,600,600,29.296875,29.296875,100,100,1,1,1,4143812,0,0.43999999999999984,0.43999999999999984,0.87999999999999967,True,correct,correct;low_confidence;temporal_regime,DECISION-TIME
a1d2e1f97edf948be5dd2caf,fold_1,0,4144867,1,1,10,600,600,29.296875,29.296875,50,50,1,10,6,4144870.2000000002,0,0.43999999999999984,0.43999999999999984,0.87999999999999967,True,correct,correct;low_confidence;temporal_regime,DECISION-TIME
feabab126852d0bdcc399f0a,fold_1,0,4147433,2,2,15,550,600,31.73828125,39.0625,25,25,1,15,10,4147443.6000000001,0,0.43999999999999984,0.43999999999999984,0.87999999999999967,True,correct,correct;low_confidence;temporal_regime,DECISION-TIME
a8eefec7fdf451e954a2db81,fold_1,0,4149943,1,1,1,600,600,29.296875,29.296875,50,50,1,1,1,4149949,0,0.43999999999999984,0.43999999999999984,0.87999999999999967,True,correct,correct;low_confidence;temporal_regime,DECISION-TIME
e064644965ea9ff2e36d5c64,fold_1,0,4150265,1,1,1,600,600,29.296875,29.296875,100,100,1,1,1,4150344,0,0.43999999999999984,0.43999999999999984,0.87999999999999967,True,correct,correct;low_confidence;temporal_regime,DECISION-TIME
2799df94c0431e32dc33fd75,fold_1,0,4150803,1,1,1,600,600,29.296875,29.296875,100,100,1,1,1,4150806,0,0.43999999999999984,0.43999999999999984,0.87999999999999967,True,correct,correct;low_confidence;temporal_regime,DECISION-TIME
fd38c281aa7b4f6dfff0d0da,fold_1,0,4151052,2,2,20,500,600,12.20703125,14.6484375,25,25,1,20,15,4151061.2999999998,0,0.088888888888888892,0.088888888888888892,0.17777777777777781,True,correct,correct;high_confidence;temporal_regime,DECISION-TIME
7ccf6b497c75c971af01625f,fold_1,0,4151695,1,1,1,600,600,29.296875,29.296875,100,100,1,1,1,4151702,0,0.43999999999999984,0.43999999999999984,0.87999999999999967,True,correct,correct;low_confidence;temporal_regime,DECISION-TIME
ff2a4f8685a7ff16ca00d28e,fold_1,0,4152389,1,1,1,600,600,29.296875,29.296875,100,100,1,1,1,4152400,0,0.43999999999999984,0.43999999999999984,0.87999999999999967,True,correct,correct;low_confidence;temporal_regime,DECISION-TIME
2cb5fc9a7894b91cc6d8dd5f,fold_1,0,4152563,1,1,50,800,800,29.296875,29.296875,50,50,1,50,22,4152571.5600000001,0,0.43999999999999984,0.43999999999999984,0.87999999999999967,True,correct,correct;low_confidence;temporal_regime,DECISION-TIME
e8c4dd5c4dcbefdae6555c02,fold_1,0,4152740,1,1,1,200,200,4.90234375,4.90234375,,,0,1,1,4152743,0,0,0,0,True,correct,correct;high_confidence;temporal_regime;feature_missingness,DECISION-TIME
75b1ceb7de93206cc1c1165e,fold_1,0,4152861,1,1,1,200,200,4.90234375,4.90234375,,,0,1,1,4152865,0,0,0,0,True,correct,correct;high_confidence;temporal_regime;feature_missingness,DECISION-TIME
e5c5f7d96e2a4dc41f06ae08,fold_1,1,4153746,1,1,1,600,600,29.296875,29.296875,100,100,1,1,1,4153756,0,0.43999999999999984,0.43999999999999984,0.87999999999999967,False,low_confidence_error,false_negative;low_confidence;temporal_regime,DECISION-TIME
35622469f45960661707fce4,fold_1,0,4154181,1,1,1,1800,1800,58.59375,58.59375,100,100,1,1,1,4154190,0,0.43999999999999984,0.43999999999999984,0.87999999999999967,True,correct,correct;low_confidence;temporal_regime,DECISION-TIME
f55d845696569193e0f77d74,fold_1,0,4154230,1,1,10,1800,1800,58.59375,58.59375,50,50,1,10,8,4154233.1000000001,1,0.58851702166277731,0.58851702166277731,0.82296595667444539,False,low_confidence_error,false_positive;low_confidence;temporal_regime,DECISION-TIME
6bd0ad21ea98478decb136c0,fold_1,0,4154340,1,1,1,600,600,29.296875,29.296875,25,25,1,1,1,4154353,0,0.43999999999999984,0.43999999999999984,0.87999999999999967,True,correct,correct;low_confidence;temporal_regime,DECISION-TIME
c82053d8222e420171e7e71e,fold_1,0,4154614,1,1,1,600,600,29.296875,29.296875,100,100,1,1,1,4154657,0,0.43999999999999984,0.43999999999999984,0.87999999999999967,True,correct,correct;low_confidence;temporal_regime,DECISION-TIME
d5a18908d90ba2a3e451b9aa,fold_1,0,4155346,1,1,1,1800,1800,58.59375,58.59375,100,100,1,1,1,4155360,0,0.43999999999999984,0.43999999999999984,0.87999999999999967,True,correct,correct;low_confidence;temporal_regime,DECISION-TIME
0bbc2689dd1f3afbb7afe1a2,fold_1,0,4155404,2,2,2,600,600,2.9296875,2.9296875,100,100,1,7,6,4155662,0,0.088888888888888892,0.088888888888888892,0.17777777777777781,True,correct,correct;high_confidence;temporal_regime,DECISION-TIME
ad616570d69f67ef5fa03437,fold_1,0,4155556,1,1,1,600,600,29.296875,29.296875,90,90,1,1,1,4155663,0,0.43999999999999984,0.43999999999999984,0.87999999999999967,True,correct,correct;low_confidence;temporal_regime,DECISION-TIME
713d4b4cb019dee0a793eadf,fold_1,0,4156147,1,1,1,600,600,29.296875,29.296875,25,25,1,1,1,4156153,0,0.43999999999999984,0.43999999999999984,0.87999999999999967,True,correct,correct;low_confidence;temporal_regime,DECISION-TIME
9c4b808e80463a8a15a45bff,fold_1,0,4156502,1,1,1,600,600,29.296875,29.296875,100,100,1,1,1,4156505,0,0.43999999999999984,0.43999999999999984,0.87999999999999967,True,correct,correct;low_confidence;temporal_regime,DECISION-TIME
d3673a15b2195e3378fc48fc,fold_1,0,4156753,1,1,1,600,600,29.296875,29.296875,25,25,1,1,1,4156761,0,0.43999999999999984,0.43999999999999984,0.87999999999999967,True,correct,correct;low_confidence;temporal_regime,DECISION-TIME
76d44e49bb37bee4cdbd644a,fold_1,0,4156832,1,1,1,600,600,29.296875,29.296875,100,100,1,1,1,4156835,0,0.43999999999999984,0.43999999999999984,0.87999999999999967,True,correct,correct;low_confidence;temporal_regime,DECISION-TIME
d32c66f25583a9cf827a3abc,fold_1,0,4157336,1,1,1,600,600,29.296875,29.296875,100,100,1,1,1,4157341,0,0.43999999999999984,0.43999999999999984,0.87999999999999967,True,correct,correct;low_confidence;temporal_regime,DECISION-TIME
7a8d9e06c065060e5049285f,fold_1,1,4157464,1,1,10,1800,1800,58.59375,58.59375,50,50,1,10,6,4157467,1,0.58125637433895017,0.58125637433895017,0.83748725132209967,True,correct,correct;low_confidence;temporal_regime,DECISION-TIME
17498752038b7c0bff007eb3,fold_1,0,4157545,2,2,35,550,600,14.6484375,14.6484375,100,100,1,36,35,4157612.527777778,0,0.088888888888888892,0.088888888888888892,0.17777777777777781,True,correct,correct;high_confidence;temporal_regime,DECISION-TIME
0f09664cb620122d43b2ad96,fold_1,0,4157735,2,2,9,600,600,29.296875,29.296875,25,25,1,12,8,4157893.6666666665,0,0.43999999999999984,0.43999999999999984,0.87999999999999967,True,correct,correct;low_confidence;temporal_regime,DECISION-TIME
115dbdbe03db61b90785c663,fold_1,0,4157883,1,1,1,1000,1000,19.55078125,19.55078125,50,50,1,1,1,4157886,0,0.43999999999999984,0.43999999999999984,0.87999999999999967,True,correct,correct;low_confidence;temporal_regime,DECISION-TIME
8ffdaed4d4a5f1b7f1f81d1b,fold_1,0,4158150,1,1,1,600,600,29.296875,29.296875,100,100,1,1,1,4158157,0,0.43999999999999984,0.43999999999999984,0.87999999999999967,True,correct,correct;low_confidence;temporal_regime,DECISION-TIME
a6bf2825fa13227ca58e7c60,fold_1,1,4158170,1,1,1,600,600,29.296875,29.296875,25,25,1,3,2,4158625,0,0.43999999999999984,0.43999999999999984,0.87999999999999967,False,low_confidence_error,false_negative;low_confidence;temporal_regime,DECISION-TIME
6d2f621a01f3495f5253c7f5,fold_1,0,4159110,1,1,1,1800,1800,58.59375,58.59375,100,100,1,1,1,4159116,0,0.43999999999999984,0.43999999999999984,0.87999999999999967,True,correct,correct;low_confidence;temporal_regime,DECISION-TIME
6ec056079946397c41ffdbf7,fold_1,0,4159312,1,1,50,800,800,29.296875,29.296875,50,50,1,50,26,4159320.2599999998,0,0.43999999999999984,0.43999999999999984,0.87999999999999967,True,correct,correct;low_confidence;temporal_regime,DECISION-TIME
461bb53b71904e94861ffeb1,fold_1,0,4159706,2,2,105,600,600,14.6484375,19.53125,25,25,1,105,65,4159788.0666666669,0,0.43999999999999984,0.43999999999999984,0.87999999999999967,True,correct,correct;low_confidence;temporal_regime,DECISION-TIME
ccd4d5dfbf900f50a0f8f16e,fold_1,0,4160290,1,1,4,600,600,29.296875,29.296875,100,100,1,4,3,4160409.25,0,0.43999999999999984,0.43999999999999984,0.87999999999999967,True,correct,correct;low_confidence;temporal_regime,DECISION-TIME
97a9e170b53d4f80d8fa40a1,fold_1,1,4160615,1,1,1,600,600,29.296875,29.296875,100,100,1,1,1,4160618,0,0.43999999999999984,0.43999999999999984,0.87999999999999967,False,low_confidence_error,false_negative;low_confidence;temporal_regime,DECISION-TIME
fefe48abb6edcb1189e22bc6,fold_1,0,4161440,1,1,1,100,100,1.97265625,1.97265625,,,0,1,1,4161443,0,0,0,0,True,correct,correct;high_confidence;temporal_regime;feature_missingness,DECISION-TIME
4b8fd44a69c693882f18ada6,fold_1,0,4161619,3,3,12,466.66666666666669,600,11.098958333333334,29.296875,25,25,1,12,8,4161623.9166666665,0,0.088888888888888892,0.088888888888888892,0.17777777777777781,True,correct,correct;high_confidence;temporal_regime,DECISION-TIME
b331f49f3b2854963b3a47ce,fold_1,1,4161659,1,1,1,600,600,29.296875,29.296875,100,100,1,1,1,4161668,0,0.43999999999999984,0.43999999999999984,0.87999999999999967,False,low_confidence_error,false_negative;low_confidence;temporal_regime,DECISION-TIME
9f79edb7667fa7a20e1cfed9,fold_1,0,4162721,2,2,11,600,600,29.296875,29.296875,50,50,1,11,7,4162733.4545454546,0,0.088888888888888892,0.088888888888888892,0.17777777777777781,True,correct,correct;high_confidence;temporal_regime,DECISION-TIME
6534deaabcee41cafce6636c,fold_1,0,4165340,2,2,13,350,600,2,2,25,25,1,13,6,4165346.076923077,0,0.025000000000000001,0.025000000000000001,0.050000000000000044,True,correct,correct;high_confidence;temporal_regime,DECISION-TIME
e1a1d42150d5f29184f55ba7,fold_1,0,4165368,2,2,28,350,600,2,2,25,25,1,28,7,4165374.3928571427,0,0.025000000000000001,0.025000000000000001,0.050000000000000044,True,correct,correct;high_confidence;temporal_regime,DECISION-TIME
ae2a95b6c5f0716e7f71b32f,fold_1,0,4165382,2,2,13,350,600,2,2,25,25,1,13,5,4165386.923076923,0,0.025000000000000001,0.025000000000000001,0.050000000000000044,True,correct,correct;high_confidence;temporal_regime,DECISION-TIME
b7052fbaa1705599238bd108,fold_1,0,4166376,1,1,1,100,100,1.97265625,1.97265625,,,0,1,1,4166379,0,0,0,0,True,correct,correct;high_confidence;temporal_regime;feature_missingness,DECISION-TIME
2db6f0ad93943154bbc82325,fold_1,1,4166434,1,1,1,1600,1600,9.765625,9.765625,400,400,1,1,1,4174519,0,0.088888888888888892,0.088888888888888892,0.17777777777777781,False,high_confidence_error,false_negative;high_confidence;temporal_regime,DECISION-TIME
c940f056a4d7cce90e88a8c5,fold_1,0,4166948,1,1,1,600,600,29.296875,29.296875,100,100,1,1,1,4166951,0,0.43999999999999984,0.43999999999999984,0.87999999999999967,True,correct,correct;low_confidence;temporal_regime,DECISION-TIME
72286c3aa6b2e40690414d63,fold_1,0,4167087,1,1,4,600,600,29.296875,29.296875,50,50,1,4,3,4170427,0,0.43999999999999984,0.43999999999999984,0.87999999999999967,True,correct,correct;low_confidence;temporal_regime,DECISION-TIME
f3edb6d8818bb785a66b3a03,fold_1,1,4167448,1,1,30,600,600,29.296875,29.296875,100,100,1,30,30,4191315,0,0.43999999999999984,0.43999999999999984,0.87999999999999967,False,low_confidence_error,false_negative;low_confidence;temporal_regime,DECISION-TIME
fd1cdd4ca3529f8435f83154,fold_1,0,4167951,1,1,1,600,600,29.296875,29.296875,100,100,1,1,1,4167954,0,0.43999999999999984,0.43999999999999984,0.87999999999999967,True,correct,correct;low_confidence;temporal_regime,DECISION-TIME
faf4474ff050bd73cc7e29e1,fold_1,0,4167976,1,1,1,600,600,29.296875,29.296875,100,100,1,1,1,4168013,0,0.43999999999999984,0.43999999999999984,0.87999999999999967,True,correct,correct;low_confidence;temporal_regime,DECISION-TIME
32fb9331e5cf525684dccb7b,fold_1,0,4168669,1,1,48,200,200,4,4,50,50,1,48,31,4169187.0625,0,0.088888888888888892,0.088888888888888892,0.17777777777777781,True,correct,correct;high_confidence;temporal_regime,DECISION-TIME
35563db3fdde73c49ac4f554,fold_1,0,4168675,1,1,1,600,600,29.296875,29.296875,50,50,1,1,1,4168682,0,0.43999999999999984,0.43999999999999984,0.87999999999999967,True,correct,correct;low_confidence;temporal_regime,DECISION-TIME
5ca9fb3b47aba858185879f9,fold_1,0,4168864,1,1,1,1000,1000,19.55078125,19.55078125,50,50,1,1,1,4168868,0,0.43999999999999984,0.43999999999999984,0.87999999999999967,True,correct,correct;low_confidence;temporal_regime,DECISION-TIME
88597a5af668107baa8fc206,fold_1,0,4168949,1,1,1,600,600,29.296875,29.296875,100,100,1,1,1,4169115,0,0.43999999999999984,0.43999999999999984,0.87999999999999967,True,correct,correct;low_confidence;temporal_regime,DECISION-TIME
f2f96df499b5682842dd4136,fold_1,0,4168980,1,1,1,600,600,29.296875,29.296875,100,100,1,1,1,4168985,0,0.43999999999999984,0.43999999999999984,0.87999999999999967,True,correct,correct;low_confidence;temporal_regime,DECISION-TIME
24cb8856786187698ae08f69,fold_1,0,4169294,1,1,1,600,600,29.296875,29.296875,100,100,1,1,1,4169297,0,0.43999999999999984,0.43999999999999984,0.87999999999999967,True,correct,correct;low_confidence;temporal_regime,DECISION-TIME
8696c6e6b27ae064ffe9e391,fold_1,0,4169573,1,1,1,1800,1800,58.59375,58.59375,100,100,1,1,1,4169864,0,0.43999999999999984,0.43999999999999984,0.87999999999999967,True,correct,correct;low_confidence;temporal_regime,DECISION-TIME
c4e55df8e67f9ebf973e6a6c,fold_1,0,4170621,1,1,1,600,600,29.296875,29.296875,100,100,1,1,1,4170624,0,0.43999999999999984,0.43999999999999984,0.87999999999999967,True,correct,correct;low_confidence;temporal_regime,DECISION-TIME
397157fd7c5cdc8dbf743e3e,fold_1,1,4170644,1,1,1,600,600,29.296875,29.296875,50,50,1,1,1,4170662,0,0.43999999999999984,0.43999999999999984,0.87999999999999967,False,low_confidence_error,false_negative;low_confidence;temporal_regime,DECISION-TIME
3f3a0d648b5dc06d92cb791b,fold_1,0,4170762,2,2,8,750,900,36.62109375,43.9453125,100,100,1,8,7,4170766.5,0,0.088888888888888892,0.088888888888888892,0.17777777777777781,True,correct,correct;high_confidence;temporal_regime,DECISION-TIME
ecf2df3e0c5c3a5709728975,fold_1,0,4171374,2,2,55,700,800,30.2734375,31.25,100,100,1,55,43,4171382.2181818183,0,0.125,0.125,0.25,True,correct,correct;high_confidence;temporal_regime,DECISION-TIME
0c6681a8c8c0660c3451859c,fold_1,0,4172157,2,2,20,500,600,12.20703125,14.6484375,25,25,1,22,18,4172262.4500000002,0,0.088888888888888892,0.088888888888888892,0.17777777777777781,True,correct,correct;high_confidence;temporal_regime,DECISION-TIME
6dca9b0ab7f77b0f5c64441d,fold_1,1,4172333,1,1,1,1600,1600,9.765625,9.765625,100,100,1,1,1,4172434,0,0.43999999999999984,0.43999999999999984,0.87999999999999967,False,low_confidence_error,false_negative;low_confidence;temporal_regime,DECISION-TIME
48a39855f255c67d842e9942,fold_1,0,4172884,1,1,1,600,600,29.296875,29.296875,50,50,1,1,1,4172890,0,0.43999999999999984,0.43999999999999984,0.87999999999999967,True,correct,correct;low_confidence;temporal_regime,DECISION-TIME
441d0ebff65bf18932cc028a,fold_1,0,4173305,1,1,1,600,600,29.296875,29.296875,100,100,1,1,1,4177196,0,0.43999999999999984,0.43999999999999984,0.87999999999999967,True,correct,correct;low_confidence;temporal_regime,DECISION-TIME
1cedb7178536d37c98ed1633,fold_1,0,4173957,2,2,21,600,600,29.296875,29.296875,100,100,1,21,15,4173961.9523809524,0,0.088888888888888892,0.088888888888888892,0.17777777777777781,True,correct,correct;high_confidence;temporal_regime,DECISION-TIME
fd684e4c4877dc60b3f27c45,fold_1,0,4175124,1,1,1,200,200,4.90234375,4.90234375,,,0,1,1,4175127,0,0,0,0,True,correct,correct;high_confidence;temporal_regime;feature_missingness,DECISION-TIME
36f56cfdd7f84b67421e0380,fold_1,1,4176152,2,2,2,600,600,29.296875,29.296875,20,20,1,2,2,4176167,0,0.088888888888888892,0.088888888888888892,0.17777777777777781,False,high_confidence_error,false_negative;high_confidence;temporal_regime,DECISION-TIME
d37873823d1a43a829b0e364,fold_1,0,4176510,1,1,1,1000,1000,19.55078125,19.55078125,50,50,1,1,1,4176513,0,0.43999999999999984,0.43999999999999984,0.87999999999999967,True,correct,correct;low_confidence;temporal_regime,DECISION-TIME
8fd2a82b6461263b2be2c5e8,fold_1,0,4177491,1,1,1,1000,1000,19.55078125,19.55078125,50,50,1,1,1,4177494,0,0.43999999999999984,0.43999999999999984,0.87999999999999967,True,correct,correct;low_confidence;temporal_regime,DECISION-TIME
9d2f137a4cdbfe8f438c5db7,fold_1,0,4177567,1,1,1,1000,1000,19.55078125,19.55078125,50,50,1,1,1,4177570,0,0.43999999999999984,0.43999999999999984,0.87999999999999967,True,correct,correct;low_confidence;temporal_regime,DECISION-TIME
0da7df5d524b0e5600c4b1af,fold_1,0,4178110,1,1,1,200,200,4.90234375,4.90234375,,,0,1,1,4178113,0,0,0,0,True,correct,correct;high_confidence;temporal_regime;feature_missingness,DECISION-TIME
48eeeeaff611e322e9a2f196,fold_1,1,4178291,1,1,1,600,600,29.296875,29.296875,25,25,1,1,1,4178295,0,0.43999999999999984,0.43999999999999984,0.87999999999999967,False,low_confidence_error,false_negative;low_confidence;temporal_regime,DECISION-TIME
a220efee7ded3a2f948c9fe4,fold_1,1,4179640,1,1,1,600,600,29.296875,29.296875,100,100,1,1,1,4179757,0,0.43999999999999984,0.43999999999999984,0.87999999999999967,False,low_confidence_error,false_negative;low_confidence;temporal_regime,DECISION-TIME
8b115442a1434f7a05291d15,fold_1,0,4180449,1,1,1,1800,1800,58.59375,58.59375,200,200,1,1,1,4180452,0,0.43999999999999984,0.43999999999999984,0.87999999999999967,True,correct,correct;low_confidence;temporal_regime,DECISION-TIME
f4f40096d3fd2c4e45e77420,fold_1,0,4181107,2,2,100,400,700,7.32421875,9.765625,20,20,1,100,74,4181119.23,0,0.088888888888888892,0.088888888888888892,0.17777777777777781,True,correct,correct;high_confidence;temporal_regime,DECISION-TIME
a0cf549f44e103fd88fbb2c2,fold_1,1,4181752,1,1,1,600,600,29.296875,29.296875,100,100,1,1,1,4181857,0,0.43999999999999984,0.43999999999999984,0.87999999999999967,False,low_confidence_error,false_negative;low_confidence;temporal_regime,DECISION-TIME
e24d2c639c784e75b49624bb,fold_1,1,4181754,1,1,1,600,600,29.296875,29.296875,100,100,1,1,1,4181857,0,0.43999999999999984,0.43999999999999984,0.87999999999999967,False,low_confidence_error,false_negative;low_confidence;temporal_regime,DECISION-TIME
aa823a01fa2ea7f71d77d0f7,fold_1,0,4182036,1,1,1,800,800,7.83203125,7.83203125,50,50,1,1,1,4182039,0,0.088888888888888892,0.088888888888888892,0.17777777777777781,True,correct,correct;high_confidence;temporal_regime,DECISION-TIME
2ba55dcf5a52a0d7078682a6,fold_1,0,4182106,1,1,5,100,100,9.765625,9.765625,100,100,1,5,5,4182114.6000000001,0,0.088888888888888892,0.088888888888888892,0.17777777777777781,True,correct,correct;high_confidence;temporal_regime,DECISION-TIME
b55125fa5cdb88abbb4a741e,fold_1,0,4182264,1,1,1,600,600,29.296875,29.296875,25,25,1,1,1,4182274,0,0.43999999999999984,0.43999999999999984,0.87999999999999967,True,correct,correct;low_confidence;temporal_regime,DECISION-TIME
669fc69efefefe472241d14e,fold_1,0,4182763,1,1,1,1200,1200,29.296875,29.296875,100,100,1,1,1,4182774,0,0.43999999999999984,0.43999999999999984,0.87999999999999967,True,correct,correct;low_confidence;temporal_regime,DECISION-TIME
dba8c34522720416e01efc62,fold_1,0,4183059,1,1,1,1800,1800,58.59375,58.59375,100,100,1,1,1,4183068,0,0.43999999999999984,0.43999999999999984,0.87999999999999967,True,correct,correct;low_confidence;temporal_regime,DECISION-TIME
dc357354ae7a84da36237c89,fold_1,0,4183083,1,1,1,1800,1800,58.59375,58.59375,100,100,1,1,1,4183121,0,0.43999999999999984,0.43999999999999984,0.87999999999999967,True,correct,correct;low_confidence;temporal_regime,DECISION-TIME
4aac3b3764c7bedd74633298,fold_1,0,4183418,2,2,28,1150,1500,34.1796875,39.0625,,,0,28,28,4183421.3214285714,0,0.025000000000000001,0.025000000000000001,0.050000000000000044,True,correct,correct;high_confidence;temporal_regime;feature_missingness,DECISION-TIME
271395c5ae39f61e18c55fb3,fold_1,0,4184910,2,2,20,500,600,12.20703125,14.6484375,25,25,1,20,14,4184923.7999999998,0,0.088888888888888892,0.088888888888888892,0.17777777777777781,True,correct,correct;high_confidence;temporal_regime,DECISION-TIME
cc23df47c6317f8b0b9ba12f,fold_1,0,4185093,1,1,1,600,600,29.296875,29.296875,10,10,1,1,1,4185100,0,0.43999999999999984,0.43999999999999984,0.87999999999999967,True,correct,correct;low_confidence;temporal_regime,DECISION-TIME
579c0bbab94125672587a3a8,fold_1,0,4185117,1,1,1,600,600,29.296875,29.296875,10,10,1,1,1,4185130,0,0.43999999999999984,0.43999999999999984,0.87999999999999967,True,correct,correct;low_confidence;temporal_regime,DECISION-TIME
a3b1dfb17dbd6b6b1c9f0a91,fold_1,0,4185140,1,1,1,600,600,29.296875,29.296875,10,10,1,1,1,4185161,0,0.43999999999999984,0.43999999999999984,0.87999999999999967,True,correct,correct;low_confidence;temporal_regime,DECISION-TIME
8feb528e98949ac9d426e3be,fold_1,0,4185245,1,1,1,600,600,29.296875,29.296875,10,10,1,1,1,4185366,0,0.43999999999999984,0.43999999999999984,0.87999999999999967,True,correct,correct;low_confidence;temporal_regime,DECISION-TIME
2b6bd8b690e57a72415cc5fd,fold_1,0,4185293,1,1,1,600,600,29.296875,29.296875,10,10,1,1,1,4185569,0,0.43999999999999984,0.43999999999999984,0.87999999999999967,True,correct,correct;low_confidence;temporal_regime,DECISION-TIME
d6d6ef715621a253f415b15e,fold_1,1,4186657,1,1,1,50,50,48.828125,48.828125,500,500,1,1,1,4242184,0,0.025000000000000001,0.025000000000000001,0.050000000000000044,False,high_confidence_error,false_negative;high_confidence;temporal_regime,DECISION-TIME
a80937839002212722a17561,fold_1,0,4186978,1,1,1,600,600,29.296875,29.296875,50,50,1,1,1,4186988,0,0.43999999999999984,0.43999999999999984,0.87999999999999967,True,correct,correct;low_confidence;temporal_regime,DECISION-TIME
bd535a72d3508302fc765fbc,fold_1,0,4186982,1,1,1,600,600,29.296875,29.296875,50,50,1,1,1,4186992,0,0.43999999999999984,0.43999999999999984,0.87999999999999967,True,correct,correct;low_confidence;temporal_regime,DECISION-TIME
d2952df4433078534e0909d1,fold_1,0,4188055,1,1,1,600,600,29.296875,29.296875,100,100,1,1,1,4188067,0,0.43999999999999984,0.43999999999999984,0.87999999999999967,True,correct,correct;low_confidence;temporal_regime,DECISION-TIME
af84718f873c1ab6d851506a,fold_1,0,4189964,1,1,1,600,600,29.296875,29.296875,50,50,1,1,1,4189974,0,0.43999999999999984,0.43999999999999984,0.87999999999999967,True,correct,correct;low_confidence;temporal_regime,DECISION-TIME
74967896a975c7935079409a,fold_1,0,4190516,1,1,1,600,600,29.296875,29.296875,100,100,1,1,1,4190527,0,0.43999999999999984,0.43999999999999984,0.87999999999999967,True,correct,correct;low_confidence;temporal_regime,DECISION-TIME
4454843654e458ef3f9f07f5,fold_1,0,4190685,1,1,1,800,800,29.296875,29.296875,50,50,1,3,2,4191139,0,0.43999999999999984,0.43999999999999984,0.87999999999999967,True,correct,correct;low_confidence;temporal_regime,DECISION-TIME
2b19135c04ee140f816c293a,fold_1,0,4190708,1,1,1,800,800,29.296875,29.296875,50,50,1,3,2,4191162,0,0.43999999999999984,0.43999999999999984,0.87999999999999967,True,correct,correct;low_confidence;temporal_regime,DECISION-TIME
4ab1d391da615547556dc640,fold_1,0,4190712,1,1,1,600,600,29.296875,29.296875,100,100,1,1,1,4190813,0,0.43999999999999984,0.43999999999999984,0.87999999999999967,True,correct,correct;low_confidence;temporal_regime,DECISION-TIME
3276bf1ce03b2d37e3eecdaf,fold_1,0,4191798,1,1,1,600,600,29.296875,29.296875,25,25,1,1,1,4191809,0,0.43999999999999984,0.43999999999999984,0.87999999999999967,True,correct,correct;low_confidence;temporal_regime,DECISION-TIME
52cc6816fbf930faa918d460,fold_1,0,4194640,2,2,51,500,600,14.6484375,19.53125,50,50,1,51,25,4194658,0,0.088888888888888892,0.088888888888888892,0.17777777777777781,True,correct,correct;high_confidence;temporal_regime,DECISION-TIME
8baa90b0728e2688a424aaf1,fold_1,0,4194948,2,2,2,400,600,19.53125,29.296875,20,20,1,2,2,4194955,0,0.088888888888888892,0.088888888888888892,0.17777777777777781,True,correct,correct;high_confidence;temporal_regime,DECISION-TIME
3947d1edb2ded5368e2848da,fold_1,1,4195385,2,2,2,1,1,0.09765625,0.09765625,,,1,9,9,4195485.888888889,0,0.088888888888888892,0.088888888888888892,0.17777777777777781,False,high_confidence_error,false_negative;high_confidence;temporal_regime;feature_missingness,DECISION-TIME
70d444f4fa675c01dbd4ca6d,fold_1,0,4195714,1,1,4,1800,1800,58.59375,58.59375,100,100,1,4,4,4195752.75,1,0.55555555555555558,0.55555555555555558,0.88888888888888884,False,low_confidence_error,false_positive;low_confidence;temporal_regime,DECISION-TIME
0c54fe66ed879db7274654e0,fold_1,0,4195958,1,1,1,600,600,29.296875,29.296875,100,100,1,1,1,4195971,0,0.43999999999999984,0.43999999999999984,0.87999999999999967,True,correct,correct;low_confidence;temporal_regime,DECISION-TIME
3716e58661f46f75fba13cfd,fold_1,1,4197710,1,1,1,600,600,29.296875,29.296875,50,50,1,1,1,4197724,0,0.43999999999999984,0.43999999999999984,0.87999999999999967,False,low_confidence_error,false_negative;low_confidence;temporal_regime,DECISION-TIME
3665599219bc84f1ea63cf6a,fold_1,0,4198034,1,1,1,600,600,29.296875,29.296875,25,25,1,1,1,4198040,0,0.43999999999999984,0.43999999999999984,0.87999999999999967,True,correct,correct;low_confidence;temporal_regime,DECISION-TIME
6f464623ea75d1ce15116296,fold_1,1,4198734,2,2,220,600,600,19.625,31.25,25,25,1,220,117,4198744,1,0.61099045660877538,0.61099045660877538,0.77801908678244924,True,correct,correct;low_confidence;temporal_regime,DECISION-TIME
ffbaa7c4cc9fa229d65e2fd8,fold_1,0,4199226,1,1,1,600,600,29.296875,29.296875,100,100,1,1,1,4199228,0,0.43999999999999984,0.43999999999999984,0.87999999999999967,True,correct,correct;low_confidence;temporal_regime,DECISION-TIME
28855815ab75310d8b0adb3d,fold_1,1,4199347,1,1,1,600,600,29.296875,29.296875,100,100,1,1,1,4199354,0,0.43999999999999984,0.43999999999999984,0.87999999999999967,False,low_confidence_error,false_negative;low_confidence;temporal_regime,DECISION-TIME
f45701e6a94389bed4c5edf4,fold_1,0,4201230,1,1,1,600,600,29.296875,29.296875,100,100,1,1,1,4201233,0,0.43999999999999984,0.43999999999999984,0.87999999999999967,True,correct,correct;low_confidence;temporal_regime,DECISION-TIME
a9488c38cc766ceae22bcf51,fold_1,1,4201352,1,1,1,1800,1800,58.59375,58.59375,300,300,1,1,1,4201356,0,0.43999999999999984,0.43999999999999984,0.87999999999999967,False,low_confidence_error,false_negative;low_confidence;temporal_regime,DECISION-TIME
77e0314cbcc9d01f4601690e,fold_1,0,4201726,1,1,1,1000,1000,19.55078125,19.55078125,50,50,1,1,1,4201730,0,0.43999999999999984,0.43999999999999984,0.87999999999999967,True,correct,correct;low_confidence;temporal_regime,DECISION-TIME
f82d0b6b8a65b0110b1e4b1b,fold_1,0,4202026,1,1,1,1800,1800,58.59375,58.59375,100,100,1,1,1,4202036,0,0.43999999999999984,0.43999999999999984,0.87999999999999967,True,correct,correct;low_confidence;temporal_regime,DECISION-TIME
90e9c8bb2d00df984edd7ace,fold_1,0,4202457,2,2,60,250,300,9.765625,9.765625,10,10,1,60,39,4202467.2666666666,0,0.088888888888888892,0.088888888888888892,0.17777777777777781,True,correct,correct;high_confidence;temporal_regime,DECISION-TIME
a5ba2e567e110e8faba6f82c,fold_1,1,4203089,1,1,1,600,600,29.296875,29.296875,100,100,1,1,1,4203136,0,0.43999999999999984,0.43999999999999984,0.87999999999999967,False,low_confidence_error,false_negative;low_confidence;temporal_regime,DECISION-TIME
ba2485dd769b76f733001627,fold_1,0,4203267,2,2,2,600,600,29.296875,29.296875,50,50,1,2,2,4203274,0,0.088888888888888892,0.088888888888888892,0.17777777777777781,True,correct,correct;high_confidence;temporal_regime,DECISION-TIME
721d3ea066aa128fcd2e5c38,fold_1,1,4203687,1,1,1,600,600,29.296875,29.296875,100,100,1,1,1,4203727,0,0.43999999999999984,0.43999999999999984,0.87999999999999967,False,low_confidence_error,false_negative;low_confidence;temporal_regime,DECISION-TIME
89a7f601978cab10c19e309d,fold_1,1,4203920,1,1,1,600,600,29.296875,29.296875,100,100,1,1,1,4203959,0,0.43999999999999984,0.43999999999999984,0.87999999999999967,False,low_confidence_error,false_negative;low_confidence;temporal_regime,DECISION-TIME
a099453a750bcc0f7544fcd9,fold_1,1,4204034,1,1,1,600,600,29.296875,29.296875,100,100,1,1,1,4204040,0,0.43999999999999984,0.43999999999999984,0.87999999999999967,False,low_confidence_error,false_negative;low_confidence;temporal_regime,DECISION-TIME
cba879c4bbb214004555e08e,fold_1,1,4204259,1,1,1,600,600,29.296875,29.296875,100,100,1,1,1,4204272,0,0.43999999999999984,0.43999999999999984,0.87999999999999967,False,low_confidence_error,false_negative;low_confidence;temporal_regime,DECISION-TIME
26ca2ecad6d5b8817e9bdcee,fold_1,1,4204263,1,1,1,600,600,29.296875,29.296875,100,100,1,1,1,4204273,0,0.43999999999999984,0.43999999999999984,0.87999999999999967,False,low_confidence_error,false_negative;low_confidence;temporal_regime,DECISION-TIME
277a3ea263216c4e55650cc9,fold_1,1,4204505,1,1,1,600,600,29.296875,29.296875,100,100,1,1,1,4204587,0,0.43999999999999984,0.43999999999999984,0.87999999999999967,False,low_confidence_error,false_negative;low_confidence;temporal_regime,DECISION-TIME
f1bbcaa80a1f212bca321303,fold_1,1,4204927,1,1,1,800,800,31.26953125,31.26953125,,,0,1,1,4204930,0,0.025000000000000001,0.025000000000000001,0.050000000000000044,False,high_confidence_error,false_negative;high_confidence;temporal_regime;feature_missingness,DECISION-TIME
015d8242cfe19b105ed845fe,fold_1,0,4205376,1,1,1,10,10,29.296875,29.296875,10,10,1,1,1,4205381,0,0.125,0.125,0.25,True,correct,correct;high_confidence;temporal_regime,DECISION-TIME
74972299a90caf10ed9d1203,fold_1,1,4205453,1,1,1,600,600,29.296875,29.296875,100,100,1,1,1,4205505,0,0.43999999999999984,0.43999999999999984,0.87999999999999967,False,low_confidence_error,false_negative;low_confidence;temporal_regime,DECISION-TIME
9d83de45c194f1ab3e2632db,fold_1,1,4205456,1,1,1,600,600,29.296875,29.296875,100,100,1,1,1,4205535,0,0.43999999999999984,0.43999999999999984,0.87999999999999967,False,low_confidence_error,false_negative;low_confidence;temporal_regime,DECISION-TIME
fa0d372dfb4a63479ee48fde,fold_1,1,4205658,1,1,1,1000,1000,19.55078125,19.55078125,50,50,1,1,1,4205662,0,0.43999999999999984,0.43999999999999984,0.87999999999999967,False,low_confidence_error,false_negative;low_confidence;temporal_regime,DECISION-TIME
21b74085dbbac33fd61123f4,fold_1,0,4205848,1,1,1,600,600,29.296875,29.296875,10,10,1,1,1,4205859,0,0.43999999999999984,0.43999999999999984,0.87999999999999967,True,correct,correct;low_confidence;temporal_regime,DECISION-TIME
676f81ed232eae7676dab077,fold_1,0,4205950,1,1,1,800,800,31.26953125,31.26953125,,,0,1,1,4205953,0,0.025000000000000001,0.025000000000000001,0.050000000000000044,True,correct,correct;high_confidence;temporal_regime;feature_missingness,DECISION-TIME
0ace10735b73b036d26ef6ff,fold_1,0,4206041,1,1,1,100,100,29.296875,29.296875,25,25,1,1,1,4206052,0,0.125,0.125,0.25,True,correct,correct;high_confidence;temporal_regime,DECISION-TIME
44fcda262b184b713a673323,fold_1,0,4206253,1,1,1,600,600,29.296875,29.296875,100,100,1,1,1,4206265,0,0.43999999999999984,0.43999999999999984,0.87999999999999967,True,correct,correct;low_confidence;temporal_regime,DECISION-TIME
4fc668df28ebddc2e8821a72,fold_1,0,4207231,1,1,1,100,100,29.296875,29.296875,25,25,1,1,1,4207264,0,0.125,0.125,0.25,True,correct,correct;high_confidence;temporal_regime,DECISION-TIME
84421f05eacbd147fb8e2332,fold_1,1,4207901,1,1,1,600,600,29.296875,29.296875,50,50,1,1,1,4207904,0,0.43999999999999984,0.43999999999999984,0.87999999999999967,False,low_confidence_error,false_negative;low_confidence;temporal_regime,DECISION-TIME
960b935261d87f06015ce622,fold_1,0,4210386,1,1,2,1800,1800,58.59375,58.59375,100,100,1,2,2,4210400,0,0.43999999999999984,0.43999999999999984,0.87999999999999967,True,correct,correct;low_confidence;temporal_regime,DECISION-TIME
05dccbbbb78f031c4f649020,fold_1,1,4210669,2,2,16,400,600,19.53125,29.296875,20,20,1,16,16,4210683,0,0.088888888888888892,0.088888888888888892,0.17777777777777781,False,high_confidence_error,false_negative;high_confidence;temporal_regime,DECISION-TIME
550884fa9d4ea09ce562cd40,fold_1,0,4211058,1,1,1,1600,1600,9.765625,9.765625,100,100,1,1,1,4211069,0,0.43999999999999984,0.43999999999999984,0.87999999999999967,True,correct,correct;low_confidence;temporal_regime,DECISION-TIME
8c703dff24b15edecf476dd6,fold_1,0,4211212,1,1,1,600,600,29.296875,29.296875,100,100,1,1,1,4211258,0,0.43999999999999984,0.43999999999999984,0.87999999999999967,True,correct,correct;low_confidence;temporal_regime,DECISION-TIME
d76f926cf4a7102fa150090f,fold_1,0,4212164,1,1,1,1000,1000,19.55078125,19.55078125,50,50,1,1,1,4212168,0,0.43999999999999984,0.43999999999999984,0.87999999999999967,True,correct,correct;low_confidence;temporal_regime,DECISION-TIME
4a552749b870e19a5a2dc0d4,fold_1,0,4213380,1,1,1,600,600,29.296875,29.296875,10,10,1,1,1,4213391,0,0.43999999999999984,0.43999999999999984,0.87999999999999967,True,correct,correct;low_confidence;temporal_regime,DECISION-TIME
46460df494c242b83613b4ee,fold_1,1,4213571,1,1,1,600,600,29.296875,29.296875,10,10,1,1,1,4213583,0,0.43999999999999984,0.43999999999999984,0.87999999999999967,False,low_confidence_error,false_negative;low_confidence;temporal_regime,DECISION-TIME
6f9df2e2bb2eef1516be616b,fold_1,1,4213607,1,1,1,600,600,29.296875,29.296875,10,10,1,1,1,4213613,0,0.43999999999999984,0.43999999999999984,0.87999999999999967,False,low_confidence_error,false_negative;low_confidence;temporal_regime,DECISION-TIME
f6acfbfe698df4014525ba00,fold_1,0,4213620,1,1,1,600,600,29.296875,29.296875,10,10,1,1,1,4213633,0,0.43999999999999984,0.43999999999999984,0.87999999999999967,True,correct,correct;low_confidence;temporal_regime,DECISION-TIME
e9a0af0c18c4466a57282688,fold_1,0,4213941,1,1,1,1000,1000,19.55078125,19.55078125,50,50,1,1,1,4213944,0,0.43999999999999984,0.43999999999999984,0.87999999999999967,True,correct,correct;low_confidence;temporal_regime,DECISION-TIME
8149f2e4d5364c884b8f1df1,fold_1,0,4214833,1,1,1,600,600,29.296875,29.296875,100,100,1,1,1,4214948,0,0.43999999999999984,0.43999999999999984,0.87999999999999967,True,correct,correct;low_confidence;temporal_regime,DECISION-TIME
f904a3197cd6f33967779850,fold_1,1,4214833,1,1,1,600,600,29.296875,29.296875,100,100,1,1,1,4214947,0,0.43999999999999984,0.43999999999999984,0.87999999999999967,False,low_confidence_error,false_negative;low_confidence;temporal_regime,DECISION-TIME
d8ee7c0e98d0680f49d5f6d9,fold_1,0,4214988,1,1,1,600,600,29.296875,29.296875,25,25,1,1,1,4214991,0,0.43999999999999984,0.43999999999999984,0.87999999999999967,True,correct,correct;low_confidence;temporal_regime,DECISION-TIME
9534e66e8056c5431f9870a5,fold_1,0,4216212,1,1,1,600,600,29.296875,29.296875,100,100,1,1,1,4216228,0,0.43999999999999984,0.43999999999999984,0.87999999999999967,True,correct,correct;low_confidence;temporal_regime,DECISION-TIME
bb5477461264cc15ba95aea0,fold_1,0,4218986,1,1,1,600,600,29.296875,29.296875,25,25,1,1,1,4218992,0,0.43999999999999984,0.43999999999999984,0.87999999999999967,True,correct,correct;low_confidence;temporal_regime,DECISION-TIME
a73ab86e4f5185d6ed411a10,fold_1,0,4218988,1,1,1,600,600,29.296875,29.296875,25,25,1,1,1,4219002,0,0.43999999999999984,0.43999999999999984,0.87999999999999967,True,correct,correct;low_confidence;temporal_regime,DECISION-TIME
05ce2edc8a150698b5e7397f,fold_1,0,4220502,1,1,1,600,600,29.296875,29.296875,25,25,1,1,1,4220513,0,0.43999999999999984,0.43999999999999984,0.87999999999999967,True,correct,correct;low_confidence;temporal_regime,DECISION-TIME
9700ca919fbd9208f0c3ca3f,fold_1,0,4223749,1,1,1,1000,1000,19.55078125,19.55078125,50,50,1,1,1,4223752,0,0.43999999999999984,0.43999999999999984,0.87999999999999967,True,correct,correct;low_confidence;temporal_regime,DECISION-TIME
5f8520190c2c7e786ba4c163,fold_1,0,4224133,2,2,101,450,800,10.76171875,19.55078125,,,0,101,93,4224180.2475247523,0,0.025000000000000001,0.025000000000000001,0.050000000000000044,True,correct,correct;high_confidence;temporal_regime;feature_missingness,DECISION-TIME
89f5c81d7ffb1de5b317b96d,fold_1,0,4226687,2,2,30,100,100,2.9296875,2.9296875,20,20,1,30,17,4226697.0666666664,0,0.025000000000000001,0.025000000000000001,0.050000000000000044,True,correct,correct;high_confidence;temporal_regime,DECISION-TIME
81cf923b604e8c4f2d0306f1,fold_1,0,4228882,1,1,1,600,600,29.296875,29.296875,100,100,1,1,1,4228885,0,0.43999999999999984,0.43999999999999984,0.87999999999999967,True,correct,correct;low_confidence;temporal_regime,DECISION-TIME
8195c8a9873f281af31e4132,fold_1,0,4229485,1,1,16,50,50,29.296875,29.296875,100,100,1,16,10,4229488.375,0,0.088888888888888892,0.088888888888888892,0.17777777777777781,True,correct,correct;high_confidence;temporal_regime,DECISION-TIME
0f7ba33872f77c9c6c73bc3a,fold_1,0,4229943,1,1,1,600,600,29.296875,29.296875,100,100,1,1,1,4229949,0,0.43999999999999984,0.43999999999999984,0.87999999999999967,True,correct,correct;low_confidence;temporal_regime,DECISION-TIME
74ab7ef48ea3b307d4056f61,fold_1,0,4232246,2,2,45,450,600,18.5546875,19.53125,25,25,1,45,32,4232255.8666666662,0,0.088888888888888892,0.088888888888888892,0.17777777777777781,True,correct,correct;high_confidence;temporal_regime,DECISION-TIME
da417bb0cc206deb2b1554d3,fold_1,0,4232329,1,1,1,600,600,29.296875,29.296875,100,100,1,1,1,4232781,0,0.43999999999999984,0.43999999999999984,0.87999999999999967,True,correct,correct;low_confidence;temporal_regime,DECISION-TIME
a9367a1fb3aa2f228339e8e1,fold_1,0,4232675,2,2,12,600,600,29.296875,29.296875,25,25,1,12,9,4232681.25,0,0.125,0.125,0.25,True,correct,correct;high_confidence;temporal_regime,DECISION-TIME
e6d32d5b45c9bacaa18951fc,fold_1,0,4234226,1,1,1,1000,1000,19.55078125,19.55078125,50,50,1,1,1,4234229,0,0.43999999999999984,0.43999999999999984,0.87999999999999967,True,correct,correct;low_confidence;temporal_regime,DECISION-TIME
603e51ad3578990924ade1f6,fold_1,0,4234636,1,1,1,100,100,1.97265625,1.97265625,,,0,1,1,4234639,0,0,0,0,True,correct,correct;high_confidence;temporal_regime;feature_missingness,DECISION-TIME
33f975ee009bbaae8a7743a6,fold_1,0,4234677,1,1,1,600,600,29.296875,29.296875,100,100,1,2,2,4235616,0,0.43999999999999984,0.43999999999999984,0.87999999999999967,True,correct,correct;low_confidence;temporal_regime,DECISION-TIME
09051104c201a9d59302cd04,fold_1,0,4235378,1,1,1,600,600,29.296875,29.296875,100,100,1,1,1,4235384,0,0.43999999999999984,0.43999999999999984,0.87999999999999967,True,correct,correct;low_confidence;temporal_regime,DECISION-TIME
8ee617eb2fccc5005d810a5b,fold_1,0,4235578,1,1,1,600,600,29.296875,29.296875,100,100,1,1,1,4235586,0,0.43999999999999984,0.43999999999999984,0.87999999999999967,True,correct,correct;low_confidence;temporal_regime,DECISION-TIME
8414c421eb5d229dfeb318a8,fold_1,0,4238038,1,1,1,1000,1000,19.55078125,19.55078125,50,50,1,1,1,4238041,0,0.43999999999999984,0.43999999999999984,0.87999999999999967,True,correct,correct;low_confidence;temporal_regime,DECISION-TIME
de95fe5669606248f465a829,fold_1,0,4238441,2,2,41,600,600,29.296875,29.296875,100,100,1,44,32,4239056.682926829,0,0.43999999999999984,0.43999999999999984,0.87999999999999967,True,correct,correct;low_confidence;temporal_regime,DECISION-TIME
3efa4286b962dd891ae47a5e,fold_1,0,4239022,1,1,10,50,50,29.296875,29.296875,100,100,1,10,6,4239027.4000000004,0,0.088888888888888892,0.088888888888888892,0.17777777777777781,True,correct,correct;high_confidence;temporal_regime,DECISION-TIME
b09541736c6dcecdec898a34,fold_1,0,4239668,1,1,1,600,600,29.296875,29.296875,50,50,1,1,1,4239679,0,0.43999999999999984,0.43999999999999984,0.87999999999999967,True,correct,correct;low_confidence;temporal_regime,DECISION-TIME
a04963f12e529be14770172f,fold_1,0,4239844,1,1,1,1000,1000,19.55078125,19.55078125,50,50,1,1,1,4239847,0,0.43999999999999984,0.43999999999999984,0.87999999999999967,True,correct,correct;low_confidence;temporal_regime,DECISION-TIME
d2a49ac948d8fd0fbb0cc7ca,fold_1,1,4240890,1,1,1,600,600,29.296875,29.296875,100,100,1,1,1,4240893,0,0.43999999999999984,0.43999999999999984,0.87999999999999967,False,low_confidence_error,false_negative;low_confidence;temporal_regime,DECISION-TIME
4041102f9b2c3e3b4447da1b,fold_1,0,4241218,1,1,1,600,600,29.296875,29.296875,100,100,1,1,1,4241325,0,0.43999999999999984,0.43999999999999984,0.87999999999999967,True,correct,correct;low_confidence;temporal_regime,DECISION-TIME
e839bb3f4ec5065804844fd2,fold_1,0,4242860,2,2,4,600,600,29.296875,29.296875,50,50,1,4,2,4242865,0,0.088888888888888892,0.088888888888888892,0.17777777777777781,True,correct,correct;high_confidence;temporal_regime,DECISION-TIME
38a9e68a389cee3c3788f6d4,fold_1,0,4243461,1,1,1,100,100,29.296875,29.296875,25,25,1,1,1,4243468,0,0.125,0.125,0.25,True,correct,correct;high_confidence;temporal_regime,DECISION-TIME
f0ce8fcad3c3b1bb834ea23f,fold_1,0,4243464,1,1,1,100,100,29.296875,29.296875,25,25,1,1,1,4243478,0,0.125,0.125,0.25,True,correct,correct;high_confidence;temporal_regime,DECISION-TIME
7d9ec37970bfce48b9ff6d31,fold_1,0,4243485,1,1,1,100,100,29.296875,29.296875,25,25,1,1,1,4243510,0,0.125,0.125,0.25,True,correct,correct;high_confidence;temporal_regime,DECISION-TIME
9ae86094bc3935130341a095,fold_1,0,4245074,1,1,1,600,600,29.296875,29.296875,100,100,1,1,1,4245085,0,0.43999999999999984,0.43999999999999984,0.87999999999999967,True,correct,correct;low_confidence;temporal_regime,DECISION-TIME
d7553842a5c51c6cfb805421,fold_1,1,4246377,1,1,1,1200,1200,29.296875,29.296875,100,100,1,1,1,4246486,0,0.43999999999999984,0.43999999999999984,0.87999999999999967,False,low_confidence_error,false_negative;low_confidence;temporal_regime,DECISION-TIME
b341778114249644f7f55537,fold_1,1,4246397,1,1,1,1200,1200,29.296875,29.296875,100,100,1,1,1,4246513,0,0.43999999999999984,0.43999999999999984,0.87999999999999967,False,low_confidence_error,false_negative;low_confidence;temporal_regime,DECISION-TIME
af34381339c014c11d4474fd,fold_1,1,4246794,1,1,1,1800,1800,58.59375,58.59375,80,80,1,1,1,4246905,1,0.55555555555555558,0.55555555555555558,0.88888888888888884,True,correct,correct;low_confidence;temporal_regime,DECISION-TIME
b9920d6d08202bd6357e4f4a,fold_1,1,4247060,2,2,20,500,600,12.20703125,14.6484375,25,25,1,20,16,4247077.9333333336,0,0.088888888888888892,0.088888888888888892,0.17777777777777781,False,high_confidence_error,false_negative;high_confidence;temporal_regime,DECISION-TIME
2148cb01ab45bf547ecb8a57,fold_1,0,4248453,1,1,1,1800,1800,58.59375,58.59375,100,100,1,1,1,4248501,0,0.43999999999999984,0.43999999999999984,0.87999999999999967,True,correct,correct;low_confidence;temporal_regime,DECISION-TIME
f652de23208b02f3a8386acf,fold_1,0,4251132,1,1,1,3200,3200,19.53125,19.53125,100,100,1,1,1,4251136,0,0.43999999999999984,0.43999999999999984,0.87999999999999967,True,correct,correct;low_confidence;temporal_regime,DECISION-TIME
5fcc9e529e13c47466dd64e7,fold_1,0,4252612,1,1,1,3200,3200,19.53125,19.53125,100,100,1,1,1,4252615,0,0.43999999999999984,0.43999999999999984,0.87999999999999967,True,correct,correct;low_confidence;temporal_regime,DECISION-TIME
a5f095d1137f026b1d1333bd,fold_1,0,4252702,2,2,6,500,600,2.9296875,3.90625,100,100,1,6,4,4252795.833333333,0,0.025000000000000001,0.025000000000000001,0.050000000000000044,True,correct,correct;high_confidence;temporal_regime,DECISION-TIME
fb25921747a9e279d13f3243,fold_1,0,4252841,1,1,1,600,600,29.296875,29.296875,100,100,1,1,1,4252966,0,0.43999999999999984,0.43999999999999984,0.87999999999999967,True,correct,correct;low_confidence;temporal_regime,DECISION-TIME
c6e9575137a44bb2541fd764,fold_1,0,4254754,1,1,1,600,600,29.296875,29.296875,100,100,1,1,1,4254803,0,0.43999999999999984,0.43999999999999984,0.87999999999999967,True,correct,correct;low_confidence;temporal_regime,DECISION-TIME
254d024f0a90d0306e6946a1,fold_1,0,4255034,1,1,1,1800,1800,58.59375,58.59375,100,100,1,1,1,4256479,0,0.43999999999999984,0.43999999999999984,0.87999999999999967,True,correct,correct;low_confidence;temporal_regime,DECISION-TIME
0262f89e9f6d4b8390c1937a,fold_1,1,4255037,1,1,1,1800,1800,58.59375,58.59375,100,100,1,1,1,4255154,0,0.43999999999999984,0.43999999999999984,0.87999999999999967,False,low_confidence_error,false_negative;low_confidence;temporal_regime,DECISION-TIME
f7296184cf3ceeb09af9337d,fold_1,0,4255887,2,2,25,500,600,12.20703125,14.6484375,50,50,1,26,24,4255909.884615385,0,0.088888888888888892,0.088888888888888892,0.17777777777777781,True,correct,correct;high_confidence;temporal_regime,DECISION-TIME
da1c518366702712dbc71f56,fold_1,0,4255954,2,2,13,400,600,2,2,25,25,1,13,6,4255959.923076923,0,0.025000000000000001,0.025000000000000001,0.050000000000000044,True,correct,correct;high_confidence;temporal_regime,DECISION-TIME
6fcde2b02d7dad8c5c1f8f92,fold_1,1,4256212,2,2,12,100,100,6.34765625,9.765625,50,50,1,12,11,4256240,0,0.088888888888888892,0.088888888888888892,0.17777777777777781,False,high_confidence_error,false_negative;high_confidence;temporal_regime,DECISION-TIME
612dd9a08e8a034003d31682,fold_1,0,4256723,1,1,1,600,600,29.296875,29.296875,25,25,1,1,1,4256739,0,0.43999999999999984,0.43999999999999984,0.87999999999999967,True,correct,correct;low_confidence;temporal_regime,DECISION-TIME
bbb127d4cdc8082b3839d11c,fold_1,0,4256931,1,1,1,600,600,29.296875,29.296875,25,25,1,1,1,4256943,0,0.43999999999999984,0.43999999999999984,0.87999999999999967,True,correct,correct;low_confidence;temporal_regime,DECISION-TIME
0d4bc84b676e8818214c41da,fold_1,1,4257012,1,1,1,1800,1800,58.59375,58.59375,100,100,1,1,1,4257057,0,0.43999999999999984,0.43999999999999984,0.87999999999999967,False,low_confidence_error,false_negative;low_confidence;temporal_regime,DECISION-TIME
9c2cf3fb285752fe7fc4f8b6,fold_1,0,4257589,1,1,1,600,600,29.296875,29.296875,100,100,1,1,1,4257592,0,0.43999999999999984,0.43999999999999984,0.87999999999999967,True,correct,correct;low_confidence;temporal_regime,DECISION-TIME
b5b07c2728e5ddc6bd927565,fold_1,0,4257598,2,2,6,500,600,2.9296875,3.90625,100,100,1,6,2,4257691.333333333,0,0.025000000000000001,0.025000000000000001,0.050000000000000044,True,correct,correct;high_confidence;temporal_regime,DECISION-TIME
91152e6d73d6da855664f59d,fold_1,0,4258445,2,2,2,600,600,24.4140625,24.4140625,25,25,1,4,3,4258675.5,0,0.125,0.125,0.25,True,correct,correct;high_confidence;temporal_regime,DECISION-TIME
9499937ae93737a102f2265d,fold_1,0,4259291,1,1,1,600,600,29.296875,29.296875,100,100,1,1,1,4259301,0,0.43999999999999984,0.43999999999999984,0.87999999999999967,True,correct,correct;low_confidence;temporal_regime,DECISION-TIME
659061cbf8a8d812fd95d167,fold_1,0,4259546,1,1,1,600,600,29.296875,29.296875,100,100,1,1,1,4259554,0,0.43999999999999984,0.43999999999999984,0.87999999999999967,True,correct,correct;low_confidence;temporal_regime,DECISION-TIME
49ec2d0327214917c6354717,fold_1,0,4259755,1,1,1,600,600,29.296875,29.296875,100,100,1,1,1,4259763,0,0.43999999999999984,0.43999999999999984,0.87999999999999967,True,correct,correct;low_confidence;temporal_regime,DECISION-TIME
70a4dfc01a310f5e4496e3d9,fold_1,0,4260073,1,1,1,1800,1800,58.59375,58.59375,100,100,1,1,1,4260122,0,0.43999999999999984,0.43999999999999984,0.87999999999999967,True,correct,correct;low_confidence;temporal_regime,DECISION-TIME
dfbc4acc7dee9b17f92e81b8,fold_1,0,4261378,1,1,1,50,50,48.828125,48.828125,500,500,1,1,1,4261381,0,0.025000000000000001,0.025000000000000001,0.050000000000000044,True,correct,correct;high_confidence;temporal_regime,DECISION-TIME
fd78a3192d125135313f1800,fold_1,0,4261816,1,1,1,600,600,29.296875,29.296875,100,100,1,1,1,4261828,0,0.43999999999999984,0.43999999999999984,0.87999999999999967,True,correct,correct;low_confidence;temporal_regime,DECISION-TIME
2e1922a92e089a5dfb261cdb,fold_1,0,4261903,1,1,1,600,600,29.296875,29.296875,25,25,1,1,1,4261911,0,0.43999999999999984,0.43999999999999984,0.87999999999999967,True,correct,correct;low_confidence;temporal_regime,DECISION-TIME
49dce526d52dfcfb61eea1b0,fold_1,1,4261948,1,1,1,1800,1800,58.59375,58.59375,100,100,1,1,1,4261962,0,0.43999999999999984,0.43999999999999984,0.87999999999999967,False,low_confidence_error,false_negative;low_confidence;temporal_regime,DECISION-TIME
e67c272acfd9ba66d3e5e356,fold_1,0,4262292,1,1,1,1000,1000,19.55078125,19.55078125,50,50,1,1,1,4262298,0,0.43999999999999984,0.43999999999999984,0.87999999999999967,True,correct,correct;low_confidence;temporal_regime,DECISION-TIME
96671edc1b1b33c85bfde391,fold_1,1,4262477,1,1,1,600,600,29.296875,29.296875,100,100,1,1,1,4262597,0,0.43999999999999984,0.43999999999999984,0.87999999999999967,False,low_confidence_error,false_negative;low_confidence;temporal_regime,DECISION-TIME
42e7c842b7fdd1e23fdd0618,fold_1,1,4263311,1,1,1,600,600,29.296875,29.296875,25,25,1,1,1,4263321,0,0.43999999999999984,0.43999999999999984,0.87999999999999967,False,low_confidence_error,false_negative;low_confidence;temporal_regime,DECISION-TIME
58927702998b5b98a00eb77b,fold_1,0,4263367,1,1,1,1000,1000,19.55078125,19.55078125,50,50,1,1,1,4263370,0,0.43999999999999984,0.43999999999999984,0.87999999999999967,True,correct,correct;low_confidence;temporal_regime,DECISION-TIME
87d2c6dfe82d039272d05934,fold_1,0,4264456,1,1,1,600,600,29.296875,29.296875,100,100,1,1,1,4265633,0,0.43999999999999984,0.43999999999999984,0.87999999999999967,True,correct,correct;low_confidence;temporal_regime,DECISION-TIME
24b7534a5fb38baffc5770f0,fold_1,0,4265629,1,1,1,600,600,29.296875,29.296875,100,100,1,1,1,4265632,0,0.43999999999999984,0.43999999999999984,0.87999999999999967,True,correct,correct;low_confidence;temporal_regime,DECISION-TIME
f5db0b2e22b1c6311a43f7bf,fold_1,1,4265956,1,1,1,1800,1800,58.59375,58.59375,100,100,1,1,1,4265990,0,0.43999999999999984,0.43999999999999984,0.87999999999999967,False,low_confidence_error,false_negative;low_confidence;temporal_regime,DECISION-TIME
9dae1321a0e68e95959986de,fold_1,0,4266036,1,1,5,1800,1800,58.59375,58.59375,5,5,1,5,1,4266039.5999999996,1,0.59648872308787371,0.59648872308787371,0.80702255382425259,False,low_confidence_error,false_positive;low_confidence;temporal_regime,DECISION-TIME
977e9046162c3544ba80c156,fold_1,1,4266387,1,1,1,600,600,29.296875,29.296875,25,25,1,1,1,4266399,0,0.43999999999999984,0.43999999999999984,0.87999999999999967,False,low_confidence_error,false_negative;low_confidence;temporal_regime,DECISION-TIME
4909a7a9b9be73d50ce2c9c5,fold_1,0,4267612,1,1,1,600,600,29.296875,29.296875,25,25,1,1,1,4267626,0,0.43999999999999984,0.43999999999999984,0.87999999999999967,True,correct,correct;low_confidence;temporal_regime,DECISION-TIME
cd030202d70931368f419ebc,fold_1,1,4268914,1,1,1,600,600,29.296875,29.296875,10,10,1,1,1,4268924,0,0.43999999999999984,0.43999999999999984,0.87999999999999967,False,low_confidence_error,false_negative;low_confidence;temporal_regime,DECISION-TIME
878330d8aa7151043a96d319,fold_1,0,4272157,1,1,1,600,600,29.296875,29.296875,20,20,1,1,1,4272164,0,0.43999999999999984,0.43999999999999984,0.87999999999999967,True,correct,correct;low_confidence;temporal_regime,DECISION-TIME
5c8bddd8f38d037fe19ff4d5,fold_1,0,4274160,2,2,101,450,800,10.76171875,19.55078125,,,0,101,101,4274164.8613861389,0,0.025000000000000001,0.025000000000000001,0.050000000000000044,True,correct,correct;high_confidence;temporal_regime;feature_missingness,DECISION-TIME
9164e6febf756c1e8bce8369,fold_1,0,4274265,1,1,1,600,600,29.296875,29.296875,100,100,1,1,1,4274888,0,0.43999999999999984,0.43999999999999984,0.87999999999999967,True,correct,correct;low_confidence;temporal_regime,DECISION-TIME
29b967ff1e8dac76689562ce,fold_1,1,4275027,1,1,2,2000,2000,29.296875,29.296875,100,100,1,2,1,4346581,0,0.43999999999999984,0.43999999999999984,0.87999999999999967,False,low_confidence_error,false_negative;low_confidence;temporal_regime,DECISION-TIME
0c3abf33d8aba46d21eaa325,fold_1,1,4275419,1,1,2,1800,1800,58.59375,58.59375,10,10,1,2,1,4275422,1,0.59281793417893192,0.59281793417893192,0.81436413164213617,True,correct,correct;low_confidence;temporal_regime,DECISION-TIME
c06138bd8b81e5ae0d619602,fold_1,0,4276059,1,1,1,600,600,29.296875,29.296875,50,50,1,2,2,4277004,0,0.43999999999999984,0.43999999999999984,0.87999999999999967,True,correct,correct;low_confidence;temporal_regime,DECISION-TIME
d46b11a4a8e4d5f94be33b74,fold_1,0,4276576,1,1,40,600,600,29.296875,29.296875,100,100,1,40,31,4276588.9500000002,0,0.43999999999999984,0.43999999999999984,0.87999999999999967,True,correct,correct;low_confidence;temporal_regime,DECISION-TIME
4dff813211abb25fd1c06eb8,fold_1,0,4276579,1,1,1,600,600,29.296875,29.296875,100,100,1,1,1,4276582,0,0.43999999999999984,0.43999999999999984,0.87999999999999967,True,correct,correct;low_confidence;temporal_regime,DECISION-TIME
4eba6538a03a787b12231b03,fold_1,0,4276873,1,1,1,20,20,29.296875,29.296875,10,10,1,1,1,4276880,0,0.125,0.125,0.25,True,correct,correct;high_confidence;temporal_regime,DECISION-TIME
8c2e89f6ca83a1480e8137cf,fold_1,0,4277728,1,1,1,600,600,29.296875,29.296875,100,100,1,1,1,4277732,0,0.43999999999999984,0.43999999999999984,0.87999999999999967,True,correct,correct;low_confidence;temporal_regime,DECISION-TIME
b6a238b6dbc893e5a3a4b3c6,fold_1,1,4277817,2,2,11,350,600,4.8828125,4.8828125,10,10,1,11,6,4277823,0,0.025000000000000001,0.025000000000000001,0.050000000000000044,False,high_confidence_error,false_negative;high_confidence;temporal_regime,DECISION-TIME
45407fdf5aad2f6a71792b98,fold_1,0,4278297,1,1,1,600,600,29.296875,29.296875,100,100,1,1,1,4278309,0,0.43999999999999984,0.43999999999999984,0.87999999999999967,True,correct,correct;low_confidence;temporal_regime,DECISION-TIME
8bd3aa137c58cc2d4f8cfe6e,fold_1,0,4279496,1,1,1,600,600,29.296875,29.296875,50,50,1,1,1,4279506,0,0.43999999999999984,0.43999999999999984,0.87999999999999967,True,correct,correct;low_confidence;temporal_regime,DECISION-TIME
c5bfb8eb5c8a74bb544c5dba,fold_1,0,4279496,1,1,1,600,600,29.296875,29.296875,100,100,1,1,1,4279506,0,0.43999999999999984,0.43999999999999984,0.87999999999999967,True,correct,correct;low_confidence;temporal_regime,DECISION-TIME
40a1058e8f1edabb41315f06,fold_1,0,4279520,1,1,1,600,600,29.296875,29.296875,50,50,1,1,1,4279527,0,0.43999999999999984,0.43999999999999984,0.87999999999999967,True,correct,correct;low_confidence;temporal_regime,DECISION-TIME
1e5eb1608cacf775d89a690f,fold_1,0,4280439,1,1,1,1800,1800,58.59375,58.59375,100,100,1,1,1,4280451,0,0.43999999999999984,0.43999999999999984,0.87999999999999967,True,correct,correct;low_confidence;temporal_regime,DECISION-TIME
39473e6bce3e07ed66f53e6c,fold_1,0,4281273,1,1,1,1800,1800,58.59375,58.59375,100,100,1,3,2,4283146,1,0.59061083683662607,0.59061083683662607,0.81877832632674785,False,low_confidence_error,false_positive;low_confidence;temporal_regime,DECISION-TIME
8f1624f4e44b451a9781b1f6,fold_1,0,4282522,1,1,1,600,600,29.296875,29.296875,10,10,1,1,1,4282525,0,0.43999999999999984,0.43999999999999984,0.87999999999999967,True,correct,correct;low_confidence;temporal_regime,DECISION-TIME
2450355286910790d0c3a961,fold_1,0,4284401,2,2,5,600,600,29.296875,29.296875,100,100,1,5,5,4284412.7999999998,0,0.088888888888888892,0.088888888888888892,0.17777777777777781,True,correct,correct;high_confidence;temporal_regime,DECISION-TIME
3fb379377c5453782bf322e8,fold_1,0,4287729,1,1,1,600,600,29.296875,29.296875,100,100,1,1,1,4287738,0,0.43999999999999984,0.43999999999999984,0.87999999999999967,True,correct,correct;low_confidence;temporal_regime,DECISION-TIME
55a8511ef0d59a39a5a36299,fold_1,0,4288174,1,1,1,1000,1000,19.55078125,19.55078125,50,50,1,1,1,4288177,0,0.43999999999999984,0.43999999999999984,0.87999999999999967,True,correct,correct;low_confidence;temporal_regime,DECISION-TIME
d583a697b8e87388c9d9d45a,fold_1,0,4288402,1,1,1,1800,1800,58.59375,58.59375,100,100,1,1,1,4288406,0,0.43999999999999984,0.43999999999999984,0.87999999999999967,True,correct,correct;low_confidence;temporal_regime,DECISION-TIME
b1ea14d33e9b147265703918,fold_1,0,4289758,1,1,1,600,600,29.296875,29.296875,25,25,1,1,1,4289764,0,0.43999999999999984,0.43999999999999984,0.87999999999999967,True,correct,correct;low_confidence;temporal_regime,DECISION-TIME
c47b3cd6e911f3cdb507eb51,fold_1,0,4291970,1,1,1,600,600,29.296875,29.296875,100,100,1,1,1,4291973,0,0.43999999999999984,0.43999999999999984,0.87999999999999967,True,correct,correct;low_confidence;temporal_regime,DECISION-TIME
4b0ea648771f09d530301e2f,fold_1,0,4292808,1,1,1,600,600,29.296875,29.296875,10,10,1,1,1,4292820,0,0.43999999999999984,0.43999999999999984,0.87999999999999967,True,correct,correct;low_confidence;temporal_regime,DECISION-TIME
f71ab1b4b0b04ce57196ca72,fold_1,0,4293015,1,1,1,800,800,31.26953125,31.26953125,,,0,1,1,4293018,0,0.025000000000000001,0.025000000000000001,0.050000000000000044,True,correct,correct;high_confidence;temporal_regime;feature_missingness,DECISION-TIME
4ee0d330b6c72dfb0bf4cc39,fold_1,0,4293562,1,1,1,600,600,29.296875,29.296875,100,100,1,1,1,4293565,0,0.43999999999999984,0.43999999999999984,0.87999999999999967,True,correct,correct;low_confidence;temporal_regime,DECISION-TIME
de2f931f11b9217bb6121e0e,fold_1,0,4293877,1,1,1,1800,1800,58.59375,58.59375,100,100,1,1,1,4293884,0,0.43999999999999984,0.43999999999999984,0.87999999999999967,True,correct,correct;low_confidence;temporal_regime,DECISION-TIME
1a00b4469d321cd94d6d89f5,fold_1,0,4295026,2,2,2,600,600,29.296875,29.296875,50,50,1,2,2,4295035,0,0.088888888888888892,0.088888888888888892,0.17777777777777781,True,correct,correct;high_confidence;temporal_regime,DECISION-TIME
5755420457df80a5cb0660f4,fold_1,0,4295167,1,1,1,600,600,29.296875,29.296875,100,100,1,2,2,4296104,0,0.43999999999999984,0.43999999999999984,0.87999999999999967,True,correct,correct;low_confidence;temporal_regime,DECISION-TIME
fd53bd8189a32502a1c5e81b,fold_1,0,4295934,2,2,4,700,800,29.296875,29.296875,100,100,1,4,4,4295970.75,0,0.088888888888888892,0.088888888888888892,0.17777777777777781,True,correct,correct;high_confidence;temporal_regime,DECISION-TIME
bafd57e22f201f795e177e40,fold_1,0,4296228,1,1,1,600,600,29.296875,29.296875,25,25,1,1,1,4296235,0,0.43999999999999984,0.43999999999999984,0.87999999999999967,True,correct,correct;low_confidence;temporal_regime,DECISION-TIME
7873e7ec8646c7f5de3a2858,fold_1,0,4297016,1,1,1,100,100,29.296875,29.296875,100,100,1,1,1,4297027,0,0.088888888888888892,0.088888888888888892,0.17777777777777781,True,correct,correct;high_confidence;temporal_regime,DECISION-TIME
7848b3c0cfe8d6a2f5053bdb,fold_1,0,4297324,1,1,1,3200,3200,19.53125,19.53125,100,100,1,1,1,4297327,0,0.43999999999999984,0.43999999999999984,0.87999999999999967,True,correct,correct;low_confidence;temporal_regime,DECISION-TIME
2eec93464b363920b3b3872e,fold_1,0,4297612,1,1,1,600,600,29.296875,29.296875,100,100,1,1,1,4297615,0,0.43999999999999984,0.43999999999999984,0.87999999999999967,True,correct,correct;low_confidence;temporal_regime,DECISION-TIME
42d994de4c1ac1cc584c16f3,fold_1,0,4299775,1,1,1,600,600,29.296875,29.296875,100,100,1,1,1,4299785,0,0.43999999999999984,0.43999999999999984,0.87999999999999967,True,correct,correct;low_confidence;temporal_regime,DECISION-TIME
51f3548ddd495a9a7a59f557,fold_1,0,4300607,1,1,1,1600,1600,1.953125,1.953125,100,100,1,2,2,4301549,0,0.125,0.125,0.25,True,correct,correct;high_confidence;temporal_regime,DECISION-TIME
b3209967ae976464a2310bc7,fold_1,0,4302189,1,1,2,1800,1800,58.59375,58.59375,100,100,1,2,2,4302197,0,0.43999999999999984,0.43999999999999984,0.87999999999999967,True,correct,correct;low_confidence;temporal_regime,DECISION-TIME
852714f2adef20ac58130832,fold_1,0,4302416,2,2,7,600,600,29.296875,29.296875,100,100,1,7,7,4302423.7142857146,0,0.088888888888888892,0.088888888888888892,0.17777777777777781,True,correct,correct;high_confidence;temporal_regime,DECISION-TIME
8533844dd263ff329880e8d6,fold_1,0,4302795,1,1,1,1000,1000,19.55078125,19.55078125,50,50,1,1,1,4302799,0,0.43999999999999984,0.43999999999999984,0.87999999999999967,True,correct,correct;low_confidence;temporal_regime,DECISION-TIME
8d55602714826a25c149ab87,fold_1,0,4304517,1,1,4,600,600,29.296875,29.296875,25,25,1,4,4,4304555.25,0,0.43999999999999984,0.43999999999999984,0.87999999999999967,True,correct,correct;low_confidence;temporal_regime,DECISION-TIME
1cfb64b8a100b033fc45e470,fold_1,0,4304773,2,2,201,100,100,3.90625,4.8828125,10,10,1,201,54,4304788.5024875626,0,0.088888888888888892,0.088888888888888892,0.17777777777777781,True,correct,correct;high_confidence;temporal_regime,DECISION-TIME
efc1f493eae097d1e2f48642,fold_1,1,4305401,1,1,1,600,600,29.296875,29.296875,25,25,1,1,1,4305414,0,0.43999999999999984,0.43999999999999984,0.87999999999999967,False,low_confidence_error,false_negative;low_confidence;temporal_regime,DECISION-TIME
9a3016122751a4386b8fe7e8,fold_1,0,4306259,1,1,1,800,800,29.296875,29.296875,50,50,1,1,1,4306264,0,0.43999999999999984,0.43999999999999984,0.87999999999999967,True,correct,correct;low_confidence;temporal_regime,DECISION-TIME
bc091b78a242825746cd215e,fold_1,0,4306621,1,1,1,600,600,29.296875,29.296875,25,25,1,1,1,4306629,0,0.43999999999999984,0.43999999999999984,0.87999999999999967,True,correct,correct;low_confidence;temporal_regime,DECISION-TIME
670ffa30214ec3ff320ada1a,fold_1,0,4308201,1,1,10,600,600,29.296875,29.296875,100,100,1,12,5,4308375.7000000002,0,0.43999999999999984,0.43999999999999984,0.87999999999999967,True,correct,correct;low_confidence;temporal_regime,DECISION-TIME
93a7ef0039c2bde7b9f655da,fold_1,0,4308306,1,1,1,600,600,29.296875,29.296875,100,100,1,1,1,4308314,0,0.43999999999999984,0.43999999999999984,0.87999999999999967,True,correct,correct;low_confidence;temporal_regime,DECISION-TIME
75382a635d4d16bd2cfe17b7,fold_1,0,4308486,1,1,2,600,600,29.296875,29.296875,100,100,1,2,1,4308507,0,0.43999999999999984,0.43999999999999984,0.87999999999999967,True,correct,correct;low_confidence;temporal_regime,DECISION-TIME
9c0545177c90ccd761f6e8fb,fold_1,0,4309198,3,3,4,600,600,29.296875,29.296875,100,100,1,4,2,4309275.25,0,0.088888888888888892,0.088888888888888892,0.17777777777777781,True,correct,correct;high_confidence;temporal_regime,DECISION-TIME
07845eb71746c42a9e0b1e47,fold_1,0,4309211,1,1,2,1800,1800,58.59375,58.59375,100,100,1,2,1,4309217.5,0,0.43999999999999984,0.43999999999999984,0.87999999999999967,True,correct,correct;low_confidence;temporal_regime,DECISION-TIME
a3082e3e31ee50df2183a45b,fold_1,0,4310158,1,1,1,600,600,29.296875,29.296875,100,100,1,1,1,4310174,0,0.43999999999999984,0.43999999999999984,0.87999999999999967,True,correct,correct;low_confidence;temporal_regime,DECISION-TIME
454a79dbdeafc5047564951d,fold_1,0,4310473,1,1,1,800,800,29.296875,29.296875,50,50,1,1,1,4310485,0,0.43999999999999984,0.43999999999999984,0.87999999999999967,True,correct,correct;low_confidence;temporal_regime,DECISION-TIME
f890aa07b7d7891de98b2576,fold_1,0,4313435,2,2,16,650,1200,29.296875,29.296875,25,25,1,17,17,4318313.25,0,0.025000000000000001,0.025000000000000001,0.050000000000000044,True,correct,correct;high_confidence;temporal_regime,DECISION-TIME
49abbc953aab4318c2f85076,fold_1,0,4314814,1,1,16,50,50,29.296875,29.296875,100,100,1,16,11,4314817.6875,0,0.088888888888888892,0.088888888888888892,0.17777777777777781,True,correct,correct;high_confidence;temporal_regime,DECISION-TIME
6ae8114b66b97906bd95b2e3,fold_1,0,4315584,1,1,1,600,600,29.296875,29.296875,100,100,1,1,1,4315598,0,0.43999999999999984,0.43999999999999984,0.87999999999999967,True,correct,correct;low_confidence;temporal_regime,DECISION-TIME
97fc06ae57290d7be51d83b9,fold_1,0,4315748,1,1,1,600,600,29.296875,29.296875,100,100,1,1,1,4315760,0,0.43999999999999984,0.43999999999999984,0.87999999999999967,True,correct,correct;low_confidence;temporal_regime,DECISION-TIME
67fb99c329a65d190413626d,fold_1,0,4316437,1,1,1,100,100,29.296875,29.296875,100,100,1,1,1,4316450,0,0.088888888888888892,0.088888888888888892,0.17777777777777781,True,correct,correct;high_confidence;temporal_regime,DECISION-TIME
5a7d328666bb39aa3c2105e8,fold_1,0,4316590,1,1,1,600,600,29.296875,29.296875,50,50,1,1,1,4316603,0,0.43999999999999984,0.43999999999999984,0.87999999999999967,True,correct,correct;low_confidence;temporal_regime,DECISION-TIME
55941dec96fe4ba9bede3580,fold_1,0,4317683,1,1,1,600,600,29.296875,29.296875,100,100,1,1,1,4317692,0,0.43999999999999984,0.43999999999999984,0.87999999999999967,True,correct,correct;low_confidence;temporal_regime,DECISION-TIME
b2550546713595bfe0e67ac8,fold_1,0,4317738,1,1,1,600,600,29.296875,29.296875,100,100,1,1,1,4317749,0,0.43999999999999984,0.43999999999999984,0.87999999999999967,True,correct,correct;low_confidence;temporal_regime,DECISION-TIME
846eb024ade7803a079e5737,fold_1,0,4318041,1,1,1,1200,1200,29.296875,29.296875,100,100,1,1,1,4318087,0,0.43999999999999984,0.43999999999999984,0.87999999999999967,True,correct,correct;low_confidence;temporal_regime,DECISION-TIME
6f4b1a358e0d7611e6a897d6,fold_1,0,4320172,2,2,85,450,600,17.08984375,19.53125,25,25,1,85,60,4320185.3058823533,0,0.088888888888888892,0.088888888888888892,0.17777777777777781,True,correct,correct;high_confidence;temporal_regime,DECISION-TIME
936ba27c37e7a73410958b6f,fold_1,0,4321442,2,2,55,600,600,29.296875,39.0625,25,25,1,56,44,4321470.7454545451,0,0.43999999999999984,0.43999999999999984,0.87999999999999967,True,correct,correct;low_confidence;temporal_regime,DECISION-TIME
8f519dd3fcce859e82a21896,fold_1,0,4321984,1,1,1,600,600,29.296875,29.296875,100,100,1,1,1,4321988,0,0.43999999999999984,0.43999999999999984,0.87999999999999967,True,correct,correct;low_confidence;temporal_regime,DECISION-TIME
e309bdf074728c4839c5fb16,fold_1,0,4322361,1,1,1,3200,3200,19.53125,19.53125,100,100,1,1,1,4322365,0,0.43999999999999984,0.43999999999999984,0.87999999999999967,True,correct,correct;low_confidence;temporal_regime,DECISION-TIME
6f8b210e13e596a87cda087d,fold_1,0,4322499,1,1,1,600,600,29.296875,29.296875,100,100,1,3,2,4322954,0,0.43999999999999984,0.43999999999999984,0.87999999999999967,True,correct,correct;low_confidence;temporal_regime,DECISION-TIME
5935005021111491738a6619,fold_1,0,4324079,1,1,1,100,100,1.97265625,1.97265625,,,0,1,1,4324081,0,0,0,0,True,correct,correct;high_confidence;temporal_regime;feature_missingness,DECISION-TIME
77fe547dbf1ef15bb2132af5,fold_1,0,4324329,2,2,4,350,600,16.11328125,31.25,100,100,1,4,3,4326290.25,0,0.025000000000000001,0.025000000000000001,0.050000000000000044,True,correct,correct;high_confidence;temporal_regime,DECISION-TIME
31866e5c6ae9d77aee260f16,fold_1,0,4324497,1,1,4,600,600,29.296875,29.296875,50,50,1,4,4,4324537,0,0.43999999999999984,0.43999999999999984,0.87999999999999967,True,correct,correct;low_confidence;temporal_regime,DECISION-TIME
9b7df6ae8abb92fc87de7bf9,fold_1,0,4324573,1,1,10,2000,2000,48.828125,48.828125,100,100,1,10,8,4327332.0999999996,0,0.43999999999999984,0.43999999999999984,0.87999999999999967,True,correct,correct;low_confidence;temporal_regime,DECISION-TIME
4e04deedac5d6fbace359fc5,fold_1,1,4324753,2,2,52,2000,2000,26.85546875,29.296875,,,0,52,52,4324757,0,0.088888888888888892,0.088888888888888892,0.17777777777777781,False,high_confidence_error,false_negative;high_confidence;temporal_regime;feature_missingness,DECISION-TIME
e50c7657c64f69ffe67c02bb,fold_1,0,4325427,1,1,1,600,600,29.296875,29.296875,25,25,1,3,2,4325882,0,0.43999999999999984,0.43999999999999984,0.87999999999999967,True,correct,correct;low_confidence;temporal_regime,DECISION-TIME
a02d0eb0e3cdea008d23afd8,fold_1,0,4326195,1,1,1,600,600,29.296875,29.296875,100,100,1,1,1,4326292,0,0.43999999999999984,0.43999999999999984,0.87999999999999967,True,correct,correct;low_confidence;temporal_regime,DECISION-TIME
2555afcfb02965928ec016be,fold_1,1,4326209,1,1,16,600,600,4,4,25,25,1,20,9,4326484,0,0.43999999999999984,0.43999999999999984,0.87999999999999967,False,low_confidence_error,false_negative;low_confidence;temporal_regime,DECISION-TIME
cd34fccb774fd91c09f9ecd3,fold_1,0,4327049,2,2,6,500,600,2.9296875,3.90625,100,100,1,6,2,4327144.166666667,0,0.025000000000000001,0.025000000000000001,0.050000000000000044,True,correct,correct;high_confidence;temporal_regime,DECISION-TIME
79b0031af5ca405d25b0d93e,fold_1,1,4327157,1,1,1,600,600,29.296875,29.296875,100,100,1,1,1,4327283,0,0.43999999999999984,0.43999999999999984,0.87999999999999967,False,low_confidence_error,false_negative;low_confidence;temporal_regime,DECISION-TIME
0dba88d48c70b1c9c16a60a9,fold_1,1,4327172,1,1,1,600,600,29.296875,29.296875,100,100,1,1,1,4327283,0,0.43999999999999984,0.43999999999999984,0.87999999999999967,False,low_confidence_error,false_negative;low_confidence;temporal_regime,DECISION-TIME
7f28bda2baf935032dff60e8,fold_1,0,4327258,1,1,1,600,600,29.296875,29.296875,100,100,1,1,1,4330904,0,0.43999999999999984,0.43999999999999984,0.87999999999999967,True,correct,correct;low_confidence;temporal_regime,DECISION-TIME
b0e47ddbc9dbd56deb047f3a,fold_1,0,4327286,1,1,1,600,600,29.296875,29.296875,100,100,1,1,1,4327832,0,0.43999999999999984,0.43999999999999984,0.87999999999999967,True,correct,correct;low_confidence;temporal_regime,DECISION-TIME
2bba45d7e5806690d7142d33,fold_1,1,4327326,1,1,1,1200,1200,29.296875,29.296875,100,100,1,1,1,4329891,0,0.43999999999999984,0.43999999999999984,0.87999999999999967,False,low_confidence_error,false_negative;low_confidence;temporal_regime,DECISION-TIME
e4647ac0e5cb4e831986cd73,fold_1,0,4327344,1,1,1,1200,1200,29.296875,29.296875,100,100,1,1,1,4330253,0,0.43999999999999984,0.43999999999999984,0.87999999999999967,True,correct,correct;low_confidence;temporal_regime,DECISION-TIME
6ac677ec7841f60903f36589,fold_1,0,4327455,1,1,1,10,10,29.296875,29.296875,10,10,1,1,1,4327465,0,0.125,0.125,0.25,True,correct,correct;high_confidence;temporal_regime,DECISION-TIME
4394db316718db75b2f33c59,fold_1,0,4327936,1,1,1,10,10,29.296875,29.296875,10,10,1,1,1,4327942,0,0.125,0.125,0.25,True,correct,correct;high_confidence;temporal_regime,DECISION-TIME
f6c0a859627a3cc2f00021f3,fold_1,0,4327992,1,1,1,600,600,29.296875,29.296875,100,100,1,1,1,4327995,0,0.43999999999999984,0.43999999999999984,0.87999999999999967,True,correct,correct;low_confidence;temporal_regime,DECISION-TIME
85ae1d988365ba3130aa0849,fold_1,0,4328156,1,1,16,200,200,4,4,50,50,1,16,9,4328159.6875,0,0.088888888888888892,0.088888888888888892,0.17777777777777781,True,correct,correct;high_confidence;temporal_regime,DECISION-TIME
7fdc52bd0b9f9699b51e767b,fold_1,0,4328232,2,2,201,450,800,10.76171875,19.55078125,,,0,201,201,4328244.0945273628,0,0.088888888888888892,0.088888888888888892,0.17777777777777781,True,correct,correct;high_confidence;temporal_regime;feature_missingness,DECISION-TIME
e02a548738de14356a9bdd87,fold_1,0,4328597,1,1,1,600,600,29.296875,29.296875,100,100,1,1,1,4328605,0,0.43999999999999984,0.43999999999999984,0.87999999999999967,True,correct,correct;low_confidence;temporal_regime,DECISION-TIME
b54470b974ae71aa94eae2fc,fold_1,0,4328740,1,1,1,1000,1000,19.55078125,19.55078125,50,50,1,1,1,4328744,0,0.43999999999999984,0.43999999999999984,0.87999999999999967,True,correct,correct;low_confidence;temporal_regime,DECISION-TIME
4174e243a2e64d1d6069f613,fold_1,0,4328786,1,1,10,600,600,29.296875,29.296875,100,100,1,13,7,4328948.0999999996,0,0.43999999999999984,0.43999999999999984,0.87999999999999967,True,correct,correct;low_confidence;temporal_regime,DECISION-TIME
2f085d8d652f02a7bd4752d8,fold_1,0,4328814,2,2,21,700,800,11.71875,19.53125,50,50,1,28,14,4328978.8095238097,0,0.43999999999999984,0.43999999999999984,0.87999999999999967,True,correct,correct;low_confidence;temporal_regime,DECISION-TIME
b3e023913be2965e0562121c,fold_1,0,4328891,2,2,25,600,600,29.296875,29.296875,25,25,1,25,21,4329057.4400000004,0,0.43999999999999984,0.43999999999999984,0.87999999999999967,True,correct,correct;low_confidence;temporal_regime,DECISION-TIME
2e2dd90623e9a464cc1a1f14,fold_1,1,4329249,2,2,25,600,600,29.296875,29.296875,25,25,1,25,16,4329351,0,0.43999999999999984,0.43999999999999984,0.87999999999999967,False,low_confidence_error,false_negative;low_confidence;temporal_regime,DECISION-TIME
010afe141ef64062eaad2d71,fold_1,0,4329517,2,2,26,350,600,2,2,25,25,1,26,16,4329522.923076923,0,0.025000000000000001,0.025000000000000001,0.050000000000000044,True,correct,correct;high_confidence;temporal_regime,DECISION-TIME
4efa2bf5ed42850db6e9862b,fold_1,0,4329948,1,1,1,100,100,29.296875,29.296875,25,25,1,1,1,4329958,0,0.125,0.125,0.25,True,correct,correct;high_confidence;temporal_regime,DECISION-TIME
e8a4342d1eb95e0074292aea,fold_1,0,4330280,1,1,1,600,600,29.296875,29.296875,100,100,1,1,1,4330284,0,0.43999999999999984,0.43999999999999984,0.87999999999999967,True,correct,correct;low_confidence;temporal_regime,DECISION-TIME
8998aba1b346723920490f22,fold_1,0,4330608,2,2,110,250,400,19.53125,19.53125,50,50,1,113,64,4332271.405405405,0,0.125,0.125,0.25,True,correct,correct;high_confidence;temporal_regime,DECISION-TIME
cee17871d75331b9691f39f7,fold_1,0,4331072,1,1,1,1000,1000,19.55078125,19.55078125,50,50,1,1,1,4331075,0,0.43999999999999984,0.43999999999999984,0.87999999999999967,True,correct,correct;low_confidence;temporal_regime,DECISION-TIME
792cbf32a7509a43b9faa375,fold_1,0,4331234,1,1,4,1600,1600,9.765625,9.765625,100,100,1,4,3,4334274,0,0.43999999999999984,0.43999999999999984,0.87999999999999967,True,correct,correct;low_confidence;temporal_regime,DECISION-TIME
29f0ef1924d79a9c186451ae,fold_1,1,4332586,1,1,1,600,600,29.296875,29.296875,100,100,1,2,2,4332863,0,0.43999999999999984,0.43999999999999984,0.87999999999999967,False,low_confidence_error,false_negative;low_confidence;temporal_regime,DECISION-TIME
7243d98141573dac3484996b,fold_1,0,4333143,1,1,1,100,100,1.97265625,1.97265625,,,0,1,1,4333146,0,0,0,0,True,correct,correct;high_confidence;temporal_regime;feature_missingness,DECISION-TIME
5439f8a2e5a8150befbe8715,fold_1,0,4333210,1,1,1,600,600,29.296875,29.296875,100,100,1,1,1,4333311,0,0.43999999999999984,0.43999999999999984,0.87999999999999967,True,correct,correct;low_confidence;temporal_regime,DECISION-TIME
5bd1c73846215188a6948395,fold_1,0,4333893,1,1,1,20,20,29.296875,29.296875,5,5,1,1,1,4333900,0,0.125,0.125,0.25,True,correct,correct;high_confidence;temporal_regime,DECISION-TIME
340a1a8b1377058e6f900a80,fold_1,0,4334510,1,1,1,600,600,29.296875,29.296875,50,50,1,1,1,4334633,0,0.43999999999999984,0.43999999999999984,0.87999999999999967,True,correct,correct;low_confidence;temporal_regime,DECISION-TIME
5a1dccb3ca1e6c9398712900,fold_1,0,4334532,1,1,2,1800,1800,58.59375,58.59375,100,100,1,2,2,4334537.5,0,0.43999999999999984,0.43999999999999984,0.87999999999999967,True,correct,correct;low_confidence;temporal_regime,DECISION-TIME
2d612cb6a956c5bcac4c9156,fold_1,0,4335705,2,2,6,600,600,29.296875,29.296875,100,100,1,6,2,4335818.166666667,0,0.088888888888888892,0.088888888888888892,0.17777777777777781,True,correct,correct;high_confidence;temporal_regime,DECISION-TIME
64261e6a4daf1ccec3ff2793,fold_1,0,4338282,2,2,51,250,400,19.53125,19.53125,50,50,1,53,41,4338335.4705882352,0,0.088888888888888892,0.088888888888888892,0.17777777777777781,True,correct,correct;high_confidence;temporal_regime,DECISION-TIME
118058bd0c4276519bc32534,fold_1,0,4338383,1,1,1,600,600,29.296875,29.296875,100,100,1,1,1,4338386,0,0.43999999999999984,0.43999999999999984,0.87999999999999967,True,correct,correct;low_confidence;temporal_regime,DECISION-TIME
c24a0639009640e7f62b40c9,fold_1,1,4339109,1,1,1,600,600,29.296875,29.296875,100,100,1,1,1,4339254,0,0.43999999999999984,0.43999999999999984,0.87999999999999967,False,low_confidence_error,false_negative;low_confidence;temporal_regime,DECISION-TIME
baaf327c2d11a4539b6cef81,fold_1,0,4341656,1,1,1,600,600,29.296875,29.296875,100,100,1,1,1,4341660,0,0.43999999999999984,0.43999999999999984,0.87999999999999967,True,correct,correct;low_confidence;temporal_regime,DECISION-TIME
3a4c3727c5974f36e760a1f0,fold_1,1,4342077,1,1,1,600,600,29.296875,29.296875,100,100,1,2,2,4342354,0,0.43999999999999984,0.43999999999999984,0.87999999999999967,False,low_confidence_error,false_negative;low_confidence;temporal_regime,DECISION-TIME
5c960c8703f94a06b80751eb,fold_1,1,4342455,1,1,1,600,600,29.296875,29.296875,100,100,1,1,1,4342465,0,0.43999999999999984,0.43999999999999984,0.87999999999999967,False,low_confidence_error,false_negative;low_confidence;temporal_regime,DECISION-TIME
f086b4ee19a7438233914fb0,fold_1,1,4342734,2,2,55,325,600,73.2421875,97.65625,50,50,1,55,42,4342748,1,0.58174616054428641,0.58174616054428641,0.83650767891142719,True,correct,correct;low_confidence;temporal_regime,DECISION-TIME
e477cf32cc8974a0ccda8868,fold_1,0,4343416,1,1,1,600,600,29.296875,29.296875,100,100,1,1,1,4343419,0,0.43999999999999984,0.43999999999999984,0.87999999999999967,True,correct,correct;low_confidence;temporal_regime,DECISION-TIME
202987fc24ec2d5e8acccf3b,fold_1,0,4343418,1,1,1,600,600,29.296875,29.296875,25,25,1,1,1,4343459,0,0.43999999999999984,0.43999999999999984,0.87999999999999967,True,correct,correct;low_confidence;temporal_regime,DECISION-TIME
6af1159c2dd44e149a40ff5b,fold_1,1,4343709,1,1,1,1800,1800,58.59375,58.59375,100,100,1,1,1,4343719,0,0.43999999999999984,0.43999999999999984,0.87999999999999967,False,low_confidence_error,false_negative;low_confidence;temporal_regime,DECISION-TIME
abad015491f11c13da4eada4,fold_1,0,4345333,1,1,1,600,600,29.296875,29.296875,100,100,1,1,1,4345336,0,0.43999999999999984,0.43999999999999984,0.87999999999999967,True,correct,correct;low_confidence;temporal_regime,DECISION-TIME
a40fa042a0544590701c6366,fold_1,0,4346201,1,1,1,600,600,29.296875,29.296875,100,100,1,1,1,4346212,0,0.43999999999999984,0.43999999999999984,0.87999999999999967,True,correct,correct;low_confidence;temporal_regime,DECISION-TIME
84d8f59db617d3cd24ff0659,fold_1,0,4346614,1,1,50,300,300,9.765625,9.765625,25,25,1,50,31,4346629.4800000004,0,0.125,0.125,0.25,True,correct,correct;high_confidence;temporal_regime,DECISION-TIME
a10c416f33938bf7c72bed95,fold_1,1,4346618,2,2,4,600,600,17.08984375,29.296875,100,100,1,6,5,4346896,0,0.43999999999999984,0.43999999999999984,0.87999999999999967,False,low_confidence_error,false_negative;low_confidence;temporal_regime,DECISION-TIME
31fabf218d5c97fafb95604c,fold_1,0,4346769,1,1,1,600,600,29.296875,29.296875,25,25,1,1,1,4346778,0,0.43999999999999984,0.43999999999999984,0.87999999999999967,True,correct,correct;low_confidence;temporal_regime,DECISION-TIME
7a51aa2b9ca02b53e5e6b7c2,fold_1,1,4346893,1,1,32,1000,1000,29.296875,29.296875,100,100,1,32,22,4502662,0,0.43999999999999984,0.43999999999999984,0.87999999999999967,False,low_confidence_error,false_negative;low_confidence;temporal_regime,DECISION-TIME
5345c30c7bfb6343bd0db775,fold_1,0,4347314,2,2,50,500,600,12.20703125,14.6484375,50,50,1,55,41,4347420.7599999998,0,0.43999999999999984,0.43999999999999984,0.87999999999999967,True,correct,correct;low_confidence;temporal_regime,DECISION-TIME
8957df945fa9eb5a0f64615a,fold_1,0,4347805,1,1,1,600,600,29.296875,29.296875,100,100,1,1,1,4347809,0,0.43999999999999984,0.43999999999999984,0.87999999999999967,True,correct,correct;low_confidence;temporal_regime,DECISION-TIME
ef52c459041883766a186c54,fold_1,0,4348901,1,1,1,600,600,29.296875,29.296875,10,10,1,1,1,4348914,0,0.43999999999999984,0.43999999999999984,0.87999999999999967,True,correct,correct;low_confidence;temporal_regime,DECISION-TIME
8ef5fc39b8a37a1fc32da01c,fold_1,1,4349155,1,1,1,600,600,29.296875,29.296875,10,10,1,1,1,4349167,0,0.43999999999999984,0.43999999999999984,0.87999999999999967,False,low_confidence_error,false_negative;low_confidence;temporal_regime,DECISION-TIME
04f2290d88f29b622c96c2e8,fold_1,1,4350017,1,1,1,600,600,29.296875,29.296875,100,100,1,1,1,4350020,0,0.43999999999999984,0.43999999999999984,0.87999999999999967,False,low_confidence_error,false_negative;low_confidence;temporal_regime,DECISION-TIME
2c2287b2a79952092a2cc3fa,fold_1,0,4350543,2,2,20,500,600,12.20703125,14.6484375,25,25,1,21,19,4350599.75,0,0.088888888888888892,0.088888888888888892,0.17777777777777781,True,correct,correct;high_confidence;temporal_regime,DECISION-TIME
6f96431bc1d32f17135e9924,fold_1,0,4350569,1,1,1,600,600,29.296875,29.296875,100,100,1,1,1,4350572,0,0.43999999999999984,0.43999999999999984,0.87999999999999967,True,correct,correct;low_confidence;temporal_regime,DECISION-TIME
43e3e01536b1bbe91e0017c7,fold_1,1,4350982,1,1,1,100,100,58.59375,58.59375,100,100,1,1,1,4350985,0,0.43999999999999984,0.43999999999999984,0.87999999999999967,False,low_confidence_error,false_negative;low_confidence;temporal_regime,DECISION-TIME
9921977193d0ca6a80ebe6f8,fold_1,0,4351005,1,1,1,600,600,29.296875,29.296875,100,100,1,1,1,4351105,0,0.43999999999999984,0.43999999999999984,0.87999999999999967,True,correct,correct;low_confidence;temporal_regime,DECISION-TIME
2622f1200575e53b6dc65235,fold_1,0,4351279,1,1,1,600,600,29.296875,29.296875,100,100,1,1,1,4351405,0,0.43999999999999984,0.43999999999999984,0.87999999999999967,True,correct,correct;low_confidence;temporal_regime,DECISION-TIME
edad653c6cb62ad03b970871,fold_1,0,4351470,2,2,20,500,600,12.20703125,14.6484375,25,25,1,20,12,4351476.7000000002,0,0.088888888888888892,0.088888888888888892,0.17777777777777781,True,correct,correct;high_confidence;temporal_regime,DECISION-TIME
39d04aba583ae3e2c0f92f42,fold_1,0,4351908,1,1,1,1800,1800,58.59375,58.59375,100,100,1,1,1,4351964,0,0.43999999999999984,0.43999999999999984,0.87999999999999967,True,correct,correct;low_confidence;temporal_regime,DECISION-TIME
4494df3fe5fd2c876b8beba7,fold_1,0,4352378,1,1,6,1800,1800,58.59375,58.59375,100,100,1,6,4,4352430,1,0.55555555555555558,0.55555555555555558,0.88888888888888884,False,low_confidence_error,false_positive;low_confidence;temporal_regime,DECISION-TIME
5391fc5045e4fab01a9c179a,fold_1,0,4352564,1,1,1,600,600,29.296875,29.296875,100,100,1,2,2,4353498,0,0.43999999999999984,0.43999999999999984,0.87999999999999967,True,correct,correct;low_confidence;temporal_regime,DECISION-TIME
96a08b4ab4c0e214748fe5b3,fold_1,0,4353736,1,1,1,1800,1800,58.59375,58.59375,100,100,1,1,1,4353768,0,0.43999999999999984,0.43999999999999984,0.87999999999999967,True,correct,correct;low_confidence;temporal_regime,DECISION-TIME
8a63fc8b7ccf6b2220e363db,fold_1,0,4353923,1,1,1,600,600,29.296875,29.296875,100,100,1,1,1,4353932,0,0.43999999999999984,0.43999999999999984,0.87999999999999967,True,correct,correct;low_confidence;temporal_regime,DECISION-TIME
84a8142f9340f1e19622ab97,fold_1,0,4353984,3,3,3,466.66666666666669,600,11.098958333333334,29.296875,25,25,1,3,3,4353988,0,0.088888888888888892,0.088888888888888892,0.17777777777777781,True,correct,correct;high_confidence;temporal_regime,DECISION-TIME
bc897d3c2d820a6a27322f8c,fold_1,0,4354195,1,1,1,600,600,29.296875,29.296875,25,25,1,1,1,4354200,0,0.43999999999999984,0.43999999999999984,0.87999999999999967,True,correct,correct;low_confidence;temporal_regime,DECISION-TIME
c7254a1285b20e46e93f9b32,fold_1,0,4354544,2,2,2,600,600,14.6484375,14.6484375,25,25,1,2,2,4354552.5,0,0.088888888888888892,0.088888888888888892,0.17777777777777781,True,correct,correct;high_confidence;temporal_regime,DECISION-TIME
420b745864dece8f8ef57cfc,fold_1,1,4355229,1,1,2,1800,1800,58.59375,58.59375,100,100,1,2,1,4355232,0,0.43999999999999984,0.43999999999999984,0.87999999999999967,False,low_confidence_error,false_negative;low_confidence;temporal_regime,DECISION-TIME
83f982ca756dc64c90234630,fold_1,0,4355616,1,1,8,600,600,29.296875,29.296875,100,100,1,8,8,4355665.875,0,0.43999999999999984,0.43999999999999984,0.87999999999999967,True,correct,correct;low_confidence;temporal_regime,DECISION-TIME
f97088af82e2efed7fa687ae,fold_1,0,4356036,1,1,1,600,600,29.296875,29.296875,100,100,1,1,1,4356042,0,0.43999999999999984,0.43999999999999984,0.87999999999999967,True,correct,correct;low_confidence;temporal_regime,DECISION-TIME
1b11d536f8800519a346ee4b,fold_1,0,4356762,1,1,1,600,600,29.296875,29.296875,50,50,1,1,1,4356775,0,0.43999999999999984,0.43999999999999984,0.87999999999999967,True,correct,correct;low_confidence;temporal_regime,DECISION-TIME
738834a86f293a68d847b3bb,fold_1,0,4357298,1,1,1,600,600,29.296875,29.296875,25,25,1,1,1,4357307,0,0.43999999999999984,0.43999999999999984,0.87999999999999967,True,correct,correct;low_confidence;temporal_regime,DECISION-TIME
b996414870ee4b00c4da347e,fold_1,0,4357519,1,1,1,600,600,29.296875,29.296875,10,10,1,1,1,4357522,0,0.43999999999999984,0.43999999999999984,0.87999999999999967,True,correct,correct;low_confidence;temporal_regime,DECISION-TIME
1754ca0cca208e08075fffea,fold_1,0,4357530,1,1,1,600,600,29.296875,29.296875,25,25,1,1,1,4357541,0,0.43999999999999984,0.43999999999999984,0.87999999999999967,True,correct,correct;low_confidence;temporal_regime,DECISION-TIME
b626cd42d73f9ac386c544fc,fold_1,0,4358678,1,1,1,600,600,29.296875,29.296875,10,10,1,1,1,4358686,0,0.43999999999999984,0.43999999999999984,0.87999999999999967,True,correct,correct;low_confidence;temporal_regime,DECISION-TIME
99f16fcda10986aee09fba0f,fold_1,1,4358830,1,1,1,600,600,29.296875,29.296875,10,10,1,1,1,4358842,0,0.43999999999999984,0.43999999999999984,0.87999999999999967,False,low_confidence_error,false_negative;low_confidence;temporal_regime,DECISION-TIME
717ab4409e292012a1a11de9,fold_1,1,4359287,2,2,60,250,300,9.765625,9.765625,10,10,1,60,51,4359311,0,0.088888888888888892,0.088888888888888892,0.17777777777777781,False,high_confidence_error,false_negative;high_confidence;temporal_regime,DECISION-TIME
7120a2f89cf2fca419137887,fold_1,0,4359312,1,1,1,600,600,29.296875,29.296875,100,100,1,1,1,4359315,0,0.43999999999999984,0.43999999999999984,0.87999999999999967,True,correct,correct;low_confidence;temporal_regime,DECISION-TIME
100228e84380d5bbb185ff1d,fold_1,0,4359322,2,2,21,350,600,8.30078125,15.625,100,100,1,23,20,4359487.5238095243,0,0.025000000000000001,0.025000000000000001,0.050000000000000044,True,correct,correct;high_confidence;temporal_regime,DECISION-TIME
55ce002261e9488fadbe388f,fold_1,0,4359920,1,1,1,600,600,29.296875,29.296875,100,100,1,3,2,4361783,0,0.43999999999999984,0.43999999999999984,0.87999999999999967,True,correct,correct;low_confidence;temporal_regime,DECISION-TIME
d7b34a3884d541296ef38f50,fold_1,0,4360221,1,1,1,600,600,29.296875,29.296875,100,100,1,1,1,4360226,0,0.43999999999999984,0.43999999999999984,0.87999999999999967,True,correct,correct;low_confidence;temporal_regime,DECISION-TIME
6d6d374d92891f2f707b8628,fold_1,0,4360326,3,3,3,466.66666666666669,600,11.098958333333334,29.296875,25,25,1,3,2,4362563,0,0.088888888888888892,0.088888888888888892,0.17777777777777781,True,correct,correct;high_confidence;temporal_regime,DECISION-TIME
24fe6c60e8dc0cd2354b1fbd,fold_1,0,4361129,1,1,1,1000,1000,19.55078125,19.55078125,50,50,1,1,1,4361133,0,0.43999999999999984,0.43999999999999984,0.87999999999999967,True,correct,correct;low_confidence;temporal_regime,DECISION-TIME
8afd06bfd041b1720f24300a,fold_1,0,4361567,1,1,1,1800,1800,58.59375,58.59375,100,100,1,1,1,4362211,0,0.43999999999999984,0.43999999999999984,0.87999999999999967,True,correct,correct;low_confidence;temporal_regime,DECISION-TIME
023e36d3c7a124d751e2b530,fold_1,0,4361956,1,1,1,600,600,29.296875,29.296875,100,100,1,1,1,4361971,0,0.43999999999999984,0.43999999999999984,0.87999999999999967,True,correct,correct;low_confidence;temporal_regime,DECISION-TIME
67aac4691bd87a8829f5a66c,fold_1,1,4362151,1,1,1,600,600,29.296875,29.296875,100,100,1,1,1,4362160,0,0.43999999999999984,0.43999999999999984,0.87999999999999967,False,low_confidence_error,false_negative;low_confidence;temporal_regime,DECISION-TIME
f694c4e7643f90f887edcaf9,fold_1,0,4362433,1,1,1,600,600,29.296875,29.296875,100,100,1,1,1,4362436,0,0.43999999999999984,0.43999999999999984,0.87999999999999967,True,correct,correct;low_confidence;temporal_regime,DECISION-TIME
24c1e6e6e796718ebcd31e26,fold_1,0,4363426,3,3,12,466.66666666666669,600,11.098958333333334,29.296875,25,25,1,12,7,4363430.833333333,0,0.088888888888888892,0.088888888888888892,0.17777777777777781,True,correct,correct;high_confidence;temporal_regime,DECISION-TIME
ca05840d086753d9537bc449,fold_1,0,4363428,1,1,1,600,600,29.296875,29.296875,200,200,1,1,1,4363431,0,0.088888888888888892,0.088888888888888892,0.17777777777777781,True,correct,correct;high_confidence;temporal_regime,DECISION-TIME
945e7d9b1285d6269a8bd450,fold_1,0,4364047,1,1,1,600,600,29.296875,29.296875,100,100,1,1,1,4364050,0,0.43999999999999984,0.43999999999999984,0.87999999999999967,True,correct,correct;low_confidence;temporal_regime,DECISION-TIME
b37892c6e02c16f34ce4d7af,fold_1,0,4364299,1,1,1,600,600,29.296875,29.296875,100,100,1,1,1,4364302,0,0.43999999999999984,0.43999999999999984,0.87999999999999967,True,correct,correct;low_confidence;temporal_regime,DECISION-TIME
bb7e2a4e40139efb6070275f,fold_1,0,4364348,1,1,1,600,600,29.296875,29.296875,100,100,1,1,1,4364351,0,0.43999999999999984,0.43999999999999984,0.87999999999999967,True,correct,correct;low_confidence;temporal_regime,DECISION-TIME
e1556a39bba41a10dbfda0d7,fold_1,1,4364697,1,1,1,600,600,29.296875,29.296875,100,100,1,3,2,4365155,0,0.43999999999999984,0.43999999999999984,0.87999999999999967,False,low_confidence_error,false_negative;low_confidence;temporal_regime,DECISION-TIME
2e0722d5a9ef1ef97f3952fe,fold_1,0,4364714,1,1,1,600,600,29.296875,29.296875,100,100,1,1,1,4364717,0,0.43999999999999984,0.43999999999999984,0.87999999999999967,True,correct,correct;low_confidence;temporal_regime,DECISION-TIME
e2f65fe9fb2dbf62ebc4ea32,fold_1,0,4367184,1,1,1,600,600,29.296875,29.296875,10,10,1,1,1,4367188,0,0.43999999999999984,0.43999999999999984,0.87999999999999967,True,correct,correct;low_confidence;temporal_regime,DECISION-TIME
35956fd4fa8f6f4a3b9747ad,fold_1,0,4369741,2,2,25,600,600,29.296875,39.0625,50,50,1,25,18,4369750.5599999996,0,0.43999999999999984,0.43999999999999984,0.87999999999999967,True,correct,correct;low_confidence;temporal_regime,DECISION-TIME
acbc02b09c5cf2dbeb098238,fold_1,0,4369759,2,2,6,500,600,2.9296875,3.90625,100,100,1,6,6,4369779,0,0.025000000000000001,0.025000000000000001,0.050000000000000044,True,correct,correct;high_confidence;temporal_regime,DECISION-TIME
2b2728322ee33db2ce00fcc2,fold_1,0,4370318,1,1,1,3200,3200,19.53125,19.53125,100,100,1,1,1,4370321,0,0.43999999999999984,0.43999999999999984,0.87999999999999967,True,correct,correct;low_confidence;temporal_regime,DECISION-TIME
84721db9ab75e00fb552e936,fold_1,0,4372622,2,2,2,600,600,2.9296875,2.9296875,100,100,1,2,2,4372632.5,0,0.025000000000000001,0.025000000000000001,0.050000000000000044,True,correct,correct;high_confidence;temporal_regime,DECISION-TIME
ded584b31ff74cff8a6378bd,fold_1,0,4373060,1,1,1,600,600,29.296875,29.296875,50,50,1,1,1,4373073,0,0.43999999999999984,0.43999999999999984,0.87999999999999967,True,correct,correct;low_confidence;temporal_regime,DECISION-TIME
4d6c3e5009cf9980d4683589,fold_1,1,4373596,2,2,2,700,800,6.8359375,9.765625,50,50,1,14,13,4374212.3636363633,0,0.43999999999999984,0.43999999999999984,0.87999999999999967,False,low_confidence_error,false_negative;low_confidence;temporal_regime,DECISION-TIME
ac18db4bbcef1619a6036e69,fold_1,0,4374809,1,1,1,1800,1800,58.59375,58.59375,100,100,1,1,1,4374817,0,0.43999999999999984,0.43999999999999984,0.87999999999999967,True,correct,correct;low_confidence;temporal_regime,DECISION-TIME
e77ba8b577ab3ebc61fbbc51,fold_1,0,4377412,1,1,1,1000,1000,19.55078125,19.55078125,50,50,1,1,1,4377415,0,0.43999999999999984,0.43999999999999984,0.87999999999999967,True,correct,correct;low_confidence;temporal_regime,DECISION-TIME
8a4cc2aa0ec43a9e5d8f7c30,fold_1,0,4378152,1,1,1,10,10,29.296875,29.296875,10,10,1,1,1,4378160,0,0.125,0.125,0.25,True,correct,correct;high_confidence;temporal_regime,DECISION-TIME
24e4ed8fd681a30db085ef1f,fold_1,0,4378731,1,1,1,600,600,29.296875,29.296875,10,10,1,1,1,4378763,0,0.43999999999999984,0.43999999999999984,0.87999999999999967,True,correct,correct;low_confidence;temporal_regime,DECISION-TIME
3bb47a18124fff22932e3d39,fold_1,0,4378731,1,1,1,600,600,29.296875,29.296875,10,10,1,1,1,4378753,0,0.43999999999999984,0.43999999999999984,0.87999999999999967,True,correct,correct;low_confidence;temporal_regime,DECISION-TIME
21f3a7694f4e00717f80ecde,fold_1,0,4378815,1,1,1,600,600,29.296875,29.296875,100,100,1,1,1,4378833,0,0.43999999999999984,0.43999999999999984,0.87999999999999967,True,correct,correct;low_confidence;temporal_regime,DECISION-TIME
59469fd198dce419b6b0f904,fold_1,0,4378863,1,1,1,600,600,29.296875,29.296875,100,100,1,1,1,4378866,0,0.43999999999999984,0.43999999999999984,0.87999999999999967,True,correct,correct;low_confidence;temporal_regime,DECISION-TIME
9c562d56858eba69eb3cfd82,fold_1,0,4379458,1,1,1,600,600,29.296875,29.296875,100,100,1,1,1,4379461,0,0.43999999999999984,0.43999999999999984,0.87999999999999967,True,correct,correct;low_confidence;temporal_regime,DECISION-TIME
03992121b59f37fc0e627bca,fold_1,0,4379671,1,1,1,100,100,29.296875,29.296875,25,25,1,1,1,4379679,0,0.125,0.125,0.25,True,correct,correct;high_confidence;temporal_regime,DECISION-TIME
17d10eb04855d44b57ce6a41,fold_1,0,4379689,1,1,1,600,600,29.296875,29.296875,100,100,1,1,1,4379692,0,0.43999999999999984,0.43999999999999984,0.87999999999999967,True,correct,correct;low_confidence;temporal_regime,DECISION-TIME
7194ada011d4996f4f210436,fold_1,0,4379747,1,1,1,100,100,29.296875,29.296875,25,25,1,1,1,4379760,0,0.125,0.125,0.25,True,correct,correct;high_confidence;temporal_regime,DECISION-TIME
228a01017385d37520bc686c,fold_1,1,4379927,1,1,1,600,600,29.296875,29.296875,100,100,1,1,1,4379941,0,0.43999999999999984,0.43999999999999984,0.87999999999999967,False,low_confidence_error,false_negative;low_confidence;temporal_regime,DECISION-TIME
bbf644a136a0f49f6406a5f0,fold_1,0,4380465,1,1,1,400,400,9.765625,9.765625,100,100,1,1,1,4380474,0,0.088888888888888892,0.088888888888888892,0.17777777777777781,True,correct,correct;high_confidence;temporal_regime,DECISION-TIME
f4bc54ee6af0e81e4ca8943a,fold_1,1,4380531,1,1,1,100,100,29.296875,29.296875,25,25,1,1,1,4380545,0,0.125,0.125,0.25,False,high_confidence_error,false_negative;high_confidence;temporal_regime,DECISION-TIME
e02cafa9e8d9adec698b3f20,fold_1,1,4381458,1,1,1,600,600,29.296875,29.296875,100,100,1,1,1,4381470,0,0.43999999999999984,0.43999999999999984,0.87999999999999967,False,low_confidence_error,false_negative;low_confidence;temporal_regime,DECISION-TIME
c0a8e0c83dc09ed0a4b8a20d,fold_1,0,4381477,1,1,1,600,600,29.296875,29.296875,50,50,1,1,1,4381490,0,0.43999999999999984,0.43999999999999984,0.87999999999999967,True,correct,correct;low_confidence;temporal_regime,DECISION-TIME
18dfac668e83a9b4e955a942,fold_1,0,4381882,1,1,1,600,600,29.296875,29.296875,100,100,1,1,1,4381885,0,0.43999999999999984,0.43999999999999984,0.87999999999999967,True,correct,correct;low_confidence;temporal_regime,DECISION-TIME
90632b9db210163d944c7815,fold_1,0,4382105,1,1,1,600,600,29.296875,29.296875,25,25,1,3,2,4382562,0,0.43999999999999984,0.43999999999999984,0.87999999999999967,True,correct,correct;low_confidence;temporal_regime,DECISION-TIME
f7c339604f12b28b658ecae9,fold_1,1,4382225,1,1,1,600,600,29.296875,29.296875,100,100,1,1,1,4382270,0,0.43999999999999984,0.43999999999999984,0.87999999999999967,False,low_confidence_error,false_negative;low_confidence;temporal_regime,DECISION-TIME
5da8feabbf9634b62e599865,fold_1,0,4382449,1,1,10,600,600,29.296875,29.296875,25,25,1,10,7,4382456,0,0.43999999999999984,0.43999999999999984,0.87999999999999967,True,correct,correct;low_confidence;temporal_regime,DECISION-TIME
439a1761d63dbf00b005d911,fold_1,0,4382777,1,1,1,600,600,29.296875,29.296875,50,50,1,1,1,4382787,0,0.43999999999999984,0.43999999999999984,0.87999999999999967,True,correct,correct;low_confidence;temporal_regime,DECISION-TIME
4dd23b2691b2f249c392d110,fold_1,0,4383015,1,1,1,600,600,29.296875,29.296875,100,100,1,1,1,4383068,0,0.43999999999999984,0.43999999999999984,0.87999999999999967,True,correct,correct;low_confidence;temporal_regime,DECISION-TIME
da487e5afd5a666465a82e95,fold_1,1,4383044,1,1,1,600,600,29.296875,29.296875,100,100,1,1,1,4383048,0,0.43999999999999984,0.43999999999999984,0.87999999999999967,False,low_confidence_error,false_negative;low_confidence;temporal_regime,DECISION-TIME
3fccf0fafdfb1adb959d7339,fold_1,1,4383267,1,1,1,600,600,29.296875,29.296875,100,100,1,1,1,4383280,0,0.43999999999999984,0.43999999999999984,0.87999999999999967,False,low_confidence_error,false_negative;low_confidence;temporal_regime,DECISION-TIME
f0c043e0c84006d9aba901d4,fold_1,0,4384003,1,1,1,600,600,29.296875,29.296875,100,100,1,1,1,4384014,0,0.43999999999999984,0.43999999999999984,0.87999999999999967,True,correct,correct;low_confidence;temporal_regime,DECISION-TIME
f20ef5bf631c1e11e944619c,fold_1,0,4384003,1,1,1,600,600,29.296875,29.296875,100,100,1,1,1,4384047,0,0.43999999999999984,0.43999999999999984,0.87999999999999967,True,correct,correct;low_confidence;temporal_regime,DECISION-TIME
eeebb3d78330ec38a376e3c7,fold_1,0,4384233,1,1,1,600,600,29.296875,29.296875,25,25,1,1,1,4384246,0,0.43999999999999984,0.43999999999999984,0.87999999999999967,True,correct,correct;low_confidence;temporal_regime,DECISION-TIME
211468fae7cc3262561be60b,fold_1,1,4384263,1,1,1,600,600,29.296875,29.296875,100,100,1,1,1,4384275,0,0.43999999999999984,0.43999999999999984,0.87999999999999967,False,low_confidence_error,false_negative;low_confidence;temporal_regime,DECISION-TIME
fe5a0cb47882915a7a71bd09,fold_1,0,4384264,1,1,1,800,800,29.296875,29.296875,50,50,1,1,1,4384376,0,0.43999999999999984,0.43999999999999984,0.87999999999999967,True,correct,correct;low_confidence;temporal_regime,DECISION-TIME
e71fd06387db72498d4729b0,fold_1,1,4384615,1,1,1,600,600,29.296875,29.296875,100,100,1,1,1,4384626,0,0.43999999999999984,0.43999999999999984,0.87999999999999967,False,low_confidence_error,false_negative;low_confidence;temporal_regime,DECISION-TIME
a2988298307d7fb9b95c3fbe,fold_1,1,4384772,1,1,1,600,600,29.296875,29.296875,100,100,1,1,1,4384778,0,0.43999999999999984,0.43999999999999984,0.87999999999999967,False,low_confidence_error,false_negative;low_confidence;temporal_regime,DECISION-TIME
9e806583e2f03f1906b2e7c8,fold_1,0,4384794,1,1,1,600,600,29.296875,29.296875,50,50,1,1,1,4384808,0,0.43999999999999984,0.43999999999999984,0.87999999999999967,True,correct,correct;low_confidence;temporal_regime,DECISION-TIME
3dad49d967ca81c6ff0352c8,fold_1,1,4385109,1,1,1,600,600,29.296875,29.296875,100,100,1,1,1,4385119,0,0.43999999999999984,0.43999999999999984,0.87999999999999967,False,low_confidence_error,false_negative;low_confidence;temporal_regime,DECISION-TIME
bba05ab57300b080c40bcf8d,fold_1,0,4385508,1,1,1,600,600,29.296875,29.296875,10,10,1,1,1,4385520,0,0.43999999999999984,0.43999999999999984,0.87999999999999967,True,correct,correct;low_confidence;temporal_regime,DECISION-TIME
92062e62aacd3d11e37c2779,fold_1,1,4385557,1,1,1,600,600,29.296875,29.296875,100,100,1,1,1,4385560,0,0.43999999999999984,0.43999999999999984,0.87999999999999967,False,low_confidence_error,false_negative;low_confidence;temporal_regime,DECISION-TIME
c4a09f4db0db4f34fb23ba17,fold_1,1,4385557,1,1,1,600,600,29.296875,29.296875,100,100,1,1,1,4385560,0,0.43999999999999984,0.43999999999999984,0.87999999999999967,False,low_confidence_error,false_negative;low_confidence;temporal_regime,DECISION-TIME
c30119d220c1445549260563,fold_1,0,4385648,1,1,1,600,600,29.296875,29.296875,10,10,1,1,1,4385662,0,0.43999999999999984,0.43999999999999984,0.87999999999999967,True,correct,correct;low_confidence;temporal_regime,DECISION-TIME
e0dfc216e58aa1ae1ca95331,fold_1,1,4385718,1,1,1,600,600,29.296875,29.296875,100,100,1,1,1,4385732,0,0.43999999999999984,0.43999999999999984,0.87999999999999967,False,low_confidence_error,false_negative;low_confidence;temporal_regime,DECISION-TIME
81dbda9e8a3531d25cd3f3d3,fold_1,1,4385728,1,1,1,600,600,29.296875,29.296875,100,100,1,1,1,4385773,0,0.43999999999999984,0.43999999999999984,0.87999999999999967,False,low_confidence_error,false_negative;low_confidence;temporal_regime,DECISION-TIME
a3f24597af0b6b21ba159a97,fold_1,0,4385926,1,1,1,600,600,29.296875,29.296875,10,10,1,1,1,4385973,0,0.43999999999999984,0.43999999999999984,0.87999999999999967,True,correct,correct;low_confidence;temporal_regime,DECISION-TIME
1a7aaa330629e49fee9f59e5,fold_1,1,4386036,1,1,1,600,600,29.296875,29.296875,100,100,1,1,1,4386086,0,0.43999999999999984,0.43999999999999984,0.87999999999999967,False,low_confidence_error,false_negative;low_confidence;temporal_regime,DECISION-TIME
9035491df76d186b89bca230,fold_1,1,4386036,1,1,1,600,600,29.296875,29.296875,100,100,1,1,1,4386095,0,0.43999999999999984,0.43999999999999984,0.87999999999999967,False,low_confidence_error,false_negative;low_confidence;temporal_regime,DECISION-TIME
a045f463e9d54dbcba5a0db7,fold_1,0,4386153,1,1,1,1000,1000,19.55078125,19.55078125,50,50,1,1,1,4386156,0,0.43999999999999984,0.43999999999999984,0.87999999999999967,True,correct,correct;low_confidence;temporal_regime,DECISION-TIME
b23e21db4a2a97ab0f2382f4,fold_1,1,4386838,1,1,1,600,600,29.296875,29.296875,100,100,1,1,1,4386868,0,0.43999999999999984,0.43999999999999984,0.87999999999999967,False,low_confidence_error,false_negative;low_confidence;temporal_regime,DECISION-TIME
de5c7434b7ebe19b07728249,fold_1,1,4387003,1,1,1,600,600,29.296875,29.296875,100,100,1,1,1,4387009,0,0.43999999999999984,0.43999999999999984,0.87999999999999967,False,low_confidence_error,false_negative;low_confidence;temporal_regime,DECISION-TIME
054d901a0424913e50588f82,fold_1,1,4387240,1,1,1,600,600,29.296875,29.296875,100,100,1,1,1,4387348,0,0.43999999999999984,0.43999999999999984,0.87999999999999967,False,low_confidence_error,false_negative;low_confidence;temporal_regime,DECISION-TIME
c72be31124f9c83cd3546c42,fold_1,0,4387601,1,1,10,600,600,29.296875,29.296875,100,100,1,10,10,4387611.5,0,0.43999999999999984,0.43999999999999984,0.87999999999999967,True,correct,correct;low_confidence;temporal_regime,DECISION-TIME
3a999516a474cd03ba537fcd,fold_1,1,4387818,1,1,1,600,600,29.296875,29.296875,100,100,1,1,1,4387865,0,0.43999999999999984,0.43999999999999984,0.87999999999999967,False,low_confidence_error,false_negative;low_confidence;temporal_regime,DECISION-TIME
f1312efe52c5ef11ad16f33a,fold_1,1,4388129,1,1,1,600,600,29.296875,29.296875,100,100,1,1,1,4388156,0,0.43999999999999984,0.43999999999999984,0.87999999999999967,False,low_confidence_error,false_negative;low_confidence;temporal_regime,DECISION-TIME
f0f44e460d63b02266f627aa,fold_1,1,4388376,1,1,1,600,600,29.296875,29.296875,100,100,1,1,1,4388490,0,0.43999999999999984,0.43999999999999984,0.87999999999999967,False,low_confidence_error,false_negative;low_confidence;temporal_regime,DECISION-TIME
9bcc88438cde3b5333b1b00c,fold_1,0,4389444,1,1,1,600,600,29.296875,29.296875,10,10,1,1,1,4389447,0,0.43999999999999984,0.43999999999999984,0.87999999999999967,True,correct,correct;low_confidence;temporal_regime,DECISION-TIME
f2518af0c491a408724629ae,fold_1,0,4389513,1,1,1,600,600,29.296875,29.296875,50,50,1,1,1,4389526,0,0.43999999999999984,0.43999999999999984,0.87999999999999967,True,correct,correct;low_confidence;temporal_regime,DECISION-TIME
fea868ea1f589d21b60e90d3,fold_1,0,4389531,1,1,1,600,600,29.296875,29.296875,50,50,1,1,1,4389541,0,0.43999999999999984,0.43999999999999984,0.87999999999999967,True,correct,correct;low_confidence;temporal_regime,DECISION-TIME
db23de6feed070e23917af65,fold_1,0,4390643,1,1,1,600,600,29.296875,29.296875,10,10,1,1,1,4390646,0,0.43999999999999984,0.43999999999999984,0.87999999999999967,True,correct,correct;low_confidence;temporal_regime,DECISION-TIME
187db781e7f1178071af7b46,fold_1,0,4392063,1,1,1,600,600,29.296875,29.296875,100,100,1,1,1,4392066,0,0.43999999999999984,0.43999999999999984,0.87999999999999967,True,correct,correct;low_confidence;temporal_regime,DECISION-TIME
c438469b1d468e7cddf2fc88,fold_1,0,4392084,1,1,1,600,600,29.296875,29.296875,10,10,1,1,1,4392087,0,0.43999999999999984,0.43999999999999984,0.87999999999999967,True,correct,correct;low_confidence;temporal_regime,DECISION-TIME
6d8cdb984bdde01f0656c14b,fold_1,0,4392207,1,1,1,600,600,29.296875,29.296875,10,10,1,1,1,4392210,0,0.43999999999999984,0.43999999999999984,0.87999999999999967,True,correct,correct;low_confidence;temporal_regime,DECISION-TIME
b3008ea06df1dde9e2770033,fold_1,0,4393356,2,2,101,600,600,29.296875,29.296875,100,100,1,101,62,4393368.574257426,0,0.43999999999999984,0.43999999999999984,0.87999999999999967,True,correct,correct;low_confidence;temporal_regime,DECISION-TIME
84c32afc2be678cc1c50b73b,fold_1,0,4393989,1,1,1,600,600,29.296875,29.296875,25,25,1,1,1,4393998,0,0.43999999999999984,0.43999999999999984,0.87999999999999967,True,correct,correct;low_confidence;temporal_regime,DECISION-TIME
0c7af5418fb269fff3797132,fold_1,0,4394052,1,1,1,600,600,29.296875,29.296875,25,25,1,2,2,4394326,0,0.43999999999999984,0.43999999999999984,0.87999999999999967,True,correct,correct;low_confidence;temporal_regime,DECISION-TIME
5606128c8378d39f8494afa5,fold_1,0,4395137,1,1,1,600,600,29.296875,29.296875,25,25,1,1,1,4395142,0,0.43999999999999984,0.43999999999999984,0.87999999999999967,True,correct,correct;low_confidence;temporal_regime,DECISION-TIME
3c22353e1d8df0951c27e19d,fold_1,0,4396023,1,1,1,600,600,29.296875,29.296875,25,25,1,1,1,4396035,0,0.43999999999999984,0.43999999999999984,0.87999999999999967,True,correct,correct;low_confidence;temporal_regime,DECISION-TIME
da05d736106b103ad353bdb6,fold_1,0,4397498,1,1,10,600,600,19.53125,19.53125,50,50,1,10,1,4397510.9000000004,0,0.088888888888888892,0.088888888888888892,0.17777777777777781,True,correct,correct;high_confidence;temporal_regime,DECISION-TIME
1fedc721e480e2608a980944,fold_1,0,4397633,2,2,2,600,600,2.9296875,2.9296875,100,100,1,12,11,4398180.555555556,0,0.43999999999999984,0.43999999999999984,0.87999999999999967,True,correct,correct;low_confidence;temporal_regime,DECISION-TIME
8059a3fdc158cf79c0467d3d,fold_1,0,4397853,2,2,11,400,600,4.197265625,4.39453125,5,5,1,11,2,4397858.1818181816,0,0.025000000000000001,0.025000000000000001,0.050000000000000044,True,correct,correct;high_confidence;temporal_regime,DECISION-TIME
c34ba67c69ea0ef48b931588,fold_1,0,4399124,1,1,1,600,600,29.296875,29.296875,25,25,1,1,1,4399135,0,0.43999999999999984,0.43999999999999984,0.87999999999999967,True,correct,correct;low_confidence;temporal_regime,DECISION-TIME
460faedf897c5b75d55f6b1c,fold_1,0,4399427,1,1,1,600,600,29.296875,29.296875,10,10,1,1,1,4399437,0,0.43999999999999984,0.43999999999999984,0.87999999999999967,True,correct,correct;low_confidence;temporal_regime,DECISION-TIME
1c5ce2c429ab630b728ec8da,fold_1,0,4399467,1,1,1,600,600,29.296875,29.296875,10,10,1,1,1,4399477,0,0.43999999999999984,0.43999999999999984,0.87999999999999967,True,correct,correct;low_confidence;temporal_regime,DECISION-TIME
0f23b16a3134015a6b17079b,fold_1,0,4399493,1,1,1,800,800,29.296875,29.296875,50,50,1,1,1,4399497,0,0.43999999999999984,0.43999999999999984,0.87999999999999967,True,correct,correct;low_confidence;temporal_regime,DECISION-TIME
e87d3a757d77eeb286929e09,fold_1,0,4399975,2,2,15,325,600,73.2421875,97.65625,25,25,1,15,13,4399986.1333333338,0,0.43999999999999984,0.43999999999999984,0.87999999999999967,True,correct,correct;low_confidence;temporal_regime,DECISION-TIME
2be33931b2b60785c54476a3,fold_1,0,4400289,2,2,51,500,600,19.53125,19.53125,50,50,1,51,42,4400301.2352941176,0,0.088888888888888892,0.088888888888888892,0.17777777777777781,True,correct,correct;high_confidence;temporal_regime,DECISION-TIME
147859ea60f7af29a3f36e6d,fold_1,0,4400849,1,1,1,600,600,29.296875,29.296875,25,25,1,1,1,4400863,0,0.43999999999999984,0.43999999999999984,0.87999999999999967,True,correct,correct;low_confidence;temporal_regime,DECISION-TIME
5dcacdd9cb60e8aa21ee02b7,fold_1,0,4401248,2,2,23,600,600,15.625,19.53125,50,50,1,25,22,4401340.0869565215,0,0.43999999999999984,0.43999999999999984,0.87999999999999967,True,correct,correct;low_confidence;temporal_regime,DECISION-TIME
2b4823465709a9c9ee76e5cf,fold_1,0,4401447,1,1,1,600,600,29.296875,29.296875,100,100,1,1,1,4402943,0,0.43999999999999984,0.43999999999999984,0.87999999999999967,True,correct,correct;low_confidence;temporal_regime,DECISION-TIME
25b28ae4de3da4cb2ef50143,fold_1,0,4401757,1,1,1,600,600,29.296875,29.296875,5,5,1,1,1,4401766,0,0.43999999999999984,0.43999999999999984,0.87999999999999967,True,correct,correct;low_confidence;temporal_regime,DECISION-TIME
f5aa477f9bbebcf01e9ee2e6,fold_1,0,4402274,1,1,10,600,600,29.296875,29.296875,50,50,1,10,4,4402277.2000000002,0,0.43999999999999984,0.43999999999999984,0.87999999999999967,True,correct,correct;low_confidence;temporal_regime,DECISION-TIME
025155ae0045aa5441667728,fold_1,0,4403287,1,1,6,100,100,24.4140625,24.4140625,100,100,1,6,6,4403296.166666667,0,0.088888888888888892,0.088888888888888892,0.17777777777777781,True,correct,correct;high_confidence;temporal_regime,DECISION-TIME
238712a858783518aeff1ac4,fold_1,0,4403414,2,2,6,600,600,58.59375,58.59375,50,50,1,6,6,4403451.666666667,0,0.43999999999999984,0.43999999999999984,0.87999999999999967,True,correct,correct;low_confidence;temporal_regime,DECISION-TIME
37a7a870718295f56cb9375e,fold_1,0,4404018,1,1,20,800,800,29.296875,29.296875,50,50,1,20,14,4404033.9000000004,0,0.43999999999999984,0.43999999999999984,0.87999999999999967,True,correct,correct;low_confidence;temporal_regime,DECISION-TIME
dfe12c49dcc39024495723cf,fold_1,0,4404499,1,1,1,600,600,29.296875,29.296875,25,25,1,1,1,4404543,0,0.43999999999999984,0.43999999999999984,0.87999999999999967,True,correct,correct;low_confidence;temporal_regime,DECISION-TIME
52cb4b556d88e2c7b83de5f5,fold_1,0,4404739,1,1,1,600,600,29.296875,29.296875,10,10,1,1,1,4404743,0,0.43999999999999984,0.43999999999999984,0.87999999999999967,True,correct,correct;low_confidence;temporal_regime,DECISION-TIME
d658998e0e1a4787147c1d24,fold_1,0,4404743,2,2,2,600,600,29.296875,29.296875,100,100,1,2,2,4404748,0,0.088888888888888892,0.088888888888888892,0.17777777777777781,True,correct,correct;high_confidence;temporal_regime,DECISION-TIME
83655e26707b4da898e71b52,fold_1,0,4406514,1,1,1,600,600,29.296875,29.296875,100,100,1,1,1,4406527,0,0.43999999999999984,0.43999999999999984,0.87999999999999967,True,correct,correct;low_confidence;temporal_regime,DECISION-TIME
f0e23bea079028cf4964f0a1,fold_1,0,4406591,1,1,1,600,600,29.296875,29.296875,100,100,1,1,1,4406617,0,0.43999999999999984,0.43999999999999984,0.87999999999999967,True,correct,correct;low_confidence;temporal_regime,DECISION-TIME
cc647ca1f8de40d253f77ea7,fold_1,0,4407039,1,1,1,600,600,29.296875,29.296875,100,100,1,1,1,4407049,0,0.43999999999999984,0.43999999999999984,0.87999999999999967,True,correct,correct;low_confidence;temporal_regime,DECISION-TIME
f37cdb5f7e500dd69a340d67,fold_1,0,4407143,1,1,1,600,600,29.296875,29.296875,100,100,1,1,1,4407184,0,0.43999999999999984,0.43999999999999984,0.87999999999999967,True,correct,correct;low_confidence;temporal_regime,DECISION-TIME
8b3b80d273f5fc66535f9c1b,fold_1,0,4408385,1,1,1,600,600,29.296875,29.296875,25,25,1,1,1,4408398,0,0.43999999999999984,0.43999999999999984,0.87999999999999967,True,correct,correct;low_confidence;temporal_regime,DECISION-TIME
aa8e71873dead423c22d1520,fold_1,0,4410751,1,1,1,600,600,29.296875,29.296875,100,100,1,1,1,4410765,0,0.43999999999999984,0.43999999999999984,0.87999999999999967,True,correct,correct;low_confidence;temporal_regime,DECISION-TIME
62af1cb2cd2e73912b376098,fold_1,0,4410824,1,1,4,600,600,29.296875,29.296875,50,50,1,4,4,4410883.25,0,0.43999999999999984,0.43999999999999984,0.87999999999999967,True,correct,correct;low_confidence;temporal_regime,DECISION-TIME
899f7feb62c626c9280b63dc,fold_1,0,4411142,1,1,1,600,600,29.296875,29.296875,50,50,1,1,1,4411148,0,0.43999999999999984,0.43999999999999984,0.87999999999999967,True,correct,correct;low_confidence;temporal_regime,DECISION-TIME
07f42b82e60b3b8b0a256b09,fold_1,0,4412064,1,1,10,600,600,29.296875,29.296875,50,50,1,10,9,4412067,0,0.43999999999999984,0.43999999999999984,0.87999999999999967,True,correct,correct;low_confidence;temporal_regime,DECISION-TIME
7565ca691fe9f154d6600783,fold_1,0,4412559,1,1,1,100,100,1.97265625,1.97265625,,,0,1,1,4412563,0,0,0,0,True,correct,correct;high_confidence;temporal_regime;feature_missingness,DECISION-TIME
9956b8ac77f7bca90a85b7ed,fold_1,0,4412921,1,1,10,600,600,29.296875,29.296875,50,50,1,10,8,4412924.0999999996,0,0.43999999999999984,0.43999999999999984,0.87999999999999967,True,correct,correct;low_confidence;temporal_regime,DECISION-TIME
f69d4bc553468697605c9b08,fold_1,0,4413550,2,2,52,1000,1000,9.765625,9.765625,10,10,1,52,36,4413564.115384615,0,0.43999999999999984,0.43999999999999984,0.87999999999999967,True,correct,correct;low_confidence;temporal_regime,DECISION-TIME
6f230a918797c5e75d10210d,fold_1,0,4414202,1,1,1,100,100,1.97265625,1.97265625,,,0,1,1,4414206,0,0,0,0,True,correct,correct;high_confidence;temporal_regime;feature_missingness,DECISION-TIME
f221b5f09261c5db4c9e36c5,fold_1,0,4414407,1,1,1,600,600,29.296875,29.296875,100,100,1,1,1,4414420,0,0.43999999999999984,0.43999999999999984,0.87999999999999967,True,correct,correct;low_confidence;temporal_regime,DECISION-TIME
76dfee7b1809ab462e426943,fold_1,0,4414459,2,2,160,500,600,45.8984375,62.5,50,50,1,162,95,4414481.3875000002,1,0.66666666666666663,0.66666666666666663,0.66666666666666674,False,low_confidence_error,false_positive;low_confidence;temporal_regime,DECISION-TIME
955e697361ad6439ded9c750,fold_1,0,4414516,1,1,1,600,600,29.296875,29.296875,100,100,1,1,1,4414531,0,0.43999999999999984,0.43999999999999984,0.87999999999999967,True,correct,correct;low_confidence;temporal_regime,DECISION-TIME
f15c0a7bff79f18c7117c0a7,fold_1,0,4415132,1,1,1,600,600,29.296875,29.296875,100,100,1,1,1,4415145,0,0.43999999999999984,0.43999999999999984,0.87999999999999967,True,correct,correct;low_confidence;temporal_regime,DECISION-TIME
0cb968a0ae2cb236f77e8cb2,fold_1,0,4415755,1,1,1,600,600,29.296875,29.296875,50,50,1,1,1,4415759,0,0.43999999999999984,0.43999999999999984,0.87999999999999967,True,correct,correct;low_confidence;temporal_regime,DECISION-TIME
ab1fc28c2ddbaa780882be08,fold_1,1,4416156,1,1,1,600,600,29.296875,29.296875,25,25,1,1,1,4416162,0,0.43999999999999984,0.43999999999999984,0.87999999999999967,False,low_confidence_error,false_negative;low_confidence;temporal_regime,DECISION-TIME
96666fb0572cbe0e36e5f5bb,fold_1,0,4416723,1,1,1,600,600,29.296875,29.296875,100,100,1,1,1,4416737,0,0.43999999999999984,0.43999999999999984,0.87999999999999967,True,correct,correct;low_confidence;temporal_regime,DECISION-TIME
6ecd31553b48b62f5442e3c5,fold_1,0,4416814,1,1,1,600,600,29.296875,29.296875,100,100,1,1,1,4416828,0,0.43999999999999984,0.43999999999999984,0.87999999999999967,True,correct,correct;low_confidence;temporal_regime,DECISION-TIME
ebc199252c9a83186a0d5e51,fold_1,0,4417010,1,1,1,600,600,29.296875,29.296875,100,100,1,1,1,4417019,0,0.43999999999999984,0.43999999999999984,0.87999999999999967,True,correct,correct;low_confidence;temporal_regime,DECISION-TIME
90e3132e1002eefa57a5cd11,fold_1,0,4420487,1,1,1,1000,1000,19.55078125,19.55078125,50,50,1,1,1,4420490,0,0.43999999999999984,0.43999999999999984,0.87999999999999967,True,correct,correct;low_confidence;temporal_regime,DECISION-TIME
6103d258233abb852caaf526,fold_1,1,4420759,1,1,1,600,600,29.296875,29.296875,100,100,1,1,1,4420810,0,0.43999999999999984,0.43999999999999984,0.87999999999999967,False,low_confidence_error,false_negative;low_confidence;temporal_regime,DECISION-TIME
2ae2b07d2d2fb18eb84a3c6b,fold_1,1,4420975,1,1,1,600,600,29.296875,29.296875,100,100,1,1,1,4420982,0,0.43999999999999984,0.43999999999999984,0.87999999999999967,False,low_confidence_error,false_negative;low_confidence;temporal_regime,DECISION-TIME
14095c91da7222a57487a9e7,fold_1,1,4421133,1,1,1,600,600,29.296875,29.296875,100,100,1,1,1,4421143,0,0.43999999999999984,0.43999999999999984,0.87999999999999967,False,low_confidence_error,false_negative;low_confidence;temporal_regime,DECISION-TIME
b13fc0dbcdb974f5e78c943d,fold_1,1,4421529,1,1,1,600,600,29.296875,29.296875,100,100,1,1,1,4421536,0,0.43999999999999984,0.43999999999999984,0.87999999999999967,False,low_confidence_error,false_negative;low_confidence;temporal_regime,DECISION-TIME
6f23011c6e448d537d81c290,fold_1,0,4422251,1,1,1,600,600,29.296875,29.296875,50,50,1,1,1,4422261,0,0.43999999999999984,0.43999999999999984,0.87999999999999967,True,correct,correct;low_confidence;temporal_regime,DECISION-TIME
b45c767cab66c701652e55f3,fold_1,0,4422827,1,1,1,600,600,29.296875,29.296875,100,100,1,2,2,4423762,0,0.43999999999999984,0.43999999999999984,0.87999999999999967,True,correct,correct;low_confidence;temporal_regime,DECISION-TIME
b6bbc7c51003cce3954cc7f1,fold_1,0,4423216,1,1,20,800,800,29.296875,29.296875,50,50,1,22,12,4423341.9000000004,0,0.43999999999999984,0.43999999999999984,0.87999999999999967,True,correct,correct;low_confidence;temporal_regime,DECISION-TIME
f0245769c42c899fdd859e15,fold_1,0,4423522,1,1,1,600,600,29.296875,29.296875,25,25,1,1,1,4423531,0,0.43999999999999984,0.43999999999999984,0.87999999999999967,True,correct,correct;low_confidence;temporal_regime,DECISION-TIME
0b4665d9a4e8f6db2f53635a,fold_1,0,4424413,1,1,1,600,600,29.296875,29.296875,25,25,1,1,1,4424418,0,0.43999999999999984,0.43999999999999984,0.87999999999999967,True,correct,correct;low_confidence;temporal_regime,DECISION-TIME
ec706493646e76d2f5b74cbd,fold_1,1,4426088,1,1,1,1800,1800,58.59375,58.59375,100,100,1,1,1,4442715,0,0.43999999999999984,0.43999999999999984,0.87999999999999967,False,low_confidence_error,false_negative;low_confidence;temporal_regime,DECISION-TIME
3e2b78f3b4c272d288835fc8,fold_1,0,4426257,1,1,1,600,600,29.296875,29.296875,100,100,1,1,1,4426263,0,0.43999999999999984,0.43999999999999984,0.87999999999999967,True,correct,correct;low_confidence;temporal_regime,DECISION-TIME
931ee616afe8ca3ece0ebd61,fold_1,0,4426862,1,1,1,1800,1800,58.59375,58.59375,100,100,1,1,1,4426876,0,0.43999999999999984,0.43999999999999984,0.87999999999999967,True,correct,correct;low_confidence;temporal_regime,DECISION-TIME
ce596cd6ab1e9f1f303bb104,fold_1,0,4429144,1,1,16,50,50,29.296875,29.296875,100,100,1,16,9,4429147.125,0,0.088888888888888892,0.088888888888888892,0.17777777777777781,True,correct,correct;high_confidence;temporal_regime,DECISION-TIME
138e2d2e2a4351d11339c313,fold_1,0,4429314,1,1,1,1000,1000,19.53125,19.53125,200,200,1,1,1,4429322,0,0.088888888888888892,0.088888888888888892,0.17777777777777781,True,correct,correct;high_confidence;temporal_regime,DECISION-TIME
7ef886374fbdb1a050851fca,fold_1,0,4430980,1,1,1,600,600,29.296875,29.296875,200,200,1,1,1,4430984,0,0.088888888888888892,0.088888888888888892,0.17777777777777781,True,correct,correct;high_confidence;temporal_regime,DECISION-TIME
9bbd08a2aea2f4d290190ec5,fold_1,0,4431869,1,1,1,600,600,29.296875,29.296875,100,100,1,1,1,4431992,0,0.43999999999999984,0.43999999999999984,0.87999999999999967,True,correct,correct;low_confidence;temporal_regime,DECISION-TIME
dae3bd273d9017519cc34d09,fold_1,0,4431887,1,1,1,600,600,29.296875,29.296875,100,100,1,1,1,4432024,0,0.43999999999999984,0.43999999999999984,0.87999999999999967,True,correct,correct;low_confidence;temporal_regime,DECISION-TIME
5d6e4528ba1b4838912aacca,fold_1,0,4432462,1,1,1,600,600,29.296875,29.296875,50,50,1,1,1,4432749,0,0.43999999999999984,0.43999999999999984,0.87999999999999967,True,correct,correct;low_confidence;temporal_regime,DECISION-TIME
1bcd562271900f72d45378f2,fold_1,0,4432538,2,2,26,350,600,2,2,25,25,1,26,9,4432543.192307692,0,0.025000000000000001,0.025000000000000001,0.050000000000000044,True,correct,correct;high_confidence;temporal_regime,DECISION-TIME
202c14226800eb84a678c72c,fold_1,0,4434857,1,1,1,600,600,29.296875,29.296875,100,100,1,1,1,4434865,0,0.43999999999999984,0.43999999999999984,0.87999999999999967,True,correct,correct;low_confidence;temporal_regime,DECISION-TIME
c1d8a32f47217bdc40bfdb4d,fold_1,0,4435593,1,1,1,600,600,29.296875,29.296875,50,50,1,1,1,4435598,0,0.43999999999999984,0.43999999999999984,0.87999999999999967,True,correct,correct;low_confidence;temporal_regime,DECISION-TIME
c73441387c2d284e71dce17b,fold_1,0,4436466,1,1,1,600,600,29.296875,29.296875,100,100,1,1,1,4436469,0,0.43999999999999984,0.43999999999999984,0.87999999999999967,True,correct,correct;low_confidence;temporal_regime,DECISION-TIME
f893e35f6849859d5fada1ce,fold_1,0,4438893,1,1,1,1600,1600,29.296875,29.296875,100,100,1,1,1,4438901,0,0.43999999999999984,0.43999999999999984,0.87999999999999967,True,correct,correct;low_confidence;temporal_regime,DECISION-TIME
ea4834709405957475a5f202,fold_1,0,4439649,1,1,1,600,600,29.296875,29.296875,100,100,1,1,1,4439652,0,0.43999999999999984,0.43999999999999984,0.87999999999999967,True,correct,correct;low_confidence;temporal_regime,DECISION-TIME
18c970c1cfe3a13e2c335670,fold_1,0,4439873,1,1,1,600,600,29.296875,29.296875,25,25,1,1,1,4439887,0,0.43999999999999984,0.43999999999999984,0.87999999999999967,True,correct,correct;low_confidence;temporal_regime,DECISION-TIME
aeef4d5ac40828af7b398ec0,fold_1,0,4440205,1,1,1,600,600,29.296875,29.296875,25,25,1,1,1,4440218,0,0.43999999999999984,0.43999999999999984,0.87999999999999967,True,correct,correct;low_confidence;temporal_regime,DECISION-TIME
721a868eacd7a2aba387ccd6,fold_1,0,4443545,1,1,1,600,600,29.296875,29.296875,10,10,1,1,1,4443549,0,0.43999999999999984,0.43999999999999984,0.87999999999999967,True,correct,correct;low_confidence;temporal_regime,DECISION-TIME
ab2236eda4b3dd77dd741975,fold_1,0,4444545,1,1,1,600,600,29.296875,29.296875,100,100,1,1,1,4444557,0,0.43999999999999984,0.43999999999999984,0.87999999999999967,True,correct,correct;low_confidence;temporal_regime,DECISION-TIME
10af00c1b6e59e95469f9d64,fold_1,0,4445483,1,1,50,800,800,29.296875,29.296875,50,50,1,50,25,4447623.0800000001,0,0.43999999999999984,0.43999999999999984,0.87999999999999967,True,correct,correct;low_confidence;temporal_regime,DECISION-TIME
ccf85077ffde84a8eaf6855d,fold_1,0,4445930,1,1,1,600,600,29.296875,29.296875,50,50,1,1,1,4445935,0,0.43999999999999984,0.43999999999999984,0.87999999999999967,True,correct,correct;low_confidence;temporal_regime,DECISION-TIME
59200416d282da94d65eda35,fold_1,0,4446285,1,1,1,600,600,29.296875,29.296875,200,200,1,1,1,4446298,0,0.088888888888888892,0.088888888888888892,0.17777777777777781,True,correct,correct;high_confidence;temporal_regime,DECISION-TIME
a3d7b653a9ee425dff6b236e,fold_1,0,4448127,2,2,45,600,600,9.765625,9.765625,25,25,1,45,31,4448136.3777777776,0,0.088888888888888892,0.088888888888888892,0.17777777777777781,True,correct,correct;high_confidence;temporal_regime,DECISION-TIME
6a0d81529a82ca1b0910b6f5,fold_1,0,4450443,1,1,1,600,600,29.296875,29.296875,100,100,1,1,1,4450446,0,0.43999999999999984,0.43999999999999984,0.87999999999999967,True,correct,correct;low_confidence;temporal_regime,DECISION-TIME
9111cb14f24bfb8daedf7416,fold_1,0,4450656,1,1,1,600,600,29.296875,29.296875,25,25,1,2,2,4451596,0,0.43999999999999984,0.43999999999999984,0.87999999999999967,True,correct,correct;low_confidence;temporal_regime,DECISION-TIME
b2073d03e6a89288f0f8198e,fold_1,0,4450749,1,1,1,600,600,29.296875,29.296875,100,100,1,1,1,4450752,0,0.43999999999999984,0.43999999999999984,0.87999999999999967,True,correct,correct;low_confidence;temporal_regime,DECISION-TIME
0a93d5f45dd7d63dbff7e4bf,fold_1,0,4451082,2,2,4,600,600,29.296875,29.296875,100,100,1,4,2,4451093.75,0,0.088888888888888892,0.088888888888888892,0.17777777777777781,True,correct,correct;high_confidence;temporal_regime,DECISION-TIME
c6980906d4f189f238bbfd73,fold_1,0,4451910,1,1,1,600,600,29.296875,29.296875,25,25,1,1,1,4451917,0,0.43999999999999984,0.43999999999999984,0.87999999999999967,True,correct,correct;low_confidence;temporal_regime,DECISION-TIME
5676c9eef8a49d4355b1f656,fold_1,0,4451911,1,1,1,600,600,29.296875,29.296875,25,25,1,1,1,4451916,0,0.43999999999999984,0.43999999999999984,0.87999999999999967,True,correct,correct;low_confidence;temporal_regime,DECISION-TIME
c99fec82a88dea074a56c9a4,fold_1,0,4452228,1,1,1,600,600,29.296875,29.296875,25,25,1,1,1,4452237,0,0.43999999999999984,0.43999999999999984,0.87999999999999967,True,correct,correct;low_confidence;temporal_regime,DECISION-TIME
9d503ffec5b7fb7e9ccb580e,fold_1,0,4453743,1,1,1,600,600,29.296875,29.296875,100,100,1,1,1,4453751,0,0.43999999999999984,0.43999999999999984,0.87999999999999967,True,correct,correct;low_confidence;temporal_regime,DECISION-TIME
c78fec421a852c9f2f3c1f55,fold_1,0,4455932,1,1,1,100,100,1.97265625,1.97265625,,,0,1,1,4455935,0,0,0,0,True,correct,correct;high_confidence;temporal_regime;feature_missingness,DECISION-TIME
b164bc77e3f910aea35318cc,fold_1,1,4456106,3,3,5,600,600,29.296875,29.296875,100,100,1,15,13,4456199.5999999996,0,0.43999999999999984,0.43999999999999984,0.87999999999999967,False,low_confidence_error,false_negative;low_confidence;temporal_regime,DECISION-TIME
9360daa7aca3b6f112877d9b,fold_1,0,4457101,1,1,1,600,600,29.296875,29.296875,100,100,1,1,1,4457108,0,0.43999999999999984,0.43999999999999984,0.87999999999999967,True,correct,correct;low_confidence;temporal_regime,DECISION-TIME
c8847d2980bb19e99e84e130,fold_1,0,4458308,1,1,10,600,600,29.296875,29.296875,100,100,1,10,7,4458315.7000000002,0,0.43999999999999984,0.43999999999999984,0.87999999999999967,True,correct,correct;low_confidence;temporal_regime,DECISION-TIME
63400e6e1033d77fb8c9e192,fold_1,0,4459013,3,3,12,466.66666666666669,600,11.098958333333334,29.296875,25,25,1,12,4,4459019.583333333,0,0.088888888888888892,0.088888888888888892,0.17777777777777781,True,correct,correct;high_confidence;temporal_regime,DECISION-TIME
b52257064c4d3bc15209fda3,fold_1,1,4459388,1,1,1,1800,1800,58.59375,58.59375,300,300,1,1,1,4459391,0,0.43999999999999984,0.43999999999999984,0.87999999999999967,False,low_confidence_error,false_negative;low_confidence;temporal_regime,DECISION-TIME
e054e949e24ed56a787915b1,fold_1,0,4460321,1,1,1,600,600,29.296875,29.296875,100,100,1,3,2,4462191,0,0.43999999999999984,0.43999999999999984,0.87999999999999967,True,correct,correct;low_confidence;temporal_regime,DECISION-TIME
d027f0d9436b5af2921f217d,fold_1,1,4460390,1,1,1,600,600,29.296875,29.296875,100,100,1,2,2,4461329,0,0.43999999999999984,0.43999999999999984,0.87999999999999967,False,low_confidence_error,false_negative;low_confidence;temporal_regime,DECISION-TIME
af0f364713824658f84095eb,fold_1,0,4460809,1,1,1,600,600,29.296875,29.296875,100,100,1,1,1,4460816,0,0.43999999999999984,0.43999999999999984,0.87999999999999967,True,correct,correct;low_confidence;temporal_regime,DECISION-TIME
9312766642917eac03fb2a82,fold_1,1,4461133,1,1,8,9000,9000,300,300,800,800,1,8,8,4461138,1,1,1,0,True,correct,correct;high_confidence;temporal_regime,DECISION-TIME
4cbac41603165d011c366e6d,fold_1,0,4461209,1,1,1,1800,1800,58.59375,58.59375,100,100,1,1,1,4461248,0,0.43999999999999984,0.43999999999999984,0.87999999999999967,True,correct,correct;low_confidence;temporal_regime,DECISION-TIME
7e5c5bfc687aff4cad0a43c7,fold_1,0,4461495,2,2,11,400,600,19.53125,29.296875,25,25,1,11,9,4461508.6363636367,0,0.088888888888888892,0.088888888888888892,0.17777777777777781,True,correct,correct;high_confidence;temporal_regime,DECISION-TIME
95f0a10ef77af9eecb6c3629,fold_1,0,4464431,1,1,1,600,600,29.296875,29.296875,100,100,1,1,1,4464439,0,0.43999999999999984,0.43999999999999984,0.87999999999999967,True,correct,correct;low_confidence;temporal_regime,DECISION-TIME
70e4dbeea34dd21252cc8018,fold_1,0,4464451,1,1,1,10,10,29.296875,29.296875,10,10,1,1,1,4464458,0,0.125,0.125,0.25,True,correct,correct;high_confidence;temporal_regime,DECISION-TIME
7e523602662e779735afb172,fold_1,0,4464515,1,1,1,10,10,29.296875,29.296875,10,10,1,1,1,4464528,0,0.125,0.125,0.25,True,correct,correct;high_confidence;temporal_regime,DECISION-TIME
2e4e0cfb0da914050fa47f46,fold_1,0,4464768,1,1,4,100,100,24.4140625,24.4140625,100,100,1,4,4,4464780.5,0,0.088888888888888892,0.088888888888888892,0.17777777777777781,True,correct,correct;high_confidence;temporal_regime,DECISION-TIME
d8cc5d0f7a8852595048a3aa,fold_1,0,4464773,1,1,1,600,600,29.296875,29.296875,100,100,1,1,1,4464776,0,0.43999999999999984,0.43999999999999984,0.87999999999999967,True,correct,correct;low_confidence;temporal_regime,DECISION-TIME
3ffbef732afa53dbf9270eed,fold_1,0,4464965,1,1,1,600,600,29.296875,29.296875,10,10,1,1,1,4464970,0,0.43999999999999984,0.43999999999999984,0.87999999999999967,True,correct,correct;low_confidence;temporal_regime,DECISION-TIME
3a8baf7514e02141596e338d,fold_1,0,4465134,1,1,1,100,100,29.296875,29.296875,25,25,1,1,1,4465141,0,0.125,0.125,0.25,True,correct,correct;high_confidence;temporal_regime,DECISION-TIME
12debc941c97d289e92584ec,fold_1,0,4465136,1,1,1,100,100,29.296875,29.296875,25,25,1,1,1,4465141,0,0.125,0.125,0.25,True,correct,correct;high_confidence;temporal_regime,DECISION-TIME
8d8da93b5d7f313297f59491,fold_1,0,4465980,1,1,1,600,600,29.296875,29.296875,25,25,1,1,1,4465983,0,0.43999999999999984,0.43999999999999984,0.87999999999999967,True,correct,correct;low_confidence;temporal_regime,DECISION-TIME
e0b3bdf8d1bacd5e5ca09a1e,fold_1,1,4466335,1,1,4,100,100,24.4140625,24.4140625,400,400,1,4,4,4466429,0,0.025000000000000001,0.025000000000000001,0.050000000000000044,False,high_confidence_error,false_negative;high_confidence;temporal_regime,DECISION-TIME
964e9da0c59f62709470cdca,fold_1,1,4466360,1,1,1,600,600,29.296875,29.296875,50,50,1,1,1,4466363,0,0.43999999999999984,0.43999999999999984,0.87999999999999967,False,low_confidence_error,false_negative;low_confidence;temporal_regime,DECISION-TIME
19848a508f4b8847ea4a52ff,fold_1,1,4466371,1,1,1,600,600,29.296875,29.296875,50,50,1,1,1,4466373,0,0.43999999999999984,0.43999999999999984,0.87999999999999967,False,low_confidence_error,false_negative;low_confidence;temporal_regime,DECISION-TIME
f8e78eaac2130f290134c1de,fold_1,1,4466417,1,1,1,600,600,29.296875,29.296875,50,50,1,1,1,4466420,0,0.43999999999999984,0.43999999999999984,0.87999999999999967,False,low_confidence_error,false_negative;low_confidence;temporal_regime,DECISION-TIME
5dbff9c36a624e744d79effb,fold_1,1,4466580,1,1,1,600,600,29.296875,29.296875,50,50,1,1,1,4466583,0,0.43999999999999984,0.43999999999999984,0.87999999999999967,False,low_confidence_error,false_negative;low_confidence;temporal_regime,DECISION-TIME
771acd752053f90d125f8395,fold_1,0,4466727,1,1,1,600,600,29.296875,29.296875,100,100,1,1,1,4466730,0,0.43999999999999984,0.43999999999999984,0.87999999999999967,True,correct,correct;low_confidence;temporal_regime,DECISION-TIME
1bbac00ed93cdd0db34418a6,fold_1,1,4466803,1,1,1,1800,1800,58.59375,58.59375,100,100,1,1,1,4466815,0,0.43999999999999984,0.43999999999999984,0.87999999999999967,False,low_confidence_error,false_negative;low_confidence;temporal_regime,DECISION-TIME
ebefec1175bfcf5fc14fb465,fold_1,0,4466977,1,1,1,600,600,29.296875,29.296875,100,100,1,1,1,4466980,0,0.43999999999999984,0.43999999999999984,0.87999999999999967,True,correct,correct;low_confidence;temporal_regime,DECISION-TIME
e55db6db767afed19cfbfb24,fold_1,1,4467761,1,1,4,1600,1600,58.59375,58.59375,100,100,1,4,3,4467770,0,0.43999999999999984,0.43999999999999984,0.87999999999999967,False,low_confidence_error,false_negative;low_confidence;temporal_regime,DECISION-TIME
274fa87c8e4929fa4b743939,fold_1,0,4467766,2,2,2,600,600,2.9296875,2.9296875,100,100,1,10,10,4468295.222222222,0,0.125,0.125,0.25,True,correct,correct;high_confidence;temporal_regime,DECISION-TIME
d1eaf7840708289a12e2f658,fold_1,1,4467968,1,1,16,200,200,4,4,25,25,1,16,8,4467971,0,0.088888888888888892,0.088888888888888892,0.17777777777777781,False,high_confidence_error,false_negative;high_confidence;temporal_regime,DECISION-TIME
139d6cef40390de1cc5742df,fold_1,0,4469298,2,2,90,550,600,18.06640625,24.4140625,50,50,1,91,66,4469328.7252747249,0,0.43999999999999984,0.43999999999999984,0.87999999999999967,True,correct,correct;low_confidence;temporal_regime,DECISION-TIME
024bc064a8417aa8463a227b,fold_1,0,4471469,1,1,1,600,600,29.296875,29.296875,25,25,1,1,1,4471566,0,0.43999999999999984,0.43999999999999984,0.87999999999999967,True,correct,correct;low_confidence;temporal_regime,DECISION-TIME
5717dce4b3434722aca3b47c,fold_1,0,4472145,1,1,1,600,600,29.296875,29.296875,10,10,1,1,1,4472157,0,0.43999999999999984,0.43999999999999984,0.87999999999999967,True,correct,correct;low_confidence;temporal_regime,DECISION-TIME
0572b252a4777e8122182ab6,fold_1,0,4472173,1,1,1,600,600,29.296875,29.296875,10,10,1,1,1,4472186,0,0.43999999999999984,0.43999999999999984,0.87999999999999967,True,correct,correct;low_confidence;temporal_regime,DECISION-TIME
85c6e275120f6a47d3b20b8e,fold_1,0,4472257,1,1,1,600,600,29.296875,29.296875,10,10,1,1,1,4472591,0,0.43999999999999984,0.43999999999999984,0.87999999999999967,True,correct,correct;low_confidence;temporal_regime,DECISION-TIME
6a265930a71e7d03a767e583,fold_1,0,4474083,1,1,1,600,600,29.296875,29.296875,25,25,1,1,1,4474094,0,0.43999999999999984,0.43999999999999984,0.87999999999999967,True,correct,correct;low_confidence;temporal_regime,DECISION-TIME
0e81ae1899bbd459d7b5849e,fold_1,0,4476532,1,1,1,600,600,29.296875,29.296875,100,100,1,1,1,4476538,0,0.43999999999999984,0.43999999999999984,0.87999999999999967,True,correct,correct;low_confidence;temporal_regime,DECISION-TIME
515ee0de7d868f45488522ca,fold_1,0,4477350,1,1,1,600,600,29.296875,29.296875,100,100,1,1,1,4477353,0,0.43999999999999984,0.43999999999999984,0.87999999999999967,True,correct,correct;low_confidence;temporal_regime,DECISION-TIME
96c04e944e2f0c2c6362c299,fold_1,1,4480106,1,1,1,100,100,29.296875,29.296875,25,25,1,1,1,4480115,0,0.125,0.125,0.25,False,high_confidence_error,false_negative;high_confidence;temporal_regime,DECISION-TIME
1651a8a9b5144bb4bd50972b,fold_1,1,4480262,1,1,1,100,100,29.296875,29.296875,25,25,1,1,1,4480275,0,0.125,0.125,0.25,False,high_confidence_error,false_negative;high_confidence;temporal_regime,DECISION-TIME
b8823fe24cfb3b2abac94b61,fold_1,0,4480280,2,2,2,600,600,29.296875,29.296875,100,100,1,2,2,4480379,0,0.088888888888888892,0.088888888888888892,0.17777777777777781,True,correct,correct;high_confidence;temporal_regime,DECISION-TIME
2722aee48b48a96dc2dd26b3,fold_1,0,4481615,1,1,1,600,600,29.296875,29.296875,25,25,1,1,1,4481621,0,0.43999999999999984,0.43999999999999984,0.87999999999999967,True,correct,correct;low_confidence;temporal_regime,DECISION-TIME
6b34e8ee0f382fd300b508c2,fold_1,1,4482341,1,1,6,400,400,3.90625,3.90625,100,100,1,5,5,4482355,0,0.088888888888888892,0.088888888888888892,0.17777777777777781,False,high_confidence_error,false_negative;high_confidence;temporal_regime,DECISION-TIME
ffde79ee83fa3f17b5a3e189,fold_1,0,4482430,1,1,1,600,600,29.296875,29.296875,100,100,1,1,1,4482437,0,0.43999999999999984,0.43999999999999984,0.87999999999999967,True,correct,correct;low_confidence;temporal_regime,DECISION-TIME
22a9ad36c689301689a230dd,fold_1,1,4482552,1,1,1,100,100,29.296875,29.296875,25,25,1,1,1,4482555,0,0.125,0.125,0.25,False,high_confidence_error,false_negative;high_confidence;temporal_regime,DECISION-TIME
e85a2128541b0e184a6af934,fold_1,0,4483410,2,2,55,600,600,29.296875,39.0625,25,25,1,55,25,4483419.581818182,0,0.43999999999999984,0.43999999999999984,0.87999999999999967,True,correct,correct;low_confidence;temporal_regime,DECISION-TIME
bf00713a2a1655fb7a5acff1,fold_1,0,4483614,1,1,1,600,600,29.296875,29.296875,100,100,1,1,1,4483620,0,0.43999999999999984,0.43999999999999984,0.87999999999999967,True,correct,correct;low_confidence;temporal_regime,DECISION-TIME
9828f82b9f8b3fa7c27cdd43,fold_1,0,4484101,1,1,1,600,600,29.296875,29.296875,25,25,1,1,1,4484113,0,0.43999999999999984,0.43999999999999984,0.87999999999999967,True,correct,correct;low_confidence;temporal_regime,DECISION-TIME
703e3852cab89d3f8f4a7590,fold_1,0,4484774,1,1,1,600,600,29.296875,29.296875,25,25,1,1,1,4484787,0,0.43999999999999984,0.43999999999999984,0.87999999999999967,True,correct,correct;low_confidence;temporal_regime,DECISION-TIME
901f5d7eb9c41720c4b22a3e,fold_1,0,4485520,1,1,1,600,600,29.296875,29.296875,10,10,1,1,1,4485562,0,0.43999999999999984,0.43999999999999984,0.87999999999999967,True,correct,correct;low_confidence;temporal_regime,DECISION-TIME
46463860ad008a0d8199b646,fold_1,0,4485650,1,1,1,600,600,29.296875,29.296875,10,10,1,1,1,4485663,0,0.43999999999999984,0.43999999999999984,0.87999999999999967,True,correct,correct;low_confidence;temporal_regime,DECISION-TIME
a0b30e5476fb52dd50eb3b99,fold_1,0,4485652,1,1,1,600,600,29.296875,29.296875,10,10,1,1,1,4485664,0,0.43999999999999984,0.43999999999999984,0.87999999999999967,True,correct,correct;low_confidence;temporal_regime,DECISION-TIME
dfba8857cc7818afbde18b95,fold_1,0,4486732,1,1,1,600,600,29.296875,29.296875,10,10,1,1,1,4486739,0,0.43999999999999984,0.43999999999999984,0.87999999999999967,True,correct,correct;low_confidence;temporal_regime,DECISION-TIME
a0476a118643797b31571b28,fold_1,0,4486844,1,1,1,600,600,29.296875,29.296875,10,10,1,1,1,4486883,0,0.43999999999999984,0.43999999999999984,0.87999999999999967,True,correct,correct;low_confidence;temporal_regime,DECISION-TIME
b4b29ed030307ff37af8b886,fold_1,0,4486978,1,1,1,600,600,29.296875,29.296875,25,25,1,1,1,4486982,0,0.43999999999999984,0.43999999999999984,0.87999999999999967,True,correct,correct;low_confidence;temporal_regime,DECISION-TIME
8eeb9f6a3070879239314651,fold_1,0,4487035,1,1,1,600,600,29.296875,29.296875,25,25,1,1,1,4487038,0,0.43999999999999984,0.43999999999999984,0.87999999999999967,True,correct,correct;low_confidence;temporal_regime,DECISION-TIME
1dd1709ffd7c04817d787fd5,fold_1,0,4488679,2,2,2,600,600,34.1796875,39.0625,10,10,1,2,2,4488687.5,0,0.43999999999999984,0.43999999999999984,0.87999999999999967,True,correct,correct;low_confidence;temporal_regime,DECISION-TIME
9aeee00f2a9b53d6763ae3a6,fold_1,0,4489978,1,1,1,100,100,29.296875,29.296875,25,25,1,1,1,4489991,0,0.125,0.125,0.25,True,correct,correct;high_confidence;temporal_regime,DECISION-TIME
ec2572dbfa406e497ccd3feb,fold_1,0,4490295,1,1,1,600,600,29.296875,29.296875,100,100,1,1,1,4490298,0,0.43999999999999984,0.43999999999999984,0.87999999999999967,True,correct,correct;low_confidence;temporal_regime,DECISION-TIME
dc784632b00a162d2b04d536,fold_1,0,4490758,2,2,101,450,800,10.76171875,19.55078125,,,0,101,101,4490773.0990099013,0,0.025000000000000001,0.025000000000000001,0.050000000000000044,True,correct,correct;high_confidence;temporal_regime;feature_missingness,DECISION-TIME
57560baf709fc1dc96a7e4a9,fold_1,0,4490933,1,1,2,400,400,4,4,25,25,1,2,2,4491043,0,0.088888888888888892,0.088888888888888892,0.17777777777777781,True,correct,correct;high_confidence;temporal_regime,DECISION-TIME
d85800db25ddf68fccc9ad60,fold_1,0,4491381,1,1,1,600,600,29.296875,29.296875,100,100,1,1,1,4491391,0,0.43999999999999984,0.43999999999999984,0.87999999999999967,True,correct,correct;low_confidence;temporal_regime,DECISION-TIME
3e7db33f876c2e5c1bd6ea0b,fold_1,0,4491660,1,1,1,1200,1200,29.296875,29.296875,100,100,1,1,1,4491673,0,0.43999999999999984,0.43999999999999984,0.87999999999999967,True,correct,correct;low_confidence;temporal_regime,DECISION-TIME
5e88b1107f23240926e1a68a,fold_1,0,4491690,1,1,1,1200,1200,29.296875,29.296875,100,100,1,1,1,4491703,0,0.43999999999999984,0.43999999999999984,0.87999999999999967,True,correct,correct;low_confidence;temporal_regime,DECISION-TIME
f7ce52903d134916dc001810,fold_1,0,4491704,2,2,9,600,600,29.296875,29.296875,25,25,1,15,8,4491913.555555556,0,0.43999999999999984,0.43999999999999984,0.87999999999999967,True,correct,correct;low_confidence;temporal_regime,DECISION-TIME
b9e62780d74eca6919709ff9,fold_1,0,4493102,2,2,6,600,600,29.296875,29.296875,25,25,1,6,6,4493111.833333333,0,0.088888888888888892,0.088888888888888892,0.17777777777777781,True,correct,correct;high_confidence;temporal_regime,DECISION-TIME
d41b60f89c763f9872f75eab,fold_1,0,4493336,1,1,1,600,600,29.296875,29.296875,100,100,1,1,1,4493345,0,0.43999999999999984,0.43999999999999984,0.87999999999999967,True,correct,correct;low_confidence;temporal_regime,DECISION-TIME
59c5e86d9f12e797db0df9aa,fold_1,0,4494487,1,1,1,600,600,29.296875,29.296875,10,10,1,1,1,4494492,0,0.43999999999999984,0.43999999999999984,0.87999999999999967,True,correct,correct;low_confidence;temporal_regime,DECISION-TIME
86198008c33de82ea7ca94a1,fold_1,0,4494556,1,1,1,600,600,29.296875,29.296875,10,10,1,1,1,4494593,0,0.43999999999999984,0.43999999999999984,0.87999999999999967,True,correct,correct;low_confidence;temporal_regime,DECISION-TIME
7f196c303c1bd3f2f2591c60,fold_1,0,4495058,1,1,1,600,600,29.296875,29.296875,25,25,1,1,1,4495067,0,0.43999999999999984,0.43999999999999984,0.87999999999999967,True,correct,correct;low_confidence;temporal_regime,DECISION-TIME
869c535c292500f8dd194630,fold_1,0,4496035,1,1,1,1000,1000,19.55078125,19.55078125,50,50,1,1,1,4496039,0,0.43999999999999984,0.43999999999999984,0.87999999999999967,True,correct,correct;low_confidence;temporal_regime,DECISION-TIME
d43523389008dd721ab2046e,fold_1,0,4496153,2,2,4,600,600,29.296875,29.296875,50,50,1,4,2,4496157.75,0,0.088888888888888892,0.088888888888888892,0.17777777777777781,True,correct,correct;high_confidence;temporal_regime,DECISION-TIME
639975d4e22d009247c27018,fold_1,0,4496906,1,1,1,600,600,29.296875,29.296875,100,100,1,1,1,4496913,0,0.43999999999999984,0.43999999999999984,0.87999999999999967,True,correct,correct;low_confidence;temporal_regime,DECISION-TIME
3ebf1dbb3415b522083ac006,fold_1,0,4496926,1,1,1,600,600,29.296875,29.296875,100,100,1,1,1,4496934,0,0.43999999999999984,0.43999999999999984,0.87999999999999967,True,correct,correct;low_confidence;temporal_regime,DECISION-TIME
a969fe8d49baaf744d6b5e5b,fold_1,1,4496975,1,1,16,1800,1800,58.59375,58.59375,100,100,1,15,12,4496984,1,0.55555555555555558,0.55555555555555558,0.88888888888888884,True,correct,correct;low_confidence;temporal_regime,DECISION-TIME
ffe09bbd383de94a81d734cf,fold_1,0,4497270,1,1,1,600,600,29.296875,29.296875,100,100,1,1,1,4497278,0,0.43999999999999984,0.43999999999999984,0.87999999999999967,True,correct,correct;low_confidence;temporal_regime,DECISION-TIME
cbae7f0a590c237b8de4787e,fold_1,1,4497287,1,1,4,9000,9000,300,300,800,800,1,4,4,4497296,1,0.99999051892191093,0.99999051892191093,1.8962156178137235e-05,True,correct,correct;high_confidence;temporal_regime,DECISION-TIME
86f7e95b712bde9ffd72397e,fold_1,0,4497475,2,2,13,350,600,2,2,25,25,1,13,6,4497480,0,0.025000000000000001,0.025000000000000001,0.050000000000000044,True,correct,correct;high_confidence;temporal_regime,DECISION-TIME
c6d3cde2ae60a27f09b3bb67,fold_1,1,4499258,2,2,38,600,600,19.53125,29.296875,25,25,1,38,33,4499272,0,0.43999999999999984,0.43999999999999984,0.87999999999999967,False,low_confidence_error,false_negative;low_confidence;temporal_regime,DECISION-TIME
27eac2ec3c93114ecd5b8317,fold_1,0,4499928,1,1,1,600,600,29.296875,29.296875,10,10,1,1,1,4499937,0,0.43999999999999984,0.43999999999999984,0.87999999999999967,True,correct,correct;low_confidence;temporal_regime,DECISION-TIME
2d26e808d3e80c977190e0c2,fold_1,0,4500536,1,1,1,600,600,29.296875,29.296875,100,100,1,1,1,4500640,0,0.43999999999999984,0.43999999999999984,0.87999999999999967,True,correct,correct;low_confidence;temporal_regime,DECISION-TIME
d94ab230303c1d28af475956,fold_1,0,4502010,1,1,1,1000,1000,19.55078125,19.55078125,50,50,1,1,1,4502014,0,0.43999999999999984,0.43999999999999984,0.87999999999999967,True,correct,correct;low_confidence;temporal_regime,DECISION-TIME
1f3e283892bda2a4a239b941,fold_1,1,4503194,1,1,1,600,600,29.296875,29.296875,100,100,1,2,2,4503469,0,0.43999999999999984,0.43999999999999984,0.87999999999999967,False,low_confidence_error,false_negative;low_confidence;temporal_regime,DECISION-TIME
5da043cb710e660891e749f2,fold_1,0,4503205,1,1,1,1800,1800,58.59375,58.59375,100,100,1,1,1,4503656,0,0.43999999999999984,0.43999999999999984,0.87999999999999967,True,correct,correct;low_confidence;temporal_regime,DECISION-TIME
328e128a607d4bb846b9386e,fold_1,0,4503210,1,1,1,1800,1800,58.59375,58.59375,100,100,1,1,1,4503624,0,0.43999999999999984,0.43999999999999984,0.87999999999999967,True,correct,correct;low_confidence;temporal_regime,DECISION-TIME
e7bcb398db41803bdb4f71a8,fold_1,1,4503858,1,1,1,600,600,29.296875,29.296875,50,50,1,4,2,4504409,0,0.43999999999999984,0.43999999999999984,0.87999999999999967,False,low_confidence_error,false_negative;low_confidence;temporal_regime,DECISION-TIME
dd9e7ec3f2553b48a537aba6,fold_1,0,4504905,2,2,21,120,120,19.53125,29.296875,25,25,1,22,19,4504964.7619047621,0,0.43999999999999984,0.43999999999999984,0.87999999999999967,True,correct,correct;low_confidence;temporal_regime,DECISION-TIME
e52f1c989c48671143688428,fold_1,0,4505023,2,2,4,600,600,29.296875,29.296875,50,50,1,4,2,4505027.5,0,0.088888888888888892,0.088888888888888892,0.17777777777777781,True,correct,correct;high_confidence;temporal_regime,DECISION-TIME
032c3923d4343f94cdd81261,fold_1,0,4505166,1,1,1,600,600,29.296875,29.296875,100,100,1,1,1,4505288,0,0.43999999999999984,0.43999999999999984,0.87999999999999967,True,correct,correct;low_confidence;temporal_regime,DECISION-TIME
4b35b915182b0ec46512f9df,fold_1,0,4505840,1,1,1,600,600,29.296875,29.296875,100,100,1,1,1,4505953,0,0.43999999999999984,0.43999999999999984,0.87999999999999967,True,correct,correct;low_confidence;temporal_regime,DECISION-TIME
12c9c94c685d01b101cffaf8,fold_1,0,4506804,1,1,1,600,600,29.296875,29.296875,10,10,1,1,1,4506814,0,0.43999999999999984,0.43999999999999984,0.87999999999999967,True,correct,correct;low_confidence;temporal_regime,DECISION-TIME
6e5fbbeb24c05e5c32f86412,fold_1,0,4506953,1,1,1,600,600,29.296875,29.296875,100,100,1,3,2,4507407,0,0.43999999999999984,0.43999999999999984,0.87999999999999967,True,correct,correct;low_confidence;temporal_regime,DECISION-TIME
516994939e600ddac7b171b0,fold_1,0,4507181,1,1,1,600,600,29.296875,29.296875,100,100,1,1,1,4507190,0,0.43999999999999984,0.43999999999999984,0.87999999999999967,True,correct,correct;low_confidence;temporal_regime,DECISION-TIME
763bc598e26cc3b6b2ddf839,fold_1,0,4507981,1,1,1,600,600,29.296875,29.296875,100,100,1,1,1,4507984,0,0.43999999999999984,0.43999999999999984,0.87999999999999967,True,correct,correct;low_confidence;temporal_regime,DECISION-TIME
94815ac7ebfd47036f4f0bcf,fold_1,0,4509026,1,1,1,600,600,29.296875,29.296875,100,100,1,1,1,4509039,0,0.43999999999999984,0.43999999999999984,0.87999999999999967,True,correct,correct;low_confidence;temporal_regime,DECISION-TIME
1ca0e349429725a456bb9449,fold_1,0,4509072,2,2,6,750,900,24.4140625,29.296875,50,50,1,6,3,4509077.666666667,0,0.088888888888888892,0.088888888888888892,0.17777777777777781,True,correct,correct;high_confidence;temporal_regime,DECISION-TIME
db40da2af44e844a8624cec5,fold_1,0,4510149,1,1,1,600,600,29.296875,29.296875,100,100,1,2,2,4510455,0,0.43999999999999984,0.43999999999999984,0.87999999999999967,True,correct,correct;low_confidence;temporal_regime,DECISION-TIME
527913b67a7843ef570e6617,fold_1,0,4512151,2,2,11,600,600,29.296875,29.296875,25,25,1,12,12,4512279.7272727275,0,0.43999999999999984,0.43999999999999984,0.87999999999999967,True,correct,correct;low_confidence;temporal_regime,DECISION-TIME
04de09650a195c16102c8726,fold_1,0,4512334,1,1,1,600,600,29.296875,29.296875,100,100,1,1,1,4512431,0,0.43999999999999984,0.43999999999999984,0.87999999999999967,True,correct,correct;low_confidence;temporal_regime,DECISION-TIME
6907afafc346d0e28f1fc3ab,fold_1,1,4512666,1,1,1,600,600,29.296875,29.296875,100,100,1,1,1,4512763,0,0.43999999999999984,0.43999999999999984,0.87999999999999967,False,low_confidence_error,false_negative;low_confidence;temporal_regime,DECISION-TIME
89e0ee7fca230dadadb699eb,fold_1,1,4512818,1,1,1,600,600,29.296875,29.296875,100,100,1,1,1,4512856,0,0.43999999999999984,0.43999999999999984,0.87999999999999967,False,low_confidence_error,false_negative;low_confidence;temporal_regime,DECISION-TIME
cfe22a312b9706a093bef6fb,fold_1,0,4512847,1,1,10,600,600,29.296875,29.296875,100,100,1,10,8,4512920.2999999998,0,0.43999999999999984,0.43999999999999984,0.87999999999999967,True,correct,correct;low_confidence;temporal_regime,DECISION-TIME
60ab3dbb874d3d2f97e77dc7,fold_1,0,4512904,1,1,1,600,600,29.296875,29.296875,25,25,1,1,1,4512909,0,0.43999999999999984,0.43999999999999984,0.87999999999999967,True,correct,correct;low_confidence;temporal_regime,DECISION-TIME
7d6a75b9381181b9bde7bdd3,fold_1,1,4513341,1,1,1,600,600,29.296875,29.296875,100,100,1,1,1,4513347,0,0.43999999999999984,0.43999999999999984,0.87999999999999967,False,low_confidence_error,false_negative;low_confidence;temporal_regime,DECISION-TIME
43fb6fbc1e0eff5eb2393b87,fold_1,1,4513528,1,1,1,600,600,29.296875,29.296875,100,100,1,1,1,4513539,0,0.43999999999999984,0.43999999999999984,0.87999999999999967,False,low_confidence_error,false_negative;low_confidence;temporal_regime,DECISION-TIME
4b61ef557224ae60131b963c,fold_1,1,4513538,1,1,1,600,600,29.296875,29.296875,100,100,1,1,1,4513550,0,0.43999999999999984,0.43999999999999984,0.87999999999999967,False,low_confidence_error,false_negative;low_confidence;temporal_regime,DECISION-TIME
ebc11acd98b9d2d82dc46bfb,fold_1,1,4513540,1,1,1,600,600,29.296875,29.296875,100,100,1,1,1,4513623,0,0.43999999999999984,0.43999999999999984,0.87999999999999967,False,low_confidence_error,false_negative;low_confidence;temporal_regime,DECISION-TIME
fa969de63f9bddc7a279415f,fold_1,1,4513735,1,1,1,600,600,29.296875,29.296875,100,100,1,1,1,4513827,0,0.43999999999999984,0.43999999999999984,0.87999999999999967,False,low_confidence_error,false_negative;low_confidence;temporal_regime,DECISION-TIME
1c3f4a50d40c14f0b3cdc5f7,fold_1,1,4513917,1,1,1,600,600,29.296875,29.296875,100,100,1,1,1,4513999,0,0.43999999999999984,0.43999999999999984,0.87999999999999967,False,low_confidence_error,false_negative;low_confidence;temporal_regime,DECISION-TIME
6c654b1d7d5ba4077ef911ef,fold_1,1,4513918,1,1,1,600,600,29.296875,29.296875,100,100,1,1,1,4513999,0,0.43999999999999984,0.43999999999999984,0.87999999999999967,False,low_confidence_error,false_negative;low_confidence;temporal_regime,DECISION-TIME
c1e802a6e4a4cc645c243f0a,fold_1,1,4514076,1,1,1,600,600,29.296875,29.296875,100,100,1,1,1,4514080,0,0.43999999999999984,0.43999999999999984,0.87999999999999967,False,low_confidence_error,false_negative;low_confidence;temporal_regime,DECISION-TIME
015288aef9ae57aae8abff6c,fold_1,1,4514627,1,1,1,600,600,29.296875,29.296875,100,100,1,1,1,4514715,0,0.43999999999999984,0.43999999999999984,0.87999999999999967,False,low_confidence_error,false_negative;low_confidence;temporal_regime,DECISION-TIME
8ffb2e92a772291cc828807f,fold_1,0,4514639,1,1,1,600,600,29.296875,29.296875,200,200,1,1,1,4514644,0,0.088888888888888892,0.088888888888888892,0.17777777777777781,True,correct,correct;high_confidence;temporal_regime,DECISION-TIME
6c06f2113dde92ab5b542b97,fold_1,1,4514794,1,1,1,600,600,29.296875,29.296875,100,100,1,1,1,4514827,0,0.43999999999999984,0.43999999999999984,0.87999999999999967,False,low_confidence_error,false_negative;low_confidence;temporal_regime,DECISION-TIME
53242f5f501ee7f986caaf1d,fold_1,1,4515138,1,1,1,600,600,29.296875,29.296875,100,100,1,1,1,4515142,0,0.43999999999999984,0.43999999999999984,0.87999999999999967,False,low_confidence_error,false_negative;low_confidence;temporal_regime,DECISION-TIME
27c1c718d0818456301b3754,fold_1,1,4515139,1,1,1,600,600,29.296875,29.296875,100,100,1,1,1,4515143,0,0.43999999999999984,0.43999999999999984,0.87999999999999967,False,low_confidence_error,false_negative;low_confidence;temporal_regime,DECISION-TIME
8c72c0f59b19d630bf332adc,fold_1,1,4515161,1,1,1,600,600,29.296875,29.296875,100,100,1,1,1,4515245,0,0.43999999999999984,0.43999999999999984,0.87999999999999967,False,low_confidence_error,false_negative;low_confidence;temporal_regime,DECISION-TIME
f5be075f9ee0a076f5615cb0,fold_1,1,4515318,1,1,1,600,600,29.296875,29.296875,100,100,1,1,1,4515325,0,0.43999999999999984,0.43999999999999984,0.87999999999999967,False,low_confidence_error,false_negative;low_confidence;temporal_regime,DECISION-TIME
8c2f118ccbbd089eb3ff0672,fold_1,1,4515324,1,1,1,600,600,29.296875,29.296875,100,100,1,1,1,4515336,0,0.43999999999999984,0.43999999999999984,0.87999999999999967,False,low_confidence_error,false_negative;low_confidence;temporal_regime,DECISION-TIME
8295f34ff539c479915aa6b7,fold_1,1,4515329,1,1,1,600,600,29.296875,29.296875,100,100,1,1,1,4515335,0,0.43999999999999984,0.43999999999999984,0.87999999999999967,False,low_confidence_error,false_negative;low_confidence;temporal_regime,DECISION-TIME
36e9744c04dbb64bc28c4d72,fold_1,1,4515520,1,1,1,600,600,29.296875,29.296875,100,100,1,1,1,4515528,0,0.43999999999999984,0.43999999999999984,0.87999999999999967,False,low_confidence_error,false_negative;low_confidence;temporal_regime,DECISION-TIME
21f8a77ce3c49ab3b72d8506,fold_1,1,4515717,1,1,1,600,600,29.296875,29.296875,100,100,1,1,1,4515722,0,0.43999999999999984,0.43999999999999984,0.87999999999999967,False,low_confidence_error,false_negative;low_confidence;temporal_regime,DECISION-TIME
9dc7418ba289e08d48221237,fold_1,0,4515924,1,1,1,600,600,29.296875,29.296875,100,100,1,1,1,4515927,0,0.43999999999999984,0.43999999999999984,0.87999999999999967,True,correct,correct;low_confidence;temporal_regime,DECISION-TIME
5a5fa09a8684028de96e5daa,fold_1,0,4517417,1,1,1,600,600,29.296875,29.296875,100,100,1,1,1,4517430,0,0.43999999999999984,0.43999999999999984,0.87999999999999967,True,correct,correct;low_confidence;temporal_regime,DECISION-TIME
d466907e6a5839ba764cbbd1,fold_1,0,4519026,2,2,55,600,600,34.1796875,39.0625,25,25,1,55,49,4519033.1454545455,0,0.43999999999999984,0.43999999999999984,0.87999999999999967,True,correct,correct;low_confidence;temporal_regime,DECISION-TIME
f22550a8036b9824a03f60fd,fold_1,0,4519167,2,2,13,400,600,2,2,25,25,1,13,5,4519172.230769231,0,0.025000000000000001,0.025000000000000001,0.050000000000000044,True,correct,correct;high_confidence;temporal_regime,DECISION-TIME
54689f7be0185207f0b71d7d,fold_1,0,4519738,1,1,1,600,600,29.296875,29.296875,100,100,1,1,1,4519750,0,0.43999999999999984,0.43999999999999984,0.87999999999999967,True,correct,correct;low_confidence;temporal_regime,DECISION-TIME
a9219e39ed7bd2bf91e2c907,fold_1,0,4521991,1,1,1,600,600,29.296875,29.296875,25,25,1,1,1,4522004,0,0.43999999999999984,0.43999999999999984,0.87999999999999967,True,correct,correct;low_confidence;temporal_regime,DECISION-TIME
8b298fa660419ac208795dbe,fold_1,0,4523597,1,1,1,1800,1800,58.59375,58.59375,100,100,1,1,1,4523608,0,0.43999999999999984,0.43999999999999984,0.87999999999999967,True,correct,correct;low_confidence;temporal_regime,DECISION-TIME
3714242275b1f222602d3dcd,fold_1,0,4523601,1,1,1,1800,1800,58.59375,58.59375,100,100,1,1,1,4523619,0,0.43999999999999984,0.43999999999999984,0.87999999999999967,True,correct,correct;low_confidence;temporal_regime,DECISION-TIME
2bee24a49d7b728c00a3762f,fold_1,0,4526492,1,1,1,600,600,29.296875,29.296875,10,10,1,1,1,4526495,0,0.43999999999999984,0.43999999999999984,0.87999999999999967,True,correct,correct;low_confidence;temporal_regime,DECISION-TIME
402e398c7e5dc9292b37efef,fold_1,0,4526798,1,1,1,600,600,29.296875,29.296875,10,10,1,1,1,4526801,0,0.43999999999999984,0.43999999999999984,0.87999999999999967,True,correct,correct;low_confidence;temporal_regime,DECISION-TIME
408bc94c3542831edde68ab0,fold_1,0,4527694,3,3,12,466.66666666666669,600,11.098958333333334,29.296875,25,25,1,12,5,4527700,0,0.088888888888888892,0.088888888888888892,0.17777777777777781,True,correct,correct;high_confidence;temporal_regime,DECISION-TIME
f1d9097d6081571d97611f89,fold_1,0,4527698,1,1,1,100,100,1.97265625,1.97265625,,,0,1,1,4527701,0,0,0,0,True,correct,correct;high_confidence;temporal_regime;feature_missingness,DECISION-TIME
04393746a60b43b1f479450e,fold_1,1,4528742,1,1,1,1800,1800,58.59375,58.59375,100,100,1,1,1,4528787,0,0.43999999999999984,0.43999999999999984,0.87999999999999967,False,low_confidence_error,false_negative;low_confidence;temporal_regime,DECISION-TIME
0054ee2125b0d310eed77842,fold_1,0,4529707,1,1,1,600,600,29.296875,29.296875,100,100,1,1,1,4529710,0,0.43999999999999984,0.43999999999999984,0.87999999999999967,True,correct,correct;low_confidence;temporal_regime,DECISION-TIME
1ce5a556feb898089dff8cbf,fold_1,0,4529787,1,1,1,600,600,29.296875,29.296875,10,10,1,1,1,4529799,0,0.43999999999999984,0.43999999999999984,0.87999999999999967,True,correct,correct;low_confidence;temporal_regime,DECISION-TIME
f6e14f6fdc25887023e378cd,fold_1,0,4529817,1,1,1,600,600,29.296875,29.296875,10,10,1,1,1,4529829,0,0.43999999999999984,0.43999999999999984,0.87999999999999967,True,correct,correct;low_confidence;temporal_regime,DECISION-TIME
1c8af9d6c1ffef315b69f4e1,fold_1,0,4529860,1,1,1,600,600,29.296875,29.296875,50,50,1,1,1,4529870,0,0.43999999999999984,0.43999999999999984,0.87999999999999967,True,correct,correct;low_confidence;temporal_regime,DECISION-TIME
a00537d3b5b37b5865552bf5,fold_1,0,4529864,1,1,1,600,600,29.296875,29.296875,50,50,1,1,1,4529871,0,0.43999999999999984,0.43999999999999984,0.87999999999999967,True,correct,correct;low_confidence;temporal_regime,DECISION-TIME
5fdcc5cc0d992a1004524473,fold_1,0,4530225,1,1,1,600,600,29.296875,29.296875,50,50,1,1,1,4530234,0,0.43999999999999984,0.43999999999999984,0.87999999999999967,True,correct,correct;low_confidence;temporal_regime,DECISION-TIME
692bcf39c1abbd93ba7b2ae7,fold_1,0,4531223,1,1,2,600,600,29.296875,29.296875,100,100,1,2,1,4531226,0,0.43999999999999984,0.43999999999999984,0.87999999999999967,True,correct,correct;low_confidence;temporal_regime,DECISION-TIME
0315f7ba7e99915857bbeaf5,fold_1,0,4531970,1,1,1,600,600,29.296875,29.296875,25,25,1,1,1,4531978,0,0.43999999999999984,0.43999999999999984,0.87999999999999967,True,correct,correct;low_confidence;temporal_regime,DECISION-TIME
ca06bac89042b7876315e9cc,fold_1,0,4532112,1,1,1,600,600,29.296875,29.296875,100,100,1,1,1,4532115,0,0.43999999999999984,0.43999999999999984,0.87999999999999967,True,correct,correct;low_confidence;temporal_regime,DECISION-TIME
b38a65ebb78988cde3d59500,fold_1,0,4532436,1,1,1,600,600,29.296875,29.296875,100,100,1,1,1,4532439,0,0.43999999999999984,0.43999999999999984,0.87999999999999967,True,correct,correct;low_confidence;temporal_regime,DECISION-TIME
8dcedc83d3f9244eb8ae119f,fold_1,0,4532715,1,1,1,600,600,29.296875,29.296875,100,100,1,1,1,4532718,0,0.43999999999999984,0.43999999999999984,0.87999999999999967,True,correct,correct;low_confidence;temporal_regime,DECISION-TIME
a43ba4ceb679b47761c14a03,fold_1,0,4533317,1,1,1,600,600,29.296875,29.296875,100,100,1,1,1,4533319,0,0.43999999999999984,0.43999999999999984,0.87999999999999967,True,correct,correct;low_confidence;temporal_regime,DECISION-TIME
f35b94ea49d9c767c13c8e9a,fold_1,0,4533396,1,1,1,600,600,29.296875,29.296875,50,50,1,1,1,4533400,0,0.43999999999999984,0.43999999999999984,0.87999999999999967,True,correct,correct;low_confidence;temporal_regime,DECISION-TIME
ed898759de60e0b1dec043b2,fold_1,0,4536881,1,1,1,600,600,29.296875,29.296875,5,5,1,1,1,4536891,0,0.43999999999999984,0.43999999999999984,0.87999999999999967,True,correct,correct;low_confidence;temporal_regime,DECISION-TIME
01fb9e8901f183f089d9b2b8,fold_1,1,4537098,1,1,1,1800,1800,58.59375,58.59375,100,100,1,1,1,4537101,0,0.43999999999999984,0.43999999999999984,0.87999999999999967,False,low_confidence_error,false_negative;low_confidence;temporal_regime,DECISION-TIME
6007001478d50071b09026b6,fold_1,0,4538094,1,1,1,600,600,29.296875,29.296875,25,25,1,1,1,4538102,0,0.43999999999999984,0.43999999999999984,0.87999999999999967,True,correct,correct;low_confidence;temporal_regime,DECISION-TIME
b7551be231d61d5a0603348c,fold_1,0,4538513,1,1,1,600,600,29.296875,29.296875,50,50,1,1,1,4538527,0,0.43999999999999984,0.43999999999999984,0.87999999999999967,True,correct,correct;low_confidence;temporal_regime,DECISION-TIME
8ec09bd183b61e7d85ef445f,fold_1,0,4538799,1,1,20,200,200,4,4,25,25,1,20,9,4538802.2000000002,0,0.088888888888888892,0.088888888888888892,0.17777777777777781,True,correct,correct;high_confidence;temporal_regime,DECISION-TIME
e15584210b039fa8a72006c9,fold_1,0,4539529,1,1,16,200,200,4,4,50,50,1,16,8,4539532.0625,0,0.088888888888888892,0.088888888888888892,0.17777777777777781,True,correct,correct;high_confidence;temporal_regime,DECISION-TIME
a34586a98f37dc5f6e454c97,fold_1,0,4540539,1,1,1,600,600,29.296875,29.296875,100,100,1,1,1,4540545,0,0.43999999999999984,0.43999999999999984,0.87999999999999967,True,correct,correct;low_confidence;temporal_regime,DECISION-TIME
091ac3ce3a2e103f3efbab76,fold_1,0,4541524,3,3,12,466.66666666666669,600,11.098958333333334,29.296875,25,25,1,16,6,4541840,0,0.1158583315197884,0.1158583315197884,0.23171666303957683,True,correct,correct;high_confidence;temporal_regime,DECISION-TIME
e5ce8924c3ab4700abb98e7a,fold_1,0,4541886,1,1,1,600,600,29.296875,29.296875,10,10,1,1,1,4541896,0,0.43999999999999984,0.43999999999999984,0.87999999999999967,True,correct,correct;low_confidence;temporal_regime,DECISION-TIME
20f8db18b67689196b52d392,fold_1,0,4541892,1,1,1,600,600,29.296875,29.296875,10,10,1,1,1,4541897,0,0.43999999999999984,0.43999999999999984,0.87999999999999967,True,correct,correct;low_confidence;temporal_regime,DECISION-TIME
2bc35609dcbfb0695a16680f,fold_1,0,4541959,3,3,12,466.66666666666669,600,11.098958333333334,29.296875,25,25,1,12,8,4541964.416666667,0,0.088888888888888892,0.088888888888888892,0.17777777777777781,True,correct,correct;high_confidence;temporal_regime,DECISION-TIME
ad7f51316968627dedda7b68,fold_1,1,4542895,2,2,20,500,800,9.765625,9.765625,25,25,1,20,13,4542908,0,0.025000000000000001,0.025000000000000001,0.050000000000000044,False,high_confidence_error,false_negative;high_confidence;temporal_regime,DECISION-TIME
4ffe3ab3b9824a6ed28ba913,fold_1,0,4543431,1,1,1,600,600,29.296875,29.296875,5,5,1,1,1,4543441,0,0.43999999999999984,0.43999999999999984,0.87999999999999967,True,correct,correct;low_confidence;temporal_regime,DECISION-TIME
6c5aea701c908e7615751dd6,fold_1,1,4548075,1,1,1,1800,1800,58.59375,58.59375,100,100,1,1,1,4548082,0,0.43999999999999984,0.43999999999999984,0.87999999999999967,False,low_confidence_error,false_negative;low_confidence;temporal_regime,DECISION-TIME
2624d84074de20e4b978717f,fold_1,1,4548983,1,1,1,2400,2400,46.875,46.875,200,200,1,1,1,4548990,0,0.43999999999999984,0.43999999999999984,0.87999999999999967,False,low_confidence_error,false_negative;low_confidence;temporal_regime,DECISION-TIME
23fa189b4f5f40dc7186ad7d,fold_1,1,4550903,1,1,1,10,10,29.296875,29.296875,10,10,1,1,1,4551020,0,0.125,0.125,0.25,False,high_confidence_error,false_negative;high_confidence;temporal_regime,DECISION-TIME
5241fb8db8fcb0cd20ba3968,fold_1,0,4550903,1,1,1,1800,1800,58.59375,58.59375,100,100,1,1,1,4550910,0,0.43999999999999984,0.43999999999999984,0.87999999999999967,True,correct,correct;low_confidence;temporal_regime,DECISION-TIME
c152026744535bef846321e3,fold_1,0,4550922,1,1,1,10,10,29.296875,29.296875,10,10,1,1,1,4551094,0,0.125,0.125,0.25,True,correct,correct;high_confidence;temporal_regime,DECISION-TIME
3d83442ec6be9bb352120173,fold_1,0,4551411,1,1,1,600,600,29.296875,29.296875,10,10,1,1,1,4551619,0,0.43999999999999984,0.43999999999999984,0.87999999999999967,True,correct,correct;low_confidence;temporal_regime,DECISION-TIME
a7e48d5ea018aaa70bb19aa7,fold_1,0,4551413,1,1,1,600,600,29.296875,29.296875,10,10,1,1,1,4551616,0,0.43999999999999984,0.43999999999999984,0.87999999999999967,True,correct,correct;low_confidence;temporal_regime,DECISION-TIME
ad25d49004f472823e6908de,fold_1,0,4551932,2,2,30,600,600,29.296875,29.296875,25,25,1,30,24,4551942.5,0,0.43999999999999984,0.43999999999999984,0.87999999999999967,True,correct,correct;low_confidence;temporal_regime,DECISION-TIME
d5f8c02b31d92da04e1c1b6c,fold_1,0,4552500,1,1,1,600,600,29.296875,29.296875,100,100,1,1,1,4552540,0,0.43999999999999984,0.43999999999999984,0.87999999999999967,True,correct,correct;low_confidence;temporal_regime,DECISION-TIME
6d40540eea5c3f0bd9d3eb80,fold_1,0,4552822,1,1,1,100,100,29.296875,29.296875,25,25,1,1,1,4553047,0,0.125,0.125,0.25,True,correct,correct;high_confidence;temporal_regime,DECISION-TIME
8fe0c855df27af8055b7a75a,fold_1,0,4552823,1,1,1,600,600,29.296875,29.296875,200,200,1,1,1,4553045,0,0.088888888888888892,0.088888888888888892,0.17777777777777781,True,correct,correct;high_confidence;temporal_regime,DECISION-TIME
46e1e77779826ecc4073a1c4,fold_1,1,4553074,1,1,1,600,600,29.296875,29.296875,50,50,1,1,1,4553077,0,0.43999999999999984,0.43999999999999984,0.87999999999999967,False,low_confidence_error,false_negative;low_confidence;temporal_regime,DECISION-TIME
864f419d01eb6b250cb41282,fold_1,1,4553102,1,1,1,600,600,29.296875,29.296875,50,50,1,1,1,4553105,0,0.43999999999999984,0.43999999999999984,0.87999999999999967,False,low_confidence_error,false_negative;low_confidence;temporal_regime,DECISION-TIME
0d06ed19197e6f2691255c97,fold_1,1,4553106,1,1,1,600,600,29.296875,29.296875,50,50,1,1,1,4553108,0,0.43999999999999984,0.43999999999999984,0.87999999999999967,False,low_confidence_error,false_negative;low_confidence;temporal_regime,DECISION-TIME
a5e759b3ea1536dc29417bd5,fold_1,1,4553167,1,1,1,600,600,29.296875,29.296875,50,50,1,1,1,4553170,0,0.43999999999999984,0.43999999999999984,0.87999999999999967,False,low_confidence_error,false_negative;low_confidence;temporal_regime,DECISION-TIME
76f32d32bafba4add004578a,fold_1,0,4553183,1,1,10,1800,1800,58.59375,58.59375,100,100,1,10,8,4553188,1,0.55555555555555558,0.55555555555555558,0.88888888888888884,False,low_confidence_error,false_positive;low_confidence;temporal_regime,DECISION-TIME
a4830ae92b07def8c38ca013,fold_1,1,4553377,2,2,10,350,600,87.890625,97.65625,25,25,1,10,10,4553392,0,0.43999999999999984,0.43999999999999984,0.87999999999999967,False,low_confidence_error,false_negative;low_confidence;temporal_regime,DECISION-TIME
ffe5f9c863be4bb6e918e684,fold_1,0,4553747,1,1,1,600,600,29.296875,29.296875,100,100,1,1,1,4553755,0,0.43999999999999984,0.43999999999999984,0.87999999999999967,True,correct,correct;low_confidence;temporal_regime,DECISION-TIME
64b1699662d63598a9b8fa18,fold_1,0,4554349,1,1,1,600,600,29.296875,29.296875,100,100,1,1,1,4554360,0,0.43999999999999984,0.43999999999999984,0.87999999999999967,True,correct,correct;low_confidence;temporal_regime,DECISION-TIME
2aa7a844055b46c0e0e2298a,fold_1,0,4554635,1,1,1,600,600,29.296875,29.296875,100,100,1,1,1,4554639,0,0.43999999999999984,0.43999999999999984,0.87999999999999967,True,correct,correct;low_confidence;temporal_regime,DECISION-TIME
3f27907e4e481968d656aa45,fold_1,0,4555681,1,1,1,600,600,29.296875,29.296875,100,100,1,1,1,4555691,0,0.43999999999999984,0.43999999999999984,0.87999999999999967,True,correct,correct;low_confidence;temporal_regime,DECISION-TIME
d46b4504278a32a5303f393c,fold_1,0,4556347,1,1,1,600,600,29.296875,29.296875,100,100,1,1,1,4556357,0,0.43999999999999984,0.43999999999999984,0.87999999999999967,True,correct,correct;low_confidence;temporal_regime,DECISION-TIME
5ef20155e3fcdbac866136c1,fold_1,0,4558043,1,1,1,600,600,29.296875,29.296875,100,100,1,1,1,4558046,0,0.43999999999999984,0.43999999999999984,0.87999999999999967,True,correct,correct;low_confidence;temporal_regime,DECISION-TIME
ee970e5f92fabacf987df0a0,fold_1,0,4558047,1,1,1,600,600,29.296875,29.296875,100,100,1,1,1,4558050,0,0.43999999999999984,0.43999999999999984,0.87999999999999967,True,correct,correct;low_confidence;temporal_regime,DECISION-TIME
242dca3ff5ef4dcc428eab75,fold_1,0,4558665,1,1,1,2000,2000,14.6484375,14.6484375,100,100,1,1,1,4558674,0,0.43999999999999984,0.43999999999999984,0.87999999999999967,True,correct,correct;low_confidence;temporal_regime,DECISION-TIME
311a80770a3ff6c0f956de89,fold_1,1,4559084,1,1,1,600,600,29.296875,29.296875,10,10,1,1,1,4559302,0,0.43999999999999984,0.43999999999999984,0.87999999999999967,False,low_confidence_error,false_negative;low_confidence;temporal_regime,DECISION-TIME
668de4b3ed421cb2c1bde82d,fold_1,1,4559093,1,1,1,600,600,29.296875,29.296875,10,10,1,1,1,4559445,0,0.43999999999999984,0.43999999999999984,0.87999999999999967,False,low_confidence_error,false_negative;low_confidence;temporal_regime,DECISION-TIME
e6a87119cb08a478ba2a84bc,fold_1,1,4559128,1,1,1,600,600,29.296875,29.296875,10,10,1,1,1,4560433,0,0.43999999999999984,0.43999999999999984,0.87999999999999967,False,low_confidence_error,false_negative;low_confidence;temporal_regime,DECISION-TIME
170d92189b600c0e65cc52dd,fold_1,1,4559175,1,1,1,600,600,29.296875,29.296875,10,10,1,1,1,4562412,0,0.43999999999999984,0.43999999999999984,0.87999999999999967,False,low_confidence_error,false_negative;low_confidence;temporal_regime,DECISION-TIME
636b1879823480e0f99b4c3c,fold_1,0,4559625,2,2,51,500,600,19.53125,19.53125,50,50,1,51,33,4559638.3921568627,0,0.088888888888888892,0.088888888888888892,0.17777777777777781,True,correct,correct;high_confidence;temporal_regime,DECISION-TIME
b590b57eb159e37d81efbacc,fold_1,0,4562251,1,1,1,600,600,29.296875,29.296875,100,100,1,3,2,4564121,0,0.43999999999999984,0.43999999999999984,0.87999999999999967,True,correct,correct;low_confidence;temporal_regime,DECISION-TIME
4f8860a633d6e75f3cfac266,fold_1,0,4562460,1,1,1,600,600,29.296875,29.296875,100,100,1,1,1,4562463,0,0.43999999999999984,0.43999999999999984,0.87999999999999967,True,correct,correct;low_confidence;temporal_regime,DECISION-TIME
b051e0a86982db77da91514a,fold_1,0,4564363,1,1,1,600,600,29.296875,29.296875,100,100,1,1,1,4564366,0,0.43999999999999984,0.43999999999999984,0.87999999999999967,True,correct,correct;low_confidence;temporal_regime,DECISION-TIME
20b7834f348813d5f85e20d5,fold_1,1,4566856,1,1,1,600,600,29.296875,29.296875,100,100,1,1,1,4566864,0,0.43999999999999984,0.43999999999999984,0.87999999999999967,False,low_confidence_error,false_negative;low_confidence;temporal_regime,DECISION-TIME
448d2a236d40d2d360da7ee7,fold_1,0,4568301,1,1,1,600,600,29.296875,29.296875,10,10,1,1,1,4568304,0,0.43999999999999984,0.43999999999999984,0.87999999999999967,True,correct,correct;low_confidence;temporal_regime,DECISION-TIME
992c0d33e0073921396bf2e3,fold_1,0,4569064,1,1,1,600,600,29.296875,29.296875,100,100,1,1,1,4569067,0,0.43999999999999984,0.43999999999999984,0.87999999999999967,True,correct,correct;low_confidence;temporal_regime,DECISION-TIME
2e9c56a456c1feab72e52501,fold_1,0,4569713,1,1,1,600,600,29.296875,29.296875,100,100,1,2,2,4570652,0,0.43999999999999984,0.43999999999999984,0.87999999999999967,True,correct,correct;low_confidence;temporal_regime,DECISION-TIME
56009f7db33165b6caec971d,fold_1,0,4569991,1,1,1,600,600,29.296875,29.296875,25,25,1,1,1,4570003,0,0.43999999999999984,0.43999999999999984,0.87999999999999967,True,correct,correct;low_confidence;temporal_regime,DECISION-TIME
bb81fc62c64af1024d436060,fold_1,0,4570438,1,1,1,600,600,29.296875,29.296875,10,10,1,1,1,4570447,0,0.43999999999999984,0.43999999999999984,0.87999999999999967,True,correct,correct;low_confidence;temporal_regime,DECISION-TIME
c88548209128a6b56e591e5c,fold_1,0,4570764,1,1,18,1800,1800,58.59375,58.59375,100,100,1,18,10,4570772,1,0.55582274021809419,0.55582274021809419,0.88835451956381162,False,low_confidence_error,false_positive;low_confidence;temporal_regime,DECISION-TIME
c3b2aaca444ae97d20b52e94,fold_1,0,4570829,2,2,3,950,1800,29.8046875,58.61328125,100,100,1,3,3,4570833.666666667,0,0.025000000000000001,0.025000000000000001,0.050000000000000044,True,correct,correct;high_confidence;temporal_regime,DECISION-TIME
bb482568f1ea463c87076128,fold_1,0,4571276,1,1,1,600,600,29.296875,29.296875,10,10,1,1,1,4571288,0,0.43999999999999984,0.43999999999999984,0.87999999999999967,True,correct,correct;low_confidence;temporal_regime,DECISION-TIME
266b41e1df613748ed2fdfb6,fold_1,0,4572688,1,1,1,20,20,29.296875,29.296875,10,10,1,1,1,4572701,0,0.125,0.125,0.25,True,correct,correct;high_confidence;temporal_regime,DECISION-TIME
887d7815edb871c264b9fbcc,fold_1,0,4572693,1,1,1,20,20,29.296875,29.296875,10,10,1,1,1,4572700,0,0.125,0.125,0.25,True,correct,correct;high_confidence;temporal_regime,DECISION-TIME
0fb95f9ed498806e779e84ce,fold_1,0,4572772,1,1,1,600,600,29.296875,29.296875,100,100,1,1,1,4572775,0,0.43999999999999984,0.43999999999999984,0.87999999999999967,True,correct,correct;low_confidence;temporal_regime,DECISION-TIME
bd61fc54985f6a63a6551a31,fold_1,0,4572874,1,1,10,600,600,29.296875,29.296875,50,50,1,10,8,4572877,0,0.43999999999999984,0.43999999999999984,0.87999999999999967,True,correct,correct;low_confidence;temporal_regime,DECISION-TIME
e7dd5eefb9f0fe7f455cd2d6,fold_1,0,4574063,1,1,1,600,600,29.296875,29.296875,25,25,1,1,1,4574073,0,0.43999999999999984,0.43999999999999984,0.87999999999999967,True,correct,correct;low_confidence;temporal_regime,DECISION-TIME
f5e2fbd9382f62ce17adad50,fold_1,0,4575623,1,1,1,1200,1200,29.296875,29.296875,100,100,1,1,1,4575632,0,0.43999999999999984,0.43999999999999984,0.87999999999999967,True,correct,correct;low_confidence;temporal_regime,DECISION-TIME
131da254d83b42be1708930a,fold_1,0,4576220,1,1,1,600,600,29.296875,29.296875,100,100,1,1,1,4576226,0,0.43999999999999984,0.43999999999999984,0.87999999999999967,True,correct,correct;low_confidence;temporal_regime,DECISION-TIME
fb919bbd68a3a4f39787afff,fold_1,0,4576836,1,1,1,600,600,29.296875,29.296875,25,25,1,1,1,4576844,0,0.43999999999999984,0.43999999999999984,0.87999999999999967,True,correct,correct;low_confidence;temporal_regime,DECISION-TIME
8a37a5637469ca161da1c670,fold_1,0,4577058,1,1,1,600,600,29.296875,29.296875,100,100,1,1,1,4577066,0,0.43999999999999984,0.43999999999999984,0.87999999999999967,True,correct,correct;low_confidence;temporal_regime,DECISION-TIME
3c8c19743af4de2df9feed73,fold_1,0,4578109,1,1,10,600,600,29.296875,29.296875,50,50,1,10,5,4578112,0,0.43999999999999984,0.43999999999999984,0.87999999999999967,True,correct,correct;low_confidence;temporal_regime,DECISION-TIME
2ca50687b9d4f6b3f0eef15d,fold_1,0,4578460,1,1,1,2000,2000,14.6484375,14.6484375,100,100,1,1,1,4578470,0,0.43999999999999984,0.43999999999999984,0.87999999999999967,True,correct,correct;low_confidence;temporal_regime,DECISION-TIME
983cda2cd20979408ffa0212,fold_1,0,4579717,2,2,11,600,600,29.296875,29.296875,25,25,1,11,9,4579722.9090909092,0,0.125,0.125,0.25,True,correct,correct;high_confidence;temporal_regime,DECISION-TIME
9751e97879e4d7cdd624e9ba,fold_1,0,4579938,1,1,1,600,600,29.296875,29.296875,100,100,1,1,1,4579941,0,0.43999999999999984,0.43999999999999984,0.87999999999999967,True,correct,correct;low_confidence;temporal_regime,DECISION-TIME
30ef98825fb0823951d9ff14,fold_1,0,4580431,1,1,1,600,600,29.296875,29.296875,100,100,1,1,1,4580442,0,0.43999999999999984,0.43999999999999984,0.87999999999999967,True,correct,correct;low_confidence;temporal_regime,DECISION-TIME
759cc00ab63a9822e6173550,fold_1,0,4581006,1,1,1,100,100,1.97265625,1.97265625,,,0,1,1,4581010,0,0,0,0,True,correct,correct;high_confidence;temporal_regime;feature_missingness,DECISION-TIME
06fbf0ae5c0f56721f7a4af1,fold_1,0,4582343,1,1,1,1000,1000,19.55078125,19.55078125,50,50,1,1,1,4582346,0,0.43999999999999984,0.43999999999999984,0.87999999999999967,True,correct,correct;low_confidence;temporal_regime,DECISION-TIME
d7aea178c47ac0a00fb589ac,fold_1,0,4582408,1,1,1,600,600,29.296875,29.296875,100,100,1,1,1,4582412,0,0.43999999999999984,0.43999999999999984,0.87999999999999967,True,correct,correct;low_confidence;temporal_regime,DECISION-TIME
e572c1d3b2a6e84ac856801b,fold_1,0,4584354,1,1,1,600,600,29.296875,29.296875,100,100,1,2,2,4585300,0,0.43999999999999984,0.43999999999999984,0.87999999999999967,True,correct,correct;low_confidence;temporal_regime,DECISION-TIME
fc9987b14fc0a61f779a36be,fold_1,1,4584567,1,1,1,600,600,29.296875,29.296875,100,100,1,1,1,4584679,0,0.43999999999999984,0.43999999999999984,0.87999999999999967,False,low_confidence_error,false_negative;low_confidence;temporal_regime,DECISION-TIME
3fd5f0cb9a90d4b46ce27b3c,fold_1,0,4585170,1,1,1,200,200,0.99609375,0.99609375,,,0,1,1,4585173,0,0,0,0,True,correct,correct;high_confidence;temporal_regime;feature_missingness,DECISION-TIME
d9f13ddb5f584dc2579a687f,fold_1,1,4585535,1,1,2,9000,9000,300,300,800,800,1,2,2,4585543,1,0.99958997211575884,0.99958997211575884,0.00082005576848231954,True,correct,correct;high_confidence;temporal_regime,DECISION-TIME
20f7f30fd6a0ac52594d3d58,fold_1,0,4585820,2,2,4,600,600,29.296875,29.296875,50,50,1,4,2,4585825.25,0,0.088888888888888892,0.088888888888888892,0.17777777777777781,True,correct,correct;high_confidence;temporal_regime,DECISION-TIME
7d762d1fe2522cf18f0c0c9b,fold_1,0,4586572,3,3,12,466.66666666666669,600,11.098958333333334,29.296875,25,25,1,12,7,4586576.833333333,0,0.088888888888888892,0.088888888888888892,0.17777777777777781,True,correct,correct;high_confidence;temporal_regime,DECISION-TIME
4a56b521a72b01c8ba87514a,fold_1,0,4586693,1,1,1,600,600,29.296875,29.296875,100,100,1,1,1,4586811,0,0.43999999999999984,0.43999999999999984,0.87999999999999967,True,correct,correct;low_confidence;temporal_regime,DECISION-TIME
2c782ad7edf3f664232adc76,fold_1,0,4586700,1,1,1,600,600,29.296875,29.296875,100,100,1,1,1,4586811,0,0.43999999999999984,0.43999999999999984,0.87999999999999967,True,correct,correct;low_confidence;temporal_regime,DECISION-TIME
03a66164e6ec57f15b8ac28e,fold_1,0,4586738,1,1,1,1000,1000,19.55078125,19.55078125,50,50,1,1,1,4586742,0,0.43999999999999984,0.43999999999999984,0.87999999999999967,True,correct,correct;low_confidence;temporal_regime,DECISION-TIME
60a03d8e8069ac1b51167f79,fold_1,0,4586740,2,2,28,1150,1500,34.1796875,39.0625,,,0,28,28,4586743.2857142854,0,0.025000000000000001,0.025000000000000001,0.050000000000000044,True,correct,correct;high_confidence;temporal_regime;feature_missingness,DECISION-TIME
046209409b1676c3394c9655,fold_1,0,4587068,1,1,1,600,600,29.296875,29.296875,100,100,1,1,1,4587082,0,0.43999999999999984,0.43999999999999984,0.87999999999999967,True,correct,correct;low_confidence;temporal_regime,DECISION-TIME
164505e622ecbc33f76f07a3,fold_1,0,4587707,1,1,10,50,50,29.296875,29.296875,100,100,1,10,6,4587710,0,0.088888888888888892,0.088888888888888892,0.17777777777777781,True,correct,correct;high_confidence;temporal_regime,DECISION-TIME
4c01a09d94c7c5ab9aaa8f37,fold_1,0,4588799,1,1,1,600,600,29.296875,29.296875,25,25,1,1,1,4588808,0,0.43999999999999984,0.43999999999999984,0.87999999999999967,True,correct,correct;low_confidence;temporal_regime,DECISION-TIME
c9475d33cee5bffcee9af4bd,fold_1,0,4589237,1,1,1,600,600,29.296875,29.296875,100,100,1,1,1,4589255,0,0.43999999999999984,0.43999999999999984,0.87999999999999967,True,correct,correct;low_confidence;temporal_regime,DECISION-TIME
5717d523898bf34859b5c8c9,fold_1,0,4589254,1,1,1,600,600,29.296875,29.296875,100,100,1,1,1,4589265,0,0.43999999999999984,0.43999999999999984,0.87999999999999967,True,correct,correct;low_confidence;temporal_regime,DECISION-TIME
e3caaa2842b4120146881fb8,fold_1,0,4590150,1,1,1,600,600,29.296875,29.296875,10,10,1,1,1,4590160,0,0.43999999999999984,0.43999999999999984,0.87999999999999967,True,correct,correct;low_confidence;temporal_regime,DECISION-TIME
8c2a42fba41501ec45f450c9,fold_1,0,4590189,2,2,4,600,600,29.296875,29.296875,50,50,1,4,2,4590193.5,0,0.088888888888888892,0.088888888888888892,0.17777777777777781,True,correct,correct;high_confidence;temporal_regime,DECISION-TIME
7cdf7067ce7911a829aece60,fold_1,0,4590293,1,1,1,600,600,29.296875,29.296875,10,10,1,1,1,4590334,0,0.43999999999999984,0.43999999999999984,0.87999999999999967,True,correct,correct;low_confidence;temporal_regime,DECISION-TIME
2240586137861f8324124365,fold_1,1,4590915,2,2,7,700,1200,15,20,25,25,1,7,5,4591868,0,0.025000000000000001,0.025000000000000001,0.050000000000000044,False,high_confidence_error,false_negative;high_confidence;temporal_regime,DECISION-TIME
00fe9d2bd29d06949ef53449,fold_1,0,4591173,1,1,1,600,600,29.296875,29.296875,100,100,1,3,2,4591632,0,0.43999999999999984,0.43999999999999984,0.87999999999999967,True,correct,correct;low_confidence;temporal_regime,DECISION-TIME
593b3b2c55de4732a99aff35,fold_1,0,4591526,1,1,1,600,600,29.296875,29.296875,25,25,1,1,1,4591534,0,0.43999999999999984,0.43999999999999984,0.87999999999999967,True,correct,correct;low_confidence;temporal_regime,DECISION-TIME
f5362ca4f545337b1a7181d1,fold_1,0,4591648,1,1,1,600,600,29.296875,29.296875,100,100,1,3,2,4592104,0,0.43999999999999984,0.43999999999999984,0.87999999999999967,True,correct,correct;low_confidence;temporal_regime,DECISION-TIME
d53bdfb0f6956950950742bb,fold_1,1,4592988,1,1,1,600,600,29.296875,29.296875,25,25,1,1,1,4593001,0,0.43999999999999984,0.43999999999999984,0.87999999999999967,False,low_confidence_error,false_negative;low_confidence;temporal_regime,DECISION-TIME
b8d2cf6ec248ce53ba5fa3d1,fold_1,0,4593025,1,1,4,600,600,29.296875,29.296875,50,50,1,4,4,4609835,0,0.43999999999999984,0.43999999999999984,0.87999999999999967,True,correct,correct;low_confidence;temporal_regime,DECISION-TIME
b8491cf657225d0a8c484d80,fold_1,0,4593325,1,1,1,600,600,29.296875,29.296875,100,100,1,1,1,4593336,0,0.43999999999999984,0.43999999999999984,0.87999999999999967,True,correct,correct;low_confidence;temporal_regime,DECISION-TIME
44b008024401bd0e377b5bc0,fold_1,0,4594057,1,1,1,600,600,29.296875,29.296875,25,25,1,1,1,4594067,0,0.43999999999999984,0.43999999999999984,0.87999999999999967,True,correct,correct;low_confidence;temporal_regime,DECISION-TIME
dedfd9564d1dc543ab0aa832,fold_1,1,4594572,1,1,1,1600,1600,29.296875,29.296875,100,100,1,1,1,4594584,0,0.43999999999999984,0.43999999999999984,0.87999999999999967,False,low_confidence_error,false_negative;low_confidence;temporal_regime,DECISION-TIME
e24fe38bea4e097f3b2b1b2c,fold_1,0,4595598,2,2,51,500,600,19.53125,19.53125,50,50,1,52,41,4595658.333333333,0,0.088888888888888892,0.088888888888888892,0.17777777777777781,True,correct,correct;high_confidence;temporal_regime,DECISION-TIME
dffb413187ecab6bf2f3e32c,fold_1,0,4596878,1,1,1,100,100,1.97265625,1.97265625,,,0,1,1,4596880,0,0,0,0,True,correct,correct;high_confidence;temporal_regime;feature_missingness,DECISION-TIME
cb215708f5b572cd370ec2ec,fold_1,1,4597168,1,1,1,600,600,29.296875,29.296875,10,10,1,1,1,4597180,0,0.43999999999999984,0.43999999999999984,0.87999999999999967,False,low_confidence_error,false_negative;low_confidence;temporal_regime,DECISION-TIME
15180b4f1cfec632461213a2,fold_1,0,4597802,1,1,8,1800,1800,58.59375,58.59375,100,100,1,8,7,4597808.75,1,0.55555555555555558,0.55555555555555558,0.88888888888888884,False,low_confidence_error,false_positive;low_confidence;temporal_regime,DECISION-TIME
18a66c215758e6ce6682c0e6,fold_1,0,4598426,1,1,1,600,600,29.296875,29.296875,100,100,1,1,1,4598436,0,0.43999999999999984,0.43999999999999984,0.87999999999999967,True,correct,correct;low_confidence;temporal_regime,DECISION-TIME
07f3f67412835c35f3c798a2,fold_1,0,4598776,1,1,1,1000,1000,19.55078125,19.55078125,50,50,1,1,1,4598779,0,0.43999999999999984,0.43999999999999984,0.87999999999999967,True,correct,correct;low_confidence;temporal_regime,DECISION-TIME
ecd7ec33fe0ad043001dd91d,fold_1,0,4599637,2,2,4,600,600,29.296875,29.296875,50,50,1,4,2,4599642.75,0,0.088888888888888892,0.088888888888888892,0.17777777777777781,True,correct,correct;high_confidence;temporal_regime,DECISION-TIME
5b11576812de792032b9275f,fold_1,0,4600018,1,1,1,600,600,29.296875,29.296875,25,25,1,1,1,4600026,0,0.43999999999999984,0.43999999999999984,0.87999999999999967,True,correct,correct;low_confidence;temporal_regime,DECISION-TIME
6480c177492698fa3dcae5bf,fold_1,0,4600450,1,1,1,600,600,29.296875,29.296875,100,100,1,1,1,4600491,0,0.43999999999999984,0.43999999999999984,0.87999999999999967,True,correct,correct;low_confidence;temporal_regime,DECISION-TIME
aedfdb7fafbbc80e85f617c0,fold_1,0,4600457,1,1,1,600,600,29.296875,29.296875,100,100,1,1,1,4600460,0,0.43999999999999984,0.43999999999999984,0.87999999999999967,True,correct,correct;low_confidence;temporal_regime,DECISION-TIME
76a28e457c3601599864d4e1,fold_1,0,4600657,1,1,1,600,600,29.296875,29.296875,100,100,1,3,2,4601114,0,0.43999999999999984,0.43999999999999984,0.87999999999999967,True,correct,correct;low_confidence;temporal_regime,DECISION-TIME
e07f80f6ca4b69b5ef32ed73,fold_1,1,4601723,1,1,5,600,600,19.53125,19.53125,100,100,1,2,2,4601750,0,0.088888888888888892,0.088888888888888892,0.17777777777777781,False,high_confidence_error,false_negative;high_confidence;temporal_regime,DECISION-TIME
74ef4757323908494320d7d8,fold_1,1,4601853,1,1,1,600,600,29.296875,29.296875,100,100,1,1,1,4601864,0,0.43999999999999984,0.43999999999999984,0.87999999999999967,False,low_confidence_error,false_negative;low_confidence;temporal_regime,DECISION-TIME
c010c29cda01a556cfdd59ff,fold_1,0,4601897,1,1,1,600,600,29.296875,29.296875,100,100,1,1,1,4601903,0,0.43999999999999984,0.43999999999999984,0.87999999999999967,True,correct,correct;low_confidence;temporal_regime,DECISION-TIME
507dae2330bf93a400204cf1,fold_1,0,4602084,2,2,50,600,600,29.296875,29.296875,100,100,1,50,50,4602259.7400000002,0,0.43999999999999984,0.43999999999999984,0.87999999999999967,True,correct,correct;low_confidence;temporal_regime,DECISION-TIME
c4b3773d5bba0388d3c947b2,fold_1,0,4602198,1,1,1,1800,1800,58.59375,58.59375,100,100,1,1,1,4602324,0,0.43999999999999984,0.43999999999999984,0.87999999999999967,True,correct,correct;low_confidence;temporal_regime,DECISION-TIME
d9a1ad36d7a04220811a2257,fold_1,0,4602460,1,1,1,600,600,29.296875,29.296875,100,100,1,1,1,4602567,0,0.43999999999999984,0.43999999999999984,0.87999999999999967,True,correct,correct;low_confidence;temporal_regime,DECISION-TIME
6f18776291820c8085ae40e0,fold_1,0,4603226,1,1,1,600,600,29.296875,29.296875,50,50,1,1,1,4603235,0,0.43999999999999984,0.43999999999999984,0.87999999999999967,True,correct,correct;low_confidence;temporal_regime,DECISION-TIME
21f47ca7539da56549ca8eae,fold_1,0,4603845,2,2,26,350,600,2,2,25,25,1,30,8,4603855.7000000002,0,0.025000000000000001,0.025000000000000001,0.050000000000000044,True,correct,correct;high_confidence;temporal_regime,DECISION-TIME
3e3f6d4919c646567d4a6ef6,fold_1,0,4603895,2,2,4,600,600,29.296875,29.296875,50,50,1,4,2,4603900.25,0,0.088888888888888892,0.088888888888888892,0.17777777777777781,True,correct,correct;high_confidence;temporal_regime,DECISION-TIME
a4c02d772c1b46e5a5dcefcc,fold_1,0,4604480,1,1,1,600,600,29.296875,29.296875,100,100,1,1,1,4604483,0,0.43999999999999984,0.43999999999999984,0.87999999999999967,True,correct,correct;low_confidence;temporal_regime,DECISION-TIME
33adde4949eda83c09a0f972,fold_1,0,4605459,1,1,1,400,400,5.859375,5.859375,100,100,1,1,1,4605465,0,0.088888888888888892,0.088888888888888892,0.17777777777777781,True,correct,correct;high_confidence;temporal_regime,DECISION-TIME
e2b4ebf201424acea8531017,fold_1,0,4605503,1,1,1,600,600,29.296875,29.296875,100,100,1,1,1,4605578,0,0.43999999999999984,0.43999999999999984,0.87999999999999967,True,correct,correct;low_confidence;temporal_regime,DECISION-TIME
8abd8e68e07863d186bb812a,fold_1,0,4605546,2,2,5,600,600,58.59375,58.59375,50,50,1,5,2,4605551.5999999996,0,0.43999999999999984,0.43999999999999984,0.87999999999999967,True,correct,correct;low_confidence;temporal_regime,DECISION-TIME
dfd02707ae4abe45b80bf12a,fold_1,0,4606248,1,1,1,600,600,29.296875,29.296875,100,100,1,3,2,4606732,0,0.43999999999999984,0.43999999999999984,0.87999999999999967,True,correct,correct;low_confidence;temporal_regime,DECISION-TIME
8383d73b70b4794f95043398,fold_1,0,4606250,1,1,40,600,600,29.296875,29.296875,5,5,1,40,11,4606254.75,0,0.43999999999999984,0.43999999999999984,0.87999999999999967,True,correct,correct;low_confidence;temporal_regime,DECISION-TIME
e4c6c6fa6a6f423b0d150cc8,fold_1,0,4606327,1,1,2,1800,1800,58.59375,58.59375,100,100,1,2,1,4606377.5,0,0.43999999999999984,0.43999999999999984,0.87999999999999967,True,correct,correct;low_confidence;temporal_regime,DECISION-TIME
3deec2f5b02b4c0da315702d,fold_1,1,4606550,1,1,1,1800,1800,58.59375,58.59375,100,100,1,1,1,4606553,0,0.43999999999999984,0.43999999999999984,0.87999999999999967,False,low_confidence_error,false_negative;low_confidence;temporal_regime,DECISION-TIME
3edfd9ad1ca0a59c6034f230,fold_1,1,4607506,1,1,1,1800,1800,58.59375,58.59375,100,100,1,1,1,4607518,0,0.43999999999999984,0.43999999999999984,0.87999999999999967,False,low_confidence_error,false_negative;low_confidence;temporal_regime,DECISION-TIME
18ae05389d7bad700e947aa0,fold_1,0,4607592,1,1,1,3200,3200,19.53125,19.53125,100,100,1,1,1,4607595,0,0.43999999999999984,0.43999999999999984,0.87999999999999967,True,correct,correct;low_confidence;temporal_regime,DECISION-TIME
aa74191df31de8e394bb6193,fold_1,0,4607592,1,1,1,3200,3200,19.53125,19.53125,100,100,1,1,1,4607595,0,0.43999999999999984,0.43999999999999984,0.87999999999999967,True,correct,correct;low_confidence;temporal_regime,DECISION-TIME
b63ca0d1b012225c90e464a5,fold_1,1,4608018,1,1,1,1800,1800,58.59375,58.59375,100,100,1,1,1,4608022,0,0.43999999999999984,0.43999999999999984,0.87999999999999967,False,low_confidence_error,false_negative;low_confidence;temporal_regime,DECISION-TIME
3acab7a17d70d86c82e883eb,fold_1,0,4608312,1,1,1,600,600,29.296875,29.296875,25,25,1,1,1,4608317,0,0.43999999999999984,0.43999999999999984,0.87999999999999967,True,correct,correct;low_confidence;temporal_regime,DECISION-TIME
338b81e4be3ee0bba50b068f,fold_1,0,4608431,1,1,1,1800,1800,58.59375,58.59375,100,100,1,1,1,4608434,0,0.43999999999999984,0.43999999999999984,0.87999999999999967,True,correct,correct;low_confidence;temporal_regime,DECISION-TIME
f6902ea6a855c31f12c081ae,fold_1,0,4608951,1,1,1,1200,1200,29.296875,29.296875,100,100,1,1,1,4608976,0,0.43999999999999984,0.43999999999999984,0.87999999999999967,True,correct,correct;low_confidence;temporal_regime,DECISION-TIME
01231a6d51fca2b130e7dfb1,fold_1,0,4609248,1,1,1,600,600,29.296875,29.296875,10,10,1,1,1,4609252,0,0.43999999999999984,0.43999999999999984,0.87999999999999967,True,correct,correct;low_confidence;temporal_regime,DECISION-TIME
6f4c63a04da7db93e98213c1,fold_1,0,4609257,1,1,1,600,600,29.296875,29.296875,10,10,1,1,1,4609263,0,0.43999999999999984,0.43999999999999984,0.87999999999999967,True,correct,correct;low_confidence;temporal_regime,DECISION-TIME
2ae2bfc8f1c08be92d77a7e3,fold_1,1,4609361,1,1,1,600,600,29.296875,29.296875,25,25,1,1,1,4609365,0,0.43999999999999984,0.43999999999999984,0.87999999999999967,False,low_confidence_error,false_negative;low_confidence;temporal_regime,DECISION-TIME
068476b11d58cc0d15b9c233,fold_1,0,4609592,1,1,1,600,600,29.296875,29.296875,10,10,1,1,1,4609604,0,0.43999999999999984,0.43999999999999984,0.87999999999999967,True,correct,correct;low_confidence;temporal_regime,DECISION-TIME
4f2a8b380b6bc8ad2f401c00,fold_1,0,4609594,1,1,1,600,600,29.296875,29.296875,10,10,1,1,1,4609604,0,0.43999999999999984,0.43999999999999984,0.87999999999999967,True,correct,correct;low_confidence;temporal_regime,DECISION-TIME
e2c1bd89cac5703c99b0a3cd,fold_1,0,4611354,2,2,6,600,600,29.296875,39.0625,100,100,1,6,6,4611365.833333333,0,0.43999999999999984,0.43999999999999984,0.87999999999999967,True,correct,correct;low_confidence;temporal_regime,DECISION-TIME
160dca0515981ea7ad84baea,fold_1,0,4611759,2,2,26,350,600,2.25,2.5,25,25,1,26,13,4611765.615384615,0,0.025000000000000001,0.025000000000000001,0.050000000000000044,True,correct,correct;high_confidence;temporal_regime,DECISION-TIME
51ec6bf20cfeafda8d40d4ac,fold_1,1,4613178,1,1,8,1800,1800,58.59375,58.59375,100,100,1,7,7,4613192,0,0.43999999999999984,0.43999999999999984,0.87999999999999967,False,low_confidence_error,false_negative;low_confidence;temporal_regime,DECISION-TIME
e799cc6f478dc0d24683b493,fold_1,0,4613600,2,2,37,350,600,2.5,3,25,25,1,41,13,4613609.682926829,0,0.025000000000000001,0.025000000000000001,0.050000000000000044,True,correct,correct;high_confidence;temporal_regime,DECISION-TIME
34104fc2bd82e9a889b64113,fold_1,1,4613966,1,1,3,800,800,14.6484375,14.6484375,100,100,1,3,3,4613976,0,0.088888888888888892,0.088888888888888892,0.17777777777777781,False,high_confidence_error,false_negative;high_confidence;temporal_regime,DECISION-TIME
ee0a7b2eed0e08175ec2e5ad,fold_1,0,4614267,1,1,1,800,800,7.83203125,7.83203125,50,50,1,1,1,4614270,0,0.088888888888888892,0.088888888888888892,0.17777777777777781,True,correct,correct;high_confidence;temporal_regime,DECISION-TIME
a727fd0f8924e931afd9eab6,fold_1,1,4614990,1,1,1,600,600,29.296875,29.296875,100,100,1,1,1,4614993,0,0.43999999999999984,0.43999999999999984,0.87999999999999967,False,low_confidence_error,false_negative;low_confidence;temporal_regime,DECISION-TIME
56eb56109ede5553e80df52c,fold_1,1,4615208,1,1,1,600,600,29.296875,29.296875,100,100,1,1,1,4615212,0,0.43999999999999984,0.43999999999999984,0.87999999999999967,False,low_confidence_error,false_negative;low_confidence;temporal_regime,DECISION-TIME
7c590de23f52ed1f521501ed,fold_1,0,4615634,1,1,1,50,50,48.828125,48.828125,500,500,1,1,1,4615638,0,0.025000000000000001,0.025000000000000001,0.050000000000000044,True,correct,correct;high_confidence;temporal_regime,DECISION-TIME
2032493a7bc8c52f0986cf14,fold_1,1,4616099,1,1,1,1600,1600,29.296875,29.296875,100,100,1,1,1,4616213,0,0.43999999999999984,0.43999999999999984,0.87999999999999967,False,low_confidence_error,false_negative;low_confidence;temporal_regime,DECISION-TIME
d44129a00d4646098660d085,fold_1,0,4616325,1,1,1,1800,1800,58.59375,58.59375,100,100,1,1,1,4616333,0,0.43999999999999984,0.43999999999999984,0.87999999999999967,True,correct,correct;low_confidence;temporal_regime,DECISION-TIME
1ea2a03949cfdaa1a3804a56,fold_1,0,4616326,1,1,1,1800,1800,58.59375,58.59375,100,100,1,1,1,4616334,0,0.43999999999999984,0.43999999999999984,0.87999999999999967,True,correct,correct;low_confidence;temporal_regime,DECISION-TIME
e01ade2355d61fabf058a00c,fold_1,0,4618678,1,1,1,600,600,29.296875,29.296875,10,10,1,1,1,4618682,0,0.43999999999999984,0.43999999999999984,0.87999999999999967,True,correct,correct;low_confidence;temporal_regime,DECISION-TIME
596ac6033ebf5df77493d22d,fold_1,0,4618837,1,1,16,1800,1800,58.59375,58.59375,100,100,1,16,11,4618845.75,1,0.55918839077670246,0.55918839077670246,0.88162321844659508,False,low_confidence_error,false_positive;low_confidence;temporal_regime,DECISION-TIME
9ab87c059969ab30f35f4080,fold_1,0,4619534,1,1,1,600,600,29.296875,29.296875,100,100,1,1,1,4619537,0,0.43999999999999984,0.43999999999999984,0.87999999999999967,True,correct,correct;low_confidence;temporal_regime,DECISION-TIME
9b97dcbf66fdf4294fbba284,fold_1,1,4620145,1,1,1,600,600,29.296875,29.296875,100,100,1,1,1,4620152,0,0.43999999999999984,0.43999999999999984,0.87999999999999967,False,low_confidence_error,false_negative;low_confidence;temporal_regime,DECISION-TIME
36e73f3d90923537bce2c879,fold_1,0,4620345,2,2,31,350,600,16.11328125,31.25,100,100,1,31,25,4635619.3548387093,0,0.088888888888888892,0.088888888888888892,0.17777777777777781,True,correct,correct;high_confidence;temporal_regime,DECISION-TIME
08a015b202a3f136c24e4a20,fold_1,1,4620902,1,1,1,600,600,29.296875,29.296875,100,100,1,1,1,4620908,0,0.43999999999999984,0.43999999999999984,0.87999999999999967,False,low_confidence_error,false_negative;low_confidence;temporal_regime,DECISION-TIME
0577d7b72d16cd2db7edc0fe,fold_1,0,4621026,1,1,1,600,600,29.296875,29.296875,10,10,1,1,1,4621032,0,0.43999999999999984,0.43999999999999984,0.87999999999999967,True,correct,correct;low_confidence;temporal_regime,DECISION-TIME
cdf7fa568911a4e3584f7fe9,fold_1,0,4623402,1,1,1,20,20,29.296875,29.296875,10,10,1,1,1,4623409,0,0.125,0.125,0.25,True,correct,correct;high_confidence;temporal_regime,DECISION-TIME
e3894ba12538f54f02c3e32f,fold_1,0,4623670,1,1,1,3200,3200,19.53125,19.53125,100,100,1,1,1,4623673,0,0.43999999999999984,0.43999999999999984,0.87999999999999967,True,correct,correct;low_confidence;temporal_regime,DECISION-TIME
653226d991a3e2190e240d13,fold_1,0,4624262,1,1,1,1600,1600,29.296875,29.296875,100,100,1,1,1,4624376,0,0.43999999999999984,0.43999999999999984,0.87999999999999967,True,correct,correct;low_confidence;temporal_regime,DECISION-TIME
cdca07601c524b6cd5316b69,fold_1,1,4624830,1,1,1,1800,1800,58.59375,58.59375,100,100,1,1,1,4624853,0,0.43999999999999984,0.43999999999999984,0.87999999999999967,False,low_confidence_error,false_negative;low_confidence;temporal_regime,DECISION-TIME
2a722a96950b7eab822d5108,fold_1,0,4625612,1,1,50,600,600,29.296875,29.296875,100,100,1,50,13,4625690.9000000004,0,0.43999999999999984,0.43999999999999984,0.87999999999999967,True,correct,correct;low_confidence;temporal_regime,DECISION-TIME
e5caca14d16ac45ae9a88f5f,fold_1,0,4627529,1,1,1,600,600,29.296875,29.296875,100,100,1,3,2,4627987,0,0.43999999999999984,0.43999999999999984,0.87999999999999967,True,correct,correct;low_confidence;temporal_regime,DECISION-TIME
21d284ce627b3c8534b9100e,fold_1,1,4627913,1,1,1,1800,1800,58.59375,58.59375,100,100,1,1,1,4627920,0,0.43999999999999984,0.43999999999999984,0.87999999999999967,False,low_confidence_error,false_negative;low_confidence;temporal_regime,DECISION-TIME
0558942bee4caaa851cdfb47,fold_1,0,4631220,2,2,8,600,600,48.828125,78.125,50,50,1,8,8,4631233.625,1,0.66537313521491492,0.66537313521491492,0.66925372957017015,False,low_confidence_error,false_positive;low_confidence;temporal_regime,DECISION-TIME
83599bb69002b070b1891bfa,fold_1,0,4631641,2,2,22,700,800,9.765625,9.765625,10,10,1,23,20,4631692.6363636367,0,0.088888888888888892,0.088888888888888892,0.17777777777777781,True,correct,correct;high_confidence;temporal_regime,DECISION-TIME
3e625c005cc0fdea092978e9,fold_1,0,4634794,1,1,1,200,200,4.8828125,4.8828125,100,100,1,1,1,4634798,0,0.088888888888888892,0.088888888888888892,0.17777777777777781,True,correct,correct;high_confidence;temporal_regime,DECISION-TIME
114cbda7f6fa708435ad2084,fold_1,0,4635838,1,1,1,600,600,29.296875,29.296875,25,25,1,1,1,4635845,0,0.43999999999999984,0.43999999999999984,0.87999999999999967,True,correct,correct;low_confidence;temporal_regime,DECISION-TIME
251fa9d6c4f4d8dec346fd04,fold_1,0,4636386,1,1,1,1600,1600,29.296875,29.296875,100,100,1,1,1,4636390,0,0.43999999999999984,0.43999999999999984,0.87999999999999967,True,correct,correct;low_confidence;temporal_regime,DECISION-TIME
4a56ffb467c2a43345658012,fold_1,1,4637084,1,1,1,600,600,29.296875,29.296875,25,25,1,1,1,4637097,0,0.43999999999999984,0.43999999999999984,0.87999999999999967,False,low_confidence_error,false_negative;low_confidence;temporal_regime,DECISION-TIME
2f6906029a4f55be69c8f0fc,fold_1,0,4637238,1,1,1,800,800,31.26953125,31.26953125,,,0,1,1,4637241,0,0.025000000000000001,0.025000000000000001,0.050000000000000044,True,correct,correct;high_confidence;temporal_regime;feature_missingness,DECISION-TIME
e9ad062504ecb05a14dd56f6,fold_1,0,4637401,1,1,1,10,10,29.296875,29.296875,10,10,1,1,1,4637409,0,0.125,0.125,0.25,True,correct,correct;high_confidence;temporal_regime,DECISION-TIME
a8d444a7e35cde0633b55cb6,fold_1,0,4637916,1,1,1,10,10,29.296875,29.296875,10,10,1,1,1,4637923,0,0.125,0.125,0.25,True,correct,correct;high_confidence;temporal_regime,DECISION-TIME
31e1c0b15169c01a963667ac,fold_1,0,4638000,1,1,1,10,10,29.296875,29.296875,10,10,1,1,1,4638004,0,0.125,0.125,0.25,True,correct,correct;high_confidence;temporal_regime,DECISION-TIME
fa6280e1823cb46f5fc363e7,fold_1,0,4638275,1,1,1,100,100,29.296875,29.296875,25,25,1,1,1,4638288,0,0.125,0.125,0.25,True,correct,correct;high_confidence;temporal_regime,DECISION-TIME
7979beda3041ec2824f19518,fold_1,0,4638988,1,1,1,600,600,29.296875,29.296875,100,100,1,1,1,4638991,0,0.43999999999999984,0.43999999999999984,0.87999999999999967,True,correct,correct;low_confidence;temporal_regime,DECISION-TIME
ea2a93213d98a4c319fedbbd,fold_1,0,4639038,1,1,1,600,600,29.296875,29.296875,25,25,1,1,1,4639045,0,0.43999999999999984,0.43999999999999984,0.87999999999999967,True,correct,correct;low_confidence;temporal_regime,DECISION-TIME
ec7c4756a306b167fcdd9e77,fold_1,0,4639064,1,1,1,800,800,19.53125,19.53125,100,100,1,1,1,4639067,0,0.088888888888888892,0.088888888888888892,0.17777777777777781,True,correct,correct;high_confidence;temporal_regime,DECISION-TIME
7d01dc202de73333eb2a5024,fold_1,0,4640501,1,1,1,600,600,29.296875,29.296875,100,100,1,1,1,4640504,0,0.43999999999999984,0.43999999999999984,0.87999999999999967,True,correct,correct;low_confidence;temporal_regime,DECISION-TIME
cab6fc3c952a907521ea5481,fold_1,0,4640956,1,1,1,600,600,29.296875,29.296875,100,100,1,1,1,4640959,0,0.43999999999999984,0.43999999999999984,0.87999999999999967,True,correct,correct;low_confidence;temporal_regime,DECISION-TIME
8fd990a035d0f7a1046afb0f,fold_1,0,4642138,1,1,2,100,100,1.0068359375,1.0068359375,,,0,2,2,4642144,0,0,0,0,True,correct,correct;high_confidence;temporal_regime;feature_missingness,DECISION-TIME
984c3502b533dfc9deafd500,fold_1,1,4643298,2,2,2,550,600,20.5078125,29.296875,100,100,1,12,12,4643846.4545454541,0,0.43999999999999984,0.43999999999999984,0.87999999999999967,False,low_confidence_error,false_negative;low_confidence;temporal_regime,DECISION-TIME
9fc769227ec0b9219e3b6576,fold_1,0,4645219,1,1,1,20,20,29.296875,29.296875,5,5,1,1,1,4645227,0,0.125,0.125,0.25,True,correct,correct;high_confidence;temporal_regime,DECISION-TIME
e4e248ee58b398a0d9edc5e7,fold_1,0,4646240,1,1,1,600,600,29.296875,29.296875,10,10,1,1,1,4646245,0,0.43999999999999984,0.43999999999999984,0.87999999999999967,True,correct,correct;low_confidence;temporal_regime,DECISION-TIME
2a0be53e0f5209d0b83f2a3d,fold_1,1,4646467,1,1,1,600,600,29.296875,29.296875,10,10,1,1,1,4646477,0,0.43999999999999984,0.43999999999999984,0.87999999999999967,False,low_confidence_error,false_negative;low_confidence;temporal_regime,DECISION-TIME
5d2d1e3976500b3e50a45dcd,fold_1,1,4646623,1,1,1,600,600,29.296875,29.296875,10,10,1,1,1,4646637,0,0.43999999999999984,0.43999999999999984,0.87999999999999967,False,low_confidence_error,false_negative;low_confidence;temporal_regime,DECISION-TIME
31808d284e86d12db45ce0f2,fold_1,0,4646713,1,1,1,600,600,29.296875,29.296875,10,10,1,1,1,4646831,0,0.43999999999999984,0.43999999999999984,0.87999999999999967,True,correct,correct;low_confidence;temporal_regime,DECISION-TIME
64e7ab5e2c3585b5121d9807,fold_1,0,4648033,1,1,1,600,600,29.296875,29.296875,25,25,1,1,1,4648037,0,0.43999999999999984,0.43999999999999984,0.87999999999999967,True,correct,correct;low_confidence;temporal_regime,DECISION-TIME
19f0738c6e9a3a0427952eff,fold_1,0,4648706,1,1,1,600,600,29.296875,29.296875,100,100,1,1,1,4648712,0,0.43999999999999984,0.43999999999999984,0.87999999999999967,True,correct,correct;low_confidence;temporal_regime,DECISION-TIME
4cab362902ad657ef19854c9,fold_1,0,4651448,1,1,1,600,600,29.296875,29.296875,100,100,1,1,1,4651451,0,0.43999999999999984,0.43999999999999984,0.87999999999999967,True,correct,correct;low_confidence;temporal_regime,DECISION-TIME
93a62ae37464d9350517f2a5,fold_1,0,4651639,1,1,1,600,600,29.296875,29.296875,100,100,1,1,1,4651642,0,0.43999999999999984,0.43999999999999984,0.87999999999999967,True,correct,correct;low_confidence;temporal_regime,DECISION-TIME
83680cc2375332bfe1b68e0d,fold_1,0,4653513,1,1,1,600,600,29.296875,29.296875,100,100,1,1,1,4653524,0,0.43999999999999984,0.43999999999999984,0.87999999999999967,True,correct,correct;low_confidence;temporal_regime,DECISION-TIME
1b8d472cb63d4a380c0c97e5,fold_1,0,4653608,1,1,50,600,600,29.296875,29.296875,100,100,1,50,50,4653613.8200000003,0,0.43999999999999984,0.43999999999999984,0.87999999999999967,True,correct,correct;low_confidence;temporal_regime,DECISION-TIME
c6e9f1034700bdb90626115f,fold_1,0,4653794,1,1,1,600,600,29.296875,29.296875,100,100,1,1,1,4653804,0,0.43999999999999984,0.43999999999999984,0.87999999999999967,True,correct,correct;low_confidence;temporal_regime,DECISION-TIME
3309f85ad07c9140a4d7b111,fold_1,0,4656313,1,1,1,600,600,29.296875,29.296875,25,25,1,1,1,4656320,0,0.43999999999999984,0.43999999999999984,0.87999999999999967,True,correct,correct;low_confidence;temporal_regime,DECISION-TIME
77fedefc9bee2967b24dbb9e,fold_1,0,4658667,2,2,23,600,600,29.296875,29.296875,25,25,1,23,16,4658674.3043478262,0,0.43999999999999984,0.43999999999999984,0.87999999999999967,True,correct,correct;low_confidence;temporal_regime,DECISION-TIME
8cc5eca229277a90ffa5ebeb,fold_1,0,4660442,1,1,1,1200,1200,29.296875,29.296875,5,5,1,1,1,4660445,0,0.43999999999999984,0.43999999999999984,0.87999999999999967,True,correct,correct;low_confidence;temporal_regime,DECISION-TIME
671bf1e37a71afbab638be99,fold_1,0,4660918,1,1,1,600,600,29.296875,29.296875,50,50,1,2,2,4661853,0,0.43999999999999984,0.43999999999999984,0.87999999999999967,True,correct,correct;low_confidence;temporal_regime,DECISION-TIME
ed39d6612bb3f8965e4df2c2,fold_1,0,4660924,1,1,1,600,600,29.296875,29.296875,50,50,1,1,1,4660930,0,0.43999999999999984,0.43999999999999984,0.87999999999999967,True,correct,correct;low_confidence;temporal_regime,DECISION-TIME
5556a0ce878d879fd25c43fd,fold_1,0,4660945,1,1,1,600,600,29.296875,29.296875,100,100,1,1,1,4660950,0,0.43999999999999984,0.43999999999999984,0.87999999999999967,True,correct,correct;low_confidence;temporal_regime,DECISION-TIME
6b841540ab1a79f71f83a915,fold_1,0,4661139,1,1,1,600,600,29.296875,29.296875,100,100,1,1,1,4661150,0,0.43999999999999984,0.43999999999999984,0.87999999999999967,True,correct,correct;low_confidence;temporal_regime,DECISION-TIME
9118316e6f088751281ce1b4,fold_1,0,4661251,1,1,1,3200,3200,19.53125,19.53125,100,100,1,1,1,4661254,0,0.43999999999999984,0.43999999999999984,0.87999999999999967,True,correct,correct;low_confidence;temporal_regime,DECISION-TIME
1669a5dc168bdeee9986caa2,fold_1,0,4664274,1,1,2,600,600,29.296875,29.296875,100,100,1,2,1,4664277,0,0.43999999999999984,0.43999999999999984,0.87999999999999967,True,correct,correct;low_confidence;temporal_regime,DECISION-TIME
a124e8fd722374a7bb92ef6f,fold_1,0,4664747,3,3,4,600,600,29.296875,29.296875,100,100,1,4,3,4664751,0,0.088888888888888892,0.088888888888888892,0.17777777777777781,True,correct,correct;high_confidence;temporal_regime,DECISION-TIME
ec96d8ae51eab214340ec38f,fold_1,0,4665099,1,1,1,1200,1200,29.296875,29.296875,100,100,1,1,1,4665107,0,0.43999999999999984,0.43999999999999984,0.87999999999999967,True,correct,correct;low_confidence;temporal_regime,DECISION-TIME
d82aeeba4c51eaf170e387e5,fold_1,0,4665266,1,1,3,600,600,29.296875,29.296875,100,100,1,3,3,4665269.333333333,0,0.43999999999999984,0.43999999999999984,0.87999999999999967,True,correct,correct;low_confidence;temporal_regime,DECISION-TIME
190a5b1726b0ded64faae373,fold_1,0,4665302,1,1,1,600,600,29.296875,29.296875,100,100,1,1,1,4665308,0,0.43999999999999984,0.43999999999999984,0.87999999999999967,True,correct,correct;low_confidence;temporal_regime,DECISION-TIME
0012a06a9ad2ec144856508f,fold_1,0,4665600,1,1,1,600,600,29.296875,29.296875,100,100,1,1,1,4665603,0,0.43999999999999984,0.43999999999999984,0.87999999999999967,True,correct,correct;low_confidence;temporal_regime,DECISION-TIME
ab3e0ea155d396237fcb84ad,fold_1,0,4665650,1,1,10,600,600,29.296875,29.296875,100,100,1,15,11,4666138.0999999996,0,0.43999999999999984,0.43999999999999984,0.87999999999999967,True,correct,correct;low_confidence;temporal_regime,DECISION-TIME
96133d6f63477760491e5579,fold_1,0,4666146,1,1,1,600,600,29.296875,29.296875,100,100,1,1,1,4666151,0,0.43999999999999984,0.43999999999999984,0.87999999999999967,True,correct,correct;low_confidence;temporal_regime,DECISION-TIME
62d3b734d9f36e65ef217d90,fold_1,0,4666349,1,1,1,600,600,29.296875,29.296875,10,10,1,1,1,4666361,0,0.43999999999999984,0.43999999999999984,0.87999999999999967,True,correct,correct;low_confidence;temporal_regime,DECISION-TIME
156856a938f462a578922d20,fold_1,0,4666558,1,1,1,600,600,29.296875,29.296875,10,10,1,1,1,4666561,0,0.43999999999999984,0.43999999999999984,0.87999999999999967,True,correct,correct;low_confidence;temporal_regime,DECISION-TIME
1f48020f95747e0c27370192,fold_1,0,4666569,2,2,8,600,600,15.625,19.53125,25,25,1,8,8,4666578,0,0.088888888888888892,0.088888888888888892,0.17777777777777781,True,correct,correct;high_confidence;temporal_regime,DECISION-TIME
983711656d9c990dc3a19cc5,fold_1,0,4666890,1,1,10,600,600,29.296875,29.296875,50,50,1,10,7,4666893,0,0.43999999999999984,0.43999999999999984,0.87999999999999967,True,correct,correct;low_confidence;temporal_regime,DECISION-TIME
ea8cc406cc50aa8b03451ea7,fold_1,1,4668370,1,1,1,1800,1800,58.59375,58.59375,20,20,1,3,2,4668827,1,0.64972747230707528,0.64972747230707528,0.70054505538584944,True,correct,correct;low_confidence;temporal_regime,DECISION-TIME
506f2efa2c30054cb6ed1cf3,fold_1,0,4668540,1,1,1,600,600,29.296875,29.296875,10,10,1,2,2,4669478,0,0.43999999999999984,0.43999999999999984,0.87999999999999967,True,correct,correct;low_confidence;temporal_regime,DECISION-TIME
d88b9331e129ea374375201f,fold_1,0,4669631,1,1,1,600,600,29.296875,29.296875,10,10,1,1,1,4669639,0,0.43999999999999984,0.43999999999999984,0.87999999999999967,True,correct,correct;low_confidence;temporal_regime,DECISION-TIME
e445ab916173038be0e9d41e,fold_1,1,4670841,1,1,1,600,600,29.296875,29.296875,100,100,1,1,1,4670852,0,0.43999999999999984,0.43999999999999984,0.87999999999999967,False,low_confidence_error,false_negative;low_confidence;temporal_regime,DECISION-TIME
fd74bb632709452c45db8b7b,fold_1,0,4670883,1,1,1,400,400,10,10,200,200,1,1,1,4670892,0,0.025000000000000001,0.025000000000000001,0.050000000000000044,True,correct,correct;high_confidence;temporal_regime,DECISION-TIME
48797234b4a9d1de7fddd97d,fold_1,0,4671403,2,2,6,500,600,2.9296875,3.90625,100,100,1,6,5,4671412.833333333,0,0.025000000000000001,0.025000000000000001,0.050000000000000044,True,correct,correct;high_confidence;temporal_regime,DECISION-TIME
03ee930eb189b96fbd87c746,fold_1,0,4674055,1,1,1,800,800,31.26953125,31.26953125,,,0,1,1,4674058,0,0.025000000000000001,0.025000000000000001,0.050000000000000044,True,correct,correct;high_confidence;temporal_regime;feature_missingness,DECISION-TIME
878c4cab7daca0e187785a4c,fold_1,0,4675331,1,1,1,600,600,29.296875,29.296875,100,100,1,1,1,4675436,0,0.43999999999999984,0.43999999999999984,0.87999999999999967,True,correct,correct;low_confidence;temporal_regime,DECISION-TIME
b7213e34d13fbc179adae347,fold_1,0,4676035,1,1,1,1600,1600,29.296875,29.296875,100,100,1,1,1,4676049,0,0.43999999999999984,0.43999999999999984,0.87999999999999967,True,correct,correct;low_confidence;temporal_regime,DECISION-TIME
1411efbc0838c125e254f24a,fold_1,0,4676430,1,1,1,600,600,29.296875,29.296875,100,100,1,1,1,4676750,0,0.43999999999999984,0.43999999999999984,0.87999999999999967,True,correct,correct;low_confidence;temporal_regime,DECISION-TIME
c63832fc54416f295598ca3c,fold_1,0,4677469,1,1,1,600,600,29.296875,29.296875,100,100,1,2,2,4677744,0,0.43999999999999984,0.43999999999999984,0.87999999999999967,True,correct,correct;low_confidence;temporal_regime,DECISION-TIME
d6926712b08446f8308c866d,fold_1,0,4677670,1,1,20,1800,1800,58.59375,58.59375,40,40,1,20,9,4677673.6500000004,1,0.59607912566568189,0.59607912566568189,0.80784174866863623,False,low_confidence_error,false_positive;low_confidence;temporal_regime,DECISION-TIME
c5008de5ea4e85c7f0e41123,fold_1,0,4678620,1,1,1,600,600,29.296875,29.296875,25,25,1,1,1,4678625,0,0.43999999999999984,0.43999999999999984,0.87999999999999967,True,correct,correct;low_confidence;temporal_regime,DECISION-TIME
f9041f4229ec310ead9cb021,fold_1,0,4679041,2,2,6,600,600,58.59375,58.59375,25,25,1,6,6,4679048.666666667,0,0.43999999999999984,0.43999999999999984,0.87999999999999967,True,correct,correct;low_confidence;temporal_regime,DECISION-TIME
391d1aa7bc2384c98ff7dda4,fold_1,0,4679069,2,2,21,500,600,6.8359375,9.765625,50,50,1,21,19,4679080.666666667,0,0.088888888888888892,0.088888888888888892,0.17777777777777781,True,correct,correct;high_confidence;temporal_regime,DECISION-TIME
d2ea0b5a823fbb103d362c6b,fold_1,0,4679296,1,1,1,600,600,29.296875,29.296875,100,100,1,1,1,4679364,0,0.43999999999999984,0.43999999999999984,0.87999999999999967,True,correct,correct;low_confidence;temporal_regime,DECISION-TIME
50ddffa50fda9f148eee8fa3,fold_1,0,4679311,1,1,1,600,600,29.296875,29.296875,100,100,1,1,1,4679324,0,0.43999999999999984,0.43999999999999984,0.87999999999999967,True,correct,correct;low_confidence;temporal_regime,DECISION-TIME
1d465cc1a9690be770db7088,fold_1,0,4679631,1,1,128,100,100,9.78515625,9.78515625,1,1,1,128,53,4679641.515625,0,0.43999999999999984,0.43999999999999984,0.87999999999999967,True,correct,correct;low_confidence;temporal_regime,DECISION-TIME
ead5416eb0d19409dc2f1faa,fold_1,0,4679652,2,2,6,600,600,58.59375,58.59375,25,25,1,6,3,4679660.333333333,0,0.43999999999999984,0.43999999999999984,0.87999999999999967,True,correct,correct;low_confidence;temporal_regime,DECISION-TIME
372f4bd0e19547c40d095631,fold_1,0,4680141,1,1,1,1000,1000,19.55078125,19.55078125,50,50,1,1,1,4680144,0,0.43999999999999984,0.43999999999999984,0.87999999999999967,True,correct,correct;low_confidence;temporal_regime,DECISION-TIME
427f49c1d5fc798ad11ae14f,fold_1,1,4680228,2,2,3,150,200,29.296875,29.296875,25,25,1,3,2,4680245,0,0.088888888888888892,0.088888888888888892,0.17777777777777781,False,high_confidence_error,false_negative;high_confidence;temporal_regime,DECISION-TIME
46225b768f1ed14d031130b3,fold_1,0,4680231,1,1,1,3200,3200,19.53125,19.53125,100,100,1,1,1,4680238,0,0.43999999999999984,0.43999999999999984,0.87999999999999967,True,correct,correct;low_confidence;temporal_regime,DECISION-TIME
e036a9d04d6f239a48b5c38a,fold_1,0,4681707,1,1,1,1600,1600,29.296875,29.296875,100,100,1,1,1,4681754,0,0.43999999999999984,0.43999999999999984,0.87999999999999967,True,correct,correct;low_confidence;temporal_regime,DECISION-TIME
a6003f12695570191760febd,fold_1,0,4683193,1,1,1,1800,1800,58.59375,58.59375,100,100,1,1,1,4683197,0,0.43999999999999984,0.43999999999999984,0.87999999999999967,True,correct,correct;low_confidence;temporal_regime,DECISION-TIME
5681108b58c7d8626fd06b19,fold_1,0,4683974,2,2,13,350,600,2,2,25,25,1,13,6,4683979.076923077,0,0.025000000000000001,0.025000000000000001,0.050000000000000044,True,correct,correct;high_confidence;temporal_regime,DECISION-TIME
e2fbbd91d0f79dc85203d935,fold_1,0,4684016,1,1,1,1000,1000,19.55078125,19.55078125,50,50,1,1,1,4684019,0,0.43999999999999984,0.43999999999999984,0.87999999999999967,True,correct,correct;low_confidence;temporal_regime,DECISION-TIME
0e9ce51636be9cebdcdeaa18,fold_1,0,4684355,1,1,1,600,600,29.296875,29.296875,100,100,1,1,1,4684358,0,0.43999999999999984,0.43999999999999984,0.87999999999999967,True,correct,correct;low_confidence;temporal_regime,DECISION-TIME
617ef800b45849cec0af4a7c,fold_1,0,4684452,1,1,1,1600,1600,29.296875,29.296875,100,100,1,1,1,4684457,0,0.43999999999999984,0.43999999999999984,0.87999999999999967,True,correct,correct;low_confidence;temporal_regime,DECISION-TIME
d61b626a7acd751b03c003ae,fold_1,0,4684673,1,1,1,1000,1000,19.55078125,19.55078125,50,50,1,1,1,4684677,0,0.43999999999999984,0.43999999999999984,0.87999999999999967,True,correct,correct;low_confidence;temporal_regime,DECISION-TIME
1227147d3ea55e2a9fa78a89,fold_1,0,4685323,3,3,3,466.66666666666669,600,11.098958333333334,29.296875,25,25,1,3,3,4685327,0,0.088888888888888892,0.088888888888888892,0.17777777777777781,True,correct,correct;high_confidence;temporal_regime,DECISION-TIME
bfefaefc12cc3e66ac446ae1,fold_1,0,4685925,2,2,75,500,600,12.20703125,14.6484375,25,25,1,75,40,4685937.2000000002,0,0.088888888888888892,0.088888888888888892,0.17777777777777781,True,correct,correct;high_confidence;temporal_regime,DECISION-TIME
1aa1d1b7beaf96de3676ecf3,fold_1,0,4687227,1,1,1,600,600,29.296875,29.296875,100,100,1,1,1,4687236,0,0.43999999999999984,0.43999999999999984,0.87999999999999967,True,correct,correct;low_confidence;temporal_regime,DECISION-TIME
153b886bf8329d80d08439b7,fold_1,0,4687305,1,1,1,1800,1800,58.59375,58.59375,100,100,1,1,1,4687316,0,0.43999999999999984,0.43999999999999984,0.87999999999999967,True,correct,correct;low_confidence;temporal_regime,DECISION-TIME
4f7b0016c04fab237e649a88,fold_1,0,4689705,3,3,8,466.66666666666669,600,11.098958333333334,29.296875,25,25,1,8,4,4689721.875,0,0.088888888888888892,0.088888888888888892,0.17777777777777781,True,correct,correct;high_confidence;temporal_regime,DECISION-TIME
e2ddc99a25b3df6d7192b5dd,fold_1,0,4690496,1,1,1,600,600,29.296875,29.296875,25,25,1,1,1,4690631,0,0.43999999999999984,0.43999999999999984,0.87999999999999967,True,correct,correct;low_confidence;temporal_regime,DECISION-TIME
d42bfc74cffcb36fefb4d3a6,fold_1,0,4691058,1,1,1,600,600,29.296875,29.296875,100,100,1,1,1,4691070,0,0.43999999999999984,0.43999999999999984,0.87999999999999967,True,correct,correct;low_confidence;temporal_regime,DECISION-TIME
c4d8a19ad9fee4d8dd3985e6,fold_1,0,4691182,1,1,1,600,600,29.296875,29.296875,100,100,1,1,1,4691194,0,0.43999999999999984,0.43999999999999984,0.87999999999999967,True,correct,correct;low_confidence;temporal_regime,DECISION-TIME
dd4aeb896a9108c481668c35,fold_1,0,4691303,3,3,3,466.66666666666669,600,11.098958333333334,29.296875,25,25,1,3,2,4691307,0,0.088888888888888892,0.088888888888888892,0.17777777777777781,True,correct,correct;high_confidence;temporal_regime,DECISION-TIME
db8f5e40452a540337ef0141,fold_1,0,4691382,1,1,1,1600,1600,29.296875,29.296875,100,100,1,1,1,4691395,0,0.43999999999999984,0.43999999999999984,0.87999999999999967,True,correct,correct;low_confidence;temporal_regime,DECISION-TIME
0ada92476d18426048edddc4,fold_1,0,4691437,1,1,1,600,600,29.296875,29.296875,25,25,1,1,1,4691446,0,0.43999999999999984,0.43999999999999984,0.87999999999999967,True,correct,correct;low_confidence;temporal_regime,DECISION-TIME
16bf695c26f0a3e75ae65887,fold_1,0,4691592,1,1,1,600,600,29.296875,29.296875,100,100,1,1,1,4691598,0,0.43999999999999984,0.43999999999999984,0.87999999999999967,True,correct,correct;low_confidence;temporal_regime,DECISION-TIME
96e5fa07cf1af15adf04399a,fold_1,0,4691852,1,1,1,1800,1800,58.59375,58.59375,100,100,1,1,1,4691969,0,0.43999999999999984,0.43999999999999984,0.87999999999999967,True,correct,correct;low_confidence;temporal_regime,DECISION-TIME
cc0786f73ec55b78d542e1a5,fold_1,0,4691935,1,1,1,600,600,29.296875,29.296875,100,100,1,1,1,4691981,0,0.43999999999999984,0.43999999999999984,0.87999999999999967,True,correct,correct;low_confidence;temporal_regime,DECISION-TIME
ba02c845a0910c13ecde3822,fold_1,0,4692417,1,1,1,1800,1800,58.59375,58.59375,100,100,1,1,1,4692465,0,0.43999999999999984,0.43999999999999984,0.87999999999999967,True,correct,correct;low_confidence;temporal_regime,DECISION-TIME
1f2b95389233538e9748d9de,fold_1,0,4692564,1,1,1,600,600,29.296875,29.296875,100,100,1,1,1,4692576,0,0.43999999999999984,0.43999999999999984,0.87999999999999967,True,correct,correct;low_confidence;temporal_regime,DECISION-TIME
0a9604d4028d3567373b743d,fold_1,0,4692643,2,2,13,400,600,2,2,25,25,1,13,13,4692647.846153846,0,0.025000000000000001,0.025000000000000001,0.050000000000000044,True,correct,correct;high_confidence;temporal_regime,DECISION-TIME
35082d122cb510b26e37f5d5,fold_1,0,4693023,1,1,1,600,600,29.296875,29.296875,100,100,1,1,1,4693026,0,0.43999999999999984,0.43999999999999984,0.87999999999999967,True,correct,correct;low_confidence;temporal_regime,DECISION-TIME
3a9e6ea8c3eba7f56da812eb,fold_1,1,4693240,2,2,55,325,600,73.2421875,97.65625,50,50,1,55,46,4693284,1,0.59419962949888161,0.59419962949888161,0.81160074100223678,True,correct,correct;low_confidence;temporal_regime,DECISION-TIME
ec4d49ec01948766d66d608c,fold_1,0,4693925,1,1,1,600,600,29.296875,29.296875,100,100,1,1,1,4693928,0,0.43999999999999984,0.43999999999999984,0.87999999999999967,True,correct,correct;low_confidence;temporal_regime,DECISION-TIME
2d2767abffcdb94a9787de0a,fold_1,0,4694757,3,3,5,466.66666666666669,600,11.098958333333334,29.296875,25,25,1,5,3,4694761.7999999998,0,0.088888888888888892,0.088888888888888892,0.17777777777777781,True,correct,correct;high_confidence;temporal_regime,DECISION-TIME
7d5a682de7f8b3a88cf15643,fold_1,0,4695131,1,1,1,600,600,29.296875,29.296875,100,100,1,1,1,4695134,0,0.43999999999999984,0.43999999999999984,0.87999999999999967,True,correct,correct;low_confidence;temporal_regime,DECISION-TIME
6bfb844193fefc9f3b42f8c2,fold_1,0,4695382,1,1,1,200,200,4.90234375,4.90234375,,,0,1,1,4695385,0,0,0,0,True,correct,correct;high_confidence;temporal_regime;feature_missingness,DECISION-TIME
85a51c3dc562007f0dcdf45e,fold_1,0,4695429,1,1,1,600,600,29.296875,29.296875,100,100,1,1,1,4695432,0,0.43999999999999984,0.43999999999999984,0.87999999999999967,True,correct,correct;low_confidence;temporal_regime,DECISION-TIME
498a8480fb9bcd1ea114d054,fold_1,0,4695936,1,1,10,600,600,29.296875,29.296875,50,50,1,10,8,4695939,0,0.43999999999999984,0.43999999999999984,0.87999999999999967,True,correct,correct;low_confidence;temporal_regime,DECISION-TIME
35fc8e0957a6296f6ef57e0b,fold_1,1,4696039,1,1,1,600,600,29.296875,29.296875,100,100,1,1,1,4696046,0,0.43999999999999984,0.43999999999999984,0.87999999999999967,False,low_confidence_error,false_negative;low_confidence;temporal_regime,DECISION-TIME
49f0206d14efd9fcd685360a,fold_1,1,4696227,2,2,5,600,600,58.59375,58.59375,100,100,1,5,3,4725439,0,0.43999999999999984,0.43999999999999984,0.87999999999999967,False,low_confidence_error,false_negative;low_confidence;temporal_regime,DECISION-TIME
8bdffeb5e5e900ebb00c1b8f,fold_1,0,4696495,1,1,1,1200,1200,29.296875,29.296875,100,100,1,1,1,4696509,0,0.43999999999999984,0.43999999999999984,0.87999999999999967,True,correct,correct;low_confidence;temporal_regime,DECISION-TIME
cfeb0efae7f8ab9644ef9851,fold_1,0,4696631,1,1,1,600,600,29.296875,29.296875,100,100,1,1,1,4696634,0,0.43999999999999984,0.43999999999999984,0.87999999999999967,True,correct,correct;low_confidence;temporal_regime,DECISION-TIME
82309380e4595bd50f3df921,fold_1,0,4696648,1,1,1,600,600,29.296875,29.296875,100,100,1,1,1,4696674,0,0.43999999999999984,0.43999999999999984,0.87999999999999967,True,correct,correct;low_confidence;temporal_regime,DECISION-TIME
aa72439b29a83ef0ce1ec2a0,fold_1,0,4697832,1,1,1,600,600,29.296875,29.296875,25,25,1,1,1,4697841,0,0.43999999999999984,0.43999999999999984,0.87999999999999967,True,correct,correct;low_confidence;temporal_regime,DECISION-TIME
ecf65a62a4681f1bb2af877c,fold_1,0,4697985,1,1,1,1800,1800,58.59375,58.59375,100,100,1,1,1,4697991,0,0.43999999999999984,0.43999999999999984,0.87999999999999967,True,correct,correct;low_confidence;temporal_regime,DECISION-TIME
e19d0b978736cf2a20bdf57d,fold_1,0,4698207,1,1,1,800,800,7.83203125,7.83203125,50,50,1,1,1,4698210,0,0.088888888888888892,0.088888888888888892,0.17777777777777781,True,correct,correct;high_confidence;temporal_regime,DECISION-TIME
0d414e082dcfbe14a72b6c0d,fold_1,0,4698294,3,3,3,466.66666666666669,600,11.098958333333334,29.296875,25,25,1,3,3,4698297.666666667,0,0.088888888888888892,0.088888888888888892,0.17777777777777781,True,correct,correct;high_confidence;temporal_regime,DECISION-TIME
ef6622a479ee411d382865c0,fold_1,0,4698343,1,1,1,1800,1800,58.59375,58.59375,100,100,1,1,1,4698352,0,0.43999999999999984,0.43999999999999984,0.87999999999999967,True,correct,correct;low_confidence;temporal_regime,DECISION-TIME
5b00ae82dc999629508de4be,fold_1,0,4698478,1,1,1,1600,1600,29.296875,29.296875,100,100,1,1,1,4698492,0,0.43999999999999984,0.43999999999999984,0.87999999999999967,True,correct,correct;low_confidence;temporal_regime,DECISION-TIME
b6a062f53be818c0f1620053,fold_1,0,4698723,1,1,1,50,50,48.828125,48.828125,500,500,1,1,1,4698726,0,0.025000000000000001,0.025000000000000001,0.050000000000000044,True,correct,correct;high_confidence;temporal_regime,DECISION-TIME
0127d190101ac32a1cd83e49,fold_1,0,4699074,2,2,65,450,600,16.11328125,29.296875,25,25,1,65,34,4699080.9384615384,0,0.43999999999999984,0.43999999999999984,0.87999999999999967,True,correct,correct;low_confidence;temporal_regime,DECISION-TIME
aa3afd810f0f8d247a81cd0f,fold_1,0,4700043,1,1,1,800,800,29.296875,29.296875,50,50,1,1,1,4700051,0,0.43999999999999984,0.43999999999999984,0.87999999999999967,True,correct,correct;low_confidence;temporal_regime,DECISION-TIME
7b5239a2a1e7963f547cec9a,fold_1,0,4701762,1,1,18,600,600,29.296875,29.296875,100,100,1,18,6,4701877.444444444,0,0.43999999999999984,0.43999999999999984,0.87999999999999967,True,correct,correct;low_confidence;temporal_regime,DECISION-TIME
b353ab037ff97c16ca1a97b3,fold_1,0,4702109,1,1,1,600,600,29.296875,29.296875,25,25,1,1,1,4702120,0,0.43999999999999984,0.43999999999999984,0.87999999999999967,True,correct,correct;low_confidence;temporal_regime,DECISION-TIME
0f9878fb67f73baaead97701,fold_1,0,4702134,1,1,1,200,200,7.8125,7.8125,100,100,1,1,1,4702139,0,0.088888888888888892,0.088888888888888892,0.17777777777777781,True,correct,correct;high_confidence;temporal_regime,DECISION-TIME
93d5b261f988b9527329caf0,fold_1,0,4702199,1,1,18,600,600,29.296875,29.296875,100,100,1,18,16,4702402.277777778,0,0.43999999999999984,0.43999999999999984,0.87999999999999967,True,correct,correct;low_confidence;temporal_regime,DECISION-TIME
0dad1a7c1ceca566bc7ead53,fold_1,0,4702891,1,1,18,600,600,29.296875,29.296875,100,100,1,18,5,4703018.5,0,0.43999999999999984,0.43999999999999984,0.87999999999999967,True,correct,correct;low_confidence;temporal_regime,DECISION-TIME
bb756d57a151fd030506dc38,fold_1,0,4704138,1,1,1,1600,1600,29.296875,29.296875,100,100,1,1,1,4704173,0,0.43999999999999984,0.43999999999999984,0.87999999999999967,True,correct,correct;low_confidence;temporal_regime,DECISION-TIME
ab178aeded1e256670ae5ba0,fold_1,0,4704446,1,1,1,3200,3200,19.53125,19.53125,100,100,1,1,1,4704449,0,0.43999999999999984,0.43999999999999984,0.87999999999999967,True,correct,correct;low_confidence;temporal_regime,DECISION-TIME
e294280729dd7f1a8a719b6d,fold_1,1,4704910,1,1,1,600,600,29.296875,29.296875,100,100,1,1,1,4705024,0,0.43999999999999984,0.43999999999999984,0.87999999999999967,False,low_confidence_error,false_negative;low_confidence;temporal_regime,DECISION-TIME
2e1bff4849ffce8af31d3667,fold_1,0,4705237,1,1,1,1800,1800,58.59375,58.59375,100,100,1,1,1,4705242,0,0.43999999999999984,0.43999999999999984,0.87999999999999967,True,correct,correct;low_confidence;temporal_regime,DECISION-TIME
40225abcbccaf312322b9540,fold_1,1,4707373,1,1,8,100,100,24.4140625,24.4140625,100,100,1,8,6,4707381,0,0.088888888888888892,0.088888888888888892,0.17777777777777781,False,high_confidence_error,false_negative;high_confidence;temporal_regime,DECISION-TIME
590fbc3b84f54c63af31f776,fold_1,1,4707737,1,1,1,600,600,29.296875,29.296875,100,100,1,1,1,4707742,0,0.43999999999999984,0.43999999999999984,0.87999999999999967,False,low_confidence_error,false_negative;low_confidence;temporal_regime,DECISION-TIME
2506fda12679a40e682d1cca,fold_1,0,4709204,1,1,1,600,600,29.296875,29.296875,100,100,1,1,1,4709211,0,0.43999999999999984,0.43999999999999984,0.87999999999999967,True,correct,correct;low_confidence;temporal_regime,DECISION-TIME
5b3b0c09aa1192d4398779b1,fold_1,0,4709205,1,1,1,1800,1800,58.59375,58.59375,100,100,1,1,1,4709211,0,0.43999999999999984,0.43999999999999984,0.87999999999999967,True,correct,correct;low_confidence;temporal_regime,DECISION-TIME
b499106ec03467e9df8401e1,fold_1,0,4709591,1,1,1,1200,1200,29.296875,29.296875,100,100,1,1,1,4709604,0,0.43999999999999984,0.43999999999999984,0.87999999999999967,True,correct,correct;low_confidence;temporal_regime,DECISION-TIME
d3cdfebfcc8b3d5dd6ad0d63,fold_1,0,4710127,1,1,1,20,20,29.296875,29.296875,10,10,1,1,1,4710139,0,0.125,0.125,0.25,True,correct,correct;high_confidence;temporal_regime,DECISION-TIME
2cdf6a30cb91d9165e35c314,fold_1,0,4711405,1,1,1,1800,1800,58.59375,58.59375,100,100,1,1,1,4712087,0,0.43999999999999984,0.43999999999999984,0.87999999999999967,True,correct,correct;low_confidence;temporal_regime,DECISION-TIME
2b4b8ae45cbd5054ba26f841,fold_1,0,4712656,1,1,1,600,600,29.296875,29.296875,100,100,1,1,1,4712663,0,0.43999999999999984,0.43999999999999984,0.87999999999999967,True,correct,correct;low_confidence;temporal_regime,DECISION-TIME
59f1f7bde1a8202edee1fecc,fold_1,1,4713342,2,2,4,200,300,39.0625,48.828125,50,50,1,4,3,4713359,0,0.43999999999999984,0.43999999999999984,0.87999999999999967,False,low_confidence_error,false_negative;low_confidence;temporal_regime,DECISION-TIME
2c89f2f34b2157757741a0a2,fold_1,0,4713520,1,1,1,600,600,29.296875,29.296875,100,100,1,1,1,4713528,0,0.43999999999999984,0.43999999999999984,0.87999999999999967,True,correct,correct;low_confidence;temporal_regime,DECISION-TIME
e119013cbe20b4f30bc00552,fold_1,0,4714157,1,1,1,600,600,29.296875,29.296875,100,100,1,1,1,4714266,0,0.43999999999999984,0.43999999999999984,0.87999999999999967,True,correct,correct;low_confidence;temporal_regime,DECISION-TIME
131a99fa907541bed558ae56,fold_1,1,4714334,1,1,1,600,600,29.296875,29.296875,100,100,1,1,1,4714342,0,0.43999999999999984,0.43999999999999984,0.87999999999999967,False,low_confidence_error,false_negative;low_confidence;temporal_regime,DECISION-TIME
6c98ebf369a38872d7531065,fold_1,0,4714998,1,1,2,1800,1800,58.59375,58.59375,100,100,1,2,1,4715004,0,0.43999999999999984,0.43999999999999984,0.87999999999999967,True,correct,correct;low_confidence;temporal_regime,DECISION-TIME
511717dfda2cc8150608b1c4,fold_1,0,4715415,1,1,10,1800,1800,58.59375,58.59375,100,100,1,10,8,4715428.5999999996,1,0.55555555555555558,0.55555555555555558,0.88888888888888884,False,low_confidence_error,false_positive;low_confidence;temporal_regime,DECISION-TIME
8292bb6558d083b7784d6e19,fold_1,0,4715624,1,1,100,600,600,58.59375,58.59375,100,100,1,101,86,4716847.2000000002,1,0.66666666666666663,0.66666666666666663,0.66666666666666674,False,low_confidence_error,false_positive;low_confidence;temporal_regime,DECISION-TIME
9cc3c19f3a5914a3004b816d,fold_1,0,4715728,1,1,1,1800,1800,58.59375,58.59375,100,100,1,1,1,4715737,0,0.43999999999999984,0.43999999999999984,0.87999999999999967,True,correct,correct;low_confidence;temporal_regime,DECISION-TIME
a6c1214871c836c285a710cc,fold_1,0,4716205,1,1,20,800,800,29.296875,29.296875,50,50,1,20,16,4716211.9500000002,0,0.43999999999999984,0.43999999999999984,0.87999999999999967,True,correct,correct;low_confidence;temporal_regime,DECISION-TIME
862be3812433d5c748a6c34f,fold_1,0,4717687,1,1,1,600,600,29.296875,29.296875,100,100,1,1,1,4717702,0,0.43999999999999984,0.43999999999999984,0.87999999999999967,True,correct,correct;low_confidence;temporal_regime,DECISION-TIME
adcd0f26cfff99a271ac5b98,fold_1,0,4718282,1,1,1,1600,1600,29.296875,29.296875,100,100,1,1,1,4718296,0,0.43999999999999984,0.43999999999999984,0.87999999999999967,True,correct,correct;low_confidence;temporal_regime,DECISION-TIME
6f92f7efefcb8a066bab8183,fold_1,0,4720534,1,1,1,600,600,29.296875,29.296875,50,50,1,1,1,4720540,0,0.43999999999999984,0.43999999999999984,0.87999999999999967,True,correct,correct;low_confidence;temporal_regime,DECISION-TIME
a9247c84e5ddbacdea878bca,fold_1,1,4720694,2,2,6,600,600,29.296875,29.296875,25,25,1,6,2,4720702,0,0.088888888888888892,0.088888888888888892,0.17777777777777781,False,high_confidence_error,false_negative;high_confidence;temporal_regime,DECISION-TIME
6a9aa41e999f8fc24db95d27,fold_1,0,4721079,2,2,13,400,600,2,2,25,25,1,13,5,4721084.923076923,0,0.025000000000000001,0.025000000000000001,0.050000000000000044,True,correct,correct;high_confidence;temporal_regime,DECISION-TIME
58749c1d388e3ee51198af23,fold_1,1,4722186,2,2,2,600,600,29.296875,29.296875,5,5,1,2,2,4722193,0,0.088888888888888892,0.088888888888888892,0.17777777777777781,False,high_confidence_error,false_negative;high_confidence;temporal_regime,DECISION-TIME
d5bfc35940c2241a39097467,fold_1,1,4722519,1,1,1,1800,1800,58.59375,58.59375,100,100,1,1,1,4722636,0,0.43999999999999984,0.43999999999999984,0.87999999999999967,False,low_confidence_error,false_negative;low_confidence;temporal_regime,DECISION-TIME
3f0d05339b6e2282eeb12c5a,fold_1,0,4722603,1,1,1,600,600,29.296875,29.296875,25,25,1,1,1,4722608,0,0.43999999999999984,0.43999999999999984,0.87999999999999967,True,correct,correct;low_confidence;temporal_regime,DECISION-TIME
831bcd56a4d3220a8b3e5e8d,fold_1,1,4722997,1,1,1,600,600,29.296875,29.296875,25,25,1,1,1,4723010,0,0.43999999999999984,0.43999999999999984,0.87999999999999967,False,low_confidence_error,false_negative;low_confidence;temporal_regime,DECISION-TIME
1a9d94cc1eb798d4804c0625,fold_1,0,4723343,1,1,1,600,600,29.296875,29.296875,50,50,1,1,1,4723351,0,0.43999999999999984,0.43999999999999984,0.87999999999999967,True,correct,correct;low_confidence;temporal_regime,DECISION-TIME
6c59acee2490221105d097eb,fold_1,0,4723645,1,1,1,600,600,29.296875,29.296875,10,10,1,1,1,4723652,0,0.43999999999999984,0.43999999999999984,0.87999999999999967,True,correct,correct;low_confidence;temporal_regime,DECISION-TIME
bdd221783c71c394033ef2b0,fold_1,0,4723667,1,1,1,600,600,29.296875,29.296875,10,10,1,1,1,4723672,0,0.43999999999999984,0.43999999999999984,0.87999999999999967,True,correct,correct;low_confidence;temporal_regime,DECISION-TIME
5b43d6edd4e0cb6e04ed35b9,fold_1,0,4723718,1,1,1,1800,1800,58.59375,58.59375,100,100,1,1,1,4723732,0,0.43999999999999984,0.43999999999999984,0.87999999999999967,True,correct,correct;low_confidence;temporal_regime,DECISION-TIME
641df99c5a5a17ff4d067d74,fold_1,0,4724131,1,1,40,800,800,29.296875,29.296875,50,50,1,40,26,4724144.0499999998,0,0.43999999999999984,0.43999999999999984,0.87999999999999967,True,correct,correct;low_confidence;temporal_regime,DECISION-TIME
b957a4efb572b91ffcd8eb1a,fold_1,0,4724787,1,1,1,1200,1200,29.296875,29.296875,100,100,1,1,1,4724797,0,0.43999999999999984,0.43999999999999984,0.87999999999999967,True,correct,correct;low_confidence;temporal_regime,DECISION-TIME
a79e6dfbce32cc72ef8780d2,fold_1,0,4725085,1,1,1,1200,1200,29.296875,29.296875,10,10,1,1,1,4725090,0,0.43999999999999984,0.43999999999999984,0.87999999999999967,True,correct,correct;low_confidence;temporal_regime,DECISION-TIME
de2d49e77e56197d5e5e767e,fold_1,1,4725111,1,1,1,1200,1200,29.296875,29.296875,10,10,1,1,1,4725120,0,0.43999999999999984,0.43999999999999984,0.87999999999999967,False,low_confidence_error,false_negative;low_confidence;temporal_regime,DECISION-TIME
8f100ca0c36d62d83ef999f5,fold_1,0,4725299,1,1,1,100,100,29.296875,29.296875,25,25,1,1,1,4725312,0,0.125,0.125,0.25,True,correct,correct;high_confidence;temporal_regime,DECISION-TIME
0b885ccc95021313d11ef8a8,fold_1,0,4725508,1,1,1,600,600,29.296875,29.296875,50,50,1,1,1,4725514,0,0.43999999999999984,0.43999999999999984,0.87999999999999967,True,correct,correct;low_confidence;temporal_regime,DECISION-TIME
ec592581c68a59e548a4e8aa,fold_1,0,4726304,1,1,1,600,600,29.296875,29.296875,200,200,1,1,1,4726547,0,0.088888888888888892,0.088888888888888892,0.17777777777777781,True,correct,correct;high_confidence;temporal_regime,DECISION-TIME
e93e3ca6ff1c8e0af98ab78d,fold_1,0,4728163,1,1,1,300,300,15.625,15.625,100,100,1,1,1,4728173,0,0.088888888888888892,0.088888888888888892,0.17777777777777781,True,correct,correct;high_confidence;temporal_regime,DECISION-TIME
d2d842593719adec99efe70c,fold_1,0,4729526,1,1,1,600,600,29.296875,29.296875,25,25,1,1,1,4729533,0,0.43999999999999984,0.43999999999999984,0.87999999999999967,True,correct,correct;low_confidence;temporal_regime,DECISION-TIME
2f9616c95afdaadb2617d35e,fold_1,0,4731826,1,1,1,600,600,29.296875,29.296875,50,50,1,1,1,4732739,0,0.43999999999999984,0.43999999999999984,0.87999999999999967,True,correct,correct;low_confidence;temporal_regime,DECISION-TIME
a8c1f77696b7d4b7fc4ae60f,fold_1,0,4732152,1,1,1,600,600,29.296875,29.296875,10,10,1,1,1,4734568,0,0.43999999999999984,0.43999999999999984,0.87999999999999967,True,correct,correct;low_confidence;temporal_regime,DECISION-TIME
af309d56a6ebf2bf35831048,fold_1,1,4732266,1,1,1,600,600,29.296875,29.296875,10,10,1,1,1,4735889,0,0.43999999999999984,0.43999999999999984,0.87999999999999967,False,low_confidence_error,false_negative;low_confidence;temporal_regime,DECISION-TIME
0202d61440abe3cfce22fa3e,fold_1,0,4732322,1,1,1,600,600,29.296875,29.296875,100,100,1,1,1,4732326,0,0.43999999999999984,0.43999999999999984,0.87999999999999967,True,correct,correct;low_confidence;temporal_regime,DECISION-TIME
af1b9a6bea8bd5f0ad5ae30b,fold_1,0,4732384,1,1,1,600,600,29.296875,29.296875,100,100,1,1,1,4732389,0,0.43999999999999984,0.43999999999999984,0.87999999999999967,True,correct,correct;low_confidence;temporal_regime,DECISION-TIME
90cde11a0ccc32e18c485c59,fold_1,1,4732669,1,1,1,600,600,29.296875,29.296875,100,100,1,1,1,4739228,0,0.43999999999999984,0.43999999999999984,0.87999999999999967,False,low_confidence_error,false_negative;low_confidence;temporal_regime,DECISION-TIME
25c6f5f58de2d4528bb7596c,fold_1,0,4733594,1,1,1,1200,1200,29.296875,29.296875,100,100,1,1,1,4733605,0,0.43999999999999984,0.43999999999999984,0.87999999999999967,True,correct,correct;low_confidence;temporal_regime,DECISION-TIME
729b6409bde5c1ba633d05df,fold_1,0,4734353,2,2,7,600,600,29.296875,29.296875,100,100,1,7,7,4734357.2857142854,0,0.088888888888888892,0.088888888888888892,0.17777777777777781,True,correct,correct;high_confidence;temporal_regime,DECISION-TIME
c44f4bb08050502221987cb9,fold_1,0,4737220,1,1,1,800,800,29.296875,29.296875,50,50,1,1,1,4737336,0,0.43999999999999984,0.43999999999999984,0.87999999999999967,True,correct,correct;low_confidence;temporal_regime,DECISION-TIME
0b0312fe9efa6abc33ad5bb2,fold_1,0,4737627,1,1,1,600,600,29.296875,29.296875,100,100,1,1,1,4737632,0,0.43999999999999984,0.43999999999999984,0.87999999999999967,True,correct,correct;low_confidence;temporal_regime,DECISION-TIME
8077ac4d4e510964e02c3a43,fold_1,0,4737894,1,1,1,600,600,29.296875,29.296875,100,100,1,1,1,4737907,0,0.43999999999999984,0.43999999999999984,0.87999999999999967,True,correct,correct;low_confidence;temporal_regime,DECISION-TIME
7d1232da9279cc29fb725a00,fold_1,0,4738365,2,2,53,350,600,19.53125,19.53125,50,50,1,56,41,4738465.1698113205,0,0.088888888888888892,0.088888888888888892,0.17777777777777781,True,correct,correct;high_confidence;temporal_regime,DECISION-TIME
8cdee64686d620a2f0b96cca,fold_1,0,4738395,1,1,1,600,600,29.296875,29.296875,25,25,1,1,1,4738405,0,0.43999999999999984,0.43999999999999984,0.87999999999999967,True,correct,correct;low_confidence;temporal_regime,DECISION-TIME
0fce9b7ddd648cec8e44573f,fold_1,0,4738670,1,1,1,600,600,29.296875,29.296875,25,25,1,1,1,4738679,0,0.43999999999999984,0.43999999999999984,0.87999999999999967,True,correct,correct;low_confidence;temporal_regime,DECISION-TIME
11dbca2665dbf04a7fe9aeca,fold_1,0,4739951,2,2,51,500,600,19.53125,19.53125,50,50,1,51,39,4739966.823529412,0,0.088888888888888892,0.088888888888888892,0.17777777777777781,True,correct,correct;high_confidence;temporal_regime,DECISION-TIME
6390829d88d3679578432bf8,fold_1,0,4741714,1,1,1,600,600,29.296875,29.296875,200,200,1,1,1,4741722,0,0.088888888888888892,0.088888888888888892,0.17777777777777781,True,correct,correct;high_confidence;temporal_regime,DECISION-TIME
527e3b4dd86195f05382a446,fold_1,0,4743760,1,1,1,20,20,29.296875,29.296875,5,5,1,1,1,4743765,0,0.125,0.125,0.25,True,correct,correct;high_confidence;temporal_regime,DECISION-TIME
1093a0e4f39b77c0fde8d25b,fold_1,0,4745486,1,1,1,600,600,29.296875,29.296875,100,100,1,1,1,4745489,0,0.43999999999999984,0.43999999999999984,0.87999999999999967,True,correct,correct;low_confidence;temporal_regime,DECISION-TIME
af4b6d2df65a54c557643752,fold_1,1,4746246,1,1,1,600,600,29.296875,29.296875,100,100,1,1,1,4746275,0,0.43999999999999984,0.43999999999999984,0.87999999999999967,False,low_confidence_error,false_negative;low_confidence;temporal_regime,DECISION-TIME
9cd766a8bebd2a957fec5e63,fold_1,1,4747907,1,1,1,600,600,29.296875,29.296875,100,100,1,1,1,4747951,0,0.43999999999999984,0.43999999999999984,0.87999999999999967,False,low_confidence_error,false_negative;low_confidence;temporal_regime,DECISION-TIME
98d16ed31a7029d139d77d24,fold_1,0,4748044,1,1,1,600,600,29.296875,29.296875,5,5,1,1,1,4748084,0,0.43999999999999984,0.43999999999999984,0.87999999999999967,True,correct,correct;low_confidence;temporal_regime,DECISION-TIME
339e65f32645c3ddf49d0680,fold_1,0,4748055,1,1,1,600,600,29.296875,29.296875,5,5,1,1,1,4748095,0,0.43999999999999984,0.43999999999999984,0.87999999999999967,True,correct,correct;low_confidence;temporal_regime,DECISION-TIME
81a60b7c81b1aa6bb69ad0d6,fold_1,0,4748060,1,1,1,600,600,29.296875,29.296875,5,5,1,1,1,4748073,0,0.43999999999999984,0.43999999999999984,0.87999999999999967,True,correct,correct;low_confidence;temporal_regime,DECISION-TIME
9d7dffbd7c756408e518f67d,fold_1,1,4748063,1,1,1,600,600,29.296875,29.296875,5,5,1,1,1,4748105,0,0.43999999999999984,0.43999999999999984,0.87999999999999967,False,low_confidence_error,false_negative;low_confidence;temporal_regime,DECISION-TIME
157e0aac6c6d57f5ca8d8817,fold_1,0,4748172,1,1,3,1600,1600,31.25,31.25,100,100,1,3,3,4748350.333333333,0,0.43999999999999984,0.43999999999999984,0.87999999999999967,True,correct,correct;low_confidence;temporal_regime,DECISION-TIME
a3f23851fd0b5654970c1b2a,fold_1,0,4748482,1,1,1,600,600,29.296875,29.296875,10,10,1,1,1,4748512,0,0.43999999999999984,0.43999999999999984,0.87999999999999967,True,correct,correct;low_confidence;temporal_regime,DECISION-TIME
cd61b5a9215e010611c72b0f,fold_1,0,4748619,1,1,1,600,600,29.296875,29.296875,10,10,1,1,1,4748655,0,0.43999999999999984,0.43999999999999984,0.87999999999999967,True,correct,correct;low_confidence;temporal_regime,DECISION-TIME
cbebf580775dbd4c8da7613a,fold_1,0,4748792,2,2,38,600,600,19.53125,29.296875,25,25,1,39,37,4748853.4736842103,0,0.43999999999999984,0.43999999999999984,0.87999999999999967,True,correct,correct;low_confidence;temporal_regime,DECISION-TIME
0d7f142b3c21e50932445e25,fold_1,0,4749405,1,1,40,200,200,4,4,20,20,1,40,31,4749408.2750000004,0,0.088888888888888892,0.088888888888888892,0.17777777777777781,True,correct,correct;high_confidence;temporal_regime,DECISION-TIME
3f5fbf84d63f3d573e48394d,fold_1,0,4750366,1,1,1,1000,1000,19.55078125,19.55078125,50,50,1,1,1,4750369,0,0.43999999999999984,0.43999999999999984,0.87999999999999967,True,correct,correct;low_confidence;temporal_regime,DECISION-TIME
222ba858c6e9bdafe795fd94,fold_1,0,4750426,1,1,2,600,600,29.296875,29.296875,100,100,1,2,1,4750429,0,0.43999999999999984,0.43999999999999984,0.87999999999999967,True,correct,correct;low_confidence;temporal_regime,DECISION-TIME
e6baef8acb889d881057bbbd,fold_1,0,4751085,1,1,1,600,600,29.296875,29.296875,100,100,1,1,1,4751088,0,0.43999999999999984,0.43999999999999984,0.87999999999999967,True,correct,correct;low_confidence;temporal_regime,DECISION-TIME
42c088b38e096a0cedef08d7,fold_1,0,4751703,1,1,1,600,600,29.296875,29.296875,50,50,1,1,1,4751759,0,0.43999999999999984,0.43999999999999984,0.87999999999999967,True,correct,correct;low_confidence;temporal_regime,DECISION-TIME
f00e669bdf4ff86597549fa9,fold_1,0,4751712,1,1,1,600,600,29.296875,29.296875,50,50,1,2,2,4751989,0,0.43999999999999984,0.43999999999999984,0.87999999999999967,True,correct,correct;low_confidence;temporal_regime,DECISION-TIME
03ccde78a443ecff0400c546,fold_1,0,4752154,1,1,1,600,600,29.296875,29.296875,100,100,1,1,1,4752276,0,0.43999999999999984,0.43999999999999984,0.87999999999999967,True,correct,correct;low_confidence;temporal_regime,DECISION-TIME
867e830e03c1456fb3877f4a,fold_1,1,4752409,1,1,1,600,600,29.296875,29.296875,25,25,1,1,1,4752422,0,0.43999999999999984,0.43999999999999984,0.87999999999999967,False,low_confidence_error,false_negative;low_confidence;temporal_regime,DECISION-TIME
52fdb4d6b96cb079de402184,fold_1,1,4752412,1,1,1,600,600,29.296875,29.296875,25,25,1,1,1,4752422,0,0.43999999999999984,0.43999999999999984,0.87999999999999967,False,low_confidence_error,false_negative;low_confidence;temporal_regime,DECISION-TIME
1f8a7aa257749aeaf294940f,fold_1,1,4752439,1,1,50,1800,1800,58.59375,58.59375,100,100,1,20,19,4752534,0,0.025000000000000001,0.025000000000000001,0.050000000000000044,False,high_confidence_error,false_negative;high_confidence;temporal_regime,DECISION-TIME
32bb1c4aabbb65796e2f3518,fold_1,0,4752579,1,1,1,600,600,29.296875,29.296875,100,100,1,1,1,4752698,0,0.43999999999999984,0.43999999999999984,0.87999999999999967,True,correct,correct;low_confidence;temporal_regime,DECISION-TIME
de5a7aabdea74a5d44067c6f,fold_1,0,4752591,1,1,1,1000,1000,19.55078125,19.55078125,50,50,1,1,1,4752595,0,0.43999999999999984,0.43999999999999984,0.87999999999999967,True,correct,correct;low_confidence;temporal_regime,DECISION-TIME
14c06b60715d0303f541ac44,fold_1,0,4752832,1,1,1,50,50,48.828125,48.828125,500,500,1,1,1,4752835,0,0.025000000000000001,0.025000000000000001,0.050000000000000044,True,correct,correct;high_confidence;temporal_regime,DECISION-TIME
05aaf1597b00fdafc60d97a8,fold_1,1,4752863,1,1,1,600,600,29.296875,29.296875,25,25,1,1,1,4752873,0,0.43999999999999984,0.43999999999999984,0.87999999999999967,False,low_confidence_error,false_negative;low_confidence;temporal_regime,DECISION-TIME
d8fcb285ec713450e3c3dee5,fold_1,0,4752940,1,1,1,600,600,29.296875,29.296875,100,100,1,1,1,4752943,0,0.43999999999999984,0.43999999999999984,0.87999999999999967,True,correct,correct;low_confidence;temporal_regime,DECISION-TIME
e83d91ef14b3b35c286aca37,fold_1,0,4752953,1,1,1,600,600,29.296875,29.296875,25,25,1,1,1,4752965,0,0.43999999999999984,0.43999999999999984,0.87999999999999967,True,correct,correct;low_confidence;temporal_regime,DECISION-TIME
33e566194b5ae67b233e6b12,fold_1,0,4754785,1,1,1,600,600,29.296875,29.296875,100,100,1,1,1,4754791,0,0.43999999999999984,0.43999999999999984,0.87999999999999967,True,correct,correct;low_confidence;temporal_regime,DECISION-TIME
45916634b6d98526a46d2738,fold_1,0,4755027,1,1,1,1000,1000,19.55078125,19.55078125,50,50,1,1,1,4755030,0,0.43999999999999984,0.43999999999999984,0.87999999999999967,True,correct,correct;low_confidence;temporal_regime,DECISION-TIME
569a686e307440b65c7f8c4a,fold_1,1,4755617,1,1,1,600,600,29.296875,29.296875,100,100,1,1,1,4755727,0,0.43999999999999984,0.43999999999999984,0.87999999999999967,False,low_confidence_error,false_negative;low_confidence;temporal_regime,DECISION-TIME
c84aaae41426c4ff348d7847,fold_1,1,4756367,1,1,1,600,600,29.296875,29.296875,100,100,1,4,3,4756999,0,0.43999999999999984,0.43999999999999984,0.87999999999999967,False,low_confidence_error,false_negative;low_confidence;temporal_regime,DECISION-TIME
bd3dcd935cd824b4fd8b26ef,fold_1,0,4756565,1,1,1,600,600,29.296875,29.296875,25,25,1,1,1,4756570,0,0.43999999999999984,0.43999999999999984,0.87999999999999967,True,correct,correct;low_confidence;temporal_regime,DECISION-TIME
906f4c35289e42140f97f2f7,fold_1,0,4757048,2,2,90,650,1000,6.8359375,6.8359375,25,25,1,90,35,4758330.166666667,0,0.025000000000000001,0.025000000000000001,0.050000000000000044,True,correct,correct;high_confidence;temporal_regime,DECISION-TIME
eb97db9cd2239ac1be8028ae,fold_1,0,4757440,1,1,1,1200,1200,29.296875,29.296875,100,100,1,1,1,4757555,0,0.43999999999999984,0.43999999999999984,0.87999999999999967,True,correct,correct;low_confidence;temporal_regime,DECISION-TIME
05a139e3538c4ef785b0ef54,fold_1,0,4757442,1,1,1,800,800,7.83203125,7.83203125,50,50,1,1,1,4757445,0,0.088888888888888892,0.088888888888888892,0.17777777777777781,True,correct,correct;high_confidence;temporal_regime,DECISION-TIME
7b40c8ea7dfe403e08092d32,fold_1,1,4757559,1,1,1,600,600,29.296875,29.296875,25,25,1,1,1,4757566,0,0.43999999999999984,0.43999999999999984,0.87999999999999967,False,low_confidence_error,false_negative;low_confidence;temporal_regime,DECISION-TIME
18ef25258ba2375754e0210d,fold_1,1,4757658,1,1,1,600,600,29.296875,29.296875,100,100,1,1,1,4757768,0,0.43999999999999984,0.43999999999999984,0.87999999999999967,False,low_confidence_error,false_negative;low_confidence;temporal_regime,DECISION-TIME
21bcabbfd5af22b06e98c7ec,fold_1,1,4757730,1,1,1,1800,1800,58.59375,58.59375,100,100,1,1,1,4757903,0,0.43999999999999984,0.43999999999999984,0.87999999999999967,False,low_confidence_error,false_negative;low_confidence;temporal_regime,DECISION-TIME
91a9e967d1ffe1db09824220,fold_1,0,4758024,1,1,1,600,600,29.296875,29.296875,100,100,1,1,1,4758031,0,0.43999999999999984,0.43999999999999984,0.87999999999999967,True,correct,correct;low_confidence;temporal_regime,DECISION-TIME
d12fabbe2b2bb14db940b5d2,fold_1,0,4758319,1,1,1,600,600,29.296875,29.296875,100,100,1,1,1,4758385,0,0.43999999999999984,0.43999999999999984,0.87999999999999967,True,correct,correct;low_confidence;temporal_regime,DECISION-TIME
89a2e8a164420d9845278ea6,fold_1,0,4758581,1,1,1,1000,1000,19.55078125,19.55078125,50,50,1,1,1,4758584,0,0.43999999999999984,0.43999999999999984,0.87999999999999967,True,correct,correct;low_confidence;temporal_regime,DECISION-TIME
cc5687c91825413927ce2c5a,fold_1,0,4758754,1,1,1,1600,1600,9.765625,9.765625,100,100,1,1,1,4758760,0,0.43999999999999984,0.43999999999999984,0.87999999999999967,True,correct,correct;low_confidence;temporal_regime,DECISION-TIME
deec57c2f8b81ba0ac4651b7,fold_1,0,4759559,1,1,1,1800,1800,58.59375,58.59375,100,100,1,1,1,4761790,0,0.43999999999999984,0.43999999999999984,0.87999999999999967,True,correct,correct;low_confidence;temporal_regime,DECISION-TIME
2a2a8f894ea2212a5b58fa30,fold_1,0,4762004,1,1,1,600,600,29.296875,29.296875,100,100,1,1,1,4762027,0,0.43999999999999984,0.43999999999999984,0.87999999999999967,True,correct,correct;low_confidence;temporal_regime,DECISION-TIME
043422263e3766a838754c49,fold_1,0,4762370,1,1,1,600,600,29.296875,29.296875,10,10,1,1,1,4762381,0,0.43999999999999984,0.43999999999999984,0.87999999999999967,True,correct,correct;low_confidence;temporal_regime,DECISION-TIME
efc8f07559379a32512d9b6f,fold_1,0,4762370,1,1,1,600,600,29.296875,29.296875,10,10,1,1,1,4762380,0,0.43999999999999984,0.43999999999999984,0.87999999999999967,True,correct,correct;low_confidence;temporal_regime,DECISION-TIME
6ea8e85b5a1056088a3efa46,fold_1,0,4762371,1,1,1,600,600,29.296875,29.296875,10,10,1,1,1,4762381,0,0.43999999999999984,0.43999999999999984,0.87999999999999967,True,correct,correct;low_confidence;temporal_regime,DECISION-TIME
8a5d92eff522260288ffb95d,fold_1,0,4762380,1,1,1,600,600,29.296875,29.296875,10,10,1,1,1,4762413,0,0.43999999999999984,0.43999999999999984,0.87999999999999967,True,correct,correct;low_confidence;temporal_regime,DECISION-TIME
a1f832f209418fe40e4a2e06,fold_1,0,4762495,1,1,1,600,600,29.296875,29.296875,100,100,1,1,1,4762502,0,0.43999999999999984,0.43999999999999984,0.87999999999999967,True,correct,correct;low_confidence;temporal_regime,DECISION-TIME
e7adfb490ca8e17aeab4d92c,fold_1,0,4763379,1,1,1,600,600,29.296875,29.296875,25,25,1,1,1,4763393,0,0.43999999999999984,0.43999999999999984,0.87999999999999967,True,correct,correct;low_confidence;temporal_regime,DECISION-TIME
46951cbd18c405bdc473cc56,fold_1,0,4763408,1,1,1,600,600,29.296875,29.296875,100,100,1,1,1,4763525,0,0.43999999999999984,0.43999999999999984,0.87999999999999967,True,correct,correct;low_confidence;temporal_regime,DECISION-TIME
371ca7d1261b51dd6f051a4d,fold_1,0,4765016,2,2,2,600,600,2.9296875,2.9296875,100,100,1,3,3,4765100,0,0.025000000000000001,0.025000000000000001,0.050000000000000044,True,correct,correct;high_confidence;temporal_regime,DECISION-TIME
39d28ec6aa17d8cc4a5fcd89,fold_1,0,4765206,1,1,1,2000,2000,48.828125,48.828125,100,100,1,1,1,4765869,0,0.43999999999999984,0.43999999999999984,0.87999999999999967,True,correct,correct;low_confidence;temporal_regime,DECISION-TIME
82dd1c46fde61a79c1b0b490,fold_1,0,4765283,1,1,1,1600,1600,29.296875,29.296875,100,100,1,1,1,4766952,0,0.43999999999999984,0.43999999999999984,0.87999999999999967,True,correct,correct;low_confidence;temporal_regime,DECISION-TIME
279c9d03e72c206952956678,fold_1,0,4765288,1,1,1,1000,1000,19.55078125,19.55078125,50,50,1,1,1,4765291,0,0.43999999999999984,0.43999999999999984,0.87999999999999967,True,correct,correct;low_confidence;temporal_regime,DECISION-TIME
65df9c0f11be2c72e2bb8539,fold_1,0,4765803,2,2,6,600,600,58.59375,58.59375,25,25,1,6,6,4765812.833333333,0,0.43999999999999984,0.43999999999999984,0.87999999999999967,True,correct,correct;low_confidence;temporal_regime,DECISION-TIME
b04c0e484f218825b56a3fd9,fold_1,0,4766344,2,2,6,600,600,58.59375,58.59375,25,25,1,6,5,4766356.333333333,0,0.43999999999999984,0.43999999999999984,0.87999999999999967,True,correct,correct;low_confidence;temporal_regime,DECISION-TIME
f0ecb4d32c5ed60ce0547dab,fold_1,1,4767012,1,1,1,600,600,29.296875,29.296875,100,100,1,1,1,4770615,0,0.43999999999999984,0.43999999999999984,0.87999999999999967,False,low_confidence_error,false_negative;low_confidence;temporal_regime,DECISION-TIME
6f92f420f37142ef511538ad,fold_1,0,4768324,1,1,1,1000,1000,19.55078125,19.55078125,50,50,1,1,1,4768327,0,0.43999999999999984,0.43999999999999984,0.87999999999999967,True,correct,correct;low_confidence;temporal_regime,DECISION-TIME
2dee00779735808667d77e34,fold_1,0,4768636,2,2,51,500,600,19.53125,19.53125,50,50,1,51,48,4768675.2156862747,0,0.088888888888888892,0.088888888888888892,0.17777777777777781,True,correct,correct;high_confidence;temporal_regime,DECISION-TIME
faf7b802e54a1b8b2531c193,fold_1,0,4768711,2,2,60,600,600,48.828125,48.828125,50,50,1,60,48,4768834.5666666664,0,0.43999999999999984,0.43999999999999984,0.87999999999999967,True,correct,correct;low_confidence;temporal_regime,DECISION-TIME
528f420f1ce10bb6bf3bbb72,fold_1,0,4768834,1,1,1,1800,1800,58.59375,58.59375,100,100,1,1,1,4769052,0,0.43999999999999984,0.43999999999999984,0.87999999999999967,True,correct,correct;low_confidence;temporal_regime,DECISION-TIME
d8380c7580f2bbe4bb28ff2b,fold_1,0,4768871,1,1,1,600,600,29.296875,29.296875,100,100,1,1,1,4768963,0,0.43999999999999984,0.43999999999999984,0.87999999999999967,True,correct,correct;low_confidence;temporal_regime,DECISION-TIME
90fd15b351f7eee612a8e97c,fold_1,1,4771064,1,1,1,600,600,29.296875,29.296875,100,100,1,1,1,4771067,0,0.43999999999999984,0.43999999999999984,0.87999999999999967,False,low_confidence_error,false_negative;low_confidence;temporal_regime,DECISION-TIME
6aa6e284a54b66b8a0643d34,fold_1,0,4772365,2,2,2,600,600,29.296875,29.296875,200,200,2,2,2,4772589,0,0.43999999999999984,0.43999999999999984,0.87999999999999967,True,correct,correct;low_confidence;temporal_regime,DECISION-TIME
517f77945ee3cefae1ef3128,fold_1,1,4772395,1,1,1,600,600,29.296875,29.296875,100,100,1,1,1,4772400,0,0.43999999999999984,0.43999999999999984,0.87999999999999967,False,low_confidence_error,false_negative;low_confidence;temporal_regime,DECISION-TIME
bca26cce50732c2c972609df,fold_1,1,4772407,1,1,1,600,600,29.296875,29.296875,100,100,1,1,1,4772492,0,0.43999999999999984,0.43999999999999984,0.87999999999999967,False,low_confidence_error,false_negative;low_confidence;temporal_regime,DECISION-TIME
46c85213ec5387713a943016,fold_1,1,4772607,1,1,1,800,800,29.296875,29.296875,400,400,1,1,1,4772611,0,0.088888888888888892,0.088888888888888892,0.17777777777777781,False,high_confidence_error,false_negative;high_confidence;temporal_regime,DECISION-TIME
e334b16f99ee14bd6ea3393d,fold_1,1,4773123,2,2,4,600,600,17.08984375,29.296875,100,100,1,6,4,4773429,0,0.43999999999999984,0.43999999999999984,0.87999999999999967,False,low_confidence_error,false_negative;low_confidence;temporal_regime,DECISION-TIME
174c233cc6e887ee88124f04,fold_1,0,4773591,2,2,2,600,600,29.296875,29.296875,100,100,1,2,1,4773606,0,0.088888888888888892,0.088888888888888892,0.17777777777777781,True,correct,correct;high_confidence;temporal_regime,DECISION-TIME
320cc1cde76ab1b9626c1fb0,fold_1,1,4773594,1,1,1,600,600,29.296875,29.296875,100,100,1,1,1,4773601,0,0.43999999999999984,0.43999999999999984,0.87999999999999967,False,low_confidence_error,false_negative;low_confidence;temporal_regime,DECISION-TIME
1e3fd118f57b682267db5dca,fold_1,0,4773858,1,1,1,600,600,29.296875,29.296875,100,100,1,1,1,4773863,0,0.43999999999999984,0.43999999999999984,0.87999999999999967,True,correct,correct;low_confidence;temporal_regime,DECISION-TIME
fbc2fd411f37cffb84523b7e,fold_1,0,4774116,1,1,10,600,600,29.296875,29.296875,50,50,1,10,8,4774119.2000000002,0,0.43999999999999984,0.43999999999999984,0.87999999999999967,True,correct,correct;low_confidence;temporal_regime,DECISION-TIME
693d111668bbc22a5b2ea3f7,fold_1,0,4774553,1,1,4,600,600,29.296875,29.296875,100,100,1,4,4,4774560.25,0,0.43999999999999984,0.43999999999999984,0.87999999999999967,True,correct,correct;low_confidence;temporal_regime,DECISION-TIME
94a2fe6326d7e2b76b8af5aa,fold_1,0,4774781,1,1,1,3200,3200,19.53125,19.53125,100,100,1,1,1,4774784,0,0.43999999999999984,0.43999999999999984,0.87999999999999967,True,correct,correct;low_confidence;temporal_regime,DECISION-TIME
cb7e4661ea42fcc906955a5c,fold_1,1,4774882,1,1,1,600,600,29.296875,29.296875,100,100,1,1,1,4774894,0,0.43999999999999984,0.43999999999999984,0.87999999999999967,False,low_confidence_error,false_negative;low_confidence;temporal_regime,DECISION-TIME
e9f584fc8a059e5cb508aaca,fold_1,1,4775532,1,1,1,600,600,29.296875,29.296875,100,100,1,1,1,4775539,0,0.43999999999999984,0.43999999999999984,0.87999999999999967,False,low_confidence_error,false_negative;low_confidence;temporal_regime,DECISION-TIME
120f8a6676cee0b5da38df65,fold_1,0,4775621,3,3,4,466.66666666666669,600,11.765625,29.296875,25,25,1,4,3,4775625.75,0,0.088888888888888892,0.088888888888888892,0.17777777777777781,True,correct,correct;high_confidence;temporal_regime,DECISION-TIME
97431c80e122f52d37ea5bf8,fold_1,1,4775933,1,1,1,600,600,29.296875,29.296875,100,100,1,1,1,4775942,0,0.43999999999999984,0.43999999999999984,0.87999999999999967,False,low_confidence_error,false_negative;low_confidence;temporal_regime,DECISION-TIME
d38cffd0707019a6f8c54f4c,fold_1,0,4776267,2,2,50,500,600,12.20703125,14.6484375,50,50,1,50,41,4776291.2199999997,0,0.088888888888888892,0.088888888888888892,0.17777777777777781,True,correct,correct;high_confidence;temporal_regime,DECISION-TIME
7face325cf16964473bf8d18,fold_1,0,4776514,1,1,1,100,100,1.97265625,1.97265625,,,0,1,1,4776518,0,0,0,0,True,correct,correct;high_confidence;temporal_regime;feature_missingness,DECISION-TIME
bea32674e9597c3fd815c077,fold_1,0,4777355,2,2,31,600,600,29.296875,39.0625,25,25,1,31,27,4777366.064516129,0,0.43999999999999984,0.43999999999999984,0.87999999999999967,True,correct,correct;low_confidence;temporal_regime,DECISION-TIME
e7a96e7ef3e949c592f2a236,fold_1,0,4777539,1,1,1,1000,1000,19.55078125,19.55078125,50,50,1,1,1,4777542,0,0.43999999999999984,0.43999999999999984,0.87999999999999967,True,correct,correct;low_confidence;temporal_regime,DECISION-TIME
43a4c8c7cf1af6768f85eeb1,fold_1,0,4777928,1,1,1,600,600,29.296875,29.296875,100,100,1,1,1,4778053,0,0.43999999999999984,0.43999999999999984,0.87999999999999967,True,correct,correct;low_confidence;temporal_regime,DECISION-TIME
5a7aaf9ac85fe3edb5dee608,fold_1,0,4778364,1,1,1,600,600,29.296875,29.296875,25,25,1,1,1,4778372,0,0.43999999999999984,0.43999999999999984,0.87999999999999967,True,correct,correct;low_confidence;temporal_regime,DECISION-TIME
25de5aa5be9fe87903467452,fold_1,0,4778460,1,1,1,1000,1000,19.55078125,19.55078125,50,50,1,1,1,4778464,0,0.43999999999999984,0.43999999999999984,0.87999999999999967,True,correct,correct;low_confidence;temporal_regime,DECISION-TIME
af12f66bd9fceea92db3f159,fold_1,0,4778553,1,1,1,600,600,29.296875,29.296875,100,100,1,1,1,4778564,0,0.43999999999999984,0.43999999999999984,0.87999999999999967,True,correct,correct;low_confidence;temporal_regime,DECISION-TIME
16fb89f93c8689f841d54a7d,fold_1,0,4778624,3,3,3,466.66666666666669,600,10.765625,29.296875,25,25,1,3,3,4778629.333333333,0,0.088888888888888892,0.088888888888888892,0.17777777777777781,True,correct,correct;high_confidence;temporal_regime,DECISION-TIME
87594fa76f86b939d2083497,fold_1,1,4778665,1,1,1,600,600,3.90625,3.90625,100,100,1,1,1,4778675,0,0.088888888888888892,0.088888888888888892,0.17777777777777781,False,high_confidence_error,false_negative;high_confidence;temporal_regime,DECISION-TIME
d6fcc323bc630e5cabc158b0,fold_1,0,4779635,2,2,3,200,300,78.125,78.125,100,100,1,3,2,4779647.666666667,0,0.43999999999999984,0.43999999999999984,0.87999999999999967,True,correct,correct;low_confidence;temporal_regime,DECISION-TIME
14a1995e9fb9cf43df4a4555,fold_1,0,4780454,2,2,3,600,600,29.296875,29.296875,100,100,1,3,2,4780459,0,0.088888888888888892,0.088888888888888892,0.17777777777777781,True,correct,correct;high_confidence;temporal_regime,DECISION-TIME
b638478f8904b60d929947e5,fold_1,0,4781060,1,1,1,200,200,0.99609375,0.99609375,,,0,1,1,4781063,0,0,0,0,True,correct,correct;high_confidence;temporal_regime;feature_missingness,DECISION-TIME
d76de52e575ce59457601547,fold_1,0,4781181,1,1,1,600,600,29.296875,29.296875,100,100,1,1,1,4781193,0,0.43999999999999984,0.43999999999999984,0.87999999999999967,True,correct,correct;low_confidence;temporal_regime,DECISION-TIME
c9d31aab55beaf8ac3685a54,fold_1,0,4781284,1,1,1,600,600,29.296875,29.296875,100,100,1,1,1,4781295,0,0.43999999999999984,0.43999999999999984,0.87999999999999967,True,correct,correct;low_confidence;temporal_regime,DECISION-TIME
2423143acbde48caff918d40,fold_1,0,4781870,3,3,6,466.66666666666669,600,11.765625,29.296875,25,25,1,6,3,4781875.5,0,0.088888888888888892,0.088888888888888892,0.17777777777777781,True,correct,correct;high_confidence;temporal_regime,DECISION-TIME
2cd55c131e98fdafac67e554,fold_1,0,4782002,1,1,1,600,600,29.296875,29.296875,25,25,1,1,1,4782010,0,0.43999999999999984,0.43999999999999984,0.87999999999999967,True,correct,correct;low_confidence;temporal_regime,DECISION-TIME
2dec45ebd55a2d7ad32e6d79,fold_1,0,4782900,1,1,1,600,600,29.296875,29.296875,100,100,1,1,1,4782990,0,0.43999999999999984,0.43999999999999984,0.87999999999999967,True,correct,correct;low_confidence;temporal_regime,DECISION-TIME
dde17d946257bbeea43cc4c6,fold_1,0,4783273,1,1,1,1000,1000,19.55078125,19.55078125,50,50,1,1,1,4783278,0,0.43999999999999984,0.43999999999999984,0.87999999999999967,True,correct,correct;low_confidence;temporal_regime,DECISION-TIME
71e635c729e3af3910331582,fold_1,1,4783445,2,2,5,700,800,58.59375,58.59375,25,25,1,5,3,4783455,0,0.43999999999999984,0.43999999999999984,0.87999999999999967,False,low_confidence_error,false_negative;low_confidence;temporal_regime,DECISION-TIME
52d9f07ba13746cbb4c73f0d,fold_1,0,4783883,1,1,1,600,600,29.296875,29.296875,100,100,1,3,2,4784341,0,0.43999999999999984,0.43999999999999984,0.87999999999999967,True,correct,correct;low_confidence;temporal_regime,DECISION-TIME
e600f870a1e869573b8f5dd0,fold_1,0,4783900,1,1,1,600,600,29.296875,29.296875,100,100,1,1,1,4784002,0,0.43999999999999984,0.43999999999999984,0.87999999999999967,True,correct,correct;low_confidence;temporal_regime,DECISION-TIME
51ca37cb0a0b9fdc67639e4b,fold_1,0,4783903,2,2,13,350,600,2,2,25,25,1,13,10,4783908.153846154,0,0.025000000000000001,0.025000000000000001,0.050000000000000044,True,correct,correct;high_confidence;temporal_regime,DECISION-TIME
c6ff16270245bdd932174030,fold_1,0,4785590,1,1,1,600,600,29.296875,29.296875,25,25,1,1,1,4785593,0,0.43999999999999984,0.43999999999999984,0.87999999999999967,True,correct,correct;low_confidence;temporal_regime,DECISION-TIME
b8d27bf629755130678368f0,fold_1,0,4786163,1,1,5,600,600,19.53125,19.53125,100,100,1,5,5,4786178.7999999998,0,0.088888888888888892,0.088888888888888892,0.17777777777777781,True,correct,correct;high_confidence;temporal_regime,DECISION-TIME
c1b0501a2715b625abcc2114,fold_1,0,4786307,2,2,11,350,600,2,2,25,25,1,11,7,4786311.9090909092,0,0.025000000000000001,0.025000000000000001,0.050000000000000044,True,correct,correct;high_confidence;temporal_regime,DECISION-TIME
31e4f466e361047d03f090df,fold_1,0,4786873,1,1,1,600,600,29.296875,29.296875,25,25,1,1,1,4786884,0,0.43999999999999984,0.43999999999999984,0.87999999999999967,True,correct,correct;low_confidence;temporal_regime,DECISION-TIME
c81b1aae0da3ce7b0d417e06,fold_1,0,4787357,1,1,1,400,400,5.859375,5.859375,100,100,1,1,1,4787449,0,0.088888888888888892,0.088888888888888892,0.17777777777777781,True,correct,correct;high_confidence;temporal_regime,DECISION-TIME
6389369da98d7bcde9b9e666,fold_1,0,4787649,1,1,1,600,600,29.296875,29.296875,100,100,1,1,1,4787652,0,0.43999999999999984,0.43999999999999984,0.87999999999999967,True,correct,correct;low_confidence;temporal_regime,DECISION-TIME
6a147e341ee5d53e8f81838a,fold_1,0,4788095,2,2,4,600,600,15.625,29.296875,50,50,1,4,3,4788142.75,0,0.43999999999999984,0.43999999999999984,0.87999999999999967,True,correct,correct;low_confidence;temporal_regime,DECISION-TIME
d95c5ea256849b824008b3e6,fold_1,0,4788570,1,1,1,600,600,29.296875,29.296875,50,50,1,1,1,4788584,0,0.43999999999999984,0.43999999999999984,0.87999999999999967,True,correct,correct;low_confidence;temporal_regime,DECISION-TIME
637dedb61cc7868cffeaa59e,fold_1,0,4788814,2,2,24,350,600,2,2,25,25,1,24,5,4788821.375,0,0.025000000000000001,0.025000000000000001,0.050000000000000044,True,correct,correct;high_confidence;temporal_regime,DECISION-TIME
c5bc44ef638e69c26a5f60c7,fold_1,1,4788814,1,1,1,600,600,29.296875,29.296875,100,100,1,1,1,4788826,0,0.43999999999999984,0.43999999999999984,0.87999999999999967,False,low_confidence_error,false_negative;low_confidence;temporal_regime,DECISION-TIME
f1491b48093bc0eb361ef4bf,fold_1,0,4788938,1,1,1,600,600,29.296875,29.296875,25,25,1,1,1,4788949,0,0.43999999999999984,0.43999999999999984,0.87999999999999967,True,correct,correct;low_confidence;temporal_regime,DECISION-TIME
2e1428bd3e6827844813ef30,fold_1,0,4789055,3,3,12,466.66666666666669,600,10.932291666666666,29.296875,25,25,1,12,4,4789060.416666667,0,0.088888888888888892,0.088888888888888892,0.17777777777777781,True,correct,correct;high_confidence;temporal_regime,DECISION-TIME
