job_name,population,label,job_start_time,n_tasks,n_distinct_task_names,sum_inst_num,mean_plan_cpu,max_plan_cpu,mean_plan_mem,max_plan_mem,mean_plan_gpu,max_plan_gpu,n_distinct_gpu_types,n_instances,n_distinct_machines,mean_instance_start_time,predicted_label,risk_score,calibrated_risk,uncertainty,correct,primary_failure_category,secondary_tags,decision_time_availability
950d6be5703c4df5fb54c7e4,fold_2,1,4789772,1,1,1,600,600,29.296875,29.296875,100,100,1,3,3,4790228,0,0.21045576407506703,0.21045576407506703,0.42091152815013411,False,high_confidence_error,false_negative;high_confidence;temporal_regime,DECISION-TIME
fef401ec52c01650f06426f1,fold_2,0,4790023,3,3,12,466.66666666666669,600,13.265625,29.296875,25,25,1,13,6,4790106.333333333,0,0.11956521739130435,0.11956521739130435,0.23913043478260865,True,correct,correct;high_confidence;temporal_regime,DECISION-TIME
1db94bc05bf839d192be4dda,fold_2,1,4790498,1,1,1,600,600,29.296875,29.296875,100,100,1,1,1,4790506,0,0.21045576407506703,0.21045576407506703,0.42091152815013411,False,high_confidence_error,false_negative;high_confidence;temporal_regime,DECISION-TIME
cbc8c36a9a5f1a44fb367550,fold_2,1,4790797,1,1,1,600,600,29.296875,29.296875,100,100,1,1,1,4790811,0,0.21045576407506703,0.21045576407506703,0.42091152815013411,False,high_confidence_error,false_negative;high_confidence;temporal_regime,DECISION-TIME
3fa1db9cd4ad4c82c0921cfe,fold_2,0,4790844,1,1,1,600,600,29.296875,29.296875,100,100,1,1,1,4790850,0,0.21045576407506703,0.21045576407506703,0.42091152815013411,True,correct,correct;high_confidence;temporal_regime,DECISION-TIME
88adf5817d9b798093beaab6,fold_2,1,4790871,1,1,1,600,600,29.296875,29.296875,100,100,1,1,1,4790945,0,0.21045576407506703,0.21045576407506703,0.42091152815013411,False,high_confidence_error,false_negative;high_confidence;temporal_regime,DECISION-TIME
ff490fa218f0718053fc8623,fold_2,1,4791382,1,1,1,600,600,29.296875,29.296875,100,100,1,1,1,4791476,0,0.21045576407506703,0.21045576407506703,0.42091152815013411,False,high_confidence_error,false_negative;high_confidence;temporal_regime,DECISION-TIME
5f237ec62dbfd066eb60f3eb,fold_2,1,4791425,1,1,1,600,600,29.296875,29.296875,100,100,1,1,1,4791522,0,0.21045576407506703,0.21045576407506703,0.42091152815013411,False,high_confidence_error,false_negative;high_confidence;temporal_regime,DECISION-TIME
840da3f15bca00897a662a73,fold_2,1,4791515,1,1,1,600,600,29.296875,29.296875,100,100,1,1,1,4791610,0,0.21045576407506703,0.21045576407506703,0.42091152815013411,False,high_confidence_error,false_negative;high_confidence;temporal_regime,DECISION-TIME
b33b8c89a687fea6d1e3e918,fold_2,1,4791743,1,1,1,600,600,29.296875,29.296875,100,100,1,1,1,4791876,0,0.21045576407506703,0.21045576407506703,0.42091152815013411,False,high_confidence_error,false_negative;high_confidence;temporal_regime,DECISION-TIME
b19366ef918cd9b02d3154df,fold_2,0,4792066,1,1,1,600,600,29.296875,29.296875,100,100,1,1,1,4792073,0,0.21045576407506703,0.21045576407506703,0.42091152815013411,True,correct,correct;high_confidence;temporal_regime,DECISION-TIME
7b0b9720ed3c43774656d624,fold_2,1,4792167,1,1,1,600,600,29.296875,29.296875,100,100,1,1,1,4792174,0,0.21045576407506703,0.21045576407506703,0.42091152815013411,False,high_confidence_error,false_negative;high_confidence;temporal_regime,DECISION-TIME
88e0dc0393db6942cfa489dc,fold_2,1,4792234,1,1,1,600,600,29.296875,29.296875,100,100,1,1,1,4792335,0,0.21045576407506703,0.21045576407506703,0.42091152815013411,False,high_confidence_error,false_negative;high_confidence;temporal_regime,DECISION-TIME
6832a3cff673efd7f38df3da,fold_2,0,4792248,2,2,2,600,600,29.296875,29.296875,25,25,1,2,2,4792253.5,0,0.21045576407506703,0.21045576407506703,0.42091152815013411,True,correct,correct;high_confidence;temporal_regime,DECISION-TIME
70b17c3672d59cc7060e27c7,fold_2,1,4792351,1,1,1,600,600,29.296875,29.296875,100,100,1,1,1,4792450,0,0.21045576407506703,0.21045576407506703,0.42091152815013411,False,high_confidence_error,false_negative;high_confidence;temporal_regime,DECISION-TIME
34880b00a475c195ecbcdc50,fold_2,1,4792441,1,1,1,600,600,29.296875,29.296875,100,100,1,1,1,4792536,0,0.21045576407506703,0.21045576407506703,0.42091152815013411,False,high_confidence_error,false_negative;high_confidence;temporal_regime,DECISION-TIME
9ed277ee0834ebbe42e8e1fb,fold_2,0,4792609,1,1,1,1600,1600,29.296875,29.296875,100,100,1,1,1,4792637,0,0.11956521739130435,0.11956521739130435,0.23913043478260865,True,correct,correct;high_confidence;temporal_regime,DECISION-TIME
fc2346f89c513c6618e789df,fold_2,1,4793035,1,1,1,600,600,29.296875,29.296875,100,100,1,1,1,4793126,0,0.21045576407506703,0.21045576407506703,0.42091152815013411,False,high_confidence_error,false_negative;high_confidence;temporal_regime,DECISION-TIME
2d02016c0e66cc0876047947,fold_2,1,4793113,1,1,1,600,600,29.296875,29.296875,100,100,1,1,1,4793208,0,0.21045576407506703,0.21045576407506703,0.42091152815013411,False,high_confidence_error,false_negative;high_confidence;temporal_regime,DECISION-TIME
d53991c2253e41d0e30488cc,fold_2,1,4793181,1,1,1,600,600,29.296875,29.296875,100,100,1,1,1,4793292,0,0.21045576407506703,0.21045576407506703,0.42091152815013411,False,high_confidence_error,false_negative;high_confidence;temporal_regime,DECISION-TIME
2c4c49f3647e9b2f25aa6a9a,fold_2,0,4793258,1,1,1,600,600,29.296875,29.296875,25,25,1,1,1,4793271,0,0.21045576407506703,0.21045576407506703,0.42091152815013411,True,correct,correct;high_confidence;temporal_regime,DECISION-TIME
62526b5c118ac788cf86f8ee,fold_2,1,4794154,1,1,1,600,600,29.296875,29.296875,100,100,1,1,1,4794173,0,0.21045576407506703,0.21045576407506703,0.42091152815013411,False,high_confidence_error,false_negative;high_confidence;temporal_regime,DECISION-TIME
4f03287220a3b7fb691094a0,fold_2,1,4794574,1,1,1,600,600,29.296875,29.296875,100,100,1,1,1,4794618,0,0.21045576407506703,0.21045576407506703,0.42091152815013411,False,high_confidence_error,false_negative;high_confidence;temporal_regime,DECISION-TIME
e74e40953402f8abb318fcb1,fold_2,1,4794831,1,1,1,600,600,29.296875,29.296875,100,100,1,1,1,4794879,0,0.21045576407506703,0.21045576407506703,0.42091152815013411,False,high_confidence_error,false_negative;high_confidence;temporal_regime,DECISION-TIME
76aea673d1dfccb138efad19,fold_2,0,4795426,1,1,1,20,20,29.296875,29.296875,10,10,1,1,1,4795437,0,0.30303030303030304,0.30303030303030304,0.60606060606060608,True,correct,correct;low_confidence;temporal_regime,DECISION-TIME
0520e86a83464e1157e10f56,fold_2,1,4795682,1,1,1,600,600,29.296875,29.296875,100,100,1,1,1,4795779,0,0.21045576407506703,0.21045576407506703,0.42091152815013411,False,high_confidence_error,false_negative;high_confidence;temporal_regime,DECISION-TIME
9561bdf723edbe9d046f47d0,fold_2,0,4795825,1,1,1,600,600,29.296875,29.296875,100,100,1,1,1,4795838,0,0.21045576407506703,0.21045576407506703,0.42091152815013411,True,correct,correct;high_confidence;temporal_regime,DECISION-TIME
e0de6423d186e6d63462a1e1,fold_2,1,4796160,1,1,1,600,600,29.296875,29.296875,100,100,1,2,2,4796410,0,0.21045576407506703,0.21045576407506703,0.42091152815013411,False,high_confidence_error,false_negative;high_confidence;temporal_regime,DECISION-TIME
a4343b95a8dda807e49e306b,fold_2,0,4796657,2,2,47,500,600,10.7421875,11.71875,50,50,1,47,39,4796873.6382978726,0,0.11956521739130435,0.11956521739130435,0.23913043478260865,True,correct,correct;high_confidence;temporal_regime,DECISION-TIME
71e0724a9fd94c6a6e085f85,fold_2,1,4796686,1,1,1,600,600,29.296875,29.296875,100,100,1,1,1,4796803,0,0.21045576407506703,0.21045576407506703,0.42091152815013411,False,high_confidence_error,false_negative;high_confidence;temporal_regime,DECISION-TIME
d10034e9174f9c98c6453724,fold_2,1,4796830,1,1,1,1600,1600,29.296875,29.296875,100,100,1,1,1,4796954,0,0.11956521739130435,0.11956521739130435,0.23913043478260865,False,high_confidence_error,false_negative;high_confidence;temporal_regime,DECISION-TIME
6657fb9ec8161543ca8939ae,fold_2,1,4797081,1,1,1,600,600,29.296875,29.296875,100,100,1,1,1,4797195,0,0.21045576407506703,0.21045576407506703,0.42091152815013411,False,high_confidence_error,false_negative;high_confidence;temporal_regime,DECISION-TIME
371ea4b2211c26e1de7b2c29,fold_2,0,4797099,1,1,20,200,200,4,4,25,25,1,20,14,4802481,0,0.11956521739130435,0.11956521739130435,0.23913043478260865,True,correct,correct;high_confidence;temporal_regime,DECISION-TIME
397d580f07128088dc221214,fold_2,1,4797343,1,1,1,600,600,29.296875,29.296875,100,100,1,1,1,4797471,0,0.21045576407506703,0.21045576407506703,0.42091152815013411,False,high_confidence_error,false_negative;high_confidence;temporal_regime,DECISION-TIME
25cc9e79af165b469248d0cd,fold_2,1,4797353,1,1,1,600,600,29.296875,29.296875,100,100,1,1,1,4797462,0,0.21045576407506703,0.21045576407506703,0.42091152815013411,False,high_confidence_error,false_negative;high_confidence;temporal_regime,DECISION-TIME
289028b8fc94f726da5f9d24,fold_2,1,4797425,1,1,1,600,600,29.296875,29.296875,100,100,1,1,1,4797524,0,0.21045576407506703,0.21045576407506703,0.42091152815013411,False,high_confidence_error,false_negative;high_confidence;temporal_regime,DECISION-TIME
51f66fdfd9f1ad664eda50ec,fold_2,0,4797576,2,2,26,350,600,2,2,25,25,1,26,16,4799055.038461538,0,0.11956521739130435,0.11956521739130435,0.23913043478260865,True,correct,correct;high_confidence;temporal_regime,DECISION-TIME
2d284baa1329cf70dfcfe502,fold_2,0,4797599,1,1,1,600,600,29.296875,29.296875,100,100,1,1,1,4799403,0,0.21045576407506703,0.21045576407506703,0.42091152815013411,True,correct,correct;high_confidence;temporal_regime,DECISION-TIME
b1b3d4501d6a0610fec004bc,fold_2,1,4797850,1,1,1,600,600,29.296875,29.296875,100,100,1,1,1,4797893,0,0.21045576407506703,0.21045576407506703,0.42091152815013411,False,high_confidence_error,false_negative;high_confidence;temporal_regime,DECISION-TIME
1f7f3aba270d722d57e171c7,fold_2,0,4798108,1,1,1,1200,1200,29.296875,29.296875,100,100,1,1,1,4798158,0,0.11956521739130435,0.11956521739130435,0.23913043478260865,True,correct,correct;high_confidence;temporal_regime,DECISION-TIME
ed02c642af4700c0e5864237,fold_2,1,4798346,1,1,1,600,600,29.296875,29.296875,100,100,1,1,1,4798447,0,0.21045576407506703,0.21045576407506703,0.42091152815013411,False,high_confidence_error,false_negative;high_confidence;temporal_regime,DECISION-TIME
e81f325d76e86633fc6e142d,fold_2,1,4798413,1,1,1,600,600,29.296875,29.296875,100,100,1,1,1,4798511,0,0.21045576407506703,0.21045576407506703,0.42091152815013411,False,high_confidence_error,false_negative;high_confidence;temporal_regime,DECISION-TIME
e52ddeab08c03264a9a322a9,fold_2,1,4798416,1,1,1,600,600,29.296875,29.296875,100,100,1,1,1,4798489,0,0.21045576407506703,0.21045576407506703,0.42091152815013411,False,high_confidence_error,false_negative;high_confidence;temporal_regime,DECISION-TIME
c663f2823548a87b8579dc99,fold_2,1,4798441,1,1,1,600,600,29.296875,29.296875,100,100,1,1,1,4798545,0,0.21045576407506703,0.21045576407506703,0.42091152815013411,False,high_confidence_error,false_negative;high_confidence;temporal_regime,DECISION-TIME
8864bcde60736ba70dff9216,fold_2,1,4799457,1,1,1,600,600,29.296875,29.296875,100,100,1,2,2,4799731,0,0.21045576407506703,0.21045576407506703,0.42091152815013411,False,high_confidence_error,false_negative;high_confidence;temporal_regime,DECISION-TIME
a98265f214e727b256fc019d,fold_2,1,4799712,1,1,1,600,600,29.296875,29.296875,100,100,1,1,1,4799811,0,0.21045576407506703,0.21045576407506703,0.42091152815013411,False,high_confidence_error,false_negative;high_confidence;temporal_regime,DECISION-TIME
df5e7170e3c60b3553318bb5,fold_2,1,4799738,1,1,1,600,600,29.296875,29.296875,100,100,1,1,1,4799780,0,0.21045576407506703,0.21045576407506703,0.42091152815013411,False,high_confidence_error,false_negative;high_confidence;temporal_regime,DECISION-TIME
7b6d0daa0a94fdbf58426298,fold_2,0,4799822,1,1,1,1000,1000,19.55078125,19.55078125,50,50,1,1,1,4799826,0,0.11956521739130435,0.11956521739130435,0.23913043478260865,True,correct,correct;high_confidence;temporal_regime,DECISION-TIME
f8df51ebb528d532e45b6182,fold_2,1,4800171,1,1,1,600,600,29.296875,29.296875,100,100,1,1,1,4800283,0,0.21045576407506703,0.21045576407506703,0.42091152815013411,False,high_confidence_error,false_negative;high_confidence;temporal_regime,DECISION-TIME
f7c4f50a4ea0b46bacbcf793,fold_2,0,4801045,1,1,1,1800,1800,58.59375,58.59375,100,100,1,1,1,4805098,0,0.30303030303030304,0.30303030303030304,0.60606060606060608,True,correct,correct;low_confidence;temporal_regime,DECISION-TIME
5195ed7584f9718af1d57261,fold_2,0,4802783,1,1,1,1000,1000,19.55078125,19.55078125,50,50,1,1,1,4802787,0,0.11956521739130435,0.11956521739130435,0.23913043478260865,True,correct,correct;high_confidence;temporal_regime,DECISION-TIME
0394a1b8959ebd7bff887975,fold_2,0,4804365,2,2,11,350,600,2,2,25,25,1,11,8,4804370.9090909092,0,0.11956521739130435,0.11956521739130435,0.23913043478260865,True,correct,correct;high_confidence;temporal_regime,DECISION-TIME
d0d923520c2493a38109e9f9,fold_2,1,4804482,1,1,1,600,600,29.296875,29.296875,100,100,1,1,1,4804488,0,0.21045576407506703,0.21045576407506703,0.42091152815013411,False,high_confidence_error,false_negative;high_confidence;temporal_regime,DECISION-TIME
d98258da2ad2616a0ccc79d0,fold_2,0,4805160,1,1,1,1800,1800,58.59375,58.59375,100,100,1,1,1,4805172,0,0.30303030303030304,0.30303030303030304,0.60606060606060608,True,correct,correct;low_confidence;temporal_regime,DECISION-TIME
81b1627cc072f6058189c09e,fold_2,0,4805727,3,3,12,466.66666666666669,600,10.932291666666666,29.296875,25,25,1,12,11,4805731.833333333,0,0.11956521739130435,0.11956521739130435,0.23913043478260865,True,correct,correct;high_confidence;temporal_regime,DECISION-TIME
b6786c6b8d3966bcc253f86b,fold_2,0,4806480,1,1,1,600,600,29.296875,29.296875,100,100,1,1,1,4806484,0,0.21045576407506703,0.21045576407506703,0.42091152815013411,True,correct,correct;high_confidence;temporal_regime,DECISION-TIME
3d90e2cf38cabe0780919745,fold_2,0,4806845,1,1,1,600,600,29.296875,29.296875,25,25,1,1,1,4806857,0,0.21045576407506703,0.21045576407506703,0.42091152815013411,True,correct,correct;high_confidence;temporal_regime,DECISION-TIME
8bae3f0a25aaa90594ab3c26,fold_2,0,4806847,1,1,1,600,600,29.296875,29.296875,25,25,1,1,1,4806859,0,0.21045576407506703,0.21045576407506703,0.42091152815013411,True,correct,correct;high_confidence;temporal_regime,DECISION-TIME
672a5f30d615bb0945da023a,fold_2,1,4807106,2,2,60,200,200,15,20,100,100,1,72,61,4807550.7272727275,0,0.30303030303030304,0.30303030303030304,0.60606060606060608,False,low_confidence_error,false_negative;low_confidence;temporal_regime,DECISION-TIME
05579b43d61f0523ea6d59ae,fold_2,0,4807569,1,1,1,100,100,29.296875,29.296875,25,25,1,1,1,4807580,0,0.21045576407506703,0.21045576407506703,0.42091152815013411,True,correct,correct;high_confidence;temporal_regime,DECISION-TIME
60c456b105718abd522b8f61,fold_2,0,4807850,1,1,1,100,100,29.296875,29.296875,25,25,1,1,1,4807865,0,0.21045576407506703,0.21045576407506703,0.42091152815013411,True,correct,correct;high_confidence;temporal_regime,DECISION-TIME
6555280739c1dfe14531bf25,fold_2,0,4807970,1,1,1,600,600,29.296875,29.296875,100,100,1,1,1,4807976,0,0.21045576407506703,0.21045576407506703,0.42091152815013411,True,correct,correct;high_confidence;temporal_regime,DECISION-TIME
e429618ac31c6b05dcdafa42,fold_2,0,4808010,1,1,1,1600,1600,29.296875,29.296875,100,100,1,1,1,4808112,0,0.11956521739130435,0.11956521739130435,0.23913043478260865,True,correct,correct;high_confidence;temporal_regime,DECISION-TIME
a00f2bc5d54b2e50922a9068,fold_2,0,4810235,1,1,1,10,10,29.296875,29.296875,10,10,1,1,1,4810249,0,0.30303030303030304,0.30303030303030304,0.60606060606060608,True,correct,correct;low_confidence;temporal_regime,DECISION-TIME
ba843ad3bba5f60554ddcbc8,fold_2,0,4810920,1,1,1,10,10,29.296875,29.296875,10,10,1,1,1,4810931,0,0.30303030303030304,0.30303030303030304,0.60606060606060608,True,correct,correct;low_confidence;temporal_regime,DECISION-TIME
8793b13ea67bbd6d216cfdc1,fold_2,0,4811070,2,2,13,400,600,2,2,25,25,1,13,6,4811076.230769231,0,0.11956521739130435,0.11956521739130435,0.23913043478260865,True,correct,correct;high_confidence;temporal_regime,DECISION-TIME
e43d956316b21f412ca64172,fold_2,0,4811152,1,1,1,600,600,29.296875,29.296875,100,100,1,1,1,4811167,0,0.21045576407506703,0.21045576407506703,0.42091152815013411,True,correct,correct;high_confidence;temporal_regime,DECISION-TIME
5244693f58bf3bf30eb79e3c,fold_2,0,4811158,1,1,4,100,100,24.4140625,24.4140625,100,100,1,4,4,4811264.25,0,0.21045576407506703,0.21045576407506703,0.42091152815013411,True,correct,correct;high_confidence;temporal_regime,DECISION-TIME
33f9085fb3e35f34706c0d8b,fold_2,0,4811529,2,2,10,600,600,29.296875,29.296875,10,10,1,10,5,4811629.5999999996,0,0.21045576407506703,0.21045576407506703,0.42091152815013411,True,correct,correct;high_confidence;temporal_regime,DECISION-TIME
d9b2ee4979b548211e32255f,fold_2,0,4811639,1,1,1,1800,1800,58.59375,58.59375,100,100,1,1,1,4811968,0,0.30303030303030304,0.30303030303030304,0.60606060606060608,True,correct,correct;low_confidence;temporal_regime,DECISION-TIME
72a3a3b0b25ef594571b753f,fold_2,0,4811840,1,1,1,100,100,29.296875,29.296875,25,25,1,1,1,4811854,0,0.21045576407506703,0.21045576407506703,0.42091152815013411,True,correct,correct;high_confidence;temporal_regime,DECISION-TIME
b53533fc1d74cc3bee4da561,fold_2,0,4811989,1,1,1,600,600,29.296875,29.296875,50,50,1,1,1,4811999,0,0.21045576407506703,0.21045576407506703,0.42091152815013411,True,correct,correct;high_confidence;temporal_regime,DECISION-TIME
791b2a06e97d4ea1684936e4,fold_2,0,4811990,1,1,1,600,600,29.296875,29.296875,50,50,1,1,1,4811998,0,0.21045576407506703,0.21045576407506703,0.42091152815013411,True,correct,correct;high_confidence;temporal_regime,DECISION-TIME
1385f37ea97b70b789070c5f,fold_2,0,4812481,1,1,1,600,600,29.296875,29.296875,100,100,1,3,2,4812940,0,0.21045576407506703,0.21045576407506703,0.42091152815013411,True,correct,correct;high_confidence;temporal_regime,DECISION-TIME
e424396622fa93725162221a,fold_2,0,4812854,1,1,1,600,600,29.296875,29.296875,50,50,1,1,1,4812861,0,0.21045576407506703,0.21045576407506703,0.42091152815013411,True,correct,correct;high_confidence;temporal_regime,DECISION-TIME
bf3e5731be8e06d814fb34de,fold_2,0,4813071,1,1,1,1200,1200,29.296875,29.296875,10,10,1,1,1,4813077,0,0.21045576407506703,0.21045576407506703,0.42091152815013411,True,correct,correct;high_confidence;temporal_regime,DECISION-TIME
a58531792cb7e1824d514683,fold_2,0,4813274,1,1,4,100,100,24.4140625,24.4140625,100,100,1,4,4,4813985.25,0,0.21045576407506703,0.21045576407506703,0.42091152815013411,True,correct,correct;high_confidence;temporal_regime,DECISION-TIME
243cf872a642502cc4738cdb,fold_2,0,4813607,1,1,1,600,600,29.296875,29.296875,100,100,1,1,1,4813610,0,0.21045576407506703,0.21045576407506703,0.42091152815013411,True,correct,correct;high_confidence;temporal_regime,DECISION-TIME
6ff75b47ee32f9cd62b5282d,fold_2,0,4813898,2,2,25,600,600,19.53125,19.53125,20,20,1,25,21,4813911.0800000001,0,0.11956521739130435,0.11956521739130435,0.23913043478260865,True,correct,correct;high_confidence;temporal_regime,DECISION-TIME
1cad04d047c847d30027d00b,fold_2,0,4814562,1,1,1,600,600,29.296875,29.296875,100,100,1,1,1,4815279,0,0.21045576407506703,0.21045576407506703,0.42091152815013411,True,correct,correct;high_confidence;temporal_regime,DECISION-TIME
095b6bd9894f05a779e77960,fold_2,0,4814711,2,2,2,700,1000,11.71875,15.625,,,0,2,2,4814714,0,0.050000000000000003,0.050000000000000003,0.099999999999999978,True,correct,correct;high_confidence;temporal_regime;feature_missingness,DECISION-TIME
98b97386b5be719cc20fc463,fold_2,0,4814803,1,1,1,600,600,29.296875,29.296875,100,100,1,1,1,4814923,0,0.21045576407506703,0.21045576407506703,0.42091152815013411,True,correct,correct;high_confidence;temporal_regime,DECISION-TIME
b644829e79d90cb6551f29e3,fold_2,0,4816916,1,1,1,600,600,29.296875,29.296875,100,100,1,1,1,4817030,0,0.21045576407506703,0.21045576407506703,0.42091152815013411,True,correct,correct;high_confidence;temporal_regime,DECISION-TIME
3e74a09b728e4c2a1f626f8b,fold_2,0,4818131,1,1,1,600,600,29.296875,29.296875,100,100,1,1,1,4818256,0,0.21045576407506703,0.21045576407506703,0.42091152815013411,True,correct,correct;high_confidence;temporal_regime,DECISION-TIME
760172c7e91d4fb8e458af77,fold_2,0,4818151,2,2,25,600,600,19.53125,19.53125,20,20,1,26,19,4818199.7199999997,0,0.11956521739130435,0.11956521739130435,0.23913043478260865,True,correct,correct;high_confidence;temporal_regime,DECISION-TIME
7a157223b5a513a4be428d47,fold_2,0,4818342,1,1,1,600,600,29.296875,29.296875,100,100,1,1,1,4818352,0,0.21045576407506703,0.21045576407506703,0.42091152815013411,True,correct,correct;high_confidence;temporal_regime,DECISION-TIME
74c4f167cac1adea1ec37ada,fold_2,0,4818548,1,1,1,600,600,29.296875,29.296875,10,10,1,1,1,4818561,0,0.21045576407506703,0.21045576407506703,0.42091152815013411,True,correct,correct;high_confidence;temporal_regime,DECISION-TIME
43061a3db7585c271ac8e93a,fold_2,1,4818902,1,1,1,600,600,29.296875,29.296875,100,100,1,1,1,4821524,0,0.21045576407506703,0.21045576407506703,0.42091152815013411,False,high_confidence_error,false_negative;high_confidence;temporal_regime,DECISION-TIME
bfdd977035f2c9670d312197,fold_2,0,4820709,1,1,1,600,600,29.296875,29.296875,50,50,1,1,1,4820713,0,0.21045576407506703,0.21045576407506703,0.42091152815013411,True,correct,correct;high_confidence;temporal_regime,DECISION-TIME
2154a51a663eee6070ab52fe,fold_2,1,4820750,1,1,1,600,600,29.296875,29.296875,100,100,1,1,1,4820849,0,0.21045576407506703,0.21045576407506703,0.42091152815013411,False,high_confidence_error,false_negative;high_confidence;temporal_regime,DECISION-TIME
cb079941d937545fcc9605a5,fold_2,1,4821079,1,1,1,600,600,29.296875,29.296875,100,100,1,1,1,4821092,0,0.21045576407506703,0.21045576407506703,0.42091152815013411,False,high_confidence_error,false_negative;high_confidence;temporal_regime,DECISION-TIME
8b95ce794c7eee20cb90b6d1,fold_2,0,4821646,1,1,1,600,600,29.296875,29.296875,100,100,1,1,1,4821651,0,0.21045576407506703,0.21045576407506703,0.42091152815013411,True,correct,correct;high_confidence;temporal_regime,DECISION-TIME
0932b30c994218b072599d5a,fold_2,0,4823614,1,1,1,1600,1600,29.296875,29.296875,100,100,1,1,1,4823624,0,0.11956521739130435,0.11956521739130435,0.23913043478260865,True,correct,correct;high_confidence;temporal_regime,DECISION-TIME
7341963a653b4f5797e7e521,fold_2,0,4823661,1,1,1,600,600,29.296875,29.296875,100,100,1,1,1,4823689,0,0.21045576407506703,0.21045576407506703,0.42091152815013411,True,correct,correct;high_confidence;temporal_regime,DECISION-TIME
64db1304d2d2af22b5dc9a85,fold_2,1,4826019,1,1,1,600,600,29.296875,29.296875,100,100,1,1,1,4826028,0,0.21045576407506703,0.21045576407506703,0.42091152815013411,False,high_confidence_error,false_negative;high_confidence;temporal_regime,DECISION-TIME
6d1b98985a698c77a4164bc6,fold_2,0,4826058,1,1,1,1800,1800,58.59375,58.59375,100,100,1,1,1,4826068,0,0.30303030303030304,0.30303030303030304,0.60606060606060608,True,correct,correct;low_confidence;temporal_regime,DECISION-TIME
b77f41ec04049554b2ca9d11,fold_2,0,4826520,1,1,1,4000,4000,46.875,46.875,50,50,1,1,1,4826524,0,0.11956521739130435,0.11956521739130435,0.23913043478260865,True,correct,correct;high_confidence;temporal_regime,DECISION-TIME
38c978e72a505783063d84a3,fold_2,0,4826967,1,1,2,600,600,29.296875,29.296875,100,100,1,2,1,4827039,0,0.21045576407506703,0.21045576407506703,0.42091152815013411,True,correct,correct;high_confidence;temporal_regime,DECISION-TIME
dc36bbb42badba83a53d6b2f,fold_2,0,4827161,2,2,2,600,600,29.296875,29.296875,200,200,2,2,2,4827196,0,0.21045576407506703,0.21045576407506703,0.42091152815013411,True,correct,correct;high_confidence;temporal_regime,DECISION-TIME
fc1c3e20f907f2faafb5bcfe,fold_2,1,4827328,1,1,1,600,600,29.296875,29.296875,100,100,1,1,1,4827333,0,0.21045576407506703,0.21045576407506703,0.42091152815013411,False,high_confidence_error,false_negative;high_confidence;temporal_regime,DECISION-TIME
e275f5b5bcc3cfded6263e4d,fold_2,0,4827380,1,1,1,600,600,29.296875,29.296875,25,25,1,1,1,4827385,0,0.21045576407506703,0.21045576407506703,0.42091152815013411,True,correct,correct;high_confidence;temporal_regime,DECISION-TIME
84d4ee10e45c84ba243efa6c,fold_2,0,4827543,1,1,1,600,600,29.296875,29.296875,100,100,1,1,1,4827555,0,0.21045576407506703,0.21045576407506703,0.42091152815013411,True,correct,correct;high_confidence;temporal_regime,DECISION-TIME
9e964637c848189acb2c442a,fold_2,0,4828077,1,1,1,600,600,29.296875,29.296875,200,200,1,1,1,4847361,0,0.11956521739130435,0.11956521739130435,0.23913043478260865,True,correct,correct;high_confidence;temporal_regime,DECISION-TIME
64531b56b1bf103eb0d863df,fold_2,0,4829612,1,1,1,600,600,29.296875,29.296875,50,50,1,1,1,4829622,0,0.21045576407506703,0.21045576407506703,0.42091152815013411,True,correct,correct;high_confidence;temporal_regime,DECISION-TIME
b87d9375d0c538441ea652c6,fold_2,0,4829758,3,3,6,600,600,29.296875,29.296875,100,100,1,6,2,4829768.5,0,0.11956521739130435,0.11956521739130435,0.23913043478260865,True,correct,correct;high_confidence;temporal_regime,DECISION-TIME
1809ba69a5d4d7e051bf87a2,fold_2,1,4829785,1,1,18,1800,1800,58.59375,58.59375,100,100,1,7,7,4829793,0,0.11956521739130435,0.11956521739130435,0.23913043478260865,False,high_confidence_error,false_negative;high_confidence;temporal_regime,DECISION-TIME
7661ec0ab5b77e0fe9a75c16,fold_2,1,4830597,1,1,1,600,600,29.296875,29.296875,100,100,1,1,1,4830605,0,0.21045576407506703,0.21045576407506703,0.42091152815013411,False,high_confidence_error,false_negative;high_confidence;temporal_regime,DECISION-TIME
4e04840e1e9f7d92678a744f,fold_2,0,4830622,1,1,1,600,600,29.296875,29.296875,10,10,1,1,1,4830984,0,0.21045576407506703,0.21045576407506703,0.42091152815013411,True,correct,correct;high_confidence;temporal_regime,DECISION-TIME
df897cfe9f4522e7dded7b22,fold_2,0,4831292,1,1,2,1600,1600,58.59375,58.59375,100,100,1,2,1,4831303,0,0.30303030303030304,0.30303030303030304,0.60606060606060608,True,correct,correct;low_confidence;temporal_regime,DECISION-TIME
053453c15a3d6060857a387b,fold_2,0,4831476,2,2,51,500,600,19.53125,19.53125,50,50,1,51,34,4831486.7647058824,0,0.11956521739130435,0.11956521739130435,0.23913043478260865,True,correct,correct;high_confidence;temporal_regime,DECISION-TIME
8c6d00b53a8fc472a92361e6,fold_2,1,4832190,1,1,1,600,600,29.296875,29.296875,100,100,1,1,1,4832219,0,0.21045576407506703,0.21045576407506703,0.42091152815013411,False,high_confidence_error,false_negative;high_confidence;temporal_regime,DECISION-TIME
7868a2edb5cdcf8147f6e48c,fold_2,0,4832458,1,1,1,20,20,29.296875,29.296875,5,5,1,1,1,4832471,0,0.30303030303030304,0.30303030303030304,0.60606060606060608,True,correct,correct;low_confidence;temporal_regime,DECISION-TIME
f036f2ef5398b08a4cf3ff03,fold_2,0,4832472,1,1,1,20,20,29.296875,29.296875,5,5,1,1,1,4832482,0,0.30303030303030304,0.30303030303030304,0.60606060606060608,True,correct,correct;low_confidence;temporal_regime,DECISION-TIME
38ff6168ef273e70bd6ba1c2,fold_2,0,4832658,1,1,1,600,600,29.296875,29.296875,100,100,1,1,1,4832664,0,0.21045576407506703,0.21045576407506703,0.42091152815013411,True,correct,correct;high_confidence;temporal_regime,DECISION-TIME
c945fbdf8bd7c7ab8835321b,fold_2,0,4833130,2,2,21,700,800,11.71875,19.53125,50,50,1,25,9,4833287.5714285718,0,0.11956521739130435,0.11956521739130435,0.23913043478260865,True,correct,correct;high_confidence;temporal_regime,DECISION-TIME
ce0d8460d4b1d8bae660314e,fold_2,0,4833136,1,1,1,600,600,29.296875,29.296875,50,50,1,1,1,4833139,0,0.21045576407506703,0.21045576407506703,0.42091152815013411,True,correct,correct;high_confidence;temporal_regime,DECISION-TIME
66553438316f7cee774583e5,fold_2,0,4833142,1,1,1,600,600,29.296875,29.296875,50,50,1,1,1,4833145,0,0.21045576407506703,0.21045576407506703,0.42091152815013411,True,correct,correct;high_confidence;temporal_regime,DECISION-TIME
7f55157b0059f3b24e778dca,fold_2,1,4833176,1,1,1,600,600,29.296875,29.296875,100,100,1,1,1,4833182,0,0.21045576407506703,0.21045576407506703,0.42091152815013411,False,high_confidence_error,false_negative;high_confidence;temporal_regime,DECISION-TIME
c65fc9f84602b8c0a2f60835,fold_2,0,4833605,1,1,1,600,600,29.296875,29.296875,100,100,1,1,1,4833609,0,0.21045576407506703,0.21045576407506703,0.42091152815013411,True,correct,correct;high_confidence;temporal_regime,DECISION-TIME
80f68eb5c7609644f9645115,fold_2,0,4834053,1,1,1,600,600,29.296875,29.296875,25,25,1,1,1,4834066,0,0.21045576407506703,0.21045576407506703,0.42091152815013411,True,correct,correct;high_confidence;temporal_regime,DECISION-TIME
cce7dbd2f0dad75a1a1272b8,fold_2,0,4834109,1,1,3,600,600,29.296875,29.296875,100,100,1,3,1,4834117,0,0.21045576407506703,0.21045576407506703,0.42091152815013411,True,correct,correct;high_confidence;temporal_regime,DECISION-TIME
30efda05dddc2110e033be2a,fold_2,0,4835099,1,1,1,2000,2000,14.6484375,14.6484375,100,100,1,1,1,4835102,0,0.11956521739130435,0.11956521739130435,0.23913043478260865,True,correct,correct;high_confidence;temporal_regime,DECISION-TIME
ee7aff0e1f5c67cad60aa19a,fold_2,0,4835245,3,3,8,466.66666666666669,600,12.932291666666666,29.296875,25,25,1,8,3,4835251.25,0,0.11956521739130435,0.11956521739130435,0.23913043478260865,True,correct,correct;high_confidence;temporal_regime,DECISION-TIME
fbe3361d1b8c6aa4f76592bd,fold_2,0,4835394,2,2,2,600,600,29.296875,29.296875,25,25,1,4,3,4835630,0,0.21045576407506703,0.21045576407506703,0.42091152815013411,True,correct,correct;high_confidence;temporal_regime,DECISION-TIME
c24403191ee1543c7266f634,fold_2,0,4835869,1,1,10,1000,1000,29.296875,29.296875,100,100,1,13,5,4836036.2999999998,0,0.21045576407506703,0.21045576407506703,0.42091152815013411,True,correct,correct;high_confidence;temporal_regime,DECISION-TIME
3fc389b89bc2201443e4f605,fold_2,0,4836065,1,1,1,1200,1200,29.296875,29.296875,5,5,1,1,1,4836071,0,0.21045576407506703,0.21045576407506703,0.42091152815013411,True,correct,correct;high_confidence;temporal_regime,DECISION-TIME
c46c34c439aef306d3743c7f,fold_2,0,4836696,3,3,4,600,600,29.296875,29.296875,100,100,1,4,3,4836880.75,0,0.11956521739130435,0.11956521739130435,0.23913043478260865,True,correct,correct;high_confidence;temporal_regime,DECISION-TIME
56e74ade6d57ebd7a0d689ce,fold_2,0,4836727,1,1,1,600,600,29.296875,29.296875,100,100,1,1,1,4836750,0,0.21045576407506703,0.21045576407506703,0.42091152815013411,True,correct,correct;high_confidence;temporal_regime,DECISION-TIME
3e5fcf5f78a4986a5f8e7255,fold_2,0,4837240,1,1,1,600,600,29.296875,29.296875,100,100,1,1,1,4837244,0,0.21045576407506703,0.21045576407506703,0.42091152815013411,True,correct,correct;high_confidence;temporal_regime,DECISION-TIME
c8319e15a3c267b68b203dd0,fold_2,0,4837330,1,1,1,600,600,29.296875,29.296875,100,100,1,1,1,4837336,0,0.21045576407506703,0.21045576407506703,0.42091152815013411,True,correct,correct;high_confidence;temporal_regime,DECISION-TIME
4c959d42fa9ecaeb2ad6f573,fold_2,0,4837491,1,1,1,1000,1000,19.55078125,19.55078125,50,50,1,1,1,4837494,0,0.11956521739130435,0.11956521739130435,0.23913043478260865,True,correct,correct;high_confidence;temporal_regime,DECISION-TIME
30a3d9e09dedaf3e4c748e80,fold_2,1,4837743,1,1,1,600,600,29.296875,29.296875,100,100,1,1,1,4837849,0,0.21045576407506703,0.21045576407506703,0.42091152815013411,False,high_confidence_error,false_negative;high_confidence;temporal_regime,DECISION-TIME
6e94c117a0b220868a2f3173,fold_2,0,4837916,1,1,1,600,600,29.296875,29.296875,100,100,1,1,1,4838030,0,0.21045576407506703,0.21045576407506703,0.42091152815013411,True,correct,correct;high_confidence;temporal_regime,DECISION-TIME
d8e08bb305b61bf011dcff8f,fold_2,0,4838579,1,1,1,600,600,29.296875,29.296875,100,100,1,1,1,4838722,0,0.21045576407506703,0.21045576407506703,0.42091152815013411,True,correct,correct;high_confidence;temporal_regime,DECISION-TIME
888be314f0b9e133aaedf3a0,fold_2,0,4839263,1,1,1,600,600,29.296875,29.296875,100,100,1,1,1,4839266,0,0.21045576407506703,0.21045576407506703,0.42091152815013411,True,correct,correct;high_confidence;temporal_regime,DECISION-TIME
ca6461571cf20ad121c127f6,fold_2,0,4840547,2,2,11,600,600,29.296875,29.296875,25,25,1,11,11,4840556.3636363633,0,0.21045576407506703,0.21045576407506703,0.42091152815013411,True,correct,correct;high_confidence;temporal_regime,DECISION-TIME
b59e4e6d43a7ed376cb30dcc,fold_2,1,4841032,1,1,1,600,600,29.296875,29.296875,100,100,1,1,1,4841149,0,0.21045576407506703,0.21045576407506703,0.42091152815013411,False,high_confidence_error,false_negative;high_confidence;temporal_regime,DECISION-TIME
15ef1620afdb82f552b00162,fold_2,1,4841358,1,1,1,600,600,29.296875,29.296875,100,100,1,1,1,4841476,0,0.21045576407506703,0.21045576407506703,0.42091152815013411,False,high_confidence_error,false_negative;high_confidence;temporal_regime,DECISION-TIME
49dabbbb2e074d9e45b432ad,fold_2,0,4842045,1,1,1,600,600,29.296875,29.296875,10,10,1,1,1,4842093,0,0.21045576407506703,0.21045576407506703,0.42091152815013411,True,correct,correct;high_confidence;temporal_regime,DECISION-TIME
ae7abf81515b09f8ee45a5e8,fold_2,0,4842074,1,1,1,600,600,29.296875,29.296875,10,10,1,1,1,4842082,0,0.21045576407506703,0.21045576407506703,0.42091152815013411,True,correct,correct;high_confidence;temporal_regime,DECISION-TIME
da2583b902ba970649e5065e,fold_2,0,4842124,1,1,1,600,600,29.296875,29.296875,25,25,1,1,1,4842135,0,0.21045576407506703,0.21045576407506703,0.42091152815013411,True,correct,correct;high_confidence;temporal_regime,DECISION-TIME
18285d4005786175f84962c4,fold_2,1,4842437,1,1,1,600,600,29.296875,29.296875,10,10,1,1,1,4842485,0,0.21045576407506703,0.21045576407506703,0.42091152815013411,False,high_confidence_error,false_negative;high_confidence;temporal_regime,DECISION-TIME
648fafd59c998f24e8677ff3,fold_2,0,4842689,1,1,1,600,600,29.296875,29.296875,10,10,1,1,1,4842702,0,0.21045576407506703,0.21045576407506703,0.42091152815013411,True,correct,correct;high_confidence;temporal_regime,DECISION-TIME
67ad1470eedf1cb624bb3795,fold_2,0,4842913,2,2,55,600,600,31.73828125,39.0625,25,25,1,55,32,4842924.290909091,0,0.21045576407506703,0.21045576407506703,0.42091152815013411,True,correct,correct;high_confidence;temporal_regime,DECISION-TIME
c5f7599ebff5697a63d9c183,fold_2,1,4843099,1,1,1,600,600,29.296875,29.296875,100,100,1,1,1,4843118,0,0.21045576407506703,0.21045576407506703,0.42091152815013411,False,high_confidence_error,false_negative;high_confidence;temporal_regime,DECISION-TIME
854cc06444e0d9e97fd35ef2,fold_2,0,4843508,1,1,1,600,600,29.296875,29.296875,25,25,1,1,1,4843514,0,0.21045576407506703,0.21045576407506703,0.42091152815013411,True,correct,correct;high_confidence;temporal_regime,DECISION-TIME
cbdd548260a3ec9eb88a5d6c,fold_2,1,4843517,1,1,1,600,600,29.296875,29.296875,100,100,1,1,1,4843525,0,0.21045576407506703,0.21045576407506703,0.42091152815013411,False,high_confidence_error,false_negative;high_confidence;temporal_regime,DECISION-TIME
95198f8afdfce15f0687b543,fold_2,0,4843625,1,1,1,600,600,29.296875,29.296875,100,100,1,1,1,4843635,0,0.21045576407506703,0.21045576407506703,0.42091152815013411,True,correct,correct;high_confidence;temporal_regime,DECISION-TIME
e712a6bf5fe82f3c947ad10e,fold_2,0,4843627,2,2,2,200,200,1.953125,1.953125,100,100,1,4,3,4843856,0,0.11956521739130435,0.11956521739130435,0.23913043478260865,True,correct,correct;high_confidence;temporal_regime,DECISION-TIME
52117940813ce7cb4744d1aa,fold_2,1,4843759,1,1,1,600,600,29.296875,29.296875,100,100,1,1,1,4843768,0,0.21045576407506703,0.21045576407506703,0.42091152815013411,False,high_confidence_error,false_negative;high_confidence;temporal_regime,DECISION-TIME
bd35830ac13205b7d8aa7adc,fold_2,0,4843994,2,2,38,1200,1200,29.296875,48.828125,25,25,1,38,37,4844068.5263157897,0,0.21045576407506703,0.21045576407506703,0.42091152815013411,True,correct,correct;high_confidence;temporal_regime,DECISION-TIME
e94d0bed64f5fdd8020b3c35,fold_2,0,4844539,1,1,1,600,600,29.296875,29.296875,25,25,1,1,1,4844548,0,0.21045576407506703,0.21045576407506703,0.42091152815013411,True,correct,correct;high_confidence;temporal_regime,DECISION-TIME
3fc1e34124c13c3b104e9658,fold_2,0,4844835,1,1,10,600,600,29.296875,29.296875,50,50,1,10,5,4844838,0,0.21045576407506703,0.21045576407506703,0.42091152815013411,True,correct,correct;high_confidence;temporal_regime,DECISION-TIME
5aa089ae2c1c0145b434051a,fold_2,0,4844845,1,1,10,600,600,29.296875,29.296875,50,50,1,12,5,4845034.2000000002,0,0.21045576407506703,0.21045576407506703,0.42091152815013411,True,correct,correct;high_confidence;temporal_regime,DECISION-TIME
f90c5a402cb2c94415c1c570,fold_2,1,4844852,1,1,1,600,600,29.296875,29.296875,25,25,1,1,1,4844954,0,0.21045576407506703,0.21045576407506703,0.42091152815013411,False,high_confidence_error,false_negative;high_confidence;temporal_regime,DECISION-TIME
00c02fef7c31fb8fcbf2143b,fold_2,0,4844934,2,2,17,600,600,4.8828125,4.8828125,100,100,1,17,16,4844942.2941176472,0,0.11956521739130435,0.11956521739130435,0.23913043478260865,True,correct,correct;high_confidence;temporal_regime,DECISION-TIME
9bee7db00b80523c27a3ba8c,fold_2,0,4845528,1,1,1,100,100,29.296875,29.296875,25,25,1,1,1,4845537,0,0.21045576407506703,0.21045576407506703,0.42091152815013411,True,correct,correct;high_confidence;temporal_regime,DECISION-TIME
a96422e4e40ec1a90d9aa220,fold_2,0,4845536,1,1,1,100,100,29.296875,29.296875,25,25,1,1,1,4845547,0,0.21045576407506703,0.21045576407506703,0.42091152815013411,True,correct,correct;high_confidence;temporal_regime,DECISION-TIME
e13c5ad1fb5c8ade56e6427f,fold_2,0,4845542,1,1,1,100,100,29.296875,29.296875,25,25,1,1,1,4845547,0,0.21045576407506703,0.21045576407506703,0.42091152815013411,True,correct,correct;high_confidence;temporal_regime,DECISION-TIME
1a9cf42a7a7306d53e9b824b,fold_2,0,4845834,1,1,1,600,600,29.296875,29.296875,25,25,1,1,1,4845845,0,0.21045576407506703,0.21045576407506703,0.42091152815013411,True,correct,correct;high_confidence;temporal_regime,DECISION-TIME
6d1a3ba464a87a521e041e3a,fold_2,0,4846258,3,3,3,466.66666666666669,600,11.098958333333334,29.296875,25,25,1,3,3,4846262,0,0.11956521739130435,0.11956521739130435,0.23913043478260865,True,correct,correct;high_confidence;temporal_regime,DECISION-TIME
6440b07dd238e96fbb74f1fb,fold_2,0,4846578,1,1,1,1800,1800,58.59375,58.59375,100,100,1,2,2,4848524,0,0.30303030303030304,0.30303030303030304,0.60606060606060608,True,correct,correct;low_confidence;temporal_regime,DECISION-TIME
db3d5fd81c623860f0a20bdb,fold_2,1,4847079,1,1,1,600,600,29.296875,29.296875,100,100,1,1,1,4847178,0,0.21045576407506703,0.21045576407506703,0.42091152815013411,False,high_confidence_error,false_negative;high_confidence;temporal_regime,DECISION-TIME
3bf94c60b3628dd038149147,fold_2,0,4847972,1,1,1,600,600,29.296875,29.296875,25,25,1,1,1,4847982,0,0.21045576407506703,0.21045576407506703,0.42091152815013411,True,correct,correct;high_confidence;temporal_regime,DECISION-TIME
05fd59a4d654358c9fb446f6,fold_2,0,4848190,2,2,6,600,600,29.296875,29.296875,100,100,1,8,6,4848808.833333333,0,0.11956521739130435,0.11956521739130435,0.23913043478260865,True,correct,correct;high_confidence;temporal_regime,DECISION-TIME
f0a82ec1c0b86889de572c90,fold_2,0,4848489,1,1,1,600,600,29.296875,29.296875,10,10,1,1,1,4848493,0,0.21045576407506703,0.21045576407506703,0.42091152815013411,True,correct,correct;high_confidence;temporal_regime,DECISION-TIME
403b87f190f994e17533e18a,fold_2,0,4848772,3,3,3,466.66666666666669,600,10.932291666666666,29.296875,25,25,1,3,3,4848775.666666667,0,0.11956521739130435,0.11956521739130435,0.23913043478260865,True,correct,correct;high_confidence;temporal_regime,DECISION-TIME
968b2e34f5420edb0282cf21,fold_2,0,4849172,1,1,50,800,800,29.296875,29.296875,50,50,1,52,32,4849218.2199999997,0,0.21045576407506703,0.21045576407506703,0.42091152815013411,True,correct,correct;high_confidence;temporal_regime,DECISION-TIME
71608a53997b335f9470b314,fold_2,0,4849396,3,3,10,466.66666666666669,600,10.765625,29.296875,25,25,1,10,3,4849402.2999999998,0,0.11956521739130435,0.11956521739130435,0.23913043478260865,True,correct,correct;high_confidence;temporal_regime,DECISION-TIME
b9824fb14fba84a5fd67ea05,fold_2,1,4850962,1,1,1,600,600,29.296875,29.296875,25,25,1,1,1,4851080,0,0.21045576407506703,0.21045576407506703,0.42091152815013411,False,high_confidence_error,false_negative;high_confidence;temporal_regime,DECISION-TIME
e5d46efc14114ac61cd19d10,fold_2,0,4851310,1,1,1,1800,1800,58.59375,58.59375,100,100,1,1,1,4852877,0,0.30303030303030304,0.30303030303030304,0.60606060606060608,True,correct,correct;low_confidence;temporal_regime,DECISION-TIME
8b31b7efa85ffb64a8785602,fold_2,0,4851795,1,1,1,600,600,29.296875,29.296875,25,25,1,1,1,4851808,0,0.21045576407506703,0.21045576407506703,0.42091152815013411,True,correct,correct;high_confidence;temporal_regime,DECISION-TIME
d5f998f6c30e1a17d5135a0d,fold_2,0,4851805,1,1,1,1600,1600,29.296875,29.296875,100,100,1,3,2,4852264,0,0.11956521739130435,0.11956521739130435,0.23913043478260865,True,correct,correct;high_confidence;temporal_regime,DECISION-TIME
81c9bd843c212e9332ff3c45,fold_2,0,4852254,1,1,1,600,600,29.296875,29.296875,100,100,1,1,1,4852275,0,0.21045576407506703,0.21045576407506703,0.42091152815013411,True,correct,correct;high_confidence;temporal_regime,DECISION-TIME
8b39580c25fd05b00642b655,fold_2,0,4852269,1,1,1,600,600,29.296875,29.296875,50,50,1,1,1,4852274,0,0.21045576407506703,0.21045576407506703,0.42091152815013411,True,correct,correct;high_confidence;temporal_regime,DECISION-TIME
e456e490866d368f90c8d16d,fold_2,0,4852608,1,1,1,1600,1600,29.296875,29.296875,100,100,1,1,1,4853988,0,0.11956521739130435,0.11956521739130435,0.23913043478260865,True,correct,correct;high_confidence;temporal_regime,DECISION-TIME
03eba45766dd71a6fafac448,fold_2,0,4852618,1,1,1,1600,1600,29.296875,29.296875,100,100,1,1,1,4853066,0,0.11956521739130435,0.11956521739130435,0.23913043478260865,True,correct,correct;high_confidence;temporal_regime,DECISION-TIME
4f578659e799bd1dbfe2eaef,fold_2,1,4852901,1,1,1,600,600,29.296875,29.296875,50,50,1,1,1,4852941,0,0.21045576407506703,0.21045576407506703,0.42091152815013411,False,high_confidence_error,false_negative;high_confidence;temporal_regime,DECISION-TIME
0894a8e8bc95c938bb471e16,fold_2,0,4853135,1,1,1,600,600,29.296875,29.296875,100,100,1,1,1,4853242,0,0.21045576407506703,0.21045576407506703,0.42091152815013411,True,correct,correct;high_confidence;temporal_regime,DECISION-TIME
2d84e9ef0828b3fbcc916e83,fold_2,0,4854450,3,3,6,466.66666666666669,600,11.098958333333334,29.296875,25,25,1,6,3,4854454.333333333,0,0.11956521739130435,0.11956521739130435,0.23913043478260865,True,correct,correct;high_confidence;temporal_regime,DECISION-TIME
54166275dc0ed71e06103825,fold_2,1,4854457,1,1,1,600,600,29.296875,29.296875,100,100,1,1,1,4854562,0,0.21045576407506703,0.21045576407506703,0.42091152815013411,False,high_confidence_error,false_negative;high_confidence;temporal_regime,DECISION-TIME
290919edc70dc32405ba68ef,fold_2,0,4854868,1,1,1,3200,3200,19.53125,19.53125,100,100,1,2,2,4855802,0,0.11956521739130435,0.11956521739130435,0.23913043478260865,True,correct,correct;high_confidence;temporal_regime,DECISION-TIME
1d608db6505e4f245a3f5138,fold_2,0,4855984,2,2,7,600,600,39.0625,58.59375,25,25,1,7,6,4855999.5714285718,0,0.30303030303030304,0.30303030303030304,0.60606060606060608,True,correct,correct;low_confidence;temporal_regime,DECISION-TIME
aa8af13d40687e6f94a8aa24,fold_2,0,4856028,1,1,1,600,600,29.296875,29.296875,100,100,1,3,2,4856514,0,0.21045576407506703,0.21045576407506703,0.42091152815013411,True,correct,correct;high_confidence;temporal_regime,DECISION-TIME
4a95edf8ec2bf77496ad9fa8,fold_2,0,4856793,1,1,1,600,600,29.296875,29.296875,100,100,1,1,1,4856900,0,0.21045576407506703,0.21045576407506703,0.42091152815013411,True,correct,correct;high_confidence;temporal_regime,DECISION-TIME
faabb568f91a3c7141f0461d,fold_2,0,4856898,3,3,6,466.66666666666669,600,11.098958333333334,29.296875,25,25,1,6,3,4856903.333333333,0,0.11956521739130435,0.11956521739130435,0.23913043478260865,True,correct,correct;high_confidence;temporal_regime,DECISION-TIME
4e5406876af2b84c44835ff5,fold_2,0,4858845,1,1,1,600,600,29.296875,29.296875,100,100,1,1,1,4858848,0,0.21045576407506703,0.21045576407506703,0.42091152815013411,True,correct,correct;high_confidence;temporal_regime,DECISION-TIME
079df8c6114db72154a7e069,fold_2,0,4859505,1,1,1,600,600,29.296875,29.296875,100,100,1,1,1,4859630,0,0.21045576407506703,0.21045576407506703,0.42091152815013411,True,correct,correct;high_confidence;temporal_regime,DECISION-TIME
9d91eca1cbad662a34357480,fold_2,0,4859516,1,1,1,600,600,29.296875,29.296875,100,100,1,1,1,4859528,0,0.21045576407506703,0.21045576407506703,0.42091152815013411,True,correct,correct;high_confidence;temporal_regime,DECISION-TIME
cce8dd9e75e826a0e9e31284,fold_2,0,4859776,1,1,1,1600,1600,29.296875,29.296875,100,100,1,1,1,4859783,0,0.11956521739130435,0.11956521739130435,0.23913043478260865,True,correct,correct;high_confidence;temporal_regime,DECISION-TIME
29ac2c95920ce09c1f02305e,fold_2,0,4861336,1,1,1,800,800,19.53125,19.53125,100,100,1,1,1,4861339,0,0.11956521739130435,0.11956521739130435,0.23913043478260865,True,correct,correct;high_confidence;temporal_regime,DECISION-TIME
1c564a84d0270c13075dcd9e,fold_2,0,4861433,1,1,1,800,800,19.53125,19.53125,100,100,1,1,1,4861436,0,0.11956521739130435,0.11956521739130435,0.23913043478260865,True,correct,correct;high_confidence;temporal_regime,DECISION-TIME
1b9423e4d2c49559988ae56f,fold_2,0,4861683,1,1,1,1200,1200,29.296875,29.296875,100,100,1,1,1,4861704,0,0.11956521739130435,0.11956521739130435,0.23913043478260865,True,correct,correct;high_confidence;temporal_regime,DECISION-TIME
eec8c215cfe456d39a6c7b58,fold_2,0,4861883,1,1,1,1200,1200,29.296875,29.296875,100,100,1,1,1,4861899,0,0.11956521739130435,0.11956521739130435,0.23913043478260865,True,correct,correct;high_confidence;temporal_regime,DECISION-TIME
66a096e68c28cd926a431a6e,fold_2,0,4861987,1,1,1,600,600,29.296875,29.296875,100,100,1,1,1,4861991,0,0.21045576407506703,0.21045576407506703,0.42091152815013411,True,correct,correct;high_confidence;temporal_regime,DECISION-TIME
c26550b65285eab2ea45f89a,fold_2,1,4862007,1,1,1,1200,1200,29.296875,29.296875,100,100,1,1,1,4862123,0,0.11956521739130435,0.11956521739130435,0.23913043478260865,False,high_confidence_error,false_negative;high_confidence;temporal_regime,DECISION-TIME
595d8266be05b954e88dcd98,fold_2,0,4862012,2,2,26,600,600,29.296875,29.296875,100,100,1,26,26,4862546.846153846,0,0.20000000000000001,0.20000000000000001,0.40000000000000002,True,correct,correct;high_confidence;temporal_regime,DECISION-TIME
b5ea820e53649ce81fd27ea8,fold_2,0,4862961,3,3,4,466.66666666666669,600,11.765625,29.296875,25,25,1,4,3,4862965.25,0,0.11956521739130435,0.11956521739130435,0.23913043478260865,True,correct,correct;high_confidence;temporal_regime,DECISION-TIME
d28758237f26dc8015ca2979,fold_2,1,4862976,1,1,1,600,600,29.296875,29.296875,100,100,1,1,1,4862979,0,0.21045576407506703,0.21045576407506703,0.42091152815013411,False,high_confidence_error,false_negative;high_confidence;temporal_regime,DECISION-TIME
f5424fe101cbecd2858300cc,fold_2,0,4863156,1,1,1,600,600,29.296875,29.296875,100,100,1,1,1,4863263,0,0.21045576407506703,0.21045576407506703,0.42091152815013411,True,correct,correct;high_confidence;temporal_regime,DECISION-TIME
aca0a46e1ef9addd110e9e9a,fold_2,1,4863387,2,2,10,900,1000,49.8046875,59.5703125,25,25,1,10,10,4863393,0,0.30303030303030304,0.30303030303030304,0.60606060606060608,False,low_confidence_error,false_negative;low_confidence;temporal_regime,DECISION-TIME
515ffb78eace6976b884f7ad,fold_2,0,4863540,1,1,1,600,600,29.296875,29.296875,25,25,1,1,1,4863551,0,0.21045576407506703,0.21045576407506703,0.42091152815013411,True,correct,correct;high_confidence;temporal_regime,DECISION-TIME
9002d60e6e7fdb97e63ea8c7,fold_2,0,4864279,1,1,1,600,600,29.296875,29.296875,25,25,1,1,1,4864286,0,0.21045576407506703,0.21045576407506703,0.42091152815013411,True,correct,correct;high_confidence;temporal_regime,DECISION-TIME
9484ad234e42e0b588d5f762,fold_2,0,4865357,2,2,4,600,600,29.296875,29.296875,50,50,1,4,4,4866062.75,0,0.21045576407506703,0.21045576407506703,0.42091152815013411,True,correct,correct;high_confidence;temporal_regime,DECISION-TIME
18b1974b5693632bd828d2c7,fold_2,0,4865715,3,3,4,466.66666666666669,600,11.765625,29.296875,25,25,1,4,3,4865719.5,0,0.11956521739130435,0.11956521739130435,0.23913043478260865,True,correct,correct;high_confidence;temporal_regime,DECISION-TIME
0cad25b3c51b68ae858ef877,fold_2,0,4865975,1,1,1,600,600,29.296875,29.296875,100,100,1,1,1,4865981,0,0.21045576407506703,0.21045576407506703,0.42091152815013411,True,correct,correct;high_confidence;temporal_regime,DECISION-TIME
4214d43473e3f8baab6ef132,fold_2,1,4866182,2,2,11,600,600,29.296875,29.296875,25,25,1,11,8,4866197,0,0.21045576407506703,0.21045576407506703,0.42091152815013411,False,high_confidence_error,false_negative;high_confidence;temporal_regime,DECISION-TIME
f063842517c28529e7ac8341,fold_2,1,4866306,2,2,21,600,600,29.296875,29.296875,25,25,1,21,17,4866321,0,0.21045576407506703,0.21045576407506703,0.42091152815013411,False,high_confidence_error,false_negative;high_confidence;temporal_regime,DECISION-TIME
d0b6d87884a3245d07f87445,fold_2,0,4866704,1,1,1,600,600,29.296875,29.296875,100,100,1,1,1,4866737,0,0.21045576407506703,0.21045576407506703,0.42091152815013411,True,correct,correct;high_confidence;temporal_regime,DECISION-TIME
9452968f4318ed5ec7fddeb7,fold_2,0,4866786,2,2,6,500,600,2.9296875,3.90625,100,100,1,6,6,4866813.333333333,0,0.11956521739130435,0.11956521739130435,0.23913043478260865,True,correct,correct;high_confidence;temporal_regime,DECISION-TIME
8a1cba157f123a4f2e2aa228,fold_2,0,4866795,2,2,2,600,600,29.296875,29.296875,100,100,1,2,1,4866803,0,0.11956521739130435,0.11956521739130435,0.23913043478260865,True,correct,correct;high_confidence;temporal_regime,DECISION-TIME
0293b562c0ff173a28a8fc82,fold_2,0,4867588,2,2,4,600,600,29.296875,29.296875,50,50,1,4,4,4868513.5,0,0.21045576407506703,0.21045576407506703,0.42091152815013411,True,correct,correct;high_confidence;temporal_regime,DECISION-TIME
c697d39bc3e4aea18a53dad9,fold_2,0,4867941,1,1,1,600,600,29.296875,29.296875,15,15,1,1,1,4867950,0,0.21045576407506703,0.21045576407506703,0.42091152815013411,True,correct,correct;high_confidence;temporal_regime,DECISION-TIME
d8b2fff581c06f4fc7810f8d,fold_2,0,4868098,2,2,11,600,600,29.296875,29.296875,50,50,1,11,11,4868102.0909090908,0,0.21045576407506703,0.21045576407506703,0.42091152815013411,True,correct,correct;high_confidence;temporal_regime,DECISION-TIME
5bb3c703ab1942feb603f3a4,fold_2,0,4868224,1,1,1,600,600,29.296875,29.296875,50,50,1,1,1,4868236,0,0.21045576407506703,0.21045576407506703,0.42091152815013411,True,correct,correct;high_confidence;temporal_regime,DECISION-TIME
afca1f21161bd170c54c2238,fold_2,0,4868334,1,1,1,600,600,29.296875,29.296875,10,10,1,1,1,4868339,0,0.21045576407506703,0.21045576407506703,0.42091152815013411,True,correct,correct;high_confidence;temporal_regime,DECISION-TIME
f8ecc29a47a91f40e7753057,fold_2,0,4869542,1,1,1,600,600,29.296875,29.296875,10,10,1,1,1,4869547,0,0.21045576407506703,0.21045576407506703,0.42091152815013411,True,correct,correct;high_confidence;temporal_regime,DECISION-TIME
d6ce647868a6ca491759dd53,fold_2,0,4869555,1,1,1,600,600,29.296875,29.296875,10,10,1,1,1,4869567,0,0.21045576407506703,0.21045576407506703,0.42091152815013411,True,correct,correct;high_confidence;temporal_regime,DECISION-TIME
60176c375540e21b3c22c022,fold_2,0,4869597,1,1,1,600,600,29.296875,29.296875,10,10,1,1,1,4869608,0,0.21045576407506703,0.21045576407506703,0.42091152815013411,True,correct,correct;high_confidence;temporal_regime,DECISION-TIME
75b620f40e51ec1cc229ab54,fold_2,1,4869719,1,1,1,600,600,29.296875,29.296875,25,25,1,1,1,4869721,0,0.21045576407506703,0.21045576407506703,0.42091152815013411,False,high_confidence_error,false_negative;high_confidence;temporal_regime,DECISION-TIME
6dd5f1f35d6cdcedf3155cfc,fold_2,0,4869805,1,1,1,600,600,29.296875,29.296875,10,10,1,1,1,4869810,0,0.21045576407506703,0.21045576407506703,0.42091152815013411,True,correct,correct;high_confidence;temporal_regime,DECISION-TIME
b13e2c6e15b5eacda088870b,fold_2,0,4869899,1,1,1,600,600,29.296875,29.296875,10,10,1,1,1,4869903,0,0.21045576407506703,0.21045576407506703,0.42091152815013411,True,correct,correct;high_confidence;temporal_regime,DECISION-TIME
8ff02a5518fa1cfe6cb022de,fold_2,1,4870061,1,1,1,9000,9000,300,300,800,800,1,1,1,4872478,1,1,1,0,True,correct,correct;high_confidence;temporal_regime,DECISION-TIME
5998cf065b7dcb9fa1cadb6a,fold_2,0,4870496,1,1,1,600,600,29.296875,29.296875,10,10,1,1,1,4870504,0,0.21045576407506703,0.21045576407506703,0.42091152815013411,True,correct,correct;high_confidence;temporal_regime,DECISION-TIME
0926ebe600f3bef963c621e0,fold_2,0,4870802,1,1,1,1000,1000,19.55078125,19.55078125,50,50,1,1,1,4870805,0,0.11956521739130435,0.11956521739130435,0.23913043478260865,True,correct,correct;high_confidence;temporal_regime,DECISION-TIME
1f60b7280d450138b3d1182c,fold_2,1,4871107,1,1,1,600,600,29.296875,29.296875,10,10,1,1,1,4871114,0,0.21045576407506703,0.21045576407506703,0.42091152815013411,False,high_confidence_error,false_negative;high_confidence;temporal_regime,DECISION-TIME
ada3148cc3501eb5908ec1a4,fold_2,0,4871298,1,1,1,600,600,29.296875,29.296875,100,100,1,1,1,4871306,0,0.21045576407506703,0.21045576407506703,0.42091152815013411,True,correct,correct;high_confidence;temporal_regime,DECISION-TIME
94b8162390080bef99eda722,fold_2,1,4871321,1,1,1,600,600,29.296875,29.296875,50,50,1,1,1,4871328,0,0.21045576407506703,0.21045576407506703,0.42091152815013411,False,high_confidence_error,false_negative;high_confidence;temporal_regime,DECISION-TIME
8bc1e207778faf9b957f74f1,fold_2,0,4871374,2,2,10,600,600,29.296875,29.296875,25,25,1,15,7,4871545.2999999998,0,0.21045576407506703,0.21045576407506703,0.42091152815013411,True,correct,correct;high_confidence;temporal_regime,DECISION-TIME
b63cbf7fd6e0c41a5ef373e9,fold_2,0,4871795,1,1,1,600,600,29.296875,29.296875,100,100,1,1,1,4871804,0,0.21045576407506703,0.21045576407506703,0.42091152815013411,True,correct,correct;high_confidence;temporal_regime,DECISION-TIME
3c246aa194801a7e1d926676,fold_2,0,4871938,1,1,1,100,100,29.296875,29.296875,25,25,1,1,1,4871947,0,0.21045576407506703,0.21045576407506703,0.42091152815013411,True,correct,correct;high_confidence;temporal_regime,DECISION-TIME
a6ff48375d4d9104ecf9e9f7,fold_2,0,4871960,1,1,1,100,100,29.296875,29.296875,25,25,1,1,1,4871979,0,0.21045576407506703,0.21045576407506703,0.42091152815013411,True,correct,correct;high_confidence;temporal_regime,DECISION-TIME
71b637ce20c6fa12a6213b91,fold_2,0,4872449,2,2,38,350,600,2.75,3.5,25,25,1,38,19,4872454,0,0.11956521739130435,0.11956521739130435,0.23913043478260865,True,correct,correct;high_confidence;temporal_regime,DECISION-TIME
d652079c9f0604b327926df8,fold_2,1,4872609,1,1,2,200,200,9.765625,9.765625,100,100,1,2,2,4872621,0,0.11956521739130435,0.11956521739130435,0.23913043478260865,False,high_confidence_error,false_negative;high_confidence;temporal_regime,DECISION-TIME
4074cb181eb353acc50a254e,fold_2,0,4873343,1,1,1,1800,1800,58.59375,58.59375,100,100,1,1,1,4873382,0,0.30303030303030304,0.30303030303030304,0.60606060606060608,True,correct,correct;low_confidence;temporal_regime,DECISION-TIME
56e518be3e242fb0c02f1b74,fold_2,0,4873418,2,2,17,600,800,19.53125,19.53125,50,50,1,17,15,4873433.1176470593,0,0.11956521739130435,0.11956521739130435,0.23913043478260865,True,correct,correct;high_confidence;temporal_regime,DECISION-TIME
3992eea47f7f333b910d9704,fold_2,0,4873874,2,2,55,700,800,34.1796875,39.0625,25,25,1,57,42,4873915,0,0.21045576407506703,0.21045576407506703,0.42091152815013411,True,correct,correct;high_confidence;temporal_regime,DECISION-TIME
7d758782f3384317ed184623,fold_2,1,4874596,1,1,1,600,600,29.296875,29.296875,100,100,1,1,1,4874694,0,0.21045576407506703,0.21045576407506703,0.42091152815013411,False,high_confidence_error,false_negative;high_confidence;temporal_regime,DECISION-TIME
6185dfc15ff911bb11586bd4,fold_2,0,4874767,1,1,1,600,600,29.296875,29.296875,25,25,1,1,1,4874774,0,0.21045576407506703,0.21045576407506703,0.42091152815013411,True,correct,correct;high_confidence;temporal_regime,DECISION-TIME
3aa932be161cbcc8c4432737,fold_2,1,4874976,1,1,1,600,600,29.296875,29.296875,100,100,1,1,1,4875084,0,0.21045576407506703,0.21045576407506703,0.42091152815013411,False,high_confidence_error,false_negative;high_confidence;temporal_regime,DECISION-TIME
812124d83f0d4701912f39e6,fold_2,0,4875648,2,2,101,450,800,10.76171875,19.55078125,,,0,101,101,4875652.0396039607,0,0.11956521739130435,0.11956521739130435,0.23913043478260865,True,correct,correct;high_confidence;temporal_regime;feature_missingness,DECISION-TIME
ea4501e0d712e6b345c31fc2,fold_2,0,4876592,1,1,1,600,600,29.296875,29.296875,10,10,1,1,1,4876600,0,0.21045576407506703,0.21045576407506703,0.42091152815013411,True,correct,correct;high_confidence;temporal_regime,DECISION-TIME
3c451063273e0f08411085c0,fold_2,1,4876645,1,1,1,600,600,29.296875,29.296875,10,10,1,1,1,4876652,0,0.21045576407506703,0.21045576407506703,0.42091152815013411,False,high_confidence_error,false_negative;high_confidence;temporal_regime,DECISION-TIME
7021892bfa602f067f8b8dcf,fold_2,0,4876865,1,1,1,600,600,29.296875,29.296875,10,10,1,1,1,4876875,0,0.21045576407506703,0.21045576407506703,0.42091152815013411,True,correct,correct;high_confidence;temporal_regime,DECISION-TIME
a83f7c61edb008983988e67e,fold_2,1,4877039,1,1,1,600,600,29.296875,29.296875,100,100,1,1,1,4877047,0,0.21045576407506703,0.21045576407506703,0.42091152815013411,False,high_confidence_error,false_negative;high_confidence;temporal_regime,DECISION-TIME
85448bbaa27fc1eb39399197,fold_2,0,4877311,3,3,3,466.66666666666669,600,10.765625,29.296875,25,25,1,3,3,4879721,0,0.11956521739130435,0.11956521739130435,0.23913043478260865,True,correct,correct;high_confidence;temporal_regime,DECISION-TIME
f0825e2d9fab29f0a9a83d33,fold_2,0,4877592,1,1,1,100,100,29.296875,29.296875,100,100,1,3,2,4878049,0,0.21045576407506703,0.21045576407506703,0.42091152815013411,True,correct,correct;high_confidence;temporal_regime,DECISION-TIME
7d0444c1ce5cd821202ff38c,fold_2,0,4878073,1,1,1,1800,1800,58.59375,58.59375,100,100,1,1,1,4878080,0,0.30303030303030304,0.30303030303030304,0.60606060606060608,True,correct,correct;low_confidence;temporal_regime,DECISION-TIME
d72dda447befa2c9f4cf6c88,fold_2,0,4878424,1,1,1,600,600,29.296875,29.296875,15,15,1,1,1,4878436,0,0.21045576407506703,0.21045576407506703,0.42091152815013411,True,correct,correct;high_confidence;temporal_regime,DECISION-TIME
3ef61d0443fc8f4de8e6ae7a,fold_2,1,4878685,1,1,1,600,600,29.296875,29.296875,100,100,1,1,1,4878696,0,0.21045576407506703,0.21045576407506703,0.42091152815013411,False,high_confidence_error,false_negative;high_confidence;temporal_regime,DECISION-TIME
923e0795d688a97141e50b67,fold_2,1,4880054,2,2,66,600,600,29.296875,29.296875,25,25,1,66,28,4880101,0,0.11956521739130435,0.11956521739130435,0.23913043478260865,False,high_confidence_error,false_negative;high_confidence;temporal_regime,DECISION-TIME
5ebd133d292d7c1dff13cc50,fold_2,0,4880772,1,1,2,600,600,29.296875,29.296875,200,200,1,2,2,4880776,0,0.11956521739130435,0.11956521739130435,0.23913043478260865,True,correct,correct;high_confidence;temporal_regime,DECISION-TIME
0d2cdd0a131d01d3bb530600,fold_2,0,4881510,2,2,6,350,600,16.11328125,31.25,100,100,1,6,6,4882263.5,0,0.11956521739130435,0.11956521739130435,0.23913043478260865,True,correct,correct;high_confidence;temporal_regime,DECISION-TIME
f64935b133213a92307d6dfa,fold_2,0,4881545,1,1,1,600,600,29.296875,29.296875,100,100,1,1,1,4894924,0,0.21045576407506703,0.21045576407506703,0.42091152815013411,True,correct,correct;high_confidence;temporal_regime,DECISION-TIME
a5046fc1ffd6069d585815ab,fold_2,0,4882617,1,1,1,600,600,29.296875,29.296875,100,100,1,1,1,4882630,0,0.21045576407506703,0.21045576407506703,0.42091152815013411,True,correct,correct;high_confidence;temporal_regime,DECISION-TIME
25ff134c8e0d7d92cb7a7ef0,fold_2,0,4882650,1,1,20,600,600,9.765625,9.765625,100,100,1,20,14,4882660.5999999996,0,0.11956521739130435,0.11956521739130435,0.23913043478260865,True,correct,correct;high_confidence;temporal_regime,DECISION-TIME
7b6a158a07ecfce81bdc73a1,fold_2,0,4882945,1,1,1,600,600,29.296875,29.296875,100,100,1,1,1,4895207,0,0.21045576407506703,0.21045576407506703,0.42091152815013411,True,correct,correct;high_confidence;temporal_regime,DECISION-TIME
c0ef084713b23ebd0d0c41cc,fold_2,0,4883397,2,2,21,600,600,29.296875,29.296875,100,100,1,21,20,4883408.1904761903,0,0.11956521739130435,0.11956521739130435,0.23913043478260865,True,correct,correct;high_confidence;temporal_regime,DECISION-TIME
cfec0967beee6f4e1ba4f3df,fold_2,0,4883463,1,1,1,600,600,29.296875,29.296875,100,100,1,1,1,4895326,0,0.21045576407506703,0.21045576407506703,0.42091152815013411,True,correct,correct;high_confidence;temporal_regime,DECISION-TIME
f8af8b9eda6f3713eca0cd88,fold_2,1,4883532,1,1,1,600,600,29.296875,29.296875,10,10,1,1,1,4883542,0,0.21045576407506703,0.21045576407506703,0.42091152815013411,False,high_confidence_error,false_negative;high_confidence;temporal_regime,DECISION-TIME
0cc5b23935b956a7217b648c,fold_2,1,4883543,1,1,1,600,600,29.296875,29.296875,10,10,1,1,1,4883551,0,0.21045576407506703,0.21045576407506703,0.42091152815013411,False,high_confidence_error,false_negative;high_confidence;temporal_regime,DECISION-TIME
8ee1299b7b17bd5d56c86174,fold_2,1,4883566,1,1,1,600,600,29.296875,29.296875,10,10,1,1,1,4883571,0,0.21045576407506703,0.21045576407506703,0.42091152815013411,False,high_confidence_error,false_negative;high_confidence;temporal_regime,DECISION-TIME
1cd166a59e38166521291464,fold_2,1,4883574,1,1,1,600,600,29.296875,29.296875,10,10,1,1,1,4883580,0,0.21045576407506703,0.21045576407506703,0.42091152815013411,False,high_confidence_error,false_negative;high_confidence;temporal_regime,DECISION-TIME
5a9c47ea7a271caad44f7f45,fold_2,0,4883622,1,1,50,600,600,29.296875,29.296875,5,5,1,50,14,4883625.9800000004,0,0.21045576407506703,0.21045576407506703,0.42091152815013411,True,correct,correct;high_confidence;temporal_regime,DECISION-TIME
f357781b13ec78ec9ffabba3,fold_2,1,4884154,1,1,1,600,600,29.296875,29.296875,100,100,1,1,1,4884158,0,0.21045576407506703,0.21045576407506703,0.42091152815013411,False,high_confidence_error,false_negative;high_confidence;temporal_regime,DECISION-TIME
4009207c2aec5cb69c01e279,fold_2,1,4884754,1,1,1,600,600,29.296875,29.296875,100,100,1,1,1,4895438,0,0.21045576407506703,0.21045576407506703,0.42091152815013411,False,high_confidence_error,false_negative;high_confidence;temporal_regime,DECISION-TIME
0b0007fdea4dc4f7cb4ee72d,fold_2,1,4884795,1,1,40,100,100,9.765625,9.765625,100,100,1,11,11,4884815,0,0.050000000000000003,0.050000000000000003,0.099999999999999978,False,high_confidence_error,false_negative;high_confidence;temporal_regime,DECISION-TIME
cd963ce055515a6d9c8043b3,fold_2,1,4884814,1,1,1,600,600,29.296875,29.296875,100,100,1,1,1,4884921,0,0.21045576407506703,0.21045576407506703,0.42091152815013411,False,high_confidence_error,false_negative;high_confidence;temporal_regime,DECISION-TIME
a470ebc7ed0ad609860d6c74,fold_2,1,4885122,1,1,1,600,600,29.296875,29.296875,10,10,1,1,1,4885132,0,0.21045576407506703,0.21045576407506703,0.42091152815013411,False,high_confidence_error,false_negative;high_confidence;temporal_regime,DECISION-TIME
3a8830f639429fc06ddc3062,fold_2,1,4885301,1,1,1,600,600,29.296875,29.296875,10,10,1,1,1,4885314,0,0.21045576407506703,0.21045576407506703,0.42091152815013411,False,high_confidence_error,false_negative;high_confidence;temporal_regime,DECISION-TIME
e0c69424f9d2b6798ac28c67,fold_2,1,4885372,1,1,1,600,600,29.296875,29.296875,10,10,1,1,1,4885385,0,0.21045576407506703,0.21045576407506703,0.42091152815013411,False,high_confidence_error,false_negative;high_confidence;temporal_regime,DECISION-TIME
2ef96857789384283ef122d1,fold_2,0,4885757,1,1,1,600,600,29.296875,29.296875,100,100,1,2,2,4886738,0,0.21045576407506703,0.21045576407506703,0.42091152815013411,True,correct,correct;high_confidence;temporal_regime,DECISION-TIME
449759f29593980a6892d715,fold_2,1,4885842,1,1,1,600,600,29.296875,29.296875,10,10,1,1,1,4885849,0,0.21045576407506703,0.21045576407506703,0.42091152815013411,False,high_confidence_error,false_negative;high_confidence;temporal_regime,DECISION-TIME
b51dced4a7cbd0a58a39f87a,fold_2,1,4885867,1,1,1,600,600,29.296875,29.296875,100,100,1,1,1,4885890,0,0.21045576407506703,0.21045576407506703,0.42091152815013411,False,high_confidence_error,false_negative;high_confidence;temporal_regime,DECISION-TIME
b3c1b7a307e76a86fe8918cb,fold_2,0,4886137,1,1,1,600,600,29.296875,29.296875,25,25,1,1,1,4886144,0,0.21045576407506703,0.21045576407506703,0.42091152815013411,True,correct,correct;high_confidence;temporal_regime,DECISION-TIME
48bf490f467589953d96be7c,fold_2,0,4886220,1,1,1,600,600,29.296875,29.296875,100,100,1,1,1,4886225,0,0.21045576407506703,0.21045576407506703,0.42091152815013411,True,correct,correct;high_confidence;temporal_regime,DECISION-TIME
68a3ade2bfe9d0c39ed00751,fold_2,1,4886240,1,1,1,600,600,29.296875,29.296875,10,10,1,1,1,4886245,0,0.21045576407506703,0.21045576407506703,0.42091152815013411,False,high_confidence_error,false_negative;high_confidence;temporal_regime,DECISION-TIME
16b781705deacc107e1cd514,fold_2,1,4886256,1,1,1,600,600,29.296875,29.296875,10,10,1,1,1,4886266,0,0.21045576407506703,0.21045576407506703,0.42091152815013411,False,high_confidence_error,false_negative;high_confidence;temporal_regime,DECISION-TIME
4fcd13ef8e86122c892c6c51,fold_2,1,4886284,1,1,1,600,600,29.296875,29.296875,10,10,1,1,1,4886295,0,0.21045576407506703,0.21045576407506703,0.42091152815013411,False,high_confidence_error,false_negative;high_confidence;temporal_regime,DECISION-TIME
ae04e99915ea2ee84ef6c330,fold_2,1,4886855,1,1,1,600,600,29.296875,29.296875,10,10,1,1,1,4886863,0,0.21045576407506703,0.21045576407506703,0.42091152815013411,False,high_confidence_error,false_negative;high_confidence;temporal_regime,DECISION-TIME
27c4651510199f56126e1e1b,fold_2,0,4886942,1,1,1,600,600,29.296875,29.296875,25,25,1,1,1,4886954,0,0.21045576407506703,0.21045576407506703,0.42091152815013411,True,correct,correct;high_confidence;temporal_regime,DECISION-TIME
5da401ba1946437173f19256,fold_2,0,4887195,1,1,1,600,600,29.296875,29.296875,50,50,1,1,1,4887207,0,0.21045576407506703,0.21045576407506703,0.42091152815013411,True,correct,correct;high_confidence;temporal_regime,DECISION-TIME
7b776a2b98a6b0b7a75430c7,fold_2,0,4887647,1,1,10,50,50,29.296875,29.296875,100,100,1,11,11,4895677.7999999998,0,0.21045576407506703,0.21045576407506703,0.42091152815013411,True,correct,correct;high_confidence;temporal_regime,DECISION-TIME
eb76cf8eacb0cb903f1b7f18,fold_2,0,4888505,1,1,1,1800,1800,58.59375,58.59375,100,100,1,1,1,4888512,0,0.30303030303030304,0.30303030303030304,0.60606060606060608,True,correct,correct;low_confidence;temporal_regime,DECISION-TIME
b059c3b2c666c1a80c00a60c,fold_2,0,4889353,1,1,1,600,600,29.296875,29.296875,25,25,1,1,1,4889362,0,0.21045576407506703,0.21045576407506703,0.42091152815013411,True,correct,correct;high_confidence;temporal_regime,DECISION-TIME
c0961f0d5ff5e2158079eb5c,fold_2,0,4889921,1,1,1,20,20,29.296875,29.296875,10,10,1,1,1,4889927,0,0.30303030303030304,0.30303030303030304,0.60606060606060608,True,correct,correct;low_confidence;temporal_regime,DECISION-TIME
d05c142c686a3cb8045b08c6,fold_2,0,4889970,3,3,4,466.66666666666669,600,11.098958333333334,29.296875,25,25,1,4,4,4892163,0,0.11956521739130435,0.11956521739130435,0.23913043478260865,True,correct,correct;high_confidence;temporal_regime,DECISION-TIME
76e184f95de4190bb71691e2,fold_2,0,4890337,1,1,5,1800,1800,58.59375,58.59375,100,100,1,5,4,4890350,0,0.30303030303030304,0.30303030303030304,0.60606060606060608,True,correct,correct;low_confidence;temporal_regime,DECISION-TIME
e22359721069d80548e884d2,fold_2,1,4890578,1,1,1,600,600,29.296875,29.296875,10,10,1,1,1,4890587,0,0.21045576407506703,0.21045576407506703,0.42091152815013411,False,high_confidence_error,false_negative;high_confidence;temporal_regime,DECISION-TIME
998d76e5780d6d41729d4bdc,fold_2,0,4890719,1,1,1,600,600,29.296875,29.296875,10,10,1,1,1,4890727,0,0.21045576407506703,0.21045576407506703,0.42091152815013411,True,correct,correct;high_confidence;temporal_regime,DECISION-TIME
d4695d4139453ecdc24df4fa,fold_2,1,4890737,1,1,1,600,600,29.296875,29.296875,10,10,1,1,1,4890749,0,0.21045576407506703,0.21045576407506703,0.42091152815013411,False,high_confidence_error,false_negative;high_confidence;temporal_regime,DECISION-TIME
1edc5f7df5fb5c22c238c4e4,fold_2,1,4890752,1,1,1,600,600,29.296875,29.296875,10,10,1,1,1,4890758,0,0.21045576407506703,0.21045576407506703,0.42091152815013411,False,high_confidence_error,false_negative;high_confidence;temporal_regime,DECISION-TIME
61f47f8a0f4f3807793fce8a,fold_2,0,4890753,1,1,10,600,600,29.296875,29.296875,50,50,1,10,9,4893846.7999999998,0,0.21045576407506703,0.21045576407506703,0.42091152815013411,True,correct,correct;high_confidence;temporal_regime,DECISION-TIME
cf7d9751a4a0efdaddbc60f9,fold_2,1,4891082,1,1,1,600,600,29.296875,29.296875,10,10,1,1,1,4891094,0,0.21045576407506703,0.21045576407506703,0.42091152815013411,False,high_confidence_error,false_negative;high_confidence;temporal_regime,DECISION-TIME
83698d300af7bfe5e8f34e90,fold_2,0,4891191,1,1,1,600,600,29.296875,29.296875,100,100,1,1,1,4891203,0,0.21045576407506703,0.21045576407506703,0.42091152815013411,True,correct,correct;high_confidence;temporal_regime,DECISION-TIME
6fe80bccb92db9fafe3cb2a8,fold_2,1,4891724,1,1,1,600,600,29.296875,29.296875,10,10,1,1,1,4891729,0,0.21045576407506703,0.21045576407506703,0.42091152815013411,False,high_confidence_error,false_negative;high_confidence;temporal_regime,DECISION-TIME
d36055855ed5564a88598ccc,fold_2,1,4892956,1,1,1,1800,1800,58.59375,58.59375,100,100,1,1,1,4892959,0,0.30303030303030304,0.30303030303030304,0.60606060606060608,False,low_confidence_error,false_negative;low_confidence;temporal_regime,DECISION-TIME
8ec7e722d888bee55882150b,fold_2,1,4893473,1,1,1,600,600,29.296875,29.296875,10,10,1,1,1,4893478,0,0.21045576407506703,0.21045576407506703,0.42091152815013411,False,high_confidence_error,false_negative;high_confidence;temporal_regime,DECISION-TIME
93174404d5274a5ac8892236,fold_2,1,4893505,1,1,1,600,600,29.296875,29.296875,10,10,1,1,1,4893520,0,0.21045576407506703,0.21045576407506703,0.42091152815013411,False,high_confidence_error,false_negative;high_confidence;temporal_regime,DECISION-TIME
196fcdec0cde624bb01343fb,fold_2,0,4894291,2,2,2,400,600,19.53125,29.296875,20,20,1,2,2,4894295.5,0,0.11956521739130435,0.11956521739130435,0.23913043478260865,True,correct,correct;high_confidence;temporal_regime,DECISION-TIME
fbb156ddcf5c7a98a876983e,fold_2,1,4894678,1,1,1,600,600,29.296875,29.296875,100,100,1,3,2,4895135,0,0.21045576407506703,0.21045576407506703,0.42091152815013411,False,high_confidence_error,false_negative;high_confidence;temporal_regime,DECISION-TIME
1385082795258660b0c465c3,fold_2,1,4895390,1,1,1,600,600,29.296875,29.296875,10,10,1,1,1,4895400,0,0.21045576407506703,0.21045576407506703,0.42091152815013411,False,high_confidence_error,false_negative;high_confidence;temporal_regime,DECISION-TIME
ca8beabd46e62185886d4f4c,fold_2,1,4895880,1,1,1,600,600,29.296875,29.296875,10,10,1,1,1,4895885,0,0.21045576407506703,0.21045576407506703,0.42091152815013411,False,high_confidence_error,false_negative;high_confidence;temporal_regime,DECISION-TIME
5be5553b21a800f4c1d91de0,fold_2,1,4896006,1,1,1,600,600,29.296875,29.296875,10,10,1,1,1,4896017,0,0.21045576407506703,0.21045576407506703,0.42091152815013411,False,high_confidence_error,false_negative;high_confidence;temporal_regime,DECISION-TIME
03dd8a97aa11f45b9735ceff,fold_2,1,4896023,1,1,1,600,600,29.296875,29.296875,10,10,1,1,1,4896036,0,0.21045576407506703,0.21045576407506703,0.42091152815013411,False,high_confidence_error,false_negative;high_confidence;temporal_regime,DECISION-TIME
6ab35818a5bc123d58b4f2da,fold_2,0,4896268,1,1,1,600,600,29.296875,29.296875,15,15,1,1,1,4896289,0,0.21045576407506703,0.21045576407506703,0.42091152815013411,True,correct,correct;high_confidence;temporal_regime,DECISION-TIME
bfd4f5548f3bcf4273cb154e,fold_2,0,4896723,1,1,1,10,10,29.296875,29.296875,10,10,1,1,1,4896948,0,0.30303030303030304,0.30303030303030304,0.60606060606060608,True,correct,correct;low_confidence;temporal_regime,DECISION-TIME
89f3c4b3d555a9a64c6fa940,fold_2,0,4896972,1,1,1,600,600,29.296875,29.296875,10,10,1,1,1,4897050,0,0.21045576407506703,0.21045576407506703,0.42091152815013411,True,correct,correct;high_confidence;temporal_regime,DECISION-TIME
db78e99cb732ddab4d2bbad9,fold_2,0,4896978,1,1,1,600,600,29.296875,29.296875,100,100,1,1,1,4896982,0,0.21045576407506703,0.21045576407506703,0.42091152815013411,True,correct,correct;high_confidence;temporal_regime,DECISION-TIME
4e5cca6dcb539f28c2675e26,fold_2,0,4896989,1,1,1,600,600,29.296875,29.296875,100,100,1,1,1,4896998,0,0.21045576407506703,0.21045576407506703,0.42091152815013411,True,correct,correct;high_confidence;temporal_regime,DECISION-TIME
9fc40cd2713ae85e2128ef46,fold_2,0,4897006,3,3,12,466.66666666666669,600,10.765625,29.296875,25,25,1,12,10,4897012.833333333,0,0.11956521739130435,0.11956521739130435,0.23913043478260865,True,correct,correct;high_confidence;temporal_regime,DECISION-TIME
a026c04a379c3e11b0da78e1,fold_2,0,4897252,1,1,20,600,600,58.59375,58.59375,25,25,1,21,14,4897382.75,0,0.33333333333333331,0.33333333333333331,0.66666666666666663,True,correct,correct;low_confidence;temporal_regime,DECISION-TIME
b7ec86b88f08a1ccbc37a7d1,fold_2,0,4897732,1,1,1,100,100,29.296875,29.296875,25,25,1,1,1,4897842,0,0.21045576407506703,0.21045576407506703,0.42091152815013411,True,correct,correct;high_confidence;temporal_regime,DECISION-TIME
a297073d209c94dec7a05d66,fold_2,0,4898384,1,1,1,600,600,29.296875,29.296875,100,100,1,1,1,4898387,0,0.21045576407506703,0.21045576407506703,0.42091152815013411,True,correct,correct;high_confidence;temporal_regime,DECISION-TIME
96b58489b800c2a17793b294,fold_2,0,4899416,1,1,1,1200,1200,29.296875,29.296875,10,10,1,1,1,4900535,0,0.21045576407506703,0.21045576407506703,0.42091152815013411,True,correct,correct;high_confidence;temporal_regime,DECISION-TIME
e598f596f078c2932749f59f,fold_2,0,4899777,1,1,1,600,600,29.296875,29.296875,100,100,1,1,1,4899780,0,0.21045576407506703,0.21045576407506703,0.42091152815013411,True,correct,correct;high_confidence;temporal_regime,DECISION-TIME
35fea3f94dd677040feb43a0,fold_2,0,4900781,1,1,1,600,600,29.296875,29.296875,50,50,1,1,1,4900788,0,0.21045576407506703,0.21045576407506703,0.42091152815013411,True,correct,correct;high_confidence;temporal_regime,DECISION-TIME
94d1ebb18b30a88aa625e0d0,fold_2,0,4900901,1,1,1,600,600,29.296875,29.296875,100,100,1,1,1,4902506,0,0.21045576407506703,0.21045576407506703,0.42091152815013411,True,correct,correct;high_confidence;temporal_regime,DECISION-TIME
f81d1c75c618f544f632f4a4,fold_2,0,4900986,1,1,1,600,600,29.296875,29.296875,50,50,1,1,1,4900989,0,0.21045576407506703,0.21045576407506703,0.42091152815013411,True,correct,correct;high_confidence;temporal_regime,DECISION-TIME
456665d00251915f3acd0db7,fold_2,0,4902459,2,2,21,500,600,6.8359375,9.765625,50,50,1,22,19,4903400,0,0.11956521739130435,0.11956521739130435,0.23913043478260865,True,correct,correct;high_confidence;temporal_regime,DECISION-TIME
3dd34db2f6a58b05f387d12d,fold_2,0,4903755,1,1,1,600,600,29.296875,29.296875,10,10,1,1,1,4906734,0,0.21045576407506703,0.21045576407506703,0.42091152815013411,True,correct,correct;high_confidence;temporal_regime,DECISION-TIME
e6bd53665d695bb887e6d8f5,fold_2,0,4903785,1,1,1,600,600,29.296875,29.296875,10,10,1,2,2,4908417,0,0.21045576407506703,0.21045576407506703,0.42091152815013411,True,correct,correct;high_confidence;temporal_regime,DECISION-TIME
e3ed9435664e8c8fec7a703a,fold_2,0,4903957,1,1,1,600,600,29.296875,29.296875,10,10,1,1,1,4909021,0,0.21045576407506703,0.21045576407506703,0.42091152815013411,True,correct,correct;high_confidence;temporal_regime,DECISION-TIME
6478a48925a1161b2c4a8e6a,fold_2,0,4904088,1,1,1,600,600,29.296875,29.296875,10,10,1,1,1,4909399,0,0.21045576407506703,0.21045576407506703,0.42091152815013411,True,correct,correct;high_confidence;temporal_regime,DECISION-TIME
1524f137a369855f4e409245,fold_2,0,4904317,1,1,1,600,600,29.296875,29.296875,15,15,1,1,1,4904770,0,0.21045576407506703,0.21045576407506703,0.42091152815013411,True,correct,correct;high_confidence;temporal_regime,DECISION-TIME
c0e44f5b082221cd8507b575,fold_2,0,4907043,1,1,1,600,600,29.296875,29.296875,100,100,1,1,1,4907053,0,0.21045576407506703,0.21045576407506703,0.42091152815013411,True,correct,correct;high_confidence;temporal_regime,DECISION-TIME
875eea9893b8823c20336f80,fold_2,1,4909138,1,1,5,100,100,9.765625,9.765625,100,100,1,4,3,4911124,0,0.11956521739130435,0.11956521739130435,0.23913043478260865,False,high_confidence_error,false_negative;high_confidence;temporal_regime,DECISION-TIME
ebfe2ec574e6ea9d6c3389fa,fold_2,0,4909238,1,1,1,600,600,29.296875,29.296875,100,100,1,1,1,4909245,0,0.21045576407506703,0.21045576407506703,0.42091152815013411,True,correct,correct;high_confidence;temporal_regime,DECISION-TIME
92aa0764b1a8199ba126553d,fold_2,0,4909578,1,1,2,1800,1800,58.59375,58.59375,100,100,1,2,1,4909591.5,0,0.30303030303030304,0.30303030303030304,0.60606060606060608,True,correct,correct;low_confidence;temporal_regime,DECISION-TIME
51125890673905c54a8cbcb8,fold_2,0,4911318,1,1,1,600,600,29.296875,29.296875,100,100,1,1,1,4911329,0,0.21045576407506703,0.21045576407506703,0.42091152815013411,True,correct,correct;high_confidence;temporal_regime,DECISION-TIME
862e2cd461986f8bb2831d19,fold_2,0,4911436,1,1,1,600,600,29.296875,29.296875,100,100,1,1,1,4911450,0,0.21045576407506703,0.21045576407506703,0.42091152815013411,True,correct,correct;high_confidence;temporal_regime,DECISION-TIME
4447c609cd175f2c6942f8ae,fold_2,0,4911617,2,2,28,350,600,2,2,25,25,1,28,11,4941455.8928571427,0,0.050000000000000003,0.050000000000000003,0.099999999999999978,True,correct,correct;high_confidence;temporal_regime,DECISION-TIME
f43ccd71e8197d0a4e971609,fold_2,0,4912793,2,2,4,600,600,29.296875,29.296875,100,100,2,4,2,4913256.5,0,0.23333333333333334,0.23333333333333334,0.46666666666666667,True,correct,correct;high_confidence;temporal_regime,DECISION-TIME
38cd15c014511054f4844f16,fold_2,0,4912947,1,1,1,3200,3200,19.53125,19.53125,100,100,1,1,1,4912952,0,0.11956521739130435,0.11956521739130435,0.23913043478260865,True,correct,correct;high_confidence;temporal_regime,DECISION-TIME
22dd60bec15392c016dae570,fold_2,0,4913790,1,1,1,600,600,29.296875,29.296875,200,200,1,1,1,4913813,0,0.11956521739130435,0.11956521739130435,0.23913043478260865,True,correct,correct;high_confidence;temporal_regime,DECISION-TIME
0f75ecb4f22a937fb74c55e8,fold_2,0,4913981,1,1,1,600,600,29.296875,29.296875,25,25,1,1,1,4913994,0,0.21045576407506703,0.21045576407506703,0.42091152815013411,True,correct,correct;high_confidence;temporal_regime,DECISION-TIME
f11160441b6e916062629e70,fold_2,0,4914213,1,1,1,600,600,29.296875,29.296875,100,100,1,1,1,4917744,0,0.21045576407506703,0.21045576407506703,0.42091152815013411,True,correct,correct;high_confidence;temporal_regime,DECISION-TIME
a38d625ad4ae9dab5e4e5568,fold_2,0,4914247,1,1,1,600,600,29.296875,29.296875,100,100,1,1,1,4917361,0,0.21045576407506703,0.21045576407506703,0.42091152815013411,True,correct,correct;high_confidence;temporal_regime,DECISION-TIME
1224d5cf8958c88f42df3fc2,fold_2,0,4914635,1,1,1,600,600,29.296875,29.296875,100,100,1,1,1,4914649,0,0.21045576407506703,0.21045576407506703,0.42091152815013411,True,correct,correct;high_confidence;temporal_regime,DECISION-TIME
e5e353c8de645fb48e8906c3,fold_2,0,4918635,1,1,1,600,600,29.296875,29.296875,10,10,1,1,1,4918644,0,0.21045576407506703,0.21045576407506703,0.42091152815013411,True,correct,correct;high_confidence;temporal_regime,DECISION-TIME
ca1111cfb3551d3b90c9150f,fold_2,0,4919767,2,2,11,350,600,2,2,25,25,1,11,6,4919772.1818181816,0,0.11956521739130435,0.11956521739130435,0.23913043478260865,True,correct,correct;high_confidence;temporal_regime,DECISION-TIME
fb8ad73308b43af4097f8f17,fold_2,0,4920647,1,1,1,600,600,29.296875,29.296875,100,100,1,1,1,4920657,0,0.21045576407506703,0.21045576407506703,0.42091152815013411,True,correct,correct;high_confidence;temporal_regime,DECISION-TIME
f3ca55ffab7c6e1059f24ea5,fold_2,0,4920818,2,2,2,600,600,29.296875,29.296875,100,100,2,2,2,4920839.5,0,0.30303030303030304,0.30303030303030304,0.60606060606060608,True,correct,correct;low_confidence;temporal_regime,DECISION-TIME
439af5dfb53f9d7b4f296a79,fold_2,0,4921655,1,1,1,600,600,29.296875,29.296875,100,100,1,1,1,4921664,0,0.21045576407506703,0.21045576407506703,0.42091152815013411,True,correct,correct;high_confidence;temporal_regime,DECISION-TIME
4726abfe5014a5723c2b0891,fold_2,1,4923127,1,1,1,600,600,29.296875,29.296875,100,100,1,1,1,4923133,0,0.21045576407506703,0.21045576407506703,0.42091152815013411,False,high_confidence_error,false_negative;high_confidence;temporal_regime,DECISION-TIME
38537fa18fa105897a1357dd,fold_2,0,4923219,1,1,2,600,600,29.296875,29.296875,100,100,1,2,1,4923222,0,0.21045576407506703,0.21045576407506703,0.42091152815013411,True,correct,correct;high_confidence;temporal_regime,DECISION-TIME
1af8161c0b5e9a1b7ddbea6a,fold_2,0,4924086,1,1,1,600,600,29.296875,29.296875,100,100,1,1,1,4924090,0,0.21045576407506703,0.21045576407506703,0.42091152815013411,True,correct,correct;high_confidence;temporal_regime,DECISION-TIME
1c0f412b729e2172d0347829,fold_2,1,4924451,1,1,1,600,600,29.296875,29.296875,100,100,1,1,1,4924462,0,0.21045576407506703,0.21045576407506703,0.42091152815013411,False,high_confidence_error,false_negative;high_confidence;temporal_regime,DECISION-TIME
af7802fbc38038937c48f302,fold_2,0,4925083,1,1,1,600,600,29.296875,29.296875,25,25,1,1,1,4925095,0,0.21045576407506703,0.21045576407506703,0.42091152815013411,True,correct,correct;high_confidence;temporal_regime,DECISION-TIME
8a5dd4d3d878126d8d0da680,fold_2,0,4925669,2,2,101,450,800,10.76171875,19.55078125,,,0,101,101,4925674.1089108912,0,0.11956521739130435,0.11956521739130435,0.23913043478260865,True,correct,correct;high_confidence;temporal_regime;feature_missingness,DECISION-TIME
dcdfe867c18f0305d3dbdd88,fold_2,0,4926031,1,1,1,600,600,29.296875,29.296875,50,50,1,1,1,4926039,0,0.21045576407506703,0.21045576407506703,0.42091152815013411,True,correct,correct;high_confidence;temporal_regime,DECISION-TIME
7aefafe6488e111d4891a683,fold_2,0,4926578,2,2,13,400,600,2,2,25,25,1,13,12,4926583.538461538,0,0.11956521739130435,0.11956521739130435,0.23913043478260865,True,correct,correct;high_confidence;temporal_regime,DECISION-TIME
6b3b8afd1096cfb695eea02d,fold_2,0,4926602,1,1,1,600,600,29.296875,29.296875,100,100,1,1,1,4926611,0,0.21045576407506703,0.21045576407506703,0.42091152815013411,True,correct,correct;high_confidence;temporal_regime,DECISION-TIME
237a2101aea820ded0ccb151,fold_2,1,4927425,1,1,1,100,100,29.296875,29.296875,25,25,1,1,1,4927435,0,0.21045576407506703,0.21045576407506703,0.42091152815013411,False,high_confidence_error,false_negative;high_confidence;temporal_regime,DECISION-TIME
fb5e852750ee0c010bb84493,fold_2,0,4927658,1,1,1,600,600,29.296875,29.296875,15,15,1,1,1,4927685,0,0.21045576407506703,0.21045576407506703,0.42091152815013411,True,correct,correct;high_confidence;temporal_regime,DECISION-TIME
2769797e86b97374aa099206,fold_2,1,4927895,1,1,1,600,600,29.296875,29.296875,100,100,1,1,1,4927908,0,0.21045576407506703,0.21045576407506703,0.42091152815013411,False,high_confidence_error,false_negative;high_confidence;temporal_regime,DECISION-TIME
a4a9f7f8589715760991682b,fold_2,0,4927972,1,1,1,1800,1800,58.59375,58.59375,100,100,1,3,2,4929845,0,0.30303030303030304,0.30303030303030304,0.60606060606060608,True,correct,correct;low_confidence;temporal_regime,DECISION-TIME
db2f944c30290fe64cca7fce,fold_2,1,4928387,1,1,1,600,600,29.296875,29.296875,10,10,1,1,1,4928400,0,0.21045576407506703,0.21045576407506703,0.42091152815013411,False,high_confidence_error,false_negative;high_confidence;temporal_regime,DECISION-TIME
f082386a901db71646ea34d7,fold_2,1,4928710,1,1,1,600,600,29.296875,29.296875,10,10,1,1,1,4928722,0,0.21045576407506703,0.21045576407506703,0.42091152815013411,False,high_confidence_error,false_negative;high_confidence;temporal_regime,DECISION-TIME
8d6eafb830ddca142e5c0487,fold_2,1,4928888,1,1,1,600,600,29.296875,29.296875,10,10,1,1,1,4928902,0,0.21045576407506703,0.21045576407506703,0.42091152815013411,False,high_confidence_error,false_negative;high_confidence;temporal_regime,DECISION-TIME
1465230c72e126d2b4bd7c80,fold_2,1,4929043,1,1,1,600,600,29.296875,29.296875,100,100,1,1,1,4929053,0,0.21045576407506703,0.21045576407506703,0.42091152815013411,False,high_confidence_error,false_negative;high_confidence;temporal_regime,DECISION-TIME
1f5b02ea9dedb818fac07ad5,fold_2,0,4929527,1,1,1,600,600,29.296875,29.296875,25,25,1,1,1,4929536,0,0.21045576407506703,0.21045576407506703,0.42091152815013411,True,correct,correct;high_confidence;temporal_regime,DECISION-TIME
03e892330febf7bcb97ab046,fold_2,1,4929921,1,1,1,600,600,29.296875,29.296875,100,100,1,3,2,4931010,0,0.21045576407506703,0.21045576407506703,0.42091152815013411,False,high_confidence_error,false_negative;high_confidence;temporal_regime,DECISION-TIME
e642c0f75ac3208007daf800,fold_2,1,4929947,1,1,1,600,600,29.296875,29.296875,10,10,1,1,1,4929990,0,0.21045576407506703,0.21045576407506703,0.42091152815013411,False,high_confidence_error,false_negative;high_confidence;temporal_regime,DECISION-TIME
ce900e54b7c2056fcdd1050a,fold_2,0,4930076,1,1,1,800,800,15.625,15.625,100,100,1,1,1,4930080,0,0.11956521739130435,0.11956521739130435,0.23913043478260865,True,correct,correct;high_confidence;temporal_regime,DECISION-TIME
0c2a224e30f316e83819140e,fold_2,1,4930078,1,1,1,600,600,29.296875,29.296875,10,10,1,1,1,4930090,0,0.21045576407506703,0.21045576407506703,0.42091152815013411,False,high_confidence_error,false_negative;high_confidence;temporal_regime,DECISION-TIME
7876e58065065e5903941520,fold_2,1,4930189,1,1,1,600,600,29.296875,29.296875,100,100,1,1,1,4930200,0,0.21045576407506703,0.21045576407506703,0.42091152815013411,False,high_confidence_error,false_negative;high_confidence;temporal_regime,DECISION-TIME
37029b2a5a60d0c22a56945e,fold_2,1,4930196,1,1,1,600,600,29.296875,29.296875,10,10,1,1,1,4930200,0,0.21045576407506703,0.21045576407506703,0.42091152815013411,False,high_confidence_error,false_negative;high_confidence;temporal_regime,DECISION-TIME
35e0b99b8900671157f74807,fold_2,1,4930293,1,1,1,600,600,29.296875,29.296875,10,10,1,1,1,4930300,0,0.21045576407506703,0.21045576407506703,0.42091152815013411,False,high_confidence_error,false_negative;high_confidence;temporal_regime,DECISION-TIME
23e641996394bbd18981035e,fold_2,1,4930324,1,1,1,600,600,29.296875,29.296875,10,10,1,1,1,4930331,0,0.21045576407506703,0.21045576407506703,0.42091152815013411,False,high_confidence_error,false_negative;high_confidence;temporal_regime,DECISION-TIME
66ac88536437dd71fea6d54f,fold_2,1,4931490,1,1,1,600,600,29.296875,29.296875,10,10,1,1,1,4931497,0,0.21045576407506703,0.21045576407506703,0.42091152815013411,False,high_confidence_error,false_negative;high_confidence;temporal_regime,DECISION-TIME
ec089e95be46f8d81b0d5c84,fold_2,1,4931533,1,1,1,600,600,29.296875,29.296875,10,10,1,1,1,4931536,0,0.21045576407506703,0.21045576407506703,0.42091152815013411,False,high_confidence_error,false_negative;high_confidence;temporal_regime,DECISION-TIME
9a0c522c9b6b88d082672cff,fold_2,1,4931621,1,1,1,600,600,29.296875,29.296875,10,10,1,1,1,4931627,0,0.21045576407506703,0.21045576407506703,0.42091152815013411,False,high_confidence_error,false_negative;high_confidence;temporal_regime,DECISION-TIME
dbb938f76ff2920e0961f98b,fold_2,1,4931682,1,1,1,600,600,29.296875,29.296875,100,100,1,1,1,4931688,0,0.21045576407506703,0.21045576407506703,0.42091152815013411,False,high_confidence_error,false_negative;high_confidence;temporal_regime,DECISION-TIME
32336c5d43a191441fe3419e,fold_2,1,4931912,1,1,1,600,600,29.296875,29.296875,25,25,1,1,1,4931920,0,0.21045576407506703,0.21045576407506703,0.42091152815013411,False,high_confidence_error,false_negative;high_confidence;temporal_regime,DECISION-TIME
32b3ad2bd11aaac1771f1a49,fold_2,0,4932162,1,1,1,600,600,29.296875,29.296875,15,15,1,1,1,4932180,0,0.21045576407506703,0.21045576407506703,0.42091152815013411,True,correct,correct;high_confidence;temporal_regime,DECISION-TIME
14ae97997bdc5dce0ec8e0ce,fold_2,0,4932495,1,1,1,600,600,29.296875,29.296875,15,15,1,1,1,4932504,0,0.21045576407506703,0.21045576407506703,0.42091152815013411,True,correct,correct;high_confidence;temporal_regime,DECISION-TIME
50a8f78ae232cfbc9f101d56,fold_2,0,4932731,1,1,1,1000,1000,19.55078125,19.55078125,50,50,1,1,1,4932734,0,0.11956521739130435,0.11956521739130435,0.23913043478260865,True,correct,correct;high_confidence;temporal_regime,DECISION-TIME
85473e6990cfc6d4c2082ebf,fold_2,0,4933064,1,1,1,600,600,29.296875,29.296875,10,10,1,1,1,4933078,0,0.21045576407506703,0.21045576407506703,0.42091152815013411,True,correct,correct;high_confidence;temporal_regime,DECISION-TIME
55be611a92410c59a5cf565c,fold_2,0,4933318,1,1,1,600,600,29.296875,29.296875,10,10,1,1,1,4933330,0,0.21045576407506703,0.21045576407506703,0.42091152815013411,True,correct,correct;high_confidence;temporal_regime,DECISION-TIME
19ef22a18d15b80dc0a2e3f6,fold_2,0,4934075,1,1,1,600,600,29.296875,29.296875,100,100,1,1,1,4934084,0,0.21045576407506703,0.21045576407506703,0.42091152815013411,True,correct,correct;high_confidence;temporal_regime,DECISION-TIME
938cb26f4f9fedd0a247058c,fold_2,0,4934996,3,3,3,466.66666666666669,600,11.098958333333334,29.296875,25,25,1,3,3,4935000,0,0.11956521739130435,0.11956521739130435,0.23913043478260865,True,correct,correct;high_confidence;temporal_regime,DECISION-TIME
efb17129cd6b82ee6c2bbc02,fold_2,0,4935077,1,1,1,600,600,29.296875,29.296875,100,100,1,1,1,4935178,0,0.21045576407506703,0.21045576407506703,0.42091152815013411,True,correct,correct;high_confidence;temporal_regime,DECISION-TIME
fc7f8fc6b5ea747a3b8ea11a,fold_2,0,4935202,2,2,25,600,600,29.296875,29.296875,25,25,1,25,22,4935217.1200000001,0,0.21045576407506703,0.21045576407506703,0.42091152815013411,True,correct,correct;high_confidence;temporal_regime,DECISION-TIME
08138ccbc59379e22c215282,fold_2,1,4935789,1,1,1,600,600,29.296875,29.296875,100,100,1,1,1,4935896,0,0.21045576407506703,0.21045576407506703,0.42091152815013411,False,high_confidence_error,false_negative;high_confidence;temporal_regime,DECISION-TIME
bc4436e9b72b986b4efa3e30,fold_2,0,4935839,1,1,1,600,600,29.296875,29.296875,15,15,1,1,1,4935844,0,0.21045576407506703,0.21045576407506703,0.42091152815013411,True,correct,correct;high_confidence;temporal_regime,DECISION-TIME
148aff408879673c790f00ec,fold_2,0,4936934,1,1,1,600,600,29.296875,29.296875,10,10,1,1,1,4936947,0,0.21045576407506703,0.21045576407506703,0.42091152815013411,True,correct,correct;high_confidence;temporal_regime,DECISION-TIME
551be3f41c5c77553b1cbe2e,fold_2,1,4937013,1,1,1,600,600,29.296875,29.296875,10,10,1,1,1,4937017,0,0.21045576407506703,0.21045576407506703,0.42091152815013411,False,high_confidence_error,false_negative;high_confidence;temporal_regime,DECISION-TIME
2f32f33d1ed2773a4d4d50e8,fold_2,0,4937018,1,1,1,600,600,29.296875,29.296875,10,10,1,1,1,4937068,0,0.21045576407506703,0.21045576407506703,0.42091152815013411,True,correct,correct;high_confidence;temporal_regime,DECISION-TIME
188d75288ca78c9c8942f980,fold_2,0,4937082,1,1,1,600,600,29.296875,29.296875,10,10,1,1,1,4937099,0,0.21045576407506703,0.21045576407506703,0.42091152815013411,True,correct,correct;high_confidence;temporal_regime,DECISION-TIME
ce21cc58c6d432a0c1311574,fold_2,0,4937217,1,1,1,600,600,29.296875,29.296875,10,10,1,1,1,4937262,0,0.21045576407506703,0.21045576407506703,0.42091152815013411,True,correct,correct;high_confidence;temporal_regime,DECISION-TIME
f2c2c6d436f588f436e0e486,fold_2,0,4937225,1,1,1,600,600,29.296875,29.296875,10,10,1,1,1,4937262,0,0.21045576407506703,0.21045576407506703,0.42091152815013411,True,correct,correct;high_confidence;temporal_regime,DECISION-TIME
79626aacb7cd5627ccd9e491,fold_2,0,4937296,1,1,1,600,600,29.296875,29.296875,10,10,1,1,1,4937404,0,0.21045576407506703,0.21045576407506703,0.42091152815013411,True,correct,correct;high_confidence;temporal_regime,DECISION-TIME
da3a4f754625f20e017df104,fold_2,0,4937319,2,2,15,600,600,90.33203125,156.25,25,25,1,15,15,4937328.666666667,1,0.9447870903321568,0.9447870903321568,0.1104258193356864,False,high_confidence_error,false_positive;high_confidence;temporal_regime,DECISION-TIME
7a2e572c732ad6c631ee6a5a,fold_2,0,4937781,1,1,1,600,600,29.296875,29.296875,50,50,1,3,2,4938238,0,0.21045576407506703,0.21045576407506703,0.42091152815013411,True,correct,correct;high_confidence;temporal_regime,DECISION-TIME
cebc4133a79ce23083c86d74,fold_2,0,4937925,1,1,1,1000,1000,9.765625,9.765625,100,100,1,1,1,4937933,0,0.11956521739130435,0.11956521739130435,0.23913043478260865,True,correct,correct;high_confidence;temporal_regime,DECISION-TIME
ab5ea908ae95682a74c12528,fold_2,0,4938249,1,1,1,600,600,29.296875,29.296875,100,100,1,1,1,4938260,0,0.21045576407506703,0.21045576407506703,0.42091152815013411,True,correct,correct;high_confidence;temporal_regime,DECISION-TIME
f6cc5ce2c6916e1cf8c585b3,fold_2,0,4941426,1,1,1,600,600,29.296875,29.296875,50,50,1,1,1,4941435,0,0.21045576407506703,0.21045576407506703,0.42091152815013411,True,correct,correct;high_confidence;temporal_regime,DECISION-TIME
77e1c16dd22f5aec353259b4,fold_2,1,4942034,1,1,50,800,800,29.296875,29.296875,50,50,1,50,30,4942037.6734693879,0,0.21045576407506703,0.21045576407506703,0.42091152815013411,False,high_confidence_error,false_negative;high_confidence;temporal_regime,DECISION-TIME
cb1ad64f35184a64f7fa93b8,fold_2,0,4942034,1,1,1,600,600,29.296875,29.296875,50,50,1,1,1,4942040,0,0.21045576407506703,0.21045576407506703,0.42091152815013411,True,correct,correct;high_confidence;temporal_regime,DECISION-TIME
bef33e9e4433e3a7519f0db9,fold_2,0,4942986,2,2,2,600,600,29.296875,29.296875,25,25,1,2,2,4942992,0,0.21045576407506703,0.21045576407506703,0.42091152815013411,True,correct,correct;high_confidence;temporal_regime,DECISION-TIME
826245e817baf171be35ec36,fold_2,0,4945097,3,3,10,466.66666666666669,600,15.432291666666666,29.296875,25,25,1,10,3,4945101.9000000004,0,0.11956521739130435,0.11956521739130435,0.23913043478260865,True,correct,correct;high_confidence;temporal_regime,DECISION-TIME
3b7873aa79383fb31c824715,fold_2,0,4947091,1,1,1,600,600,29.296875,29.296875,10,10,1,1,1,4947099,0,0.21045576407506703,0.21045576407506703,0.42091152815013411,True,correct,correct;high_confidence;temporal_regime,DECISION-TIME
c93a04247afe2dca06967dcc,fold_2,0,4947133,1,1,1,600,600,29.296875,29.296875,10,10,1,1,1,4947139,0,0.21045576407506703,0.21045576407506703,0.42091152815013411,True,correct,correct;high_confidence;temporal_regime,DECISION-TIME
c2738a9f9e7cda4f7d606b44,fold_2,0,4947144,1,1,1,600,600,29.296875,29.296875,10,10,1,1,1,4947149,0,0.21045576407506703,0.21045576407506703,0.42091152815013411,True,correct,correct;high_confidence;temporal_regime,DECISION-TIME
f0941464c5d21b6c72526aae,fold_2,0,4949301,1,1,1,600,600,29.296875,29.296875,10,10,1,1,1,4949305,0,0.21045576407506703,0.21045576407506703,0.42091152815013411,True,correct,correct;high_confidence;temporal_regime,DECISION-TIME
05a7628788d0421f622370ca,fold_2,1,4949551,2,2,102,400,600,29.296875,29.296875,5,5,1,213,82,4949579.708333333,1,1,1,0,True,correct,correct;high_confidence;temporal_regime,DECISION-TIME
5aa7696df10c3c7f2fcc8cb1,fold_2,0,4950632,1,1,1,600,600,29.296875,29.296875,10,10,1,1,1,4950639,0,0.21045576407506703,0.21045576407506703,0.42091152815013411,True,correct,correct;high_confidence;temporal_regime,DECISION-TIME
9ce3f57942f7a7d8b0c42047,fold_2,0,4950646,1,1,1,600,600,29.296875,29.296875,10,10,1,1,1,4950660,0,0.21045576407506703,0.21045576407506703,0.42091152815013411,True,correct,correct;high_confidence;temporal_regime,DECISION-TIME
825a275cfab5b46979c785a4,fold_2,0,4950657,1,1,1,600,600,29.296875,29.296875,10,10,1,1,1,4950670,0,0.21045576407506703,0.21045576407506703,0.42091152815013411,True,correct,correct;high_confidence;temporal_regime,DECISION-TIME
589bf7f64980c69423678899,fold_2,0,4950770,1,1,1,600,600,29.296875,29.296875,10,10,1,1,1,4950781,0,0.21045576407506703,0.21045576407506703,0.42091152815013411,True,correct,correct;high_confidence;temporal_regime,DECISION-TIME
48693107b64ef4fdbb627aa3,fold_2,0,4950774,1,1,1,600,600,29.296875,29.296875,10,10,1,1,1,4950780,0,0.21045576407506703,0.21045576407506703,0.42091152815013411,True,correct,correct;high_confidence;temporal_regime,DECISION-TIME
242f9caa5dc9a271675c7523,fold_2,0,4950807,1,1,1,600,600,29.296875,29.296875,10,10,1,1,1,4950821,0,0.21045576407506703,0.21045576407506703,0.42091152815013411,True,correct,correct;high_confidence;temporal_regime,DECISION-TIME
6efb27e2d98ec2f7746ee9b1,fold_2,0,4950838,1,1,1,600,600,29.296875,29.296875,10,10,1,1,1,4950851,0,0.21045576407506703,0.21045576407506703,0.42091152815013411,True,correct,correct;high_confidence;temporal_regime,DECISION-TIME
e417f3372d3e529069075275,fold_2,0,4950844,1,1,1,600,600,29.296875,29.296875,10,10,1,1,1,4950851,0,0.21045576407506703,0.21045576407506703,0.42091152815013411,True,correct,correct;high_confidence;temporal_regime,DECISION-TIME
61a570dfdc584e97440e1e60,fold_2,0,4950928,1,1,1,600,600,29.296875,29.296875,10,10,1,1,1,4950941,0,0.21045576407506703,0.21045576407506703,0.42091152815013411,True,correct,correct;high_confidence;temporal_regime,DECISION-TIME
306007505db1fd8268223d3c,fold_2,0,4950932,1,1,1,600,600,29.296875,29.296875,10,10,1,1,1,4950963,0,0.21045576407506703,0.21045576407506703,0.42091152815013411,True,correct,correct;high_confidence;temporal_regime,DECISION-TIME
1d3b23cdd9df378d0d6c4783,fold_2,0,4951882,1,1,1,600,600,29.296875,29.296875,10,10,1,1,1,4951885,0,0.21045576407506703,0.21045576407506703,0.42091152815013411,True,correct,correct;high_confidence;temporal_regime,DECISION-TIME
1d75aba5752f3fcc46f280cd,fold_2,0,4952207,1,1,1,600,600,29.296875,29.296875,100,100,1,1,1,4952231,0,0.21045576407506703,0.21045576407506703,0.42091152815013411,True,correct,correct;high_confidence;temporal_regime,DECISION-TIME
b69de84e73ef2123ef6f7a55,fold_2,0,4952481,1,1,1,600,600,29.296875,29.296875,10,10,1,1,1,4952484,0,0.21045576407506703,0.21045576407506703,0.42091152815013411,True,correct,correct;high_confidence;temporal_regime,DECISION-TIME
c1e88095de04abb0390f44cd,fold_2,0,4952724,1,1,1,600,600,29.296875,29.296875,100,100,1,1,1,4952737,0,0.21045576407506703,0.21045576407506703,0.42091152815013411,True,correct,correct;high_confidence;temporal_regime,DECISION-TIME
e6603163e5219a82def8f942,fold_2,0,4952862,1,1,16,600,600,29.296875,29.296875,25,25,1,16,12,4952866,0,0.21045576407506703,0.21045576407506703,0.42091152815013411,True,correct,correct;high_confidence;temporal_regime,DECISION-TIME
54a3640f2474567912cb38a4,fold_2,0,4953239,2,2,11,600,600,29.296875,29.296875,50,50,1,11,11,4953281.3636363633,0,0.21045576407506703,0.21045576407506703,0.42091152815013411,True,correct,correct;high_confidence;temporal_regime,DECISION-TIME
6a07ba5d1cfb1b167ecd0d4e,fold_2,0,4953239,1,1,1,600,600,29.296875,29.296875,100,100,1,1,1,4953245,0,0.21045576407506703,0.21045576407506703,0.42091152815013411,True,correct,correct;high_confidence;temporal_regime,DECISION-TIME
af58608810b218f996768b6d,fold_2,0,4953473,2,2,2,600,600,14.6484375,14.6484375,25,25,1,2,2,4953540,0,0.11956521739130435,0.11956521739130435,0.23913043478260865,True,correct,correct;high_confidence;temporal_regime,DECISION-TIME
59d9cea226ac8be46715af7d,fold_2,0,4953857,1,1,1,600,600,29.296875,29.296875,100,100,1,1,1,4953963,0,0.21045576407506703,0.21045576407506703,0.42091152815013411,True,correct,correct;high_confidence;temporal_regime,DECISION-TIME
a4d38f4851261fc8dfcd7b16,fold_2,1,4953907,1,1,1,600,600,29.296875,29.296875,25,25,1,1,1,4953918,0,0.21045576407506703,0.21045576407506703,0.42091152815013411,False,high_confidence_error,false_negative;high_confidence;temporal_regime,DECISION-TIME
374c7e6fd132d98f42c978a8,fold_2,0,4954277,1,1,1,600,600,29.296875,29.296875,10,10,1,1,1,4954282,0,0.21045576407506703,0.21045576407506703,0.42091152815013411,True,correct,correct;high_confidence;temporal_regime,DECISION-TIME
fc8a971713aa968696cb5c44,fold_2,0,4954716,2,2,19,600,600,29.296875,29.296875,25,25,1,19,16,4954740.4210526319,0,0.21045576407506703,0.21045576407506703,0.42091152815013411,True,correct,correct;high_confidence;temporal_regime,DECISION-TIME
f854160615a40f8633e36a0d,fold_2,0,4955551,2,2,4,600,600,29.296875,29.296875,50,50,1,4,2,4955555.25,0,0.11956521739130435,0.11956521739130435,0.23913043478260865,True,correct,correct;high_confidence;temporal_regime,DECISION-TIME
55acfe835f111a3a58be6c86,fold_2,1,4955800,1,1,1,600,600,29.296875,29.296875,25,25,1,1,1,4955818,0,0.21045576407506703,0.21045576407506703,0.42091152815013411,False,high_confidence_error,false_negative;high_confidence;temporal_regime,DECISION-TIME
10fbd304e25fff6ef8171ce9,fold_2,0,4955839,1,1,1,600,600,29.296875,29.296875,10,10,1,1,1,4955842,0,0.21045576407506703,0.21045576407506703,0.42091152815013411,True,correct,correct;high_confidence;temporal_regime,DECISION-TIME
c84023839cb5d07d808e3230,fold_2,0,4955900,1,1,1,600,600,29.296875,29.296875,10,10,1,1,1,4955903,0,0.21045576407506703,0.21045576407506703,0.42091152815013411,True,correct,correct;high_confidence;temporal_regime,DECISION-TIME
9b99ac9cbacadbc9db80720f,fold_2,1,4957089,1,1,1,600,600,29.296875,29.296875,100,100,1,1,1,4957168,0,0.21045576407506703,0.21045576407506703,0.42091152815013411,False,high_confidence_error,false_negative;high_confidence;temporal_regime,DECISION-TIME
cedf39ef126ced5a9d6426ba,fold_2,1,4957253,1,1,1,100,100,24.4140625,24.4140625,100,100,1,1,1,4957260,0,0.21045576407506703,0.21045576407506703,0.42091152815013411,False,high_confidence_error,false_negative;high_confidence;temporal_regime,DECISION-TIME
4273b9b28e2544aaba6a93fb,fold_2,1,4957945,1,1,1,600,600,29.296875,29.296875,100,100,1,1,1,4957954,0,0.21045576407506703,0.21045576407506703,0.42091152815013411,False,high_confidence_error,false_negative;high_confidence;temporal_regime,DECISION-TIME
d83efa5d3fd7bff2dd006a52,fold_2,0,4959601,2,2,10,600,600,29.296875,29.296875,25,25,1,10,8,4959968.5999999996,0,0.21045576407506703,0.21045576407506703,0.42091152815013411,True,correct,correct;high_confidence;temporal_regime,DECISION-TIME
96021bc5fefbfae4a9b905b3,fold_2,0,4959799,1,1,1,600,600,29.296875,29.296875,100,100,1,1,1,4959803,0,0.21045576407506703,0.21045576407506703,0.42091152815013411,True,correct,correct;high_confidence;temporal_regime,DECISION-TIME
679482213135373dd8784818,fold_2,0,4959827,2,2,13,400,600,2,2,25,25,1,13,10,4959832.923076923,0,0.11956521739130435,0.11956521739130435,0.23913043478260865,True,correct,correct;high_confidence;temporal_regime,DECISION-TIME
7794dd0d6facadcb0d60356e,fold_2,1,4959862,1,1,1,600,600,29.296875,29.296875,100,100,1,1,1,4959877,0,0.21045576407506703,0.21045576407506703,0.42091152815013411,False,high_confidence_error,false_negative;high_confidence;temporal_regime,DECISION-TIME
75553abc17bcd5deb837f685,fold_2,1,4960494,1,1,1,600,600,29.296875,29.296875,25,25,1,1,1,4960514,0,0.21045576407506703,0.21045576407506703,0.42091152815013411,False,high_confidence_error,false_negative;high_confidence;temporal_regime,DECISION-TIME
03d67243afd0a31d80028db1,fold_2,0,4961427,1,1,1,600,600,29.296875,29.296875,100,100,1,1,1,4961430,0,0.21045576407506703,0.21045576407506703,0.42091152815013411,True,correct,correct;high_confidence;temporal_regime,DECISION-TIME
fe720cec46036f4259605200,fold_2,1,4962222,1,1,2,600,600,29.296875,29.296875,100,100,1,2,2,4982260,0,0.21045576407506703,0.21045576407506703,0.42091152815013411,False,high_confidence_error,false_negative;high_confidence;temporal_regime,DECISION-TIME
2907b84aa256ed82d374e716,fold_2,0,4962242,1,1,1,600,600,29.296875,29.296875,10,10,1,1,1,4962248,0,0.21045576407506703,0.21045576407506703,0.42091152815013411,True,correct,correct;high_confidence;temporal_regime,DECISION-TIME
78ecf105ea440ee0967ef06f,fold_2,0,4962548,1,1,1,600,600,29.296875,29.296875,10,10,1,1,1,4962561,0,0.21045576407506703,0.21045576407506703,0.42091152815013411,True,correct,correct;high_confidence;temporal_regime,DECISION-TIME
01c6b45efe5ccab3b5d0b803,fold_2,0,4963715,1,1,1,600,600,29.296875,29.296875,50,50,1,1,1,4963721,0,0.21045576407506703,0.21045576407506703,0.42091152815013411,True,correct,correct;high_confidence;temporal_regime,DECISION-TIME
112d94e88ed02c2b245f51a8,fold_2,0,4963951,1,1,1,600,600,29.296875,29.296875,50,50,1,1,1,4963963,0,0.21045576407506703,0.21045576407506703,0.42091152815013411,True,correct,correct;high_confidence;temporal_regime,DECISION-TIME
0b06b2d6e82d9d4d011fbc28,fold_2,1,4963954,2,2,4,600,600,12.6953125,15.625,25,25,1,6,5,4963956,0,0.11956521739130435,0.11956521739130435,0.23913043478260865,False,high_confidence_error,false_negative;high_confidence;temporal_regime,DECISION-TIME
4134af62214eb6dee80a995e,fold_2,1,4964055,1,1,1,600,600,29.296875,29.296875,100,100,1,1,1,4964065,0,0.21045576407506703,0.21045576407506703,0.42091152815013411,False,high_confidence_error,false_negative;high_confidence;temporal_regime,DECISION-TIME
7ef71dfacb38b69e7db24cc3,fold_2,0,4964076,1,1,1,100,100,29.296875,29.296875,100,100,1,3,2,4964533,0,0.21045576407506703,0.21045576407506703,0.42091152815013411,True,correct,correct;high_confidence;temporal_regime,DECISION-TIME
8b42023d90d812358fe34624,fold_2,0,4965143,1,1,1,600,600,29.296875,29.296875,10,10,1,1,1,4965146,0,0.21045576407506703,0.21045576407506703,0.42091152815013411,True,correct,correct;high_confidence;temporal_regime,DECISION-TIME
8ada04ede6f1a6153c76b7ed,fold_2,0,4965825,1,1,1,600,600,29.296875,29.296875,100,100,1,1,1,4965830,0,0.21045576407506703,0.21045576407506703,0.42091152815013411,True,correct,correct;high_confidence;temporal_regime,DECISION-TIME
599eb5d69c27b6c7d19eface,fold_2,0,4965934,1,1,1,600,600,29.296875,29.296875,50,50,1,1,1,4965940,0,0.21045576407506703,0.21045576407506703,0.42091152815013411,True,correct,correct;high_confidence;temporal_regime,DECISION-TIME
d923437bb5252eb72c625079,fold_2,0,4965934,1,1,1,600,600,29.296875,29.296875,50,50,1,1,1,4965940,0,0.21045576407506703,0.21045576407506703,0.42091152815013411,True,correct,correct;high_confidence;temporal_regime,DECISION-TIME
6b3d692ac57798000c21ca8f,fold_2,0,4965966,2,2,4,600,600,29.296875,29.296875,50,50,1,4,2,4965971.75,0,0.11956521739130435,0.11956521739130435,0.23913043478260865,True,correct,correct;high_confidence;temporal_regime,DECISION-TIME
9ab0c0f1279016f0e46a8ad5,fold_2,0,4967286,1,1,1,20,20,29.296875,29.296875,10,10,1,1,1,4967298,0,0.30303030303030304,0.30303030303030304,0.60606060606060608,True,correct,correct;low_confidence;temporal_regime,DECISION-TIME
224aa3e01ec212b8f955b3d4,fold_2,1,4967722,2,2,2,600,600,29.296875,29.296875,50,50,1,2,2,4967735,0,0.21045576407506703,0.21045576407506703,0.42091152815013411,False,high_confidence_error,false_negative;high_confidence;temporal_regime,DECISION-TIME
4333461c3828db7648c15e53,fold_2,0,4968345,1,1,1,600,600,29.296875,29.296875,100,100,1,1,1,4968351,0,0.21045576407506703,0.21045576407506703,0.42091152815013411,True,correct,correct;high_confidence;temporal_regime,DECISION-TIME
f839ce59ae4c99d2e5a7baef,fold_2,0,4968444,1,1,1,600,600,29.296875,29.296875,50,50,1,1,1,4968453,0,0.21045576407506703,0.21045576407506703,0.42091152815013411,True,correct,correct;high_confidence;temporal_regime,DECISION-TIME
93a4b4b245123352dc579cc6,fold_2,1,4968516,1,1,1,600,600,29.296875,29.296875,100,100,1,1,1,4968523,0,0.21045576407506703,0.21045576407506703,0.42091152815013411,False,high_confidence_error,false_negative;high_confidence;temporal_regime,DECISION-TIME
e64f4fafa12d26de0f5e197c,fold_2,0,4969691,1,1,1,1000,1000,19.55078125,19.55078125,50,50,1,1,1,4969694,0,0.11956521739130435,0.11956521739130435,0.23913043478260865,True,correct,correct;high_confidence;temporal_regime,DECISION-TIME
04e598be174be0dea3b20009,fold_2,0,4970274,1,1,1,1000,1000,19.55078125,19.55078125,50,50,1,1,1,4970278,0,0.11956521739130435,0.11956521739130435,0.23913043478260865,True,correct,correct;high_confidence;temporal_regime,DECISION-TIME
0ad5e42ce76292f8468824f5,fold_2,0,4970609,1,1,1,600,600,29.296875,29.296875,5,5,1,1,1,4970622,0,0.21045576407506703,0.21045576407506703,0.42091152815013411,True,correct,correct;high_confidence;temporal_regime,DECISION-TIME
8dc364c1505e126736c9e1d5,fold_2,0,4971089,1,1,1,600,600,29.296875,29.296875,25,25,1,1,1,4971095,0,0.21045576407506703,0.21045576407506703,0.42091152815013411,True,correct,correct;high_confidence;temporal_regime,DECISION-TIME
4d98a326fcd95fc40b4fc03e,fold_2,0,4972616,1,1,1,600,600,29.296875,29.296875,25,25,1,1,1,4972622,0,0.21045576407506703,0.21045576407506703,0.42091152815013411,True,correct,correct;high_confidence;temporal_regime,DECISION-TIME
7e96315b3342945c252eae8f,fold_2,0,4972957,2,2,21,700,800,11.71875,19.53125,50,50,1,21,19,4972966.7142857146,0,0.11956521739130435,0.11956521739130435,0.23913043478260865,True,correct,correct;high_confidence;temporal_regime,DECISION-TIME
51233ed4bb2235a31029ffbb,fold_2,0,4973668,1,1,1,600,600,29.296875,29.296875,100,100,1,1,1,4973678,0,0.21045576407506703,0.21045576407506703,0.42091152815013411,True,correct,correct;high_confidence;temporal_regime,DECISION-TIME
30576f2b1097a77b7d80aeab,fold_2,0,4974019,1,1,1,600,600,29.296875,29.296875,25,25,1,3,2,4975889,0,0.21045576407506703,0.21045576407506703,0.42091152815013411,True,correct,correct;high_confidence;temporal_regime,DECISION-TIME
48f0ad6563c4d6ff7c409652,fold_2,0,4974585,1,1,1,600,600,29.296875,29.296875,100,100,1,1,1,4974591,0,0.21045576407506703,0.21045576407506703,0.42091152815013411,True,correct,correct;high_confidence;temporal_regime,DECISION-TIME
6c885ba67e2755d8e8bd19f4,fold_2,0,4974798,1,1,1,600,600,29.296875,29.296875,10,10,1,1,1,4974801,0,0.21045576407506703,0.21045576407506703,0.42091152815013411,True,correct,correct;high_confidence;temporal_regime,DECISION-TIME
3897c75251e817f69c13b4a4,fold_2,0,4975758,1,1,1,600,600,29.296875,29.296875,25,25,1,3,2,4976212,0,0.21045576407506703,0.21045576407506703,0.42091152815013411,True,correct,correct;high_confidence;temporal_regime,DECISION-TIME
50893bd5e9b00d06d8134467,fold_2,0,4977456,1,1,1,600,600,29.296875,29.296875,100,100,1,1,1,4977531,0,0.21045576407506703,0.21045576407506703,0.42091152815013411,True,correct,correct;high_confidence;temporal_regime,DECISION-TIME
9eef4f9e9390dc3839110e9c,fold_2,0,4977482,1,1,1,1000,1000,19.55078125,19.55078125,50,50,1,1,1,4977485,0,0.11956521739130435,0.11956521739130435,0.23913043478260865,True,correct,correct;high_confidence;temporal_regime,DECISION-TIME
84e38d5aaee236aa8f1e8add,fold_2,0,4977515,1,1,1,1000,1000,19.55078125,19.55078125,50,50,1,1,1,4977518,0,0.11956521739130435,0.11956521739130435,0.23913043478260865,True,correct,correct;high_confidence;temporal_regime,DECISION-TIME
6734fc121eeb81a260a71c7a,fold_2,0,4977630,1,1,1,600,600,29.296875,29.296875,10,10,1,1,1,4977634,0,0.21045576407506703,0.21045576407506703,0.42091152815013411,True,correct,correct;high_confidence;temporal_regime,DECISION-TIME
9260263d5eda33c3627ae0b8,fold_2,0,4977806,1,1,1,600,600,29.296875,29.296875,10,10,1,1,1,4977809,0,0.21045576407506703,0.21045576407506703,0.42091152815013411,True,correct,correct;high_confidence;temporal_regime,DECISION-TIME
e4ec2c6e92e5f42004349dca,fold_2,0,4977987,1,1,1,600,600,29.296875,29.296875,10,10,1,1,1,4977990,0,0.21045576407506703,0.21045576407506703,0.42091152815013411,True,correct,correct;high_confidence;temporal_regime,DECISION-TIME
4b69036166d51a94ef19abaa,fold_2,0,4978393,1,1,1,600,600,29.296875,29.296875,25,25,1,1,1,4978406,0,0.21045576407506703,0.21045576407506703,0.42091152815013411,True,correct,correct;high_confidence;temporal_regime,DECISION-TIME
7e4bc8ff2a6c8541f5a8f61a,fold_2,0,4978459,2,2,30,150,200,2.9296875,2.9296875,20,20,1,30,20,4978465.833333333,0,0.11956521739130435,0.11956521739130435,0.23913043478260865,True,correct,correct;high_confidence;temporal_regime,DECISION-TIME
2a798b9a2c311522d7fea9d7,fold_2,0,4979606,1,1,1,1800,1800,58.59375,58.59375,100,100,1,1,1,4979623,0,0.30303030303030304,0.30303030303030304,0.60606060606060608,True,correct,correct;low_confidence;temporal_regime,DECISION-TIME
b216fff4f30c68a9ea488094,fold_2,0,4979979,1,1,1,100,100,29.296875,29.296875,100,100,1,3,2,4980435,0,0.21045576407506703,0.21045576407506703,0.42091152815013411,True,correct,correct;high_confidence;temporal_regime,DECISION-TIME
f6279e6c3468582cdb7b9d6f,fold_2,1,4982670,2,2,2,600,600,29.296875,29.296875,100,100,1,2,2,4982673,0,0.11956521739130435,0.11956521739130435,0.23913043478260865,False,high_confidence_error,false_negative;high_confidence;temporal_regime,DECISION-TIME
cb152038ed90c355949eef46,fold_2,0,4982750,1,1,1,600,600,29.296875,29.296875,100,100,1,3,2,4983207,0,0.21045576407506703,0.21045576407506703,0.42091152815013411,True,correct,correct;high_confidence;temporal_regime,DECISION-TIME
6440e983e7086c022df021a1,fold_2,0,4983706,1,1,1,100,100,29.296875,29.296875,25,25,1,1,1,4983710,0,0.21045576407506703,0.21045576407506703,0.42091152815013411,True,correct,correct;high_confidence;temporal_regime,DECISION-TIME
c11f0b3407fad84de49aa984,fold_2,0,4983943,1,1,1,600,600,29.296875,29.296875,100,100,1,1,1,4983946,0,0.21045576407506703,0.21045576407506703,0.42091152815013411,True,correct,correct;high_confidence;temporal_regime,DECISION-TIME
99872c01f09fb16dc16aa4ae,fold_2,0,4983987,1,1,1,1800,1800,58.59375,58.59375,100,100,1,1,1,4983993,0,0.30303030303030304,0.30303030303030304,0.60606060606060608,True,correct,correct;low_confidence;temporal_regime,DECISION-TIME
dc69bb1a58b62e82035013e9,fold_2,0,4984914,1,1,1,600,600,29.296875,29.296875,100,100,1,1,1,4984917,0,0.21045576407506703,0.21045576407506703,0.42091152815013411,True,correct,correct;high_confidence;temporal_regime,DECISION-TIME
d5492e849252f21821d45438,fold_2,1,4985839,1,1,1,1800,1800,58.59375,58.59375,100,100,1,1,1,4985851,0,0.30303030303030304,0.30303030303030304,0.60606060606060608,False,low_confidence_error,false_negative;low_confidence;temporal_regime,DECISION-TIME
16ff9e13d83007e74a239125,fold_2,0,4986063,1,1,1,1200,1200,29.296875,29.296875,10,10,1,1,1,4986075,0,0.21045576407506703,0.21045576407506703,0.42091152815013411,True,correct,correct;high_confidence;temporal_regime,DECISION-TIME
0c5f1b097ae472d41fb65879,fold_2,0,4987685,1,1,1,600,600,29.296875,29.296875,100,100,1,1,1,4987735,0,0.21045576407506703,0.21045576407506703,0.42091152815013411,True,correct,correct;high_confidence;temporal_regime,DECISION-TIME
bfa2684eb2658e126185fd96,fold_2,0,4989973,1,1,1,600,600,29.296875,29.296875,25,25,1,1,1,4989986,0,0.21045576407506703,0.21045576407506703,0.42091152815013411,True,correct,correct;high_confidence;temporal_regime,DECISION-TIME
2d9bd6cfe5de14083979df3d,fold_2,0,4990289,1,1,1,600,600,29.296875,29.296875,10,10,1,1,1,4990334,0,0.21045576407506703,0.21045576407506703,0.42091152815013411,True,correct,correct;high_confidence;temporal_regime,DECISION-TIME
9c8002420b8c2145f0d093f0,fold_2,0,4990496,1,1,1,600,600,29.296875,29.296875,10,10,1,1,1,4990596,0,0.21045576407506703,0.21045576407506703,0.42091152815013411,True,correct,correct;high_confidence;temporal_regime,DECISION-TIME
f2555dfbec036a1384c87e89,fold_2,1,4990557,1,1,1,600,600,29.296875,29.296875,10,10,1,1,1,4990690,0,0.21045576407506703,0.21045576407506703,0.42091152815013411,False,high_confidence_error,false_negative;high_confidence;temporal_regime,DECISION-TIME
bbeba4454ab8fe508d3302d2,fold_2,0,4990561,1,1,1,600,600,29.296875,29.296875,10,10,1,1,1,4990719,0,0.21045576407506703,0.21045576407506703,0.42091152815013411,True,correct,correct;high_confidence;temporal_regime,DECISION-TIME
7f3529bf3c31ad026ef59dfd,fold_2,0,4990580,1,1,1,600,600,29.296875,29.296875,10,10,1,1,1,4990790,0,0.21045576407506703,0.21045576407506703,0.42091152815013411,True,correct,correct;high_confidence;temporal_regime,DECISION-TIME
67019c96c488fe23779619aa,fold_2,0,4990736,1,1,1,600,600,29.296875,29.296875,10,10,1,3,2,4991795,0,0.30303030303030304,0.30303030303030304,0.60606060606060608,True,correct,correct;low_confidence;temporal_regime,DECISION-TIME
6eac5ec9d930f1c9008516a0,fold_2,0,4991092,1,1,10,600,600,29.296875,29.296875,100,100,1,10,9,4991098,0,0.21045576407506703,0.21045576407506703,0.42091152815013411,True,correct,correct;high_confidence;temporal_regime,DECISION-TIME
ff3c995d5773b482d8f21ae7,fold_2,0,4994390,2,2,26,350,600,2,2,25,25,1,26,15,4994901.884615385,0,0.11956521739130435,0.11956521739130435,0.23913043478260865,True,correct,correct;high_confidence;temporal_regime,DECISION-TIME
0d06b02fb6afb8ba753705d6,fold_2,0,4995815,2,2,28,350,600,2,2,25,25,1,28,13,5000714.6071428573,0,0.11956521739130435,0.11956521739130435,0.23913043478260865,True,correct,correct;high_confidence;temporal_regime,DECISION-TIME
aad9b1f45040e34a2b737a30,fold_2,0,5000024,2,2,2,250,400,2.9296875,4.8828125,100,100,1,2,2,5000029,0,0.11956521739130435,0.11956521739130435,0.23913043478260865,True,correct,correct;high_confidence;temporal_regime,DECISION-TIME
0cf790a914162db3a2e31c7e,fold_2,0,5000947,2,2,5,600,600,29.296875,29.296875,100,100,1,7,6,5001323.7999999998,0,0.11956521739130435,0.11956521739130435,0.23913043478260865,True,correct,correct;high_confidence;temporal_regime,DECISION-TIME
b88214c5f223a39dc2a55cf5,fold_2,0,5003434,1,1,1,600,600,29.296875,29.296875,10,10,1,1,1,5003447,0,0.21045576407506703,0.21045576407506703,0.42091152815013411,True,correct,correct;high_confidence;temporal_regime,DECISION-TIME
b76bacf924b241615939c2eb,fold_2,0,5003442,1,1,1,600,600,29.296875,29.296875,10,10,1,1,1,5003457,0,0.21045576407506703,0.21045576407506703,0.42091152815013411,True,correct,correct;high_confidence;temporal_regime,DECISION-TIME
4da10133a491f9f66e421aaf,fold_2,0,5003519,1,1,1,600,600,29.296875,29.296875,10,10,1,1,1,5003528,0,0.21045576407506703,0.21045576407506703,0.42091152815013411,True,correct,correct;high_confidence;temporal_regime,DECISION-TIME
7f6d499cfdf2c8ab6f2ea139,fold_2,0,5003850,1,1,1,600,600,29.296875,29.296875,10,10,1,1,1,5003856,0,0.21045576407506703,0.21045576407506703,0.42091152815013411,True,correct,correct;high_confidence;temporal_regime,DECISION-TIME
45d2d2f38beb6be718eab9f6,fold_2,0,5004437,1,1,1,600,600,29.296875,29.296875,100,100,1,1,1,5004448,0,0.21045576407506703,0.21045576407506703,0.42091152815013411,True,correct,correct;high_confidence;temporal_regime,DECISION-TIME
70888c22ec34197a33271f7f,fold_2,0,5005972,1,1,1,600,600,29.296875,29.296875,100,100,1,1,1,5008610,0,0.21045576407506703,0.21045576407506703,0.42091152815013411,True,correct,correct;high_confidence;temporal_regime,DECISION-TIME
2366b3093bd0e15bcfbfaf65,fold_2,0,5006581,2,2,15,325,600,73.2421875,97.65625,25,25,1,15,15,5006593.1333333338,1,0.5,0.5,1,False,low_confidence_error,false_positive;low_confidence;temporal_regime,DECISION-TIME
5d2dd4c8135a0bc95595ceef,fold_2,0,5008648,1,1,1,600,600,29.296875,29.296875,10,10,1,1,1,5008651,0,0.21045576407506703,0.21045576407506703,0.42091152815013411,True,correct,correct;high_confidence;temporal_regime,DECISION-TIME
7867045924ec05ed8395899a,fold_2,0,5011503,1,1,1,600,600,29.296875,29.296875,25,25,1,1,1,5011509,0,0.21045576407506703,0.21045576407506703,0.42091152815013411,True,correct,correct;high_confidence;temporal_regime,DECISION-TIME
da6248e6611fca7e1bd537de,fold_2,0,5011505,1,1,1,600,600,29.296875,29.296875,50,50,1,1,1,5011508,0,0.21045576407506703,0.21045576407506703,0.42091152815013411,True,correct,correct;high_confidence;temporal_regime,DECISION-TIME
689b2220c5a3e564c8de854c,fold_2,0,5011647,1,1,1,600,600,29.296875,29.296875,50,50,1,1,1,5011649,0,0.21045576407506703,0.21045576407506703,0.42091152815013411,True,correct,correct;high_confidence;temporal_regime,DECISION-TIME
ca13f27254bbe8e9de52dd63,fold_2,0,5011699,1,1,1,600,600,29.296875,29.296875,50,50,1,1,1,5011702,0,0.21045576407506703,0.21045576407506703,0.42091152815013411,True,correct,correct;high_confidence;temporal_regime,DECISION-TIME
02f759bdcbea7be2e21605dd,fold_2,0,5012781,2,2,3,600,600,29.296875,29.296875,100,100,1,3,2,5012785,0,0.11956521739130435,0.11956521739130435,0.23913043478260865,True,correct,correct;high_confidence;temporal_regime,DECISION-TIME
e28e3f8e34ee8da3b4fc079c,fold_2,0,5015588,1,1,1,600,600,29.296875,29.296875,100,100,1,1,1,5015594,0,0.21045576407506703,0.21045576407506703,0.42091152815013411,True,correct,correct;high_confidence;temporal_regime,DECISION-TIME
d8355e6cc124b5a0cc053ada,fold_2,0,5015962,1,1,1,600,600,29.296875,29.296875,10,10,1,1,1,5015965,0,0.21045576407506703,0.21045576407506703,0.42091152815013411,True,correct,correct;high_confidence;temporal_regime,DECISION-TIME
37a7efc9e7cf33a955410b94,fold_2,0,5016375,1,1,1,800,800,29.296875,29.296875,50,50,1,1,1,5016490,0,0.21045576407506703,0.21045576407506703,0.42091152815013411,True,correct,correct;high_confidence;temporal_regime,DECISION-TIME
f3b0fdde10c87c07d5ae0033,fold_2,0,5016780,2,2,4,600,600,29.296875,29.296875,50,50,1,4,4,5016898.25,0,0.21045576407506703,0.21045576407506703,0.42091152815013411,True,correct,correct;high_confidence;temporal_regime,DECISION-TIME
6b18640cb416b15fcae135f4,fold_2,1,5016833,1,1,1,600,600,29.296875,29.296875,100,100,1,1,1,5016935,0,0.21045576407506703,0.21045576407506703,0.42091152815013411,False,high_confidence_error,false_negative;high_confidence;temporal_regime,DECISION-TIME
5f4b9f3ff2cbf2938a7226e4,fold_2,0,5017870,2,2,13,400,600,2,2,25,25,1,13,13,5017875.153846154,0,0.11956521739130435,0.11956521739130435,0.23913043478260865,True,correct,correct;high_confidence;temporal_regime,DECISION-TIME
58406d38d03e16c5c0494ad4,fold_2,0,5019271,1,1,1,600,600,29.296875,29.296875,100,100,1,1,1,5019282,0,0.21045576407506703,0.21045576407506703,0.42091152815013411,True,correct,correct;high_confidence;temporal_regime,DECISION-TIME
e77518c1939e53abe2fa298e,fold_2,0,5019726,1,1,1,600,600,29.296875,29.296875,25,25,1,1,1,5019734,0,0.21045576407506703,0.21045576407506703,0.42091152815013411,True,correct,correct;high_confidence;temporal_regime,DECISION-TIME
1a688fabbb5fbd04a5e15274,fold_2,0,5020581,1,1,1,600,600,29.296875,29.296875,15,15,1,1,1,5020593,0,0.21045576407506703,0.21045576407506703,0.42091152815013411,True,correct,correct;high_confidence;temporal_regime,DECISION-TIME
ce139bfb16d452e2c4f354d5,fold_2,0,5022618,1,1,1,100,100,29.296875,29.296875,100,100,1,1,1,5022729,0,0.21045576407506703,0.21045576407506703,0.42091152815013411,True,correct,correct;high_confidence;temporal_regime,DECISION-TIME
917a4cac85ca7097911eb464,fold_2,1,5023138,1,1,1,600,600,29.296875,29.296875,100,100,1,3,2,5024282,0,0.21045576407506703,0.21045576407506703,0.42091152815013411,False,high_confidence_error,false_negative;high_confidence;temporal_regime,DECISION-TIME
04d9ff6f2993746d728d68f8,fold_2,0,5023846,2,2,30,600,600,29.296875,29.296875,10,10,1,31,26,5024370.0999999996,0,0.21045576407506703,0.21045576407506703,0.42091152815013411,True,correct,correct;high_confidence;temporal_regime,DECISION-TIME
460258e7e60b80fcf8cf22e1,fold_2,0,5023879,1,1,1,600,600,29.296875,29.296875,100,100,1,1,1,5023991,0,0.21045576407506703,0.21045576407506703,0.42091152815013411,True,correct,correct;high_confidence;temporal_regime,DECISION-TIME
aafcd2fe9e323446555cfc41,fold_2,0,5025108,1,1,1,600,600,29.296875,29.296875,100,100,1,1,1,5025221,0,0.21045576407506703,0.21045576407506703,0.42091152815013411,True,correct,correct;high_confidence;temporal_regime,DECISION-TIME
d9ee3dff091f5bf517b0373e,fold_2,0,5025999,1,1,1,600,600,29.296875,29.296875,100,100,1,1,1,5026077,0,0.21045576407506703,0.21045576407506703,0.42091152815013411,True,correct,correct;high_confidence;temporal_regime,DECISION-TIME
b6b831d52e11eb4c4ed3851f,fold_2,0,5026145,1,1,1,50,50,48.828125,48.828125,500,500,1,1,1,5026149,0,0.11956521739130435,0.11956521739130435,0.23913043478260865,True,correct,correct;high_confidence;temporal_regime,DECISION-TIME
041eeaedb94af98651702053,fold_2,0,5026154,1,1,1,200,200,0.99609375,0.99609375,,,0,1,1,5026157,0,0.050000000000000003,0.050000000000000003,0.099999999999999978,True,correct,correct;high_confidence;temporal_regime;feature_missingness,DECISION-TIME
64f99a63a790321954c37877,fold_2,0,5027036,1,1,1,600,600,29.296875,29.296875,100,100,1,3,2,5027491,0,0.21045576407506703,0.21045576407506703,0.42091152815013411,True,correct,correct;high_confidence;temporal_regime,DECISION-TIME
48e4e6fdc33610391ae6aabb,fold_2,0,5031236,2,2,2,600,600,2.9296875,2.9296875,100,100,1,2,2,5031241.5,0,0.11956521739130435,0.11956521739130435,0.23913043478260865,True,correct,correct;high_confidence;temporal_regime,DECISION-TIME
af03a547cdee9c94fa0b2fc8,fold_2,0,5032023,1,1,1,600,600,29.296875,29.296875,100,100,1,1,1,5032035,0,0.21045576407506703,0.21045576407506703,0.42091152815013411,True,correct,correct;high_confidence;temporal_regime,DECISION-TIME
7c2f0bf4eab7016dcc0b2bdf,fold_2,0,5032613,1,1,1,600,600,29.296875,29.296875,100,100,1,3,2,5033070,0,0.21045576407506703,0.21045576407506703,0.42091152815013411,True,correct,correct;high_confidence;temporal_regime,DECISION-TIME
8aa827566587b3771c8713c5,fold_2,1,5032694,1,1,1,600,600,29.296875,29.296875,100,100,1,1,1,5032700,0,0.21045576407506703,0.21045576407506703,0.42091152815013411,False,high_confidence_error,false_negative;high_confidence;temporal_regime,DECISION-TIME
7f9e33b4a7f01ee7dc6f57f4,fold_2,0,5032962,1,1,1,600,600,29.296875,29.296875,100,100,1,1,1,5032976,0,0.21045576407506703,0.21045576407506703,0.42091152815013411,True,correct,correct;high_confidence;temporal_regime,DECISION-TIME
bde5ec23e66136403a03ec7f,fold_2,1,5033022,1,1,1,600,600,29.296875,29.296875,100,100,1,1,1,5033037,0,0.21045576407506703,0.21045576407506703,0.42091152815013411,False,high_confidence_error,false_negative;high_confidence;temporal_regime,DECISION-TIME
e240b3821580f0d05d5dfd7f,fold_2,0,5035840,1,1,1,600,600,29.296875,29.296875,100,100,1,1,1,5035843,0,0.21045576407506703,0.21045576407506703,0.42091152815013411,True,correct,correct;high_confidence;temporal_regime,DECISION-TIME
ccca68a71823929b11320b66,fold_2,1,5036381,1,1,1,600,600,29.296875,29.296875,100,100,1,1,1,5036439,0,0.21045576407506703,0.21045576407506703,0.42091152815013411,False,high_confidence_error,false_negative;high_confidence;temporal_regime,DECISION-TIME
1c5c48f7ee4fcac2e01e730c,fold_2,1,5036716,1,1,1,600,600,29.296875,29.296875,100,100,1,1,1,5036827,0,0.21045576407506703,0.21045576407506703,0.42091152815013411,False,high_confidence_error,false_negative;high_confidence;temporal_regime,DECISION-TIME
3fe27650b908ca37c87aa5d1,fold_2,0,5037309,1,1,1,600,600,29.296875,29.296875,25,25,1,1,1,5037319,0,0.21045576407506703,0.21045576407506703,0.42091152815013411,True,correct,correct;high_confidence;temporal_regime,DECISION-TIME
8f2ec31e9dea375ac6de0a9f,fold_2,0,5037613,1,1,25,800,800,29.296875,29.296875,50,50,1,25,19,5038597.0800000001,0,0.21045576407506703,0.21045576407506703,0.42091152815013411,True,correct,correct;high_confidence;temporal_regime,DECISION-TIME
a3319b015d9b9d0c9b40c000,fold_2,0,5037833,1,1,1,1800,1800,58.59375,58.59375,100,100,1,1,1,5037843,0,0.30303030303030304,0.30303030303030304,0.60606060606060608,True,correct,correct;low_confidence;temporal_regime,DECISION-TIME
e33767fbcd728cc789e84699,fold_2,0,5037834,1,1,1,1800,1800,58.59375,58.59375,100,100,1,1,1,5037844,0,0.30303030303030304,0.30303030303030304,0.60606060606060608,True,correct,correct;low_confidence;temporal_regime,DECISION-TIME
9a71553446b3fb99bafb90bb,fold_2,0,5038399,1,1,1,1800,1800,58.59375,58.59375,100,100,1,1,1,5038413,0,0.30303030303030304,0.30303030303030304,0.60606060606060608,True,correct,correct;low_confidence;temporal_regime,DECISION-TIME
815607b5aeda5a244874b1c2,fold_2,0,5038522,1,1,1,1800,1800,58.59375,58.59375,100,100,1,1,1,5038537,0,0.30303030303030304,0.30303030303030304,0.60606060606060608,True,correct,correct;low_confidence;temporal_regime,DECISION-TIME
12d9d9046c0ff501e718a0ed,fold_2,1,5039321,1,1,1,600,600,29.296875,29.296875,100,100,1,1,1,5039438,0,0.21045576407506703,0.21045576407506703,0.42091152815013411,False,high_confidence_error,false_negative;high_confidence;temporal_regime,DECISION-TIME
b55306a91d590f95956088fd,fold_2,0,5039683,1,1,1,600,600,29.296875,29.296875,25,25,1,1,1,5039689,0,0.21045576407506703,0.21045576407506703,0.42091152815013411,True,correct,correct;high_confidence;temporal_regime,DECISION-TIME
2409ee2188283d0043e037dc,fold_2,0,5040058,1,1,1,600,600,29.296875,29.296875,10,10,1,1,1,5040069,0,0.21045576407506703,0.21045576407506703,0.42091152815013411,True,correct,correct;high_confidence;temporal_regime,DECISION-TIME
2627d2f4de685595e5573834,fold_2,0,5040169,2,2,3,900,1600,34.1796875,39.0625,25,25,1,3,2,5040179.666666667,0,0.11956521739130435,0.11956521739130435,0.23913043478260865,True,correct,correct;high_confidence;temporal_regime,DECISION-TIME
6043001685a63dcebb2750ce,fold_2,0,5040526,1,1,1,600,600,29.296875,29.296875,100,100,1,1,1,5040570,0,0.21045576407506703,0.21045576407506703,0.42091152815013411,True,correct,correct;high_confidence;temporal_regime,DECISION-TIME
b7f2bdaac5c0f7ebb96911b8,fold_2,0,5040985,1,1,1,600,600,29.296875,29.296875,100,100,1,1,1,5040988,0,0.21045576407506703,0.21045576407506703,0.42091152815013411,True,correct,correct;high_confidence;temporal_regime,DECISION-TIME
a5ac31b34543afb54a0c391b,fold_2,0,5043179,1,1,1,600,600,29.296875,29.296875,25,25,1,1,1,5043190,0,0.21045576407506703,0.21045576407506703,0.42091152815013411,True,correct,correct;high_confidence;temporal_regime,DECISION-TIME
f6ace90cae72a0f86e154abf,fold_2,0,5045977,1,1,10,400,400,58.59375,58.59375,100,100,1,10,9,5045986.9000000004,0,0.33333333333333331,0.33333333333333331,0.66666666666666663,True,correct,correct;low_confidence;temporal_regime,DECISION-TIME
05a24e12aa6fd7fbd57ae8bd,fold_2,0,5046569,1,1,1,600,600,29.296875,29.296875,100,100,1,1,1,5046582,0,0.21045576407506703,0.21045576407506703,0.42091152815013411,True,correct,correct;high_confidence;temporal_regime,DECISION-TIME
fe0b3e02ea3226e36111ab8f,fold_2,0,5047827,1,1,1,600,600,29.296875,29.296875,10,10,1,1,1,5047839,0,0.21045576407506703,0.21045576407506703,0.42091152815013411,True,correct,correct;high_confidence;temporal_regime,DECISION-TIME
bdf7314bd52916650708da75,fold_2,0,5047877,1,1,1,600,600,29.296875,29.296875,10,10,1,1,1,5047890,0,0.21045576407506703,0.21045576407506703,0.42091152815013411,True,correct,correct;high_confidence;temporal_regime,DECISION-TIME
0e5a70779ceb2b08b3f0ac93,fold_2,0,5047900,1,1,1,600,600,29.296875,29.296875,100,100,1,1,1,5047910,0,0.21045576407506703,0.21045576407506703,0.42091152815013411,True,correct,correct;high_confidence;temporal_regime,DECISION-TIME
21e1778172834fa412621eec,fold_2,0,5048614,2,2,9,600,600,29.296875,29.296875,20,20,1,9,2,5048631.444444444,0,0.21045576407506703,0.21045576407506703,0.42091152815013411,True,correct,correct;high_confidence;temporal_regime,DECISION-TIME
5547d883d925c6939abcd6f3,fold_2,0,5048694,1,1,1,600,600,29.296875,29.296875,50,50,1,1,1,5048703,0,0.21045576407506703,0.21045576407506703,0.42091152815013411,True,correct,correct;high_confidence;temporal_regime,DECISION-TIME
c58fcd5b740708613968a130,fold_2,0,5048884,1,1,1,600,600,29.296875,29.296875,100,100,1,1,1,5048889,0,0.21045576407506703,0.21045576407506703,0.42091152815013411,True,correct,correct;high_confidence;temporal_regime,DECISION-TIME
c45cb7f5b957f8b191daa459,fold_2,1,5050399,1,1,1,600,600,9.765625,9.765625,400,400,1,1,1,5050412,0,0.050000000000000003,0.050000000000000003,0.099999999999999978,False,high_confidence_error,false_negative;high_confidence;temporal_regime,DECISION-TIME
a5549e2b70e51c5b00b1e170,fold_2,0,5053094,1,1,1,600,600,29.296875,29.296875,100,100,1,1,1,5053097,0,0.21045576407506703,0.21045576407506703,0.42091152815013411,True,correct,correct;high_confidence;temporal_regime,DECISION-TIME
60379fa6c2b4b3ab9f0d6299,fold_2,0,5053311,1,1,1,600,600,29.296875,29.296875,100,100,1,1,1,5053325,0,0.21045576407506703,0.21045576407506703,0.42091152815013411,True,correct,correct;high_confidence;temporal_regime,DECISION-TIME
2974c4943f6fa41fdcf15b09,fold_2,0,5053603,2,2,2,600,600,2.9296875,2.9296875,100,100,1,2,2,5053609.5,0,0.11956521739130435,0.11956521739130435,0.23913043478260865,True,correct,correct;high_confidence;temporal_regime,DECISION-TIME
207ea3fed4860769b285077c,fold_2,0,5053900,1,1,2,1000,1000,29.296875,29.296875,100,100,1,2,1,5053910.5,0,0.11956521739130435,0.11956521739130435,0.23913043478260865,True,correct,correct;high_confidence;temporal_regime,DECISION-TIME
46beb2e8667e028c02f58de1,fold_2,0,5054008,1,1,2,1000,1000,29.296875,29.296875,100,100,1,4,2,5054949.5,0,0.21045576407506703,0.21045576407506703,0.42091152815013411,True,correct,correct;high_confidence;temporal_regime,DECISION-TIME
2ef94eec1dfdaf5405c8353e,fold_2,0,5056156,1,1,1,600,600,29.296875,29.296875,25,25,1,1,1,5056167,0,0.21045576407506703,0.21045576407506703,0.42091152815013411,True,correct,correct;high_confidence;temporal_regime,DECISION-TIME
13e3326e7ebbbd78c2823abc,fold_2,0,5056571,1,1,1,100,100,29.296875,29.296875,100,100,1,3,2,5057030,0,0.21045576407506703,0.21045576407506703,0.42091152815013411,True,correct,correct;high_confidence;temporal_regime,DECISION-TIME
f7c5c6562541c9abd9833b42,fold_2,1,5057687,1,1,1,1600,1600,9.765625,9.765625,10,10,1,1,1,5057697,0,0.11956521739130435,0.11956521739130435,0.23913043478260865,False,high_confidence_error,false_negative;high_confidence;temporal_regime,DECISION-TIME
ca3f8cac8351bdd09915b047,fold_2,0,5057817,2,2,13,400,600,2,2,25,25,1,13,4,5057822.307692308,0,0.11956521739130435,0.11956521739130435,0.23913043478260865,True,correct,correct;high_confidence;temporal_regime,DECISION-TIME
7d519b2250414dddc02802a2,fold_2,0,5059179,1,1,1,600,600,29.296875,29.296875,100,100,1,1,1,5059191,0,0.21045576407506703,0.21045576407506703,0.42091152815013411,True,correct,correct;high_confidence;temporal_regime,DECISION-TIME
b1cb92cb18b2c5f68648eff4,fold_2,0,5059337,2,2,40,500,600,26.85546875,29.296875,25,25,1,40,26,5059345.7750000004,0,0.21045576407506703,0.21045576407506703,0.42091152815013411,True,correct,correct;high_confidence;temporal_regime,DECISION-TIME
ebd61fbd28367228e4f16bd4,fold_2,0,5063483,1,1,1,600,600,29.296875,29.296875,10,10,1,1,1,5063494,0,0.21045576407506703,0.21045576407506703,0.42091152815013411,True,correct,correct;high_confidence;temporal_regime,DECISION-TIME
9f01ad71e61ea1277189d936,fold_2,0,5064695,1,1,1,100,100,29.296875,29.296875,100,100,1,3,2,5065149,0,0.21045576407506703,0.21045576407506703,0.42091152815013411,True,correct,correct;high_confidence;temporal_regime,DECISION-TIME
cb49b5a461b7ba846d6ff1ee,fold_2,0,5066047,1,1,1,1800,1800,58.59375,58.59375,100,100,1,1,1,5066054,0,0.30303030303030304,0.30303030303030304,0.60606060606060608,True,correct,correct;low_confidence;temporal_regime,DECISION-TIME
e7ddb513f079959e3e2ace3e,fold_2,0,5069402,1,1,1,1200,1200,29.296875,29.296875,100,100,1,1,1,5069412,0,0.11956521739130435,0.11956521739130435,0.23913043478260865,True,correct,correct;high_confidence;temporal_regime,DECISION-TIME
c24e71ce40475e5f2024d4be,fold_2,0,5070024,1,1,1,10,10,29.296875,29.296875,10,10,1,1,1,5070032,0,0.30303030303030304,0.30303030303030304,0.60606060606060608,True,correct,correct;low_confidence;temporal_regime,DECISION-TIME
22821afa423475dd02ac7752,fold_2,0,5070043,1,1,1,10,10,29.296875,29.296875,10,10,1,1,1,5070051,0,0.30303030303030304,0.30303030303030304,0.60606060606060608,True,correct,correct;low_confidence;temporal_regime,DECISION-TIME
c58f5652cac95db78ae1f7aa,fold_2,0,5070108,1,1,1,10,10,29.296875,29.296875,10,10,1,1,1,5070112,0,0.30303030303030304,0.30303030303030304,0.60606060606060608,True,correct,correct;low_confidence;temporal_regime,DECISION-TIME
0d745983de98f8bd5e26e627,fold_2,0,5070207,1,1,1,600,600,29.296875,29.296875,25,25,1,1,1,5070216,0,0.21045576407506703,0.21045576407506703,0.42091152815013411,True,correct,correct;high_confidence;temporal_regime,DECISION-TIME
f5b87272da6ec2533217e076,fold_2,0,5070479,1,1,1,600,600,29.296875,29.296875,300,300,1,1,1,5070482,0,0.11956521739130435,0.11956521739130435,0.23913043478260865,True,correct,correct;high_confidence;temporal_regime,DECISION-TIME
4cb0f22e664dd89c8eb6266b,fold_2,0,5070503,1,1,1,600,600,29.296875,29.296875,10,10,1,1,1,5070514,0,0.21045576407506703,0.21045576407506703,0.42091152815013411,True,correct,correct;high_confidence;temporal_regime,DECISION-TIME
19a25dba8880a9cd01e318ba,fold_2,0,5070518,1,1,1,600,600,29.296875,29.296875,10,10,1,1,1,5070525,0,0.21045576407506703,0.21045576407506703,0.42091152815013411,True,correct,correct;high_confidence;temporal_regime,DECISION-TIME
f6470c1e1cdfd384d62ab4ca,fold_2,0,5071018,1,1,1,100,100,29.296875,29.296875,25,25,1,1,1,5071031,0,0.21045576407506703,0.21045576407506703,0.42091152815013411,True,correct,correct;high_confidence;temporal_regime,DECISION-TIME
08b7966cae914f38893522a1,fold_2,1,5071190,1,1,1,1000,1000,9.765625,9.765625,400,400,1,1,1,5072233,0,0.050000000000000003,0.050000000000000003,0.099999999999999978,False,high_confidence_error,false_negative;high_confidence;temporal_regime,DECISION-TIME
fd8a617a67d4abdb04979e48,fold_2,0,5071804,1,1,1,1000,1000,19.55078125,19.55078125,50,50,1,1,1,5071807,0,0.11956521739130435,0.11956521739130435,0.23913043478260865,True,correct,correct;high_confidence;temporal_regime,DECISION-TIME
64f346ffc5363fd4d29e4f1c,fold_2,0,5071806,1,1,1,600,600,29.296875,29.296875,100,100,1,1,1,5071810,0,0.21045576407506703,0.21045576407506703,0.42091152815013411,True,correct,correct;high_confidence;temporal_regime,DECISION-TIME
95407766ece9c7b8bb14010a,fold_2,0,5071953,1,1,1,600,600,29.296875,29.296875,25,25,1,1,1,5071965,0,0.21045576407506703,0.21045576407506703,0.42091152815013411,True,correct,correct;high_confidence;temporal_regime,DECISION-TIME
79248545a584e2437b1506c2,fold_2,0,5072053,1,1,1,600,600,29.296875,29.296875,100,100,1,1,1,5072057,0,0.21045576407506703,0.21045576407506703,0.42091152815013411,True,correct,correct;high_confidence;temporal_regime,DECISION-TIME
64491cebdf51f3b6eb41dc43,fold_2,0,5072520,1,1,1,600,600,29.296875,29.296875,100,100,1,1,1,5072529,0,0.21045576407506703,0.21045576407506703,0.42091152815013411,True,correct,correct;high_confidence;temporal_regime,DECISION-TIME
57b81cbdc8dc273dd5670226,fold_2,0,5072667,2,2,30,600,600,29.296875,29.296875,100,100,1,30,26,5072680.833333333,0,0.11956521739130435,0.11956521739130435,0.23913043478260865,True,correct,correct;high_confidence;temporal_regime,DECISION-TIME
05fbb129ef909733ec01ef61,fold_2,0,5072767,1,1,1,600,600,29.296875,29.296875,100,100,1,1,1,5072770,0,0.21045576407506703,0.21045576407506703,0.42091152815013411,True,correct,correct;high_confidence;temporal_regime,DECISION-TIME
270fb2e34cc3e378c57e35bd,fold_2,0,5072892,1,1,1,600,600,29.296875,29.296875,100,100,1,1,1,5073010,0,0.21045576407506703,0.21045576407506703,0.42091152815013411,True,correct,correct;high_confidence;temporal_regime,DECISION-TIME
7e296bb882558b696fcab3cd,fold_2,0,5075306,1,1,1,600,600,29.296875,29.296875,100,100,1,1,1,5075311,0,0.21045576407506703,0.21045576407506703,0.42091152815013411,True,correct,correct;high_confidence;temporal_regime,DECISION-TIME
b5f1dce9e331867151e4c971,fold_2,0,5077178,1,1,1,600,600,29.296875,29.296875,10,10,1,1,1,5077193,0,0.21045576407506703,0.21045576407506703,0.42091152815013411,True,correct,correct;high_confidence;temporal_regime,DECISION-TIME
b3f79c66aac2d7b70fe1c51b,fold_2,0,5077295,1,1,1,600,600,29.296875,29.296875,10,10,1,1,1,5077306,0,0.21045576407506703,0.21045576407506703,0.42091152815013411,True,correct,correct;high_confidence;temporal_regime,DECISION-TIME
05d5eca6a02ffbf25b61f448,fold_2,0,5077376,1,1,1,600,600,29.296875,29.296875,10,10,1,1,1,5077388,0,0.21045576407506703,0.21045576407506703,0.42091152815013411,True,correct,correct;high_confidence;temporal_regime,DECISION-TIME
dc3c03e905dcf2f54de52938,fold_2,0,5077448,1,1,1,600,600,29.296875,29.296875,100,100,1,1,1,5077458,0,0.21045576407506703,0.21045576407506703,0.42091152815013411,True,correct,correct;high_confidence;temporal_regime,DECISION-TIME
99cc10e4993c5bfcc30007d3,fold_2,0,5077481,1,1,1,600,600,29.296875,29.296875,10,10,1,1,1,5077489,0,0.21045576407506703,0.21045576407506703,0.42091152815013411,True,correct,correct;high_confidence;temporal_regime,DECISION-TIME
88b04855a39d5c265c91bbec,fold_2,1,5078018,1,1,1,600,600,29.296875,29.296875,100,100,1,1,1,5080187,0,0.21045576407506703,0.21045576407506703,0.42091152815013411,False,high_confidence_error,false_negative;high_confidence;temporal_regime,DECISION-TIME
8a535d3f71cb1fbe57b4331f,fold_2,0,5082435,1,1,4,600,600,29.296875,29.296875,25,25,1,4,1,5082438.25,0,0.21045576407506703,0.21045576407506703,0.42091152815013411,True,correct,correct;high_confidence;temporal_regime,DECISION-TIME
d3b0d4a7c1b54bb1efd9c590,fold_2,1,5082560,2,2,75,500,600,12.20703125,14.6484375,25,25,1,77,53,5082578,0,0.11956521739130435,0.11956521739130435,0.23913043478260865,False,high_confidence_error,false_negative;high_confidence;temporal_regime,DECISION-TIME
5bc238fd8c5cf9865f6164f3,fold_2,0,5083120,2,2,28,350,600,2,2,25,25,1,28,9,5087064.7142857146,0,0.050000000000000003,0.050000000000000003,0.099999999999999978,True,correct,correct;high_confidence;temporal_regime,DECISION-TIME
62c0f05eca68df11ccaefae6,fold_2,0,5084282,1,1,1,600,600,29.296875,29.296875,100,100,1,1,1,5084326,0,0.21045576407506703,0.21045576407506703,0.42091152815013411,True,correct,correct;high_confidence;temporal_regime,DECISION-TIME
59b1b6c1c0769d7f53a2fbdb,fold_2,0,5085936,1,1,25,800,800,29.296875,29.296875,50,50,1,25,13,5132173.0800000001,0,0.21045576407506703,0.21045576407506703,0.42091152815013411,True,correct,correct;high_confidence;temporal_regime,DECISION-TIME
ffc912591d7760439bbbac8a,fold_2,0,5086501,1,1,1,600,600,29.296875,29.296875,100,100,1,1,1,5086511,0,0.21045576407506703,0.21045576407506703,0.42091152815013411,True,correct,correct;high_confidence;temporal_regime,DECISION-TIME
5fc5521613999f4792993965,fold_2,0,5087108,2,2,51,500,600,19.53125,19.53125,50,50,1,51,37,5087117.2352941176,0,0.11956521739130435,0.11956521739130435,0.23913043478260865,True,correct,correct;high_confidence;temporal_regime,DECISION-TIME
7e380b4ef2514481ee3a0503,fold_2,0,5088296,1,1,1,600,600,29.296875,29.296875,50,50,1,1,1,5088311,0,0.21045576407506703,0.21045576407506703,0.42091152815013411,True,correct,correct;high_confidence;temporal_regime,DECISION-TIME
4a10831c1d4ded4a70d73537,fold_2,0,5088612,2,2,3,950,1800,29.8046875,58.61328125,100,100,1,3,3,5088621,0,0.11956521739130435,0.11956521739130435,0.23913043478260865,True,correct,correct;high_confidence;temporal_regime,DECISION-TIME
f821bf9fcecec823e94f26f4,fold_2,0,5088683,1,1,1,600,600,29.296875,29.296875,10,10,1,1,1,5088690,0,0.21045576407506703,0.21045576407506703,0.42091152815013411,True,correct,correct;high_confidence;temporal_regime,DECISION-TIME
642098b99ef9497e866ae8d1,fold_2,0,5088729,1,1,1,600,600,29.296875,29.296875,10,10,1,1,1,5088742,0,0.21045576407506703,0.21045576407506703,0.42091152815013411,True,correct,correct;high_confidence;temporal_regime,DECISION-TIME
25d87ae1673ea11559f656ce,fold_2,0,5088798,1,1,1,600,600,29.296875,29.296875,10,10,1,1,1,5088804,0,0.21045576407506703,0.21045576407506703,0.42091152815013411,True,correct,correct;high_confidence;temporal_regime,DECISION-TIME
505f8b3c9f92ba1bb5ebda84,fold_2,0,5088798,1,1,1,600,600,29.296875,29.296875,10,10,1,1,1,5088804,0,0.21045576407506703,0.21045576407506703,0.42091152815013411,True,correct,correct;high_confidence;temporal_regime,DECISION-TIME
894934519a03b2f5bdc1d3dc,fold_2,0,5089321,1,1,1,600,600,29.296875,29.296875,10,10,1,1,1,5089330,0,0.21045576407506703,0.21045576407506703,0.42091152815013411,True,correct,correct;high_confidence;temporal_regime,DECISION-TIME
0f7c6c1f21a45a78c901511c,fold_2,0,5089439,1,1,1,600,600,29.296875,29.296875,10,10,1,1,1,5089453,0,0.21045576407506703,0.21045576407506703,0.42091152815013411,True,correct,correct;high_confidence;temporal_regime,DECISION-TIME
84de3516aa1573c629680d33,fold_2,0,5089460,1,1,1,600,600,29.296875,29.296875,10,10,1,1,1,5089474,0,0.21045576407506703,0.21045576407506703,0.42091152815013411,True,correct,correct;high_confidence;temporal_regime,DECISION-TIME
c62a524a8e3347b72291cf93,fold_2,0,5090183,1,1,1,600,600,29.296875,29.296875,100,100,1,3,2,5092048,0,0.21045576407506703,0.21045576407506703,0.42091152815013411,True,correct,correct;high_confidence;temporal_regime,DECISION-TIME
fec3cd6b284baa34e816f9c6,fold_2,0,5091114,1,1,1,600,600,29.296875,29.296875,100,100,1,1,1,5091121,0,0.21045576407506703,0.21045576407506703,0.42091152815013411,True,correct,correct;high_confidence;temporal_regime,DECISION-TIME
3e5670bb5d923d0b89dd12a8,fold_2,0,5091657,1,1,1,600,600,29.296875,29.296875,100,100,1,1,1,5091666,0,0.21045576407506703,0.21045576407506703,0.42091152815013411,True,correct,correct;high_confidence;temporal_regime,DECISION-TIME
de4e4fc423e71e0241ae3930,fold_2,0,5091808,1,1,1,600,600,29.296875,29.296875,100,100,1,1,1,5091820,0,0.21045576407506703,0.21045576407506703,0.42091152815013411,True,correct,correct;high_confidence;temporal_regime,DECISION-TIME
2c153e55e432a33519bda631,fold_2,0,5092728,1,1,1,600,600,29.296875,29.296875,50,50,1,1,1,5092731,0,0.21045576407506703,0.21045576407506703,0.42091152815013411,True,correct,correct;high_confidence;temporal_regime,DECISION-TIME
9f9d3435838f72a34dc07433,fold_2,0,5093000,1,1,1,600,600,29.296875,29.296875,50,50,1,1,1,5093003,0,0.21045576407506703,0.21045576407506703,0.42091152815013411,True,correct,correct;high_confidence;temporal_regime,DECISION-TIME
fba936656bc32895a2e7a0c7,fold_2,0,5093012,1,1,5,1800,1800,58.59375,58.59375,100,100,1,5,4,5093025.5999999996,0,0.30303030303030304,0.30303030303030304,0.60606060606060608,True,correct,correct;low_confidence;temporal_regime,DECISION-TIME
09296e463c1a58ba0cb86c51,fold_2,0,5093446,1,1,1,800,800,29.296875,29.296875,50,50,1,3,2,5093900,0,0.21045576407506703,0.21045576407506703,0.42091152815013411,True,correct,correct;high_confidence;temporal_regime,DECISION-TIME
916515884fccd32b83863780,fold_2,0,5093938,2,2,11,600,600,29.296875,29.296875,25,25,1,18,8,5094543.7272727275,0,0.23333333333333334,0.23333333333333334,0.46666666666666667,True,correct,correct;high_confidence;temporal_regime,DECISION-TIME
9f5c8205b4a1f4a29ffe0b7a,fold_2,0,5094126,1,1,10,600,600,29.296875,29.296875,50,50,1,10,4,5094130.7999999998,0,0.21045576407506703,0.21045576407506703,0.42091152815013411,True,correct,correct;high_confidence;temporal_regime,DECISION-TIME
d14090d102ff92e5098a253b,fold_2,0,5094787,1,1,1,2000,2000,14.6484375,14.6484375,100,100,1,1,1,5094799,0,0.11956521739130435,0.11956521739130435,0.23913043478260865,True,correct,correct;high_confidence;temporal_regime,DECISION-TIME
74e3aa3d088c0819ef1c4a6a,fold_2,0,5094918,1,1,1,800,800,29.296875,29.296875,50,50,1,1,1,5094921,0,0.21045576407506703,0.21045576407506703,0.42091152815013411,True,correct,correct;high_confidence;temporal_regime,DECISION-TIME
5c9999649acc1135ffe2c1d3,fold_2,0,5095780,1,1,1,800,800,29.296875,29.296875,50,50,1,1,1,5095783,0,0.21045576407506703,0.21045576407506703,0.42091152815013411,True,correct,correct;high_confidence;temporal_regime,DECISION-TIME
2ebb37252711c038e8a4e800,fold_2,0,5096019,1,1,1,600,600,29.296875,29.296875,100,100,1,3,2,5096474,0,0.21045576407506703,0.21045576407506703,0.42091152815013411,True,correct,correct;high_confidence;temporal_regime,DECISION-TIME
747364f73dca41f1ed259e3e,fold_2,0,5097774,1,1,1,600,600,29.296875,29.296875,100,100,1,1,1,5097779,0,0.21045576407506703,0.21045576407506703,0.42091152815013411,True,correct,correct;high_confidence;temporal_regime,DECISION-TIME
8440a8e1c4bcca17adaadcca,fold_2,0,5098126,2,2,6,750,1200,30,40,25,25,1,6,6,5105247.333333333,0,0.11956521739130435,0.11956521739130435,0.23913043478260865,True,correct,correct;high_confidence;temporal_regime,DECISION-TIME
417a0561c64feaa2f5297816,fold_2,1,5099670,1,1,20,200,200,24.4140625,24.4140625,100,100,1,20,15,5099684,0,0.21045576407506703,0.21045576407506703,0.42091152815013411,False,high_confidence_error,false_negative;high_confidence;temporal_regime,DECISION-TIME
03f02489be73322a18e40d62,fold_2,0,5100417,2,2,6,500,600,2.9296875,3.90625,100,100,1,6,1,5100428.833333333,0,0.050000000000000003,0.050000000000000003,0.099999999999999978,True,correct,correct;high_confidence;temporal_regime,DECISION-TIME
888e9f621ff82cb9f9d3edcc,fold_2,0,5102271,1,1,1,600,600,29.296875,29.296875,100,100,1,1,1,5102590,0,0.21045576407506703,0.21045576407506703,0.42091152815013411,True,correct,correct;high_confidence;temporal_regime,DECISION-TIME
7e04b007daf95291c818eac8,fold_2,0,5102363,1,1,1,600,600,29.296875,29.296875,100,100,1,1,1,5102374,0,0.21045576407506703,0.21045576407506703,0.42091152815013411,True,correct,correct;high_confidence;temporal_regime,DECISION-TIME
bed456742811d7aa10f4236b,fold_2,0,5102478,1,1,1,600,600,29.296875,29.296875,50,50,1,1,1,5102487,0,0.21045576407506703,0.21045576407506703,0.42091152815013411,True,correct,correct;high_confidence;temporal_regime,DECISION-TIME
9624d13aeb38d6aa7915cf25,fold_2,0,5104972,1,1,1,600,600,29.296875,29.296875,50,50,1,1,1,5104984,0,0.21045576407506703,0.21045576407506703,0.42091152815013411,True,correct,correct;high_confidence;temporal_regime,DECISION-TIME
a5377d3fc6251124f925bee0,fold_2,1,5106259,1,1,1,600,600,29.296875,29.296875,100,100,1,2,2,5106536,0,0.21045576407506703,0.21045576407506703,0.42091152815013411,False,high_confidence_error,false_negative;high_confidence;temporal_regime,DECISION-TIME
ba43962652b654a1e08e8087,fold_2,0,5106310,1,1,1,600,600,29.296875,29.296875,25,25,1,3,2,5106764,0,0.21045576407506703,0.21045576407506703,0.42091152815013411,True,correct,correct;high_confidence;temporal_regime,DECISION-TIME
d240f2b90dc58d3f4727e61d,fold_2,0,5107277,2,2,31,350,600,16.11328125,31.25,100,100,1,31,27,5107450.8387096776,0,0.11956521739130435,0.11956521739130435,0.23913043478260865,True,correct,correct;high_confidence;temporal_regime,DECISION-TIME
7c1071fe0dddc52749cb994d,fold_2,0,5109690,1,1,1,600,600,29.296875,29.296875,15,15,1,1,1,5109698,0,0.21045576407506703,0.21045576407506703,0.42091152815013411,True,correct,correct;high_confidence;temporal_regime,DECISION-TIME
36b7a6645929f6ae07adffa7,fold_2,0,5110235,2,2,30,600,600,29.296875,29.296875,10,10,1,30,30,5110271.5666666664,0,0.21045576407506703,0.21045576407506703,0.42091152815013411,True,correct,correct;high_confidence;temporal_regime,DECISION-TIME
aab77a7c4cb7ad877078aee5,fold_2,1,5111446,1,1,1,600,600,29.296875,29.296875,100,100,1,1,1,5111469,0,0.21045576407506703,0.21045576407506703,0.42091152815013411,False,high_confidence_error,false_negative;high_confidence;temporal_regime,DECISION-TIME
b3680e31e513b55e880bdd80,fold_2,0,5112028,1,1,1,600,600,29.296875,29.296875,100,100,1,1,1,5112041,0,0.21045576407506703,0.21045576407506703,0.42091152815013411,True,correct,correct;high_confidence;temporal_regime,DECISION-TIME
a36cb40cdb7ff910fa8db7a1,fold_2,1,5114734,1,1,1,600,600,29.296875,29.296875,100,100,1,1,1,5114752,0,0.21045576407506703,0.21045576407506703,0.42091152815013411,False,high_confidence_error,false_negative;high_confidence;temporal_regime,DECISION-TIME
c9308b84bc90f3884ad83745,fold_2,0,5116021,1,1,1,600,600,29.296875,29.296875,100,100,1,1,1,5116024,0,0.21045576407506703,0.21045576407506703,0.42091152815013411,True,correct,correct;high_confidence;temporal_regime,DECISION-TIME
0305a398ae9e2b14b172314e,fold_2,1,5116399,1,1,1,600,600,29.296875,29.296875,100,100,1,1,1,5116447,0,0.21045576407506703,0.21045576407506703,0.42091152815013411,False,high_confidence_error,false_negative;high_confidence;temporal_regime,DECISION-TIME
c80a4962db6ae9add4c80b33,fold_2,0,5116729,2,2,26,350,600,2,2,25,25,1,26,5,5116735.615384615,0,0.050000000000000003,0.050000000000000003,0.099999999999999978,True,correct,correct;high_confidence;temporal_regime,DECISION-TIME
c932b5349dfa3bc46440477e,fold_2,0,5116936,1,1,1,600,600,29.296875,29.296875,100,100,1,1,1,5116940,0,0.21045576407506703,0.21045576407506703,0.42091152815013411,True,correct,correct;high_confidence;temporal_regime,DECISION-TIME
77a336a961f46cb03659929c,fold_2,1,5117712,1,1,1,600,600,29.296875,29.296875,100,100,1,1,1,5117722,0,0.21045576407506703,0.21045576407506703,0.42091152815013411,False,high_confidence_error,false_negative;high_confidence;temporal_regime,DECISION-TIME
7859e8ff76fe4d45c1096f73,fold_2,0,5118070,1,1,1,200,200,3.92578125,3.92578125,,,0,1,1,5118073,0,0.050000000000000003,0.050000000000000003,0.099999999999999978,True,correct,correct;high_confidence;temporal_regime;feature_missingness,DECISION-TIME
34e71ae26ae9ddbb4fad809d,fold_2,0,5118794,1,1,1,600,600,29.296875,29.296875,100,100,1,1,1,5118805,0,0.21045576407506703,0.21045576407506703,0.42091152815013411,True,correct,correct;high_confidence;temporal_regime,DECISION-TIME
7d46902d0da20955e426f295,fold_2,1,5120005,1,1,1,600,600,29.296875,29.296875,100,100,1,1,1,5120017,0,0.21045576407506703,0.21045576407506703,0.42091152815013411,False,high_confidence_error,false_negative;high_confidence;temporal_regime,DECISION-TIME
b00bbe7414a0e836e2644230,fold_2,0,5120319,2,2,4,600,600,29.296875,29.296875,50,50,1,4,4,5120357.5,0,0.21045576407506703,0.21045576407506703,0.42091152815013411,True,correct,correct;high_confidence;temporal_regime,DECISION-TIME
8c805c4a7e46ce982cd2ac8e,fold_2,1,5120367,1,1,1,600,600,29.296875,29.296875,100,100,1,1,1,5120370,0,0.21045576407506703,0.21045576407506703,0.42091152815013411,False,high_confidence_error,false_negative;high_confidence;temporal_regime,DECISION-TIME
ad814fc7a69726e2cfeb3599,fold_2,0,5122631,1,1,1,600,600,29.296875,29.296875,5,5,1,1,1,5122643,0,0.21045576407506703,0.21045576407506703,0.42091152815013411,True,correct,correct;high_confidence;temporal_regime,DECISION-TIME
f7179e219b1634b0e82c6ae1,fold_2,0,5122982,1,1,1,600,600,29.296875,29.296875,25,25,1,1,1,5122985,0,0.21045576407506703,0.21045576407506703,0.42091152815013411,True,correct,correct;high_confidence;temporal_regime,DECISION-TIME
bbf6c241bf51ed26544d2ffe,fold_2,0,5123174,2,2,20,500,600,12.20703125,14.6484375,25,25,1,20,17,5123184.0999999996,0,0.11956521739130435,0.11956521739130435,0.23913043478260865,True,correct,correct;high_confidence;temporal_regime,DECISION-TIME
4c2cd8a7a99a84484a09d781,fold_2,0,5124001,1,1,1,1800,1800,58.59375,58.59375,100,100,1,1,1,5124100,0,0.30303030303030304,0.30303030303030304,0.60606060606060608,True,correct,correct;low_confidence;temporal_regime,DECISION-TIME
5ede5e563983128f3f7bad10,fold_2,0,5124170,1,1,1,600,600,29.296875,29.296875,50,50,1,1,1,5124173,0,0.21045576407506703,0.21045576407506703,0.42091152815013411,True,correct,correct;high_confidence;temporal_regime,DECISION-TIME
73e142c80a3dfae614bc7a9f,fold_2,0,5125481,1,1,1,600,600,29.296875,29.296875,15,15,1,1,1,5125492,0,0.21045576407506703,0.21045576407506703,0.42091152815013411,True,correct,correct;high_confidence;temporal_regime,DECISION-TIME
a365f29d39755b8d1f26a7ec,fold_2,0,5125483,1,1,1,600,600,29.296875,29.296875,15,15,1,1,1,5125492,0,0.21045576407506703,0.21045576407506703,0.42091152815013411,True,correct,correct;high_confidence;temporal_regime,DECISION-TIME
98a6a0682b866f0d4a0104d5,fold_2,1,5126128,1,1,4,9000,9000,300,300,800,800,1,4,4,5126310,1,1,1,0,True,correct,correct;high_confidence;temporal_regime,DECISION-TIME
62b2bcd8d38d6935055bce2e,fold_2,0,5126937,1,1,1,600,600,29.296875,29.296875,25,25,1,1,1,5126945,0,0.21045576407506703,0.21045576407506703,0.42091152815013411,True,correct,correct;high_confidence;temporal_regime,DECISION-TIME
68fe72aa0059b633f6390597,fold_2,0,5127766,1,1,1,600,600,29.296875,29.296875,100,100,1,1,1,5127812,0,0.21045576407506703,0.21045576407506703,0.42091152815013411,True,correct,correct;high_confidence;temporal_regime,DECISION-TIME
d7ba81baf7e5621a93adac3f,fold_2,0,5128024,1,1,20,800,800,29.296875,29.296875,50,50,1,24,7,5128166.5499999998,0,0.21045576407506703,0.21045576407506703,0.42091152815013411,True,correct,correct;high_confidence;temporal_regime,DECISION-TIME
2271bb8c30cd4bae3aa73752,fold_2,1,5129229,1,1,1,100,100,24.4140625,24.4140625,100,100,1,1,1,5129278,0,0.21045576407506703,0.21045576407506703,0.42091152815013411,False,high_confidence_error,false_negative;high_confidence;temporal_regime,DECISION-TIME
9149e362234cd8df449202db,fold_2,0,5131037,1,1,1,600,600,29.296875,29.296875,100,100,1,1,1,5131050,0,0.21045576407506703,0.21045576407506703,0.42091152815013411,True,correct,correct;high_confidence;temporal_regime,DECISION-TIME
501eb4f07a0b43def1521a40,fold_2,1,5131952,1,1,1,1800,1800,58.59375,58.59375,100,100,1,1,1,5131961,0,0.30303030303030304,0.30303030303030304,0.60606060606060608,False,low_confidence_error,false_negative;low_confidence;temporal_regime,DECISION-TIME
bf66f8fd9e006e2b859d7d75,fold_2,0,5133104,2,2,6,700,800,16.6015625,29.296875,50,50,1,6,2,5133116.666666667,0,0.11956521739130435,0.11956521739130435,0.23913043478260865,True,correct,correct;high_confidence;temporal_regime,DECISION-TIME
b7d2f33531dd4ba266cffd10,fold_2,0,5133580,2,2,35,500,600,12.20703125,14.6484375,50,50,1,35,26,5133588,0,0.11956521739130435,0.11956521739130435,0.23913043478260865,True,correct,correct;high_confidence;temporal_regime,DECISION-TIME
33264fce4d1cf334d582d785,fold_2,1,5134488,2,2,6,600,600,14.6484375,14.6484375,25,25,1,6,3,5134500,0,0.11956521739130435,0.11956521739130435,0.23913043478260865,False,high_confidence_error,false_negative;high_confidence;temporal_regime,DECISION-TIME
d89c7f959ec0c961dcd233b5,fold_2,1,5135037,1,1,1,600,600,29.296875,29.296875,50,50,1,1,1,5135043,0,0.21045576407506703,0.21045576407506703,0.42091152815013411,False,high_confidence_error,false_negative;high_confidence;temporal_regime,DECISION-TIME
46368ec3c46a1f6ea8cff187,fold_2,0,5136292,2,2,55,600,600,29.296875,39.0625,25,25,1,55,33,5136300.7272727275,0,0.21045576407506703,0.21045576407506703,0.42091152815013411,True,correct,correct;high_confidence;temporal_regime,DECISION-TIME
88d34a9f02c0d4821be3fff1,fold_2,0,5139121,1,1,1,600,600,29.296875,29.296875,100,100,1,3,2,5139578,0,0.21045576407506703,0.21045576407506703,0.42091152815013411,True,correct,correct;high_confidence;temporal_regime,DECISION-TIME
18ca4e643da86381a3d1b39f,fold_2,0,5139264,1,1,1,100,100,29.296875,29.296875,100,100,1,3,2,5139718,0,0.21045576407506703,0.21045576407506703,0.42091152815013411,True,correct,correct;high_confidence;temporal_regime,DECISION-TIME
ea02c23d05659857815b0854,fold_2,0,5140026,1,1,1,600,600,29.296875,29.296875,15,15,1,1,1,5140038,0,0.21045576407506703,0.21045576407506703,0.42091152815013411,True,correct,correct;high_confidence;temporal_regime,DECISION-TIME
0d3998a2820217e2efa9b8b1,fold_2,0,5140620,1,1,1,600,600,29.296875,29.296875,50,50,1,1,1,5140632,0,0.21045576407506703,0.21045576407506703,0.42091152815013411,True,correct,correct;high_confidence;temporal_regime,DECISION-TIME
b80e8e3835f3f5220f6cdaae,fold_2,0,5140640,1,1,1,600,600,29.296875,29.296875,50,50,1,1,1,5140654,0,0.21045576407506703,0.21045576407506703,0.42091152815013411,True,correct,correct;high_confidence;temporal_regime,DECISION-TIME
731af43d80b2f41f6566bcc3,fold_2,0,5141954,1,1,1,600,600,29.296875,29.296875,100,100,1,1,1,5141956,0,0.21045576407506703,0.21045576407506703,0.42091152815013411,True,correct,correct;high_confidence;temporal_regime,DECISION-TIME
a9fbcd5233d09e7c8486d77d,fold_2,0,5143207,1,1,1,1800,1800,58.59375,58.59375,100,100,1,1,1,5143213,0,0.30303030303030304,0.30303030303030304,0.60606060606060608,True,correct,correct;low_confidence;temporal_regime,DECISION-TIME
e00e2d28f3dc377289c23829,fold_2,0,5144527,2,2,3,600,600,29.296875,29.296875,100,100,1,3,1,5144574.666666667,0,0.11956521739130435,0.11956521739130435,0.23913043478260865,True,correct,correct;high_confidence;temporal_regime,DECISION-TIME
edc0c871d27b2317f2027bbc,fold_2,0,5145046,1,1,1,600,600,29.296875,29.296875,100,100,1,1,1,5145173,0,0.21045576407506703,0.21045576407506703,0.42091152815013411,True,correct,correct;high_confidence;temporal_regime,DECISION-TIME
a16d9238504967b90d3bfebd,fold_2,0,5145319,2,2,2,600,600,29.296875,29.296875,25,25,1,2,2,5145328.5,0,0.21045576407506703,0.21045576407506703,0.42091152815013411,True,correct,correct;high_confidence;temporal_regime,DECISION-TIME
67aec4a49479c34e4d9dc862,fold_2,1,5145566,1,1,1,600,600,29.296875,29.296875,100,100,1,1,1,5145575,0,0.21045576407506703,0.21045576407506703,0.42091152815013411,False,high_confidence_error,false_negative;high_confidence;temporal_regime,DECISION-TIME
5d2f6a305e19f43a02fb3620,fold_2,0,5146458,1,1,1,100,100,29.296875,29.296875,100,100,1,3,2,5146943,0,0.21045576407506703,0.21045576407506703,0.42091152815013411,True,correct,correct;high_confidence;temporal_regime,DECISION-TIME
c6f32af5b279099954c297f0,fold_2,0,5148346,1,1,1,600,600,29.296875,29.296875,100,100,1,2,2,5149285,0,0.21045576407506703,0.21045576407506703,0.42091152815013411,True,correct,correct;high_confidence;temporal_regime,DECISION-TIME
f1140c9f0a9ec14740cb96b3,fold_2,0,5148398,1,1,1,600,600,29.296875,29.296875,5,5,1,1,1,5148410,0,0.21045576407506703,0.21045576407506703,0.42091152815013411,True,correct,correct;high_confidence;temporal_regime,DECISION-TIME
1ed36c454ea31b32d64a8d57,fold_2,0,5148431,1,1,1,600,600,29.296875,29.296875,5,5,1,3,2,5149523,0,0.30303030303030304,0.30303030303030304,0.60606060606060608,True,correct,correct;low_confidence;temporal_regime,DECISION-TIME
848495cb6551a573cbddaecd,fold_2,0,5149465,1,1,1,600,600,29.296875,29.296875,25,25,1,1,1,5149477,0,0.21045576407506703,0.21045576407506703,0.42091152815013411,True,correct,correct;high_confidence;temporal_regime,DECISION-TIME
82a531aee3770cc89377e3b4,fold_2,0,5151135,2,2,6,500,600,2.9296875,3.90625,100,100,1,6,4,5151149.333333333,0,0.11956521739130435,0.11956521739130435,0.23913043478260865,True,correct,correct;high_confidence;temporal_regime,DECISION-TIME
44636ab624a44adfa48a9397,fold_2,0,5152408,1,1,1,1800,1800,58.59375,58.59375,100,100,1,1,1,5152453,0,0.30303030303030304,0.30303030303030304,0.60606060606060608,True,correct,correct;low_confidence;temporal_regime,DECISION-TIME
e86bc3d333bd01325356fe4d,fold_2,0,5152411,1,1,1,1800,1800,58.59375,58.59375,100,100,1,1,1,5152422,0,0.30303030303030304,0.30303030303030304,0.60606060606060608,True,correct,correct;low_confidence;temporal_regime,DECISION-TIME
a1c753396b4d6bd02f71daff,fold_2,0,5154894,1,1,1,600,600,29.296875,29.296875,15,15,1,1,1,5154899,0,0.21045576407506703,0.21045576407506703,0.42091152815013411,True,correct,correct;high_confidence;temporal_regime,DECISION-TIME
4142ba93e9720cfef7bc3b61,fold_2,0,5155343,1,1,32,1800,1800,58.59375,58.59375,100,100,1,34,25,5155409.90625,0,0.30303030303030304,0.30303030303030304,0.60606060606060608,True,correct,correct;low_confidence;temporal_regime,DECISION-TIME
c6db4b1f41b42920a048b09d,fold_2,0,5155648,1,1,1,20,20,29.296875,29.296875,10,10,1,1,1,5155654,0,0.30303030303030304,0.30303030303030304,0.60606060606060608,True,correct,correct;low_confidence;temporal_regime,DECISION-TIME
3666c45ed381a2fd27afed3c,fold_2,0,5156303,1,1,1,600,600,29.296875,29.296875,10,10,1,1,1,5156308,0,0.21045576407506703,0.21045576407506703,0.42091152815013411,True,correct,correct;high_confidence;temporal_regime,DECISION-TIME
bd2c7bcd1748f7c0205ca1f8,fold_2,0,5156307,1,1,1,600,600,29.296875,29.296875,10,10,1,1,1,5156318,0,0.21045576407506703,0.21045576407506703,0.42091152815013411,True,correct,correct;high_confidence;temporal_regime,DECISION-TIME
329335aeaa22e93d4375dca1,fold_2,0,5156807,1,1,1,100,100,29.296875,29.296875,25,25,1,1,1,5156820,0,0.21045576407506703,0.21045576407506703,0.42091152815013411,True,correct,correct;high_confidence;temporal_regime,DECISION-TIME
81fc7afa18fae04a0ba37ce6,fold_2,0,5157031,1,1,1,600,600,29.296875,29.296875,25,25,1,1,1,5157041,0,0.21045576407506703,0.21045576407506703,0.42091152815013411,True,correct,correct;high_confidence;temporal_regime,DECISION-TIME
3f4a87230306ba6a1155ae81,fold_2,0,5157379,1,1,1,600,600,29.296875,29.296875,100,100,1,1,1,5157383,0,0.21045576407506703,0.21045576407506703,0.42091152815013411,True,correct,correct;high_confidence;temporal_regime,DECISION-TIME
9db26ac2d93be844c68fe0f9,fold_2,0,5157510,1,1,1,600,600,29.296875,29.296875,100,100,1,1,1,5157516,0,0.21045576407506703,0.21045576407506703,0.42091152815013411,True,correct,correct;high_confidence;temporal_regime,DECISION-TIME
ee59e89abab32860a30c4bb4,fold_2,0,5157841,1,1,1,200,200,3.90625,3.90625,100,100,1,1,1,5161541,0,0.11956521739130435,0.11956521739130435,0.23913043478260865,True,correct,correct;high_confidence;temporal_regime,DECISION-TIME
d02cdc332a9d4dd0e5709d38,fold_2,0,5158321,1,1,1,600,600,29.296875,29.296875,25,25,1,3,2,5158778,0,0.21045576407506703,0.21045576407506703,0.42091152815013411,True,correct,correct;high_confidence;temporal_regime,DECISION-TIME
9ee28c353d26925cfbd0216d,fold_2,0,5158700,1,1,1,600,600,29.296875,29.296875,15,15,1,1,1,5158712,0,0.21045576407506703,0.21045576407506703,0.42091152815013411,True,correct,correct;high_confidence;temporal_regime,DECISION-TIME
0f214d2595947bdbacb76c5f,fold_2,0,5158703,1,1,1,600,600,29.296875,29.296875,50,50,1,1,1,5158712,0,0.21045576407506703,0.21045576407506703,0.42091152815013411,True,correct,correct;high_confidence;temporal_regime,DECISION-TIME
74192202cd8d18b591ebd097,fold_2,0,5159301,2,2,13,350,600,2,2,25,25,1,13,6,5159307.692307692,0,0.11956521739130435,0.11956521739130435,0.23913043478260865,True,correct,correct;high_confidence;temporal_regime,DECISION-TIME
0a213f467a7157f2dafaf962,fold_2,0,5159531,1,1,1,600,600,29.296875,29.296875,25,25,1,1,1,5159536,0,0.21045576407506703,0.21045576407506703,0.42091152815013411,True,correct,correct;high_confidence;temporal_regime,DECISION-TIME
dea0010f3649f4d0f784f0ad,fold_2,0,5159547,1,1,1,600,600,29.296875,29.296875,25,25,1,1,1,5159556,0,0.21045576407506703,0.21045576407506703,0.42091152815013411,True,correct,correct;high_confidence;temporal_regime,DECISION-TIME
d878a77c5c7bfaf43bac69a4,fold_2,0,5159814,2,2,2,600,600,2.9296875,2.9296875,100,100,1,2,2,5159822,0,0.11956521739130435,0.11956521739130435,0.23913043478260865,True,correct,correct;high_confidence;temporal_regime,DECISION-TIME
46a40a4eb892294787dc4849,fold_2,0,5159955,1,1,1,400,400,4.8828125,4.8828125,200,200,1,2,2,5160891,0,0.11956521739130435,0.11956521739130435,0.23913043478260865,True,correct,correct;high_confidence;temporal_regime,DECISION-TIME
56a823a32849e4508e7aa9cb,fold_2,0,5160778,2,2,51,500,600,19.53125,19.53125,50,50,1,53,26,5160827.9411764704,0,0.11956521739130435,0.11956521739130435,0.23913043478260865,True,correct,correct;high_confidence;temporal_regime,DECISION-TIME
44012e385f57bf4fbcc82260,fold_2,0,5161439,1,1,1,600,600,29.296875,29.296875,25,25,1,1,1,5161443,0,0.21045576407506703,0.21045576407506703,0.42091152815013411,True,correct,correct;high_confidence;temporal_regime,DECISION-TIME
dbba0eaa077874147b6a198d,fold_2,0,5161904,1,1,1,600,600,29.296875,29.296875,100,100,1,1,1,5161954,0,0.21045576407506703,0.21045576407506703,0.42091152815013411,True,correct,correct;high_confidence;temporal_regime,DECISION-TIME
88bc07399be81ef6aabef62f,fold_2,0,5161969,1,1,1,600,600,29.296875,29.296875,25,25,1,1,1,5161977,0,0.21045576407506703,0.21045576407506703,0.42091152815013411,True,correct,correct;high_confidence;temporal_regime,DECISION-TIME
2d685a25959638a673b55f3a,fold_2,0,5162524,1,1,1,600,600,29.296875,29.296875,10,10,1,1,1,5162528,0,0.21045576407506703,0.21045576407506703,0.42091152815013411,True,correct,correct;high_confidence;temporal_regime,DECISION-TIME
900462699d1c1c7da2823cae,fold_2,0,5162541,1,1,1,600,600,29.296875,29.296875,10,10,1,1,1,5162549,0,0.21045576407506703,0.21045576407506703,0.42091152815013411,True,correct,correct;high_confidence;temporal_regime,DECISION-TIME
fa8dbe1e39aeeca666820c42,fold_2,0,5162699,1,1,1,600,600,29.296875,29.296875,15,15,1,1,1,5162710,0,0.21045576407506703,0.21045576407506703,0.42091152815013411,True,correct,correct;high_confidence;temporal_regime,DECISION-TIME
01286ff85f126ee45c2ce097,fold_2,0,5164239,2,2,2,400,600,7.8125,7.8125,25,25,1,2,2,5164244,0,0.11956521739130435,0.11956521739130435,0.23913043478260865,True,correct,correct;high_confidence;temporal_regime,DECISION-TIME
df54cd747e25e59b7cc5254e,fold_2,0,5164927,1,1,1,600,600,29.296875,29.296875,100,100,1,1,1,5164940,0,0.21045576407506703,0.21045576407506703,0.42091152815013411,True,correct,correct;high_confidence;temporal_regime,DECISION-TIME
66d3474948957defe90cccbb,fold_2,0,5166509,1,1,5,100,100,9.765625,9.765625,100,100,1,5,3,5166700.4000000004,0,0.11956521739130435,0.11956521739130435,0.23913043478260865,True,correct,correct;high_confidence;temporal_regime,DECISION-TIME
24ab850743118a21163fb602,fold_2,0,5166617,2,2,37,350,600,2,2,25,25,1,37,7,5166623.405405405,0,0.050000000000000003,0.050000000000000003,0.099999999999999978,True,correct,correct;high_confidence;temporal_regime,DECISION-TIME
1b568863a8221bf99af39b0e,fold_2,0,5167113,1,1,1,600,600,29.296875,29.296875,100,100,1,3,2,5168976,0,0.21045576407506703,0.21045576407506703,0.42091152815013411,True,correct,correct;high_confidence;temporal_regime,DECISION-TIME
db0f93f03101ea6d096295be,fold_2,0,5167274,1,1,1,600,600,29.296875,29.296875,25,25,1,3,2,5167732,0,0.21045576407506703,0.21045576407506703,0.42091152815013411,True,correct,correct;high_confidence;temporal_regime,DECISION-TIME
d8a530d3571246b96be7bbee,fold_2,0,5167796,2,2,37,350,600,2,2,25,25,1,37,15,5171476.1351351347,0,0.050000000000000003,0.050000000000000003,0.099999999999999978,True,correct,correct;high_confidence;temporal_regime,DECISION-TIME
41a6e17eca15f41c21a32f08,fold_2,0,5168012,1,1,1,600,600,29.296875,29.296875,50,50,1,1,1,5168024,0,0.21045576407506703,0.21045576407506703,0.42091152815013411,True,correct,correct;high_confidence;temporal_regime,DECISION-TIME
cd18a39c1feb1a05d93ff90c,fold_2,0,5170413,1,1,1,3200,3200,19.53125,19.53125,100,100,1,1,1,5170416,0,0.11956521739130435,0.11956521739130435,0.23913043478260865,True,correct,correct;high_confidence;temporal_regime,DECISION-TIME
290ce82e3be3f540dd53d85b,fold_2,0,5171438,2,2,13,500,600,24.4140625,29.296875,100,100,1,15,13,5173028,0,0.11956521739130435,0.11956521739130435,0.23913043478260865,True,correct,correct;high_confidence;temporal_regime,DECISION-TIME
5f467b8ba0a81134ccc70b37,fold_2,0,5173698,2,2,9,600,600,9.765625,9.765625,25,25,1,9,3,5173712.666666667,0,0.11956521739130435,0.11956521739130435,0.23913043478260865,True,correct,correct;high_confidence;temporal_regime,DECISION-TIME
cf38e6404633f5502c0a145f,fold_2,0,5174315,1,1,1,600,600,29.296875,29.296875,100,100,1,1,1,5174326,0,0.21045576407506703,0.21045576407506703,0.42091152815013411,True,correct,correct;high_confidence;temporal_regime,DECISION-TIME
a61a8446be4e3a36a27b2181,fold_2,0,5175356,1,1,1,600,600,29.296875,29.296875,25,25,1,1,1,5175363,0,0.21045576407506703,0.21045576407506703,0.42091152815013411,True,correct,correct;high_confidence;temporal_regime,DECISION-TIME
f91e7aa2457228b3f65aef88,fold_2,1,5176336,2,2,8,600,600,15.625,19.53125,25,25,1,19,15,5177029.4545454541,0,0.30303030303030304,0.30303030303030304,0.60606060606060608,False,low_confidence_error,false_negative;low_confidence;temporal_regime,DECISION-TIME
13205fca9c48b56a7b615aa3,fold_2,1,5176519,2,2,15,600,600,15.625,19.53125,25,25,1,25,23,5176802.9090909092,0,0.30303030303030304,0.30303030303030304,0.60606060606060608,False,low_confidence_error,false_negative;low_confidence;temporal_regime,DECISION-TIME
8a0bfc304919726d937480b6,fold_2,0,5176863,1,1,1,600,600,29.296875,29.296875,50,50,1,1,1,5176871,0,0.21045576407506703,0.21045576407506703,0.42091152815013411,True,correct,correct;high_confidence;temporal_regime,DECISION-TIME
c38514f7e04fd759612d414d,fold_2,0,5177194,1,1,1,600,600,29.296875,29.296875,100,100,1,1,1,5177203,0,0.21045576407506703,0.21045576407506703,0.42091152815013411,True,correct,correct;high_confidence;temporal_regime,DECISION-TIME
c058068bcc1a451109f22546,fold_2,0,5177289,1,1,1,600,600,29.296875,29.296875,10,10,1,1,1,5177294,0,0.21045576407506703,0.21045576407506703,0.42091152815013411,True,correct,correct;high_confidence;temporal_regime,DECISION-TIME
b7d97040338cdb2d9bb9de25,fold_2,0,5177326,1,1,1,600,600,29.296875,29.296875,10,10,1,1,1,5177334,0,0.21045576407506703,0.21045576407506703,0.42091152815013411,True,correct,correct;high_confidence;temporal_regime,DECISION-TIME
311330d6ebb2b312e0709d53,fold_2,0,5177355,1,1,1,600,600,29.296875,29.296875,10,10,1,1,1,5177395,0,0.21045576407506703,0.21045576407506703,0.42091152815013411,True,correct,correct;high_confidence;temporal_regime,DECISION-TIME
ebf4ae54da1b6906a18b7e03,fold_2,0,5177407,1,1,1,600,600,29.296875,29.296875,10,10,1,1,1,5177445,0,0.21045576407506703,0.21045576407506703,0.42091152815013411,True,correct,correct;high_confidence;temporal_regime,DECISION-TIME
e22f3e9c48c98908966fda23,fold_2,0,5177478,1,1,1,600,600,29.296875,29.296875,50,50,1,1,1,5177486,0,0.21045576407506703,0.21045576407506703,0.42091152815013411,True,correct,correct;high_confidence;temporal_regime,DECISION-TIME
5c224584e12399b3118b799a,fold_2,0,5177976,1,1,1,600,600,29.296875,29.296875,10,10,1,1,1,5177980,0,0.21045576407506703,0.21045576407506703,0.42091152815013411,True,correct,correct;high_confidence;temporal_regime,DECISION-TIME
01c5ea0c8d7b84ecb1c4ce16,fold_2,0,5178067,1,1,1,600,600,29.296875,29.296875,25,25,1,1,1,5178071,0,0.21045576407506703,0.21045576407506703,0.42091152815013411,True,correct,correct;high_confidence;temporal_regime,DECISION-TIME
2f0a0cb4376b17158953822d,fold_2,0,5178220,1,1,1,600,600,29.296875,29.296875,10,10,1,1,1,5178232,0,0.21045576407506703,0.21045576407506703,0.42091152815013411,True,correct,correct;high_confidence;temporal_regime,DECISION-TIME
698b7d0e0b3e11e16388b653,fold_2,0,5178890,1,1,10,600,600,29.296875,29.296875,50,50,1,10,4,5178893.2000000002,0,0.21045576407506703,0.21045576407506703,0.42091152815013411,True,correct,correct;high_confidence;temporal_regime,DECISION-TIME
4e523e907b757e7b811693f6,fold_2,0,5179240,1,1,1,600,600,29.296875,29.296875,100,100,1,1,1,5179249,0,0.21045576407506703,0.21045576407506703,0.42091152815013411,True,correct,correct;high_confidence;temporal_regime,DECISION-TIME
05f711090bd6b42c170edf9c,fold_2,0,5179616,1,1,1,800,800,29.296875,29.296875,50,50,1,3,2,5180072,0,0.21045576407506703,0.21045576407506703,0.42091152815013411,True,correct,correct;high_confidence;temporal_regime,DECISION-TIME
1d06da6dfa5716b007461ee7,fold_2,0,5182330,1,1,1,600,600,29.296875,29.296875,100,100,1,1,1,5182333,0,0.21045576407506703,0.21045576407506703,0.42091152815013411,True,correct,correct;high_confidence;temporal_regime,DECISION-TIME
9a42aecd98f1f1ac817c72a1,fold_2,0,5182331,1,1,1,600,600,29.296875,29.296875,100,100,1,1,1,5182334,0,0.21045576407506703,0.21045576407506703,0.42091152815013411,True,correct,correct;high_confidence;temporal_regime,DECISION-TIME
74eb7321db95d0ef376a5488,fold_2,0,5182920,2,2,20,600,600,15.625,19.53125,25,25,1,21,15,5182946.1428571427,0,0.11956521739130435,0.11956521739130435,0.23913043478260865,True,correct,correct;high_confidence;temporal_regime,DECISION-TIME
5b2fbf800dbc17f5b8741e98,fold_2,0,5184525,2,2,7,600,600,29.296875,29.296875,100,100,1,8,6,5185064.5714285718,0,0.11956521739130435,0.11956521739130435,0.23913043478260865,True,correct,correct;high_confidence;temporal_regime,DECISION-TIME
e6c23c13431f71d0f7684bf4,fold_2,0,5185648,1,1,1,1200,1200,29.296875,29.296875,100,100,1,1,1,5185683,0,0.11956521739130435,0.11956521739130435,0.23913043478260865,True,correct,correct;high_confidence;temporal_regime,DECISION-TIME
a20a0b92290c763112b3ce09,fold_2,0,5186482,1,1,1,1000,1000,19.55078125,19.55078125,50,50,1,1,1,5186485,0,0.11956521739130435,0.11956521739130435,0.23913043478260865,True,correct,correct;high_confidence;temporal_regime,DECISION-TIME
4de6352e8dcf9d2adba61dad,fold_2,0,5186554,1,1,8,600,600,29.296875,29.296875,5,5,1,8,2,5186592.625,0,0.21045576407506703,0.21045576407506703,0.42091152815013411,True,correct,correct;high_confidence;temporal_regime,DECISION-TIME
eb5c62c3673abdd48d4cbdfe,fold_2,0,5186960,1,1,8,600,600,29.296875,29.296875,25,25,1,8,6,5187002,0,0.21045576407506703,0.21045576407506703,0.42091152815013411,True,correct,correct;high_confidence;temporal_regime,DECISION-TIME
63e1ac7d6ebd8f049ffe8068,fold_2,0,5187203,1,1,1,600,600,29.296875,29.296875,50,50,1,1,1,5187207,0,0.21045576407506703,0.21045576407506703,0.42091152815013411,True,correct,correct;high_confidence;temporal_regime,DECISION-TIME
d67558be2c44383ddb4ebdef,fold_2,0,5187217,1,1,1,600,600,29.296875,29.296875,25,25,1,1,1,5187228,0,0.21045576407506703,0.21045576407506703,0.42091152815013411,True,correct,correct;high_confidence;temporal_regime,DECISION-TIME
0a28c9518452ed99410ee273,fold_2,0,5188642,2,2,85,450,600,17.08984375,19.53125,25,25,1,86,51,5188664.7764705885,0,0.11956521739130435,0.11956521739130435,0.23913043478260865,True,correct,correct;high_confidence;temporal_regime,DECISION-TIME
2472a0cd89c1383d5263cd2c,fold_2,1,5190053,1,1,1,600,600,29.296875,29.296875,100,100,1,1,1,5190060,0,0.21045576407506703,0.21045576407506703,0.42091152815013411,False,high_confidence_error,false_negative;high_confidence;temporal_regime,DECISION-TIME
84c764573e4c00965f0a26b3,fold_2,0,5190480,1,1,1,600,600,29.296875,29.296875,100,100,1,3,2,5190938,0,0.21045576407506703,0.21045576407506703,0.42091152815013411,True,correct,correct;high_confidence;temporal_regime,DECISION-TIME
2075f9f9871b418a5250dba5,fold_2,0,5190639,2,2,21,600,600,29.296875,29.296875,25,25,1,22,19,5190728.666666667,0,0.21045576407506703,0.21045576407506703,0.42091152815013411,True,correct,correct;high_confidence;temporal_regime,DECISION-TIME
ac2b92205b796a2fde0c32c0,fold_2,0,5190815,1,1,1,600,600,29.296875,29.296875,100,100,1,1,1,5191181,0,0.21045576407506703,0.21045576407506703,0.42091152815013411,True,correct,correct;high_confidence;temporal_regime,DECISION-TIME
fb2afb0f9ed6e3de058ae9d8,fold_2,0,5190990,1,1,1,600,600,29.296875,29.296875,100,100,1,1,1,5190999,0,0.21045576407506703,0.21045576407506703,0.42091152815013411,True,correct,correct;high_confidence;temporal_regime,DECISION-TIME
a5531529eb462bba95690f4b,fold_2,0,5192182,2,2,60,600,600,48.828125,48.828125,50,50,1,64,51,5192815.7419354841,0,0.33333333333333331,0.33333333333333331,0.66666666666666663,True,correct,correct;low_confidence;temporal_regime,DECISION-TIME
d578ee4bee75cbce73ccf7b3,fold_2,0,5192355,1,1,1,600,600,48.828125,48.828125,100,100,1,1,1,5192459,0,0.30303030303030304,0.30303030303030304,0.60606060606060608,True,correct,correct;low_confidence;temporal_regime,DECISION-TIME
2e916fd21f9a30666a412977,fold_2,0,5192502,2,2,21,700,800,11.71875,19.53125,50,50,1,21,6,5192509.0952380951,0,0.11956521739130435,0.11956521739130435,0.23913043478260865,True,correct,correct;high_confidence;temporal_regime,DECISION-TIME
3a9021365e69978c7b4c032c,fold_2,0,5192895,1,1,1,600,600,29.296875,29.296875,15,15,1,1,1,5192901,0,0.21045576407506703,0.21045576407506703,0.42091152815013411,True,correct,correct;high_confidence;temporal_regime,DECISION-TIME
0ff002250474639e07347e05,fold_2,0,5193058,1,1,1,1000,1000,19.55078125,19.55078125,50,50,1,1,1,5193061,0,0.11956521739130435,0.11956521739130435,0.23913043478260865,True,correct,correct;high_confidence;temporal_regime,DECISION-TIME
98a698be207ee25e81921c01,fold_2,1,5193428,1,1,1,600,600,29.296875,29.296875,100,100,1,1,1,5193475,0,0.21045576407506703,0.21045576407506703,0.42091152815013411,False,high_confidence_error,false_negative;high_confidence;temporal_regime,DECISION-TIME
e744bbcef789170ed1eb9c37,fold_2,0,5194242,2,2,4,600,600,29.296875,29.296875,50,50,1,4,3,5194358.25,0,0.21045576407506703,0.21045576407506703,0.42091152815013411,True,correct,correct;high_confidence;temporal_regime,DECISION-TIME
194db6698676431c3768ea3d,fold_2,0,5195483,1,1,1,1000,1000,19.55078125,19.55078125,50,50,1,1,1,5195487,0,0.11956521739130435,0.11956521739130435,0.23913043478260865,True,correct,correct;high_confidence;temporal_regime,DECISION-TIME
525796cd765116dd6f89cb00,fold_2,0,5195511,1,1,4,600,600,29.296875,29.296875,25,25,1,4,1,5195514.25,0,0.21045576407506703,0.21045576407506703,0.42091152815013411,True,correct,correct;high_confidence;temporal_regime,DECISION-TIME
cea09361741732fccf7fe028,fold_2,0,5197203,1,1,1,100,100,1.97265625,1.97265625,,,0,1,1,5197206,0,0.050000000000000003,0.050000000000000003,0.099999999999999978,True,correct,correct;high_confidence;temporal_regime;feature_missingness,DECISION-TIME
c254a5c087d3f518cf157104,fold_2,1,5197758,1,1,1,600,600,29.296875,29.296875,100,100,1,1,1,5197798,0,0.21045576407506703,0.21045576407506703,0.42091152815013411,False,high_confidence_error,false_negative;high_confidence;temporal_regime,DECISION-TIME
b54265740a4cabf11d8b44a8,fold_2,1,5198401,1,1,1,600,600,29.296875,29.296875,100,100,1,1,1,5198477,0,0.21045576407506703,0.21045576407506703,0.42091152815013411,False,high_confidence_error,false_negative;high_confidence;temporal_regime,DECISION-TIME
55c94ae6a541e826cb3ddb37,fold_2,0,5198646,1,1,1,600,600,29.296875,29.296875,100,100,1,1,1,5198689,0,0.21045576407506703,0.21045576407506703,0.42091152815013411,True,correct,correct;high_confidence;temporal_regime,DECISION-TIME
f8968fa6d1b774275d1c0f59,fold_2,0,5199153,1,1,1,100,100,29.296875,29.296875,25,25,1,1,1,5199193,0,0.21045576407506703,0.21045576407506703,0.42091152815013411,True,correct,correct;high_confidence;temporal_regime,DECISION-TIME
df4c1f8b49fb2bfed9d8b987,fold_2,0,5199206,1,1,1,100,100,29.296875,29.296875,25,25,1,1,1,5199255,0,0.21045576407506703,0.21045576407506703,0.42091152815013411,True,correct,correct;high_confidence;temporal_regime,DECISION-TIME
3342b98a8c6a7f28f67c9d84,fold_2,0,5199269,1,1,1,100,100,29.296875,29.296875,25,25,1,1,1,5199305,0,0.21045576407506703,0.21045576407506703,0.42091152815013411,True,correct,correct;high_confidence;temporal_regime,DECISION-TIME
b79546067b160aa2adbca5e4,fold_2,1,5199356,1,1,1,100,100,29.296875,29.296875,100,100,1,1,1,5199475,0,0.21045576407506703,0.21045576407506703,0.42091152815013411,False,high_confidence_error,false_negative;high_confidence;temporal_regime,DECISION-TIME
1a4d274de228836c94f23621,fold_2,0,5199750,1,1,1,800,800,29.296875,29.296875,50,50,1,3,2,5200206,0,0.21045576407506703,0.21045576407506703,0.42091152815013411,True,correct,correct;high_confidence;temporal_regime,DECISION-TIME
f4c53326582b217a1aecd498,fold_2,1,5199893,1,1,1,600,600,29.296875,29.296875,100,100,1,1,1,5199904,0,0.21045576407506703,0.21045576407506703,0.42091152815013411,False,high_confidence_error,false_negative;high_confidence;temporal_regime,DECISION-TIME
b4cbcc753f00c248b229728b,fold_2,0,5200610,2,2,2,600,600,19.53125,19.53125,60,60,1,2,2,5200617,0,0.11956521739130435,0.11956521739130435,0.23913043478260865,True,correct,correct;high_confidence;temporal_regime,DECISION-TIME
8dec2b38af882a777feb6007,fold_2,0,5200679,1,1,1,600,600,29.296875,29.296875,25,25,1,1,1,5200689,0,0.21045576407506703,0.21045576407506703,0.42091152815013411,True,correct,correct;high_confidence;temporal_regime,DECISION-TIME
58cdf5c52ce749e52b908254,fold_2,1,5201184,1,1,1,600,600,29.296875,29.296875,100,100,1,1,1,5201191,0,0.21045576407506703,0.21045576407506703,0.42091152815013411,False,high_confidence_error,false_negative;high_confidence;temporal_regime,DECISION-TIME
865473374246e50dd63057d5,fold_2,0,5201259,1,1,1,1800,1800,58.59375,58.59375,100,100,1,1,1,5201272,0,0.30303030303030304,0.30303030303030304,0.60606060606060608,True,correct,correct;low_confidence;temporal_regime,DECISION-TIME
927dd285b7b0cb90d28a1481,fold_2,0,5201627,1,1,1,600,600,29.296875,29.296875,100,100,1,1,1,5201634,0,0.21045576407506703,0.21045576407506703,0.42091152815013411,True,correct,correct;high_confidence;temporal_regime,DECISION-TIME
734b6aa58ab2a22e01ccb6ab,fold_2,0,5202229,1,1,1,600,600,29.296875,29.296875,100,100,1,1,1,5202236,0,0.21045576407506703,0.21045576407506703,0.42091152815013411,True,correct,correct;high_confidence;temporal_regime,DECISION-TIME
507102f392369f8c2b16db7b,fold_2,0,5202643,2,2,15,350,600,24.4140625,29.296875,25,25,1,16,12,5202717.4666666668,0,0.11956521739130435,0.11956521739130435,0.23913043478260865,True,correct,correct;high_confidence;temporal_regime,DECISION-TIME
ed1ef2967bae13316ca1d6f7,fold_2,0,5202744,2,2,4,600,600,29.296875,29.296875,50,50,1,4,2,5202748.5,0,0.21045576407506703,0.21045576407506703,0.42091152815013411,True,correct,correct;high_confidence;temporal_regime,DECISION-TIME
87c27c68e067631db2807e62,fold_2,0,5202892,1,1,1,600,600,29.296875,29.296875,100,100,1,1,1,5202900,0,0.21045576407506703,0.21045576407506703,0.42091152815013411,True,correct,correct;high_confidence;temporal_regime,DECISION-TIME
38b20806d41464c815673bee,fold_2,0,5202905,1,1,1,600,600,29.296875,29.296875,25,25,1,1,1,5202946,0,0.21045576407506703,0.21045576407506703,0.42091152815013411,True,correct,correct;high_confidence;temporal_regime,DECISION-TIME
11a790fe25dc2d8da177ad39,fold_2,1,5203141,1,1,1,600,600,29.296875,29.296875,100,100,1,1,1,5203151,0,0.21045576407506703,0.21045576407506703,0.42091152815013411,False,high_confidence_error,false_negative;high_confidence;temporal_regime,DECISION-TIME
d29cb1d87f7c335ee643f1ba,fold_2,1,5203741,1,1,1,600,600,29.296875,29.296875,100,100,1,1,1,5203745,0,0.21045576407506703,0.21045576407506703,0.42091152815013411,False,high_confidence_error,false_negative;high_confidence;temporal_regime,DECISION-TIME
5c0836a030ba13080f02c87b,fold_2,1,5203791,1,1,1,600,600,29.296875,29.296875,100,100,1,1,1,5203795,0,0.21045576407506703,0.21045576407506703,0.42091152815013411,False,high_confidence_error,false_negative;high_confidence;temporal_regime,DECISION-TIME
ba98a011903c05647c0d925f,fold_2,0,5204504,2,2,4,600,600,29.296875,29.296875,50,50,1,4,2,5204508.5,0,0.21045576407506703,0.21045576407506703,0.42091152815013411,True,correct,correct;high_confidence;temporal_regime,DECISION-TIME
9aeb9fb268d71f3d102e8d99,fold_2,0,5204596,1,1,1,600,600,29.296875,29.296875,50,50,1,3,2,5205711,0,0.21045576407506703,0.21045576407506703,0.42091152815013411,True,correct,correct;high_confidence;temporal_regime,DECISION-TIME
9172cba4c5377b0eacc5e100,fold_2,1,5204768,1,1,1,600,600,29.296875,29.296875,100,100,1,1,1,5204780,0,0.21045576407506703,0.21045576407506703,0.42091152815013411,False,high_confidence_error,false_negative;high_confidence;temporal_regime,DECISION-TIME
7cb5bf6c3683ea64f5511828,fold_2,1,5204910,3,3,3,466.66666666666669,600,11.098958333333334,29.296875,25,25,1,3,3,5204916,0,0.11956521739130435,0.11956521739130435,0.23913043478260865,False,high_confidence_error,false_negative;high_confidence;temporal_regime,DECISION-TIME
4c4a0b2edf61dda999dadf90,fold_2,0,5204983,1,1,1,600,600,29.296875,29.296875,25,25,1,1,1,5204987,0,0.21045576407506703,0.21045576407506703,0.42091152815013411,True,correct,correct;high_confidence;temporal_regime,DECISION-TIME
4a5decddb0d8815aa4c93662,fold_2,1,5205186,2,2,15,600,600,29.296875,39.0625,100,100,1,15,14,5205189,0,0.21045576407506703,0.21045576407506703,0.42091152815013411,False,high_confidence_error,false_negative;high_confidence;temporal_regime,DECISION-TIME
b900ca5ea90d03aa134c755d,fold_2,0,5206062,1,1,1,600,600,29.296875,29.296875,100,100,1,1,1,5206067,0,0.21045576407506703,0.21045576407506703,0.42091152815013411,True,correct,correct;high_confidence;temporal_regime,DECISION-TIME
7e68ba1843a26c14644f9883,fold_2,1,5206145,1,1,5,1500,1500,9.765625,9.765625,100,100,1,5,5,5206157,0,0.11956521739130435,0.11956521739130435,0.23913043478260865,False,high_confidence_error,false_negative;high_confidence;temporal_regime,DECISION-TIME
f91b9cfd1dee43cbd92fe359,fold_2,1,5206424,1,1,1,600,600,29.296875,29.296875,100,100,1,1,1,5206429,0,0.21045576407506703,0.21045576407506703,0.42091152815013411,False,high_confidence_error,false_negative;high_confidence;temporal_regime,DECISION-TIME
9216f07c3d9ab7e94b8986cb,fold_2,0,5206466,1,1,1,1200,1200,29.296875,29.296875,100,100,1,1,1,5206478,0,0.11956521739130435,0.11956521739130435,0.23913043478260865,True,correct,correct;high_confidence;temporal_regime,DECISION-TIME
54e7a0110a0b893b24dec34d,fold_2,1,5206520,2,2,3,900,1600,34.1796875,39.0625,25,25,1,3,3,5206580,0,0.11956521739130435,0.11956521739130435,0.23913043478260865,False,high_confidence_error,false_negative;high_confidence;temporal_regime,DECISION-TIME
185411fddf7a92feb097cc8d,fold_2,0,5206755,2,2,12,600,1000,29.296875,29.296875,15,15,1,12,9,5206769.083333333,0,0.11956521739130435,0.11956521739130435,0.23913043478260865,True,correct,correct;high_confidence;temporal_regime,DECISION-TIME
ecae981cd7d0070cf937725e,fold_2,0,5206801,2,2,15,600,600,15.625,19.53125,50,50,1,15,14,5206809.4000000004,0,0.11956521739130435,0.11956521739130435,0.23913043478260865,True,correct,correct;high_confidence;temporal_regime,DECISION-TIME
3a1179c69bec89249ece4f3c,fold_2,0,5207537,2,2,7,600,600,39.0625,58.59375,25,25,1,7,7,5207544.1428571427,0,0.30303030303030304,0.30303030303030304,0.60606060606060608,True,correct,correct;low_confidence;temporal_regime,DECISION-TIME
429c85a74c7646730afb51bc,fold_2,1,5207728,1,1,4,1800,1800,58.59375,58.59375,100,100,1,4,4,5207756,0,0.30303030303030304,0.30303030303030304,0.60606060606060608,False,low_confidence_error,false_negative;low_confidence;temporal_regime,DECISION-TIME
61a290b4c80d396e2543b51f,fold_2,1,5207986,2,2,3,900,1600,34.1796875,39.0625,25,25,1,3,3,5208058,0,0.11956521739130435,0.11956521739130435,0.23913043478260865,False,high_confidence_error,false_negative;high_confidence;temporal_regime,DECISION-TIME
96f9e8bb516ec4d07152e345,fold_2,0,5208145,1,1,1,600,600,29.296875,29.296875,100,100,1,1,1,5208149,0,0.21045576407506703,0.21045576407506703,0.42091152815013411,True,correct,correct;high_confidence;temporal_regime,DECISION-TIME
9fba3dfa0e4ddf7207e2fba3,fold_2,0,5208790,1,1,1,600,600,29.296875,29.296875,10,10,1,1,1,5208801,0,0.21045576407506703,0.21045576407506703,0.42091152815013411,True,correct,correct;high_confidence;temporal_regime,DECISION-TIME
d811e76cdd9fb3db025ae917,fold_2,0,5209241,1,1,1,1800,1800,58.59375,58.59375,100,100,1,1,1,5209253,0,0.30303030303030304,0.30303030303030304,0.60606060606060608,True,correct,correct;low_confidence;temporal_regime,DECISION-TIME
6aeec4cc0a8fc1ee7e0539c3,fold_2,1,5209341,1,1,1,600,600,29.296875,29.296875,100,100,1,1,1,5209365,0,0.21045576407506703,0.21045576407506703,0.42091152815013411,False,high_confidence_error,false_negative;high_confidence;temporal_regime,DECISION-TIME
52d53aa02b5353410f159763,fold_2,0,5209970,1,1,16,600,600,4,4,25,25,1,20,8,5210117.8125,0,0.11956521739130435,0.11956521739130435,0.23913043478260865,True,correct,correct;high_confidence;temporal_regime,DECISION-TIME
6c13a920476c9c90f81172a8,fold_2,0,5210869,3,3,12,466.66666666666669,600,11.098958333333334,29.296875,25,25,1,12,8,5210873.666666667,0,0.11956521739130435,0.11956521739130435,0.23913043478260865,True,correct,correct;high_confidence;temporal_regime,DECISION-TIME
30ad860638b2ca271d64e5a5,fold_2,0,5210951,2,2,5,600,600,58.59375,58.59375,50,50,1,5,2,5213365.2000000002,0,0.30303030303030304,0.30303030303030304,0.60606060606060608,True,correct,correct;low_confidence;temporal_regime,DECISION-TIME
ec7ceb19d4f6033f4690df1b,fold_2,1,5211181,1,1,1,600,600,29.296875,29.296875,100,100,1,3,2,5211639,0,0.21045576407506703,0.21045576407506703,0.42091152815013411,False,high_confidence_error,false_negative;high_confidence;temporal_regime,DECISION-TIME
97b1f7a029e1ef540b26d125,fold_2,0,5211589,1,1,1,600,600,29.296875,29.296875,100,100,1,4,3,5212225,0,0.21045576407506703,0.21045576407506703,0.42091152815013411,True,correct,correct;high_confidence;temporal_regime,DECISION-TIME
a4c157dfdacba40878526c15,fold_2,0,5211590,1,1,1,1800,1800,58.59375,58.59375,100,100,1,1,1,5211619,0,0.30303030303030304,0.30303030303030304,0.60606060606060608,True,correct,correct;low_confidence;temporal_regime,DECISION-TIME
68f7df9fb0f4e3ade060c2ec,fold_2,0,5211843,1,1,2,1800,1800,58.59375,58.59375,100,100,1,6,4,5213709.5,0,0.30303030303030304,0.30303030303030304,0.60606060606060608,True,correct,correct;low_confidence;temporal_regime,DECISION-TIME
dc17bb085f02210431f6b409,fold_2,0,5212016,1,1,1,600,600,29.296875,29.296875,100,100,1,1,1,5212061,0,0.21045576407506703,0.21045576407506703,0.42091152815013411,True,correct,correct;high_confidence;temporal_regime,DECISION-TIME
8014bcb4b111095efc31dffa,fold_2,0,5212803,1,1,1,600,600,29.296875,29.296875,10,10,1,2,2,5213741,0,0.21045576407506703,0.21045576407506703,0.42091152815013411,True,correct,correct;high_confidence;temporal_regime,DECISION-TIME
af7dfb5c907ad3496a0b0e14,fold_2,0,5213053,1,1,1,600,600,29.296875,29.296875,50,50,1,1,1,5213068,0,0.21045576407506703,0.21045576407506703,0.42091152815013411,True,correct,correct;high_confidence;temporal_regime,DECISION-TIME
5b07c8805729e61fe6e8cf50,fold_2,0,5213055,1,1,1,600,600,29.296875,29.296875,100,100,1,1,1,5213058,0,0.21045576407506703,0.21045576407506703,0.42091152815013411,True,correct,correct;high_confidence;temporal_regime,DECISION-TIME
112c0137f7177d2ff907980d,fold_2,0,5213689,1,1,1,1200,1200,29.296875,29.296875,100,100,1,1,1,5213698,0,0.11956521739130435,0.11956521739130435,0.23913043478260865,True,correct,correct;high_confidence;temporal_regime,DECISION-TIME
3aaf4071499a5db85acbdfb9,fold_2,0,5214548,1,1,1,600,600,29.296875,29.296875,100,100,1,1,1,5214553,0,0.21045576407506703,0.21045576407506703,0.42091152815013411,True,correct,correct;high_confidence;temporal_regime,DECISION-TIME
afeff4ba02e3e9f777be6a24,fold_2,0,5214600,1,1,1,100,100,1.97265625,1.97265625,,,0,1,1,5214603,0,0.050000000000000003,0.050000000000000003,0.099999999999999978,True,correct,correct;high_confidence;temporal_regime;feature_missingness,DECISION-TIME
e088cec1f9d237685b30c50a,fold_2,0,5214602,1,1,1,600,600,29.296875,29.296875,100,100,1,1,1,5214605,0,0.21045576407506703,0.21045576407506703,0.42091152815013411,True,correct,correct;high_confidence;temporal_regime,DECISION-TIME
fa3ec6b15e3b9ef351af3196,fold_2,0,5215048,2,2,2,600,600,29.296875,29.296875,25,25,1,2,2,5215058,0,0.21045576407506703,0.21045576407506703,0.42091152815013411,True,correct,correct;high_confidence;temporal_regime,DECISION-TIME
ff44de055173df9338dbd7b6,fold_2,0,5215209,1,1,1,600,600,29.296875,29.296875,100,100,1,1,1,5215212,0,0.21045576407506703,0.21045576407506703,0.42091152815013411,True,correct,correct;high_confidence;temporal_regime,DECISION-TIME
ae1c892b4bd4facad3c5a332,fold_2,0,5215674,1,1,1,1800,1800,58.59375,58.59375,100,100,1,1,1,5215687,0,0.30303030303030304,0.30303030303030304,0.60606060606060608,True,correct,correct;low_confidence;temporal_regime,DECISION-TIME
9d4f4a152c491f0e23e14138,fold_2,0,5216760,1,1,1,600,600,29.296875,29.296875,100,100,1,1,1,5216763,0,0.21045576407506703,0.21045576407506703,0.42091152815013411,True,correct,correct;high_confidence;temporal_regime,DECISION-TIME
300d43827d1192111f5ccfcf,fold_2,0,5216854,1,1,1,100,100,29.296875,29.296875,100,100,1,1,1,5216968,0,0.21045576407506703,0.21045576407506703,0.42091152815013411,True,correct,correct;high_confidence;temporal_regime,DECISION-TIME
15d27d7fe4361f64a66b8f4d,fold_2,0,5216902,1,1,10,50,50,29.296875,29.296875,100,100,1,10,6,5216905.2000000002,0,0.21045576407506703,0.21045576407506703,0.42091152815013411,True,correct,correct;high_confidence;temporal_regime,DECISION-TIME
67e19976c6917f51c0b6c093,fold_2,1,5216929,1,1,8,1800,1800,58.59375,58.59375,100,100,1,7,7,5216933,0,0.30303030303030304,0.30303030303030304,0.60606060606060608,False,low_confidence_error,false_negative;low_confidence;temporal_regime,DECISION-TIME
51e8844a25a959b8e74221f9,fold_2,0,5217938,1,1,10,50,50,29.296875,29.296875,100,100,1,10,5,5217941,0,0.21045576407506703,0.21045576407506703,0.42091152815013411,True,correct,correct;high_confidence;temporal_regime,DECISION-TIME
e588e07bab3e3dfa99250829,fold_2,1,5218224,1,1,1,600,600,29.296875,29.296875,100,100,1,1,1,5218238,0,0.21045576407506703,0.21045576407506703,0.42091152815013411,False,high_confidence_error,false_negative;high_confidence;temporal_regime,DECISION-TIME
9adc4dbb87b0e3c25e2378e9,fold_2,1,5218225,1,1,1,600,600,29.296875,29.296875,100,100,1,1,1,5218238,0,0.21045576407506703,0.21045576407506703,0.42091152815013411,False,high_confidence_error,false_negative;high_confidence;temporal_regime,DECISION-TIME
1b515c528d4661c4a4cf66cc,fold_2,0,5218301,1,1,1,600,600,29.296875,29.296875,100,100,1,1,1,5218304,0,0.21045576407506703,0.21045576407506703,0.42091152815013411,True,correct,correct;high_confidence;temporal_regime,DECISION-TIME
f51c0a5ce44c0b95dbc321a3,fold_2,1,5218557,1,1,1,600,600,29.296875,29.296875,100,100,1,1,1,5218568,0,0.21045576407506703,0.21045576407506703,0.42091152815013411,False,high_confidence_error,false_negative;high_confidence;temporal_regime,DECISION-TIME
a8627bf6ae236d49016aa739,fold_2,0,5218980,1,1,1,100,100,29.296875,29.296875,100,100,1,2,2,5219255,0,0.21045576407506703,0.21045576407506703,0.42091152815013411,True,correct,correct;high_confidence;temporal_regime,DECISION-TIME
5a1078a918821085b50e54e4,fold_2,0,5219082,1,1,1,600,600,29.296875,29.296875,100,100,1,1,1,5219092,0,0.21045576407506703,0.21045576407506703,0.42091152815013411,True,correct,correct;high_confidence;temporal_regime,DECISION-TIME
366a5ca531016880000eca5f,fold_2,0,5219219,1,1,1,600,600,29.296875,29.296875,25,25,1,1,1,5219222,0,0.21045576407506703,0.21045576407506703,0.42091152815013411,True,correct,correct;high_confidence;temporal_regime,DECISION-TIME
b79c1c648a3b0a3738101503,fold_2,0,5219678,1,1,1,600,600,29.296875,29.296875,25,25,1,1,1,5219684,0,0.21045576407506703,0.21045576407506703,0.42091152815013411,True,correct,correct;high_confidence;temporal_regime,DECISION-TIME
182811dd9cbb51ddc998890a,fold_2,0,5220099,2,2,2,600,600,19.53125,19.53125,25,25,1,2,2,5220105.5,0,0.11956521739130435,0.11956521739130435,0.23913043478260865,True,correct,correct;high_confidence;temporal_regime,DECISION-TIME
2e9fa1295d4d8f7896679547,fold_2,1,5221510,1,1,1,600,600,29.296875,29.296875,100,100,1,1,1,5221524,0,0.21045576407506703,0.21045576407506703,0.42091152815013411,False,high_confidence_error,false_negative;high_confidence;temporal_regime,DECISION-TIME
b7bdbadf73ae0b1abbf840ee,fold_2,0,5221771,2,2,11,350,600,51.25,100.5,25,25,1,11,7,5221776.8181818184,0,0.33333333333333331,0.33333333333333331,0.66666666666666663,True,correct,correct;low_confidence;temporal_regime,DECISION-TIME
081e05ccca2eb158e25c5dfb,fold_2,0,5223833,1,1,1,600,600,29.296875,29.296875,100,100,1,1,1,5223836,0,0.21045576407506703,0.21045576407506703,0.42091152815013411,True,correct,correct;high_confidence;temporal_regime,DECISION-TIME
efdc61378923550e0cae44ae,fold_2,0,5224426,1,1,1,600,600,29.296875,29.296875,100,100,1,1,1,5224435,0,0.21045576407506703,0.21045576407506703,0.42091152815013411,True,correct,correct;high_confidence;temporal_regime,DECISION-TIME
49cd2c6f8c690f5eac07bbf6,fold_2,0,5224831,1,1,1,600,600,29.296875,29.296875,100,100,1,1,1,5224836,0,0.21045576407506703,0.21045576407506703,0.42091152815013411,True,correct,correct;high_confidence;temporal_regime,DECISION-TIME
ae6a7b83551f26d2458567cf,fold_2,1,5225050,1,1,1,600,600,29.296875,29.296875,100,100,1,1,1,5225057,0,0.21045576407506703,0.21045576407506703,0.42091152815013411,False,high_confidence_error,false_negative;high_confidence;temporal_regime,DECISION-TIME
d1f02e325b0a551e7e1c0e8a,fold_2,1,5225050,1,1,1,600,600,29.296875,29.296875,100,100,1,1,1,5225057,0,0.21045576407506703,0.21045576407506703,0.42091152815013411,False,high_confidence_error,false_negative;high_confidence;temporal_regime,DECISION-TIME
4d62d97038c57d7c729bf437,fold_2,0,5226275,1,1,1,1800,1800,58.59375,58.59375,100,100,1,1,1,5226642,0,0.30303030303030304,0.30303030303030304,0.60606060606060608,True,correct,correct;low_confidence;temporal_regime,DECISION-TIME
d55650b30b616f0722531176,fold_2,0,5226524,1,1,10,50,50,29.296875,29.296875,100,100,1,10,9,5226610,0,0.21045576407506703,0.21045576407506703,0.42091152815013411,True,correct,correct;high_confidence;temporal_regime,DECISION-TIME
ecefe1adf0b95181e0662856,fold_2,0,5226527,1,1,1,20,20,29.296875,29.296875,10,10,1,1,1,5226534,0,0.30303030303030304,0.30303030303030304,0.60606060606060608,True,correct,correct;low_confidence;temporal_regime,DECISION-TIME
772258060387edeff32a552a,fold_2,0,5226579,1,1,1,20,20,29.296875,29.296875,10,10,1,1,1,5226585,0,0.30303030303030304,0.30303030303030304,0.60606060606060608,True,correct,correct;low_confidence;temporal_regime,DECISION-TIME
2a678d34c11648ba2d50188c,fold_2,1,5226582,1,1,1,1200,1200,29.296875,29.296875,100,100,1,3,2,5227038,0,0.21045576407506703,0.21045576407506703,0.42091152815013411,False,high_confidence_error,false_negative;high_confidence;temporal_regime,DECISION-TIME
3652242576468aa514785a3e,fold_2,0,5227263,1,1,1,600,600,29.296875,29.296875,100,100,1,1,1,5227270,0,0.21045576407506703,0.21045576407506703,0.42091152815013411,True,correct,correct;high_confidence;temporal_regime,DECISION-TIME
05439190801bd7d0c8a5792a,fold_2,0,5227307,1,1,1,600,600,29.296875,29.296875,100,100,1,1,1,5227410,0,0.21045576407506703,0.21045576407506703,0.42091152815013411,True,correct,correct;high_confidence;temporal_regime,DECISION-TIME
fc1d8ce9abab7a88e550f3a2,fold_2,0,5227576,1,1,1,600,600,29.296875,29.296875,100,100,1,1,1,5227588,0,0.21045576407506703,0.21045576407506703,0.42091152815013411,True,correct,correct;high_confidence;temporal_regime,DECISION-TIME
5aaff4a1722f4b461a8cd386,fold_2,1,5227943,1,1,1,600,600,29.296875,29.296875,100,100,1,3,2,5228398,0,0.21045576407506703,0.21045576407506703,0.42091152815013411,False,high_confidence_error,false_negative;high_confidence;temporal_regime,DECISION-TIME
9319051ec470a78dcbe1a945,fold_2,0,5227980,2,2,51,600,600,29.296875,39.0625,100,100,1,53,45,5228030.8039215682,0,0.21045576407506703,0.21045576407506703,0.42091152815013411,True,correct,correct;high_confidence;temporal_regime,DECISION-TIME
1ff8d8612c193ba07665b2e2,fold_2,0,5229250,2,2,20,500,600,12.20703125,14.6484375,25,25,1,20,15,5229263.3499999996,0,0.11956521739130435,0.11956521739130435,0.23913043478260865,True,correct,correct;high_confidence;temporal_regime,DECISION-TIME
b9f1704af9ee45a07e1c1a55,fold_2,0,5229261,1,1,1,600,600,29.296875,29.296875,100,100,1,1,1,5229306,0,0.21045576407506703,0.21045576407506703,0.42091152815013411,True,correct,correct;high_confidence;temporal_regime,DECISION-TIME
b8597cd7e4f3203378cf2070,fold_2,0,5229386,2,2,51,350,600,5.37109375,9.765625,100,100,1,53,33,5230175.4705882352,0,0.11956521739130435,0.11956521739130435,0.23913043478260865,True,correct,correct;high_confidence;temporal_regime,DECISION-TIME
9bc3fb3777f24bf8cc1c691b,fold_2,1,5229878,1,1,1,600,600,29.296875,29.296875,100,100,1,1,1,5229890,0,0.21045576407506703,0.21045576407506703,0.42091152815013411,False,high_confidence_error,false_negative;high_confidence;temporal_regime,DECISION-TIME
084906dbcc23b67e8641e27b,fold_2,0,5230731,1,1,1,600,600,29.296875,29.296875,100,100,1,1,1,5230830,0,0.21045576407506703,0.21045576407506703,0.42091152815013411,True,correct,correct;high_confidence;temporal_regime,DECISION-TIME
ad767a146d51feb88bb4f6a7,fold_2,1,5231161,1,1,1,600,600,29.296875,29.296875,100,100,1,1,1,5231201,0,0.21045576407506703,0.21045576407506703,0.42091152815013411,False,high_confidence_error,false_negative;high_confidence;temporal_regime,DECISION-TIME
cdfbb555069efa67ab64c437,fold_2,0,5231345,1,1,1,600,600,29.296875,29.296875,100,100,1,1,1,5231356,0,0.21045576407506703,0.21045576407506703,0.42091152815013411,True,correct,correct;high_confidence;temporal_regime,DECISION-TIME
5df846a50e53fb19bf713684,fold_2,0,5232855,1,1,1,200,200,3.92578125,3.92578125,,,0,1,1,5232858,0,0.050000000000000003,0.050000000000000003,0.099999999999999978,True,correct,correct;high_confidence;temporal_regime;feature_missingness,DECISION-TIME
af75b59fd5f00a010765ce67,fold_2,0,5233917,1,1,1,600,600,29.296875,29.296875,100,100,1,3,2,5234404,0,0.21045576407506703,0.21045576407506703,0.42091152815013411,True,correct,correct;high_confidence;temporal_regime,DECISION-TIME
71cde3f20677b05713eb38e5,fold_2,0,5234269,2,2,11,350,600,2,2,25,25,1,11,6,5234274.6363636367,0,0.11956521739130435,0.11956521739130435,0.23913043478260865,True,correct,correct;high_confidence;temporal_regime,DECISION-TIME
32394dd881bc657f552b4c5f,fold_2,1,5234570,1,1,1,1800,1800,292.96875,292.96875,400,400,1,1,1,5234576,1,1,1,0,True,correct,correct;high_confidence;temporal_regime,DECISION-TIME
e1ab0530883335921803e78d,fold_2,1,5237441,1,1,1,100,100,29.296875,29.296875,100,100,1,1,1,5237556,0,0.21045576407506703,0.21045576407506703,0.42091152815013411,False,high_confidence_error,false_negative;high_confidence;temporal_regime,DECISION-TIME
f6517ce867c70df2108592f0,fold_2,0,5238058,1,1,1,600,600,29.296875,29.296875,100,100,1,1,1,5238066,0,0.21045576407506703,0.21045576407506703,0.42091152815013411,True,correct,correct;high_confidence;temporal_regime,DECISION-TIME
eac4a82aa3d65e86e07e9ff8,fold_2,0,5239757,1,1,1,600,600,29.296875,29.296875,100,100,1,1,1,5239763,0,0.21045576407506703,0.21045576407506703,0.42091152815013411,True,correct,correct;high_confidence;temporal_regime,DECISION-TIME
d81b383a1512484fcc261c4b,fold_2,0,5241761,1,1,1,600,600,29.296875,29.296875,100,100,1,1,1,5241771,0,0.21045576407506703,0.21045576407506703,0.42091152815013411,True,correct,correct;high_confidence;temporal_regime,DECISION-TIME
ffb6d614c8869f5d07996fe1,fold_2,0,5241873,1,1,50,800,800,29.296875,29.296875,50,50,1,50,34,5241876.1200000001,0,0.21045576407506703,0.21045576407506703,0.42091152815013411,True,correct,correct;high_confidence;temporal_regime,DECISION-TIME
b53bc3d17a584f57549af759,fold_2,0,5242099,1,1,1,100,100,29.296875,29.296875,100,100,1,3,2,5242554,0,0.21045576407506703,0.21045576407506703,0.42091152815013411,True,correct,correct;high_confidence;temporal_regime,DECISION-TIME
1e326a94347fd1d8da80437f,fold_2,0,5242288,1,1,1,100,100,29.296875,29.296875,100,100,1,3,2,5242772,0,0.21045576407506703,0.21045576407506703,0.42091152815013411,True,correct,correct;high_confidence;temporal_regime,DECISION-TIME
37f372c886134721a8742ad9,fold_2,0,5242594,1,1,1,600,600,29.296875,29.296875,10,10,1,1,1,5242606,0,0.21045576407506703,0.21045576407506703,0.42091152815013411,True,correct,correct;high_confidence;temporal_regime,DECISION-TIME
c9118e19ed1dd64d8013d6f2,fold_2,0,5243141,1,1,1,100,100,29.296875,29.296875,25,25,1,1,1,5243149,0,0.23333333333333334,0.23333333333333334,0.46666666666666667,True,correct,correct;high_confidence;temporal_regime,DECISION-TIME
bebd87fb8b3d8237888cbb7c,fold_2,0,5243158,1,1,1,100,100,29.296875,29.296875,25,25,1,1,1,5243170,0,0.23333333333333334,0.23333333333333334,0.46666666666666667,True,correct,correct;high_confidence;temporal_regime,DECISION-TIME
4550001ed7fb6c8187d9fdb4,fold_2,0,5243181,1,1,1,100,100,29.296875,29.296875,25,25,1,1,1,5243191,0,0.23333333333333334,0.23333333333333334,0.46666666666666667,True,correct,correct;high_confidence;temporal_regime,DECISION-TIME
e68d0505bf6973d9eab4839f,fold_2,0,5243246,1,1,1,100,100,29.296875,29.296875,25,25,1,1,1,5243261,0,0.23333333333333334,0.23333333333333334,0.46666666666666667,True,correct,correct;high_confidence;temporal_regime,DECISION-TIME
653c62402cbafd376f19dbc5,fold_2,0,5243279,1,1,1,100,100,29.296875,29.296875,25,25,1,1,1,5243289,0,0.23333333333333334,0.23333333333333334,0.46666666666666667,True,correct,correct;high_confidence;temporal_regime,DECISION-TIME
581041c260307e7f6fde3f93,fold_2,0,5243462,1,1,1,1800,1800,58.59375,58.59375,100,100,1,1,1,5243465,0,0.30303030303030304,0.30303030303030304,0.60606060606060608,True,correct,correct;low_confidence;temporal_regime,DECISION-TIME
e28ea49322ae255ed28b134f,fold_2,0,5244539,1,1,1,600,600,29.296875,29.296875,50,50,1,1,1,5244547,0,0.21045576407506703,0.21045576407506703,0.42091152815013411,True,correct,correct;high_confidence;temporal_regime,DECISION-TIME
ba3d84831cc679812d0c904c,fold_2,0,5245177,1,1,1,600,600,29.296875,29.296875,200,200,1,1,1,5245190,0,0.11956521739130435,0.11956521739130435,0.23913043478260865,True,correct,correct;high_confidence;temporal_regime,DECISION-TIME
2de2ed33ecd49fd4618dd47a,fold_2,0,5245262,2,2,5,700,800,23.4375,39.0625,100,100,1,8,4,5245453.2000000002,0,0.11956521739130435,0.11956521739130435,0.23913043478260865,True,correct,correct;high_confidence;temporal_regime,DECISION-TIME
51316abf9e985c6c4e498cc2,fold_2,0,5245536,1,1,1,600,600,29.296875,29.296875,200,200,1,1,1,5245542,0,0.11956521739130435,0.11956521739130435,0.23913043478260865,True,correct,correct;high_confidence;temporal_regime,DECISION-TIME
366b0f4303128267639bb661,fold_2,0,5245779,1,1,1,600,600,29.296875,29.296875,25,25,1,1,1,5245783,0,0.21045576407506703,0.21045576407506703,0.42091152815013411,True,correct,correct;high_confidence;temporal_regime,DECISION-TIME
9dd084ed378d275ec64885e8,fold_2,0,5246819,1,1,1,600,600,29.296875,29.296875,25,25,1,1,1,5246830,0,0.21045576407506703,0.21045576407506703,0.42091152815013411,True,correct,correct;high_confidence;temporal_regime,DECISION-TIME
dd07fcdd5db8b0771dfcdb39,fold_2,0,5247230,2,2,11,8,8,0.9765625,0.9765625,,,0,11,11,5247233.9090909092,0,0.050000000000000003,0.050000000000000003,0.099999999999999978,True,correct,correct;high_confidence;temporal_regime;feature_missingness,DECISION-TIME
b80fbf2650e7c1f120cea9c8,fold_2,0,5247426,2,2,12,600,600,29.296875,39.0625,25,25,1,12,6,5247443.583333333,0,0.21045576407506703,0.21045576407506703,0.42091152815013411,True,correct,correct;high_confidence;temporal_regime,DECISION-TIME
324e58346b326e5e1531ebb8,fold_2,0,5247992,2,2,22,400,600,29.296875,29.296875,25,25,1,22,12,5248004.8181818184,0,0.11956521739130435,0.11956521739130435,0.23913043478260865,True,correct,correct;high_confidence;temporal_regime,DECISION-TIME
e271e00086c65ac8072f1a89,fold_2,0,5248304,1,1,1,100,100,29.296875,29.296875,100,100,1,3,2,5248761,0,0.21045576407506703,0.21045576407506703,0.42091152815013411,True,correct,correct;high_confidence;temporal_regime,DECISION-TIME
63e700085d6a0f5a0de85df6,fold_2,0,5248548,1,1,1,600,600,29.296875,29.296875,25,25,1,3,2,5249003,0,0.21045576407506703,0.21045576407506703,0.42091152815013411,True,correct,correct;high_confidence;temporal_regime,DECISION-TIME
abb8c4994625b75945bb8292,fold_2,1,5248579,1,1,1,600,600,29.296875,29.296875,100,100,1,1,1,5248627,0,0.21045576407506703,0.21045576407506703,0.42091152815013411,False,high_confidence_error,false_negative;high_confidence;temporal_regime,DECISION-TIME
6923dcae26f2d5a625b8c8a9,fold_2,0,5249323,1,1,1,600,600,29.296875,29.296875,25,25,1,1,1,5249330,0,0.21045576407506703,0.21045576407506703,0.42091152815013411,True,correct,correct;high_confidence;temporal_regime,DECISION-TIME
645f10f33a3d9234c910aabd,fold_2,1,5250056,1,1,1,600,600,29.296875,29.296875,10,10,1,1,1,5250064,0,0.21045576407506703,0.21045576407506703,0.42091152815013411,False,high_confidence_error,false_negative;high_confidence;temporal_regime,DECISION-TIME
74d08ec75337b937997924e8,fold_2,1,5250094,1,1,1,600,600,29.296875,29.296875,10,10,1,1,1,5250105,0,0.21045576407506703,0.21045576407506703,0.42091152815013411,False,high_confidence_error,false_negative;high_confidence;temporal_regime,DECISION-TIME
2391917321f837ed488df56f,fold_2,1,5250191,1,1,1,600,600,29.296875,29.296875,10,10,1,1,1,5250195,0,0.21045576407506703,0.21045576407506703,0.42091152815013411,False,high_confidence_error,false_negative;high_confidence;temporal_regime,DECISION-TIME
1c07d07522c30741899f058c,fold_2,0,5250669,1,1,1,600,600,29.296875,29.296875,100,100,1,1,1,5250682,0,0.21045576407506703,0.21045576407506703,0.42091152815013411,True,correct,correct;high_confidence;temporal_regime,DECISION-TIME
927df5a3af58e1b8c1d05276,fold_2,0,5251617,1,1,1,600,600,29.296875,29.296875,100,100,1,1,1,5251620,0,0.21045576407506703,0.21045576407506703,0.42091152815013411,True,correct,correct;high_confidence;temporal_regime,DECISION-TIME
9269e34017343e2253875414,fold_2,1,5252170,1,1,1,100,100,29.296875,29.296875,100,100,1,3,2,5252625,0,0.21045576407506703,0.21045576407506703,0.42091152815013411,False,high_confidence_error,false_negative;high_confidence;temporal_regime,DECISION-TIME
c9ce064890d1837345476523,fold_2,1,5253320,1,1,1,100,100,29.296875,29.296875,100,100,1,3,2,5253778,0,0.21045576407506703,0.21045576407506703,0.42091152815013411,False,high_confidence_error,false_negative;high_confidence;temporal_regime,DECISION-TIME
e0d1b0a1c78160ef9df927bb,fold_2,0,5253372,1,1,1,100,100,29.296875,29.296875,100,100,1,3,2,5253827,0,0.21045576407506703,0.21045576407506703,0.42091152815013411,True,correct,correct;high_confidence;temporal_regime,DECISION-TIME
14516865b22f6017ad28315b,fold_2,0,5254268,1,1,1,100,100,29.296875,29.296875,100,100,1,1,1,5254271,0,0.21045576407506703,0.21045576407506703,0.42091152815013411,True,correct,correct;high_confidence;temporal_regime,DECISION-TIME
cb06a37223b911ac0066d8c4,fold_2,0,5255208,2,2,24,350,600,2,2,25,25,1,28,7,5255218.2142857146,0,0.11956521739130435,0.11956521739130435,0.23913043478260865,True,correct,correct;high_confidence;temporal_regime,DECISION-TIME
18b41051200115bcd02b6c97,fold_2,0,5255250,2,2,26,350,600,2,2,25,25,1,26,5,5255256,0,0.050000000000000003,0.050000000000000003,0.099999999999999978,True,correct,correct;high_confidence;temporal_regime,DECISION-TIME
cbca0edfe37217ee694996e7,fold_2,0,5255753,2,2,31,350,600,2,2,25,25,1,31,12,5258508.3870967738,0,0.11956521739130435,0.11956521739130435,0.23913043478260865,True,correct,correct;high_confidence;temporal_regime,DECISION-TIME
98c24fa963a27cedd72453e1,fold_2,0,5256144,1,1,1,600,600,29.296875,29.296875,100,100,1,3,2,5257232,0,0.21045576407506703,0.21045576407506703,0.42091152815013411,True,correct,correct;high_confidence;temporal_regime,DECISION-TIME
fd5b9e7fa53e9175489bc20b,fold_2,0,5256302,1,1,1,100,100,29.296875,29.296875,100,100,1,3,2,5256759,0,0.21045576407506703,0.21045576407506703,0.42091152815013411,True,correct,correct;high_confidence;temporal_regime,DECISION-TIME
2786b651521d3a67583a5e92,fold_2,0,5256568,1,1,1,600,600,29.296875,29.296875,100,100,1,1,1,5256573,0,0.21045576407506703,0.21045576407506703,0.42091152815013411,True,correct,correct;high_confidence;temporal_regime,DECISION-TIME
0a51142a5942ab19e30e9a48,fold_2,0,5256663,1,1,1,600,600,29.296875,29.296875,100,100,1,1,1,5256666,0,0.21045576407506703,0.21045576407506703,0.42091152815013411,True,correct,correct;high_confidence;temporal_regime,DECISION-TIME
5f1c52475811de4ccfcdaabb,fold_2,0,5256767,1,1,1,800,800,29.296875,29.296875,50,50,1,3,2,5257226,0,0.21045576407506703,0.21045576407506703,0.42091152815013411,True,correct,correct;high_confidence;temporal_regime,DECISION-TIME
4b14332bec188c1b97925781,fold_2,0,5258231,2,2,24,600,600,9.765625,9.765625,50,50,1,24,18,5258242.125,0,0.11956521739130435,0.11956521739130435,0.23913043478260865,True,correct,correct;high_confidence;temporal_regime,DECISION-TIME
6a89a9659ab996ee4fea44fb,fold_2,0,5258496,1,1,1,600,600,29.296875,29.296875,10,10,1,1,1,5258500,0,0.21045576407506703,0.21045576407506703,0.42091152815013411,True,correct,correct;high_confidence;temporal_regime,DECISION-TIME
260dd9f7aeafcd75bff4a460,fold_2,0,5258874,1,1,1,1800,1800,58.59375,58.59375,100,100,1,1,1,5258884,0,0.30303030303030304,0.30303030303030304,0.60606060606060608,True,correct,correct;low_confidence;temporal_regime,DECISION-TIME
f04f7488860cefd875afa897,fold_2,0,5259139,1,1,1,600,600,29.296875,29.296875,50,50,1,1,1,5259145,0,0.21045576407506703,0.21045576407506703,0.42091152815013411,True,correct,correct;high_confidence;temporal_regime,DECISION-TIME
492f05f7e518968ddc8601d8,fold_2,0,5261313,1,1,1,100,100,29.296875,29.296875,100,100,1,1,1,5261432,0,0.21045576407506703,0.21045576407506703,0.42091152815013411,True,correct,correct;high_confidence;temporal_regime,DECISION-TIME
fe5741235cf035f451e53aa8,fold_2,0,5261691,1,1,1,600,600,29.296875,29.296875,100,100,1,1,1,5261700,0,0.21045576407506703,0.21045576407506703,0.42091152815013411,True,correct,correct;high_confidence;temporal_regime,DECISION-TIME
9f779859dd48e48d3956f184,fold_2,0,5263851,1,1,1,600,600,29.296875,29.296875,10,10,1,1,1,5263859,0,0.21045576407506703,0.21045576407506703,0.42091152815013411,True,correct,correct;high_confidence;temporal_regime,DECISION-TIME
9e9a577dd69ffa2135a2cec7,fold_2,0,5263867,1,1,1,600,600,29.296875,29.296875,10,10,1,1,1,5263880,0,0.21045576407506703,0.21045576407506703,0.42091152815013411,True,correct,correct;high_confidence;temporal_regime,DECISION-TIME
ef71efcf770f60b41fa09f84,fold_2,0,5263916,1,1,1,600,600,29.296875,29.296875,10,10,1,1,1,5263930,0,0.21045576407506703,0.21045576407506703,0.42091152815013411,True,correct,correct;high_confidence;temporal_regime,DECISION-TIME
5001fe2df24fe1dc0df74953,fold_2,0,5263923,1,1,1,600,600,29.296875,29.296875,10,10,1,1,1,5263963,0,0.21045576407506703,0.21045576407506703,0.42091152815013411,True,correct,correct;high_confidence;temporal_regime,DECISION-TIME
6e675d28678b1dd8340b9f1a,fold_2,0,5263951,1,1,1,600,600,29.296875,29.296875,10,10,1,1,1,5263991,0,0.21045576407506703,0.21045576407506703,0.42091152815013411,True,correct,correct;high_confidence;temporal_regime,DECISION-TIME
4136d84cee80a08dacc308fe,fold_2,0,5263993,1,1,1,600,600,29.296875,29.296875,10,10,1,1,1,5264033,0,0.21045576407506703,0.21045576407506703,0.42091152815013411,True,correct,correct;high_confidence;temporal_regime,DECISION-TIME
1bda3b9556af426d9c189a92,fold_2,0,5264849,1,1,4,1800,1800,58.59375,58.59375,100,100,1,4,4,5264857.75,0,0.30303030303030304,0.30303030303030304,0.60606060606060608,True,correct,correct;low_confidence;temporal_regime,DECISION-TIME
af10ede00196bb536a565763,fold_2,1,5264857,2,2,23,600,600,15.625,19.53125,25,25,1,33,28,5265141.6363636367,0,0.30303030303030304,0.30303030303030304,0.60606060606060608,False,low_confidence_error,false_negative;low_confidence;temporal_regime,DECISION-TIME
02ae6f0d3c52d30dbdf6fe75,fold_2,0,5264864,2,2,51,350,600,8.30078125,15.625,100,100,1,51,36,5264879.0784313725,0,0.11956521739130435,0.11956521739130435,0.23913043478260865,True,correct,correct;high_confidence;temporal_regime,DECISION-TIME
d568aebb60f1c7c23ab84497,fold_2,0,5264888,1,1,1,600,600,29.296875,29.296875,10,10,1,1,1,5264898,0,0.21045576407506703,0.21045576407506703,0.42091152815013411,True,correct,correct;high_confidence;temporal_regime,DECISION-TIME
20124953c07591e0bd6c53b1,fold_2,0,5265459,1,1,1,800,800,29.296875,29.296875,50,50,1,1,1,5265462,0,0.21045576407506703,0.21045576407506703,0.42091152815013411,True,correct,correct;high_confidence;temporal_regime,DECISION-TIME
4b797d399a7eb629fbb6cb6d,fold_2,0,5265799,2,2,11,600,600,29.296875,29.296875,25,25,1,11,8,5265813,0,0.21045576407506703,0.21045576407506703,0.42091152815013411,True,correct,correct;high_confidence;temporal_regime,DECISION-TIME
cbaaec9832d1e29f7573f2f1,fold_2,0,5265965,2,2,6,500,600,2.9296875,3.90625,100,100,1,6,5,5265973.666666667,0,0.11956521739130435,0.11956521739130435,0.23913043478260865,True,correct,correct;high_confidence;temporal_regime,DECISION-TIME
f3e6bd7e98b2eb0b86373e39,fold_2,0,5266194,1,1,1,100,100,29.296875,29.296875,100,100,1,1,1,5266292,0,0.21045576407506703,0.21045576407506703,0.42091152815013411,True,correct,correct;high_confidence;temporal_regime,DECISION-TIME
1df7a569a3e561f33ec2d1b9,fold_2,1,5266274,1,1,1,100,100,29.296875,29.296875,100,100,1,1,1,5266382,0,0.21045576407506703,0.21045576407506703,0.42091152815013411,False,high_confidence_error,false_negative;high_confidence;temporal_regime,DECISION-TIME
ea5b636d1d321b84b15cb44a,fold_2,0,5266619,1,1,1,20,20,29.296875,29.296875,5,5,1,1,1,5266630,0,0.30303030303030304,0.30303030303030304,0.60606060606060608,True,correct,correct;low_confidence;temporal_regime,DECISION-TIME
ad443b0521827276eda1618f,fold_2,0,5266631,1,1,1,20,20,29.296875,29.296875,5,5,1,1,1,5266640,0,0.30303030303030304,0.30303030303030304,0.60606060606060608,True,correct,correct;low_confidence;temporal_regime,DECISION-TIME
bfe8a6b940e2cf8cddae317c,fold_2,0,5266631,1,1,1,20,20,29.296875,29.296875,5,5,1,1,1,5266639,0,0.30303030303030304,0.30303030303030304,0.60606060606060608,True,correct,correct;low_confidence;temporal_regime,DECISION-TIME
37dce1a3f5d27152ce5a5308,fold_2,1,5267557,1,1,1,100,100,29.296875,29.296875,100,100,1,1,1,5267671,0,0.21045576407506703,0.21045576407506703,0.42091152815013411,False,high_confidence_error,false_negative;high_confidence;temporal_regime,DECISION-TIME
0c5c50ed7e9f8f4f79b02fc0,fold_2,0,5267658,2,2,8,600,600,15.625,19.53125,25,25,1,8,5,5267664,0,0.11956521739130435,0.11956521739130435,0.23913043478260865,True,correct,correct;high_confidence;temporal_regime,DECISION-TIME
bbbd1716a31698904d27fd50,fold_2,0,5268128,1,1,1,600,600,29.296875,29.296875,25,25,1,1,1,5268139,0,0.21045576407506703,0.21045576407506703,0.42091152815013411,True,correct,correct;high_confidence;temporal_regime,DECISION-TIME
9b4e201d298e5d6d6aed7fe8,fold_2,0,5268625,1,1,1,1000,1000,19.55078125,19.55078125,50,50,1,1,1,5268629,0,0.11956521739130435,0.11956521739130435,0.23913043478260865,True,correct,correct;high_confidence;temporal_regime,DECISION-TIME
d1ba741431abbad58a30c119,fold_2,0,5269833,1,1,1,1800,1800,58.59375,58.59375,100,100,1,1,1,5269839,0,0.30303030303030304,0.30303030303030304,0.60606060606060608,True,correct,correct;low_confidence;temporal_regime,DECISION-TIME
df166bf131040c62312ed748,fold_2,0,5272959,2,2,55,325,600,73.2421875,97.65625,25,25,1,55,26,5274243.3636363633,0,0.33333333333333331,0.33333333333333331,0.66666666666666663,True,correct,correct;low_confidence;temporal_regime,DECISION-TIME
c34a8f24749c466cae957995,fold_2,0,5273285,2,2,55,600,600,19.53125,29.296875,25,25,1,55,11,5273295.4727272727,0,0.11956521739130435,0.11956521739130435,0.23913043478260865,True,correct,correct;high_confidence;temporal_regime,DECISION-TIME
76798b8f9c73f4440a7c35ae,fold_2,0,5273968,1,1,1,100,100,29.296875,29.296875,100,100,1,3,2,5274424,0,0.21045576407506703,0.21045576407506703,0.42091152815013411,True,correct,correct;high_confidence;temporal_regime,DECISION-TIME
0571237233097659d672dc05,fold_2,0,5274040,1,1,1,600,600,29.296875,29.296875,25,25,1,1,1,5274046,0,0.21045576407506703,0.21045576407506703,0.42091152815013411,True,correct,correct;high_confidence;temporal_regime,DECISION-TIME
0c6848116f7410a52097ab07,fold_2,0,5274102,2,2,2,600,600,2.9296875,2.9296875,100,100,1,3,3,5275058,0,0.11956521739130435,0.11956521739130435,0.23913043478260865,True,correct,correct;high_confidence;temporal_regime,DECISION-TIME
8440bdc2ef7226cfc8c415b9,fold_2,1,5274802,1,1,1,600,600,29.296875,29.296875,200,200,1,1,1,5274804,0,0.11956521739130435,0.11956521739130435,0.23913043478260865,False,high_confidence_error,false_negative;high_confidence;temporal_regime,DECISION-TIME
0228cd9c77120031137e08f9,fold_2,0,5275611,1,1,1,600,600,29.296875,29.296875,25,25,1,3,2,5276069,0,0.23333333333333334,0.23333333333333334,0.46666666666666667,True,correct,correct;high_confidence;temporal_regime,DECISION-TIME
45d35c806059178d0856915a,fold_2,0,5275779,1,1,1,600,600,29.296875,29.296875,100,100,1,1,1,5275898,0,0.21045576407506703,0.21045576407506703,0.42091152815013411,True,correct,correct;high_confidence;temporal_regime,DECISION-TIME
0fd46e95890c57c3fae6f7af,fold_2,0,5275911,2,2,2,600,600,2.9296875,2.9296875,100,100,1,2,2,5275920.5,0,0.11956521739130435,0.11956521739130435,0.23913043478260865,True,correct,correct;high_confidence;temporal_regime,DECISION-TIME
25e3bb552fe4b8ad2cd809e4,fold_2,0,5276209,2,2,16,120,120,29.296875,29.296875,40,40,1,16,15,5276223.25,0,0.21045576407506703,0.21045576407506703,0.42091152815013411,True,correct,correct;high_confidence;temporal_regime,DECISION-TIME
5f6c1a21b90f99e6f8590214,fold_2,0,5276468,1,1,1,800,800,29.296875,29.296875,50,50,1,2,2,5277403,0,0.21045576407506703,0.21045576407506703,0.42091152815013411,True,correct,correct;high_confidence;temporal_regime,DECISION-TIME
3878d58fcccc4dab13098107,fold_2,0,5276849,1,1,1,100,100,1.97265625,1.97265625,,,0,1,1,5276853,0,0.050000000000000003,0.050000000000000003,0.099999999999999978,True,correct,correct;high_confidence;temporal_regime;feature_missingness,DECISION-TIME
699bbe6d5a3dcba162ab3229,fold_2,0,5276921,2,2,6,700,800,16.6015625,29.296875,50,50,1,6,6,5276942,0,0.11956521739130435,0.11956521739130435,0.23913043478260865,True,correct,correct;high_confidence;temporal_regime,DECISION-TIME
513f6f583f69aa4043704277,fold_2,0,5276934,1,1,1,100,100,29.296875,29.296875,100,100,1,1,1,5277038,0,0.21045576407506703,0.21045576407506703,0.42091152815013411,True,correct,correct;high_confidence;temporal_regime,DECISION-TIME
b2d5b8ad0bf571b100a407a3,fold_2,0,5277121,1,1,1,600,600,29.296875,29.296875,25,25,1,1,1,5277128,0,0.21045576407506703,0.21045576407506703,0.42091152815013411,True,correct,correct;high_confidence;temporal_regime,DECISION-TIME
b48271bbc3cf0db78c59f040,fold_2,1,5277675,2,2,13,400,600,22.48828125,40,50,50,1,13,7,5277681,0,0.11956521739130435,0.11956521739130435,0.23913043478260865,False,high_confidence_error,false_negative;high_confidence;temporal_regime,DECISION-TIME
39e8286610221be1cb55fc8f,fold_2,0,5277898,1,1,1,600,600,29.296875,29.296875,50,50,1,1,1,5277908,0,0.21045576407506703,0.21045576407506703,0.42091152815013411,True,correct,correct;high_confidence;temporal_regime,DECISION-TIME
c27fed168e43839b8d90891e,fold_2,0,5278473,1,1,1,1000,1000,19.55078125,19.55078125,50,50,1,1,1,5278477,0,0.11956521739130435,0.11956521739130435,0.23913043478260865,True,correct,correct;high_confidence;temporal_regime,DECISION-TIME
bfdcd013108916a8f9583482,fold_2,0,5279010,2,2,41,350,600,4.8828125,4.8828125,25,25,1,41,19,5279022.5365853654,0,0.11956521739130435,0.11956521739130435,0.23913043478260865,True,correct,correct;high_confidence;temporal_regime,DECISION-TIME
c6bdb73779b0fe09c3419705,fold_2,1,5279883,1,1,20,600,600,29.296875,29.296875,50,50,1,23,8,5280007,0,0.21045576407506703,0.21045576407506703,0.42091152815013411,False,high_confidence_error,false_negative;high_confidence;temporal_regime,DECISION-TIME
74fbd14b4f81ef7b415a9610,fold_2,0,5280209,1,1,1,100,100,1.97265625,1.97265625,,,0,1,1,5280212,0,0.050000000000000003,0.050000000000000003,0.099999999999999978,True,correct,correct;high_confidence;temporal_regime;feature_missingness,DECISION-TIME
5f7332a85b042543c4063948,fold_2,0,5280687,3,3,6,466.66666666666669,600,11.098958333333334,29.296875,25,25,1,6,3,5280691.5,0,0.11956521739130435,0.11956521739130435,0.23913043478260865,True,correct,correct;high_confidence;temporal_regime,DECISION-TIME
f4a4f94708dd118f923df6b4,fold_2,0,5281997,1,1,1,600,600,29.296875,29.296875,50,50,1,1,1,5282012,0,0.21045576407506703,0.21045576407506703,0.42091152815013411,True,correct,correct;high_confidence;temporal_regime,DECISION-TIME
f16d1a9693972df4092af344,fold_2,0,5282066,1,1,1,600,600,29.296875,29.296875,100,100,1,1,1,5282073,0,0.21045576407506703,0.21045576407506703,0.42091152815013411,True,correct,correct;high_confidence;temporal_regime,DECISION-TIME
7fe262095796cbc32e81c7de,fold_2,0,5282574,1,1,1,600,600,29.296875,29.296875,100,100,1,1,1,5282585,0,0.21045576407506703,0.21045576407506703,0.42091152815013411,True,correct,correct;high_confidence;temporal_regime,DECISION-TIME
68888436fc44b6453b62583c,fold_2,1,5283194,2,2,16,650,1200,29.296875,29.296875,25,25,1,19,9,5283761,0,0.11956521739130435,0.11956521739130435,0.23913043478260865,False,high_confidence_error,false_negative;high_confidence;temporal_regime,DECISION-TIME
0a1c8947b0e96286c3915928,fold_2,1,5283535,1,1,1,600,600,29.296875,29.296875,25,25,1,1,1,5283538,0,0.21045576407506703,0.21045576407506703,0.42091152815013411,False,high_confidence_error,false_negative;high_confidence;temporal_regime,DECISION-TIME
9a3192f07fc999f18ceae311,fold_2,0,5284002,1,1,1,600,600,29.296875,29.296875,100,100,1,1,1,5284084,0,0.21045576407506703,0.21045576407506703,0.42091152815013411,True,correct,correct;high_confidence;temporal_regime,DECISION-TIME
b1c7ba403e69c2864469ae0d,fold_2,0,5284126,1,1,8,100,100,24.4140625,24.4140625,100,100,1,8,7,5284268.125,0,0.21045576407506703,0.21045576407506703,0.42091152815013411,True,correct,correct;high_confidence;temporal_regime,DECISION-TIME
e01c0d4ad5825aeb8a7cd8d1,fold_2,0,5284388,1,1,1,600,600,29.296875,29.296875,25,25,1,1,1,5284401,0,0.21045576407506703,0.21045576407506703,0.42091152815013411,True,correct,correct;high_confidence;temporal_regime,DECISION-TIME
df2e8f8eb7adb8ac3de01fc5,fold_2,1,5284832,1,1,1,1800,1800,58.59375,58.59375,100,100,1,1,1,5294309,0,0.30303030303030304,0.30303030303030304,0.60606060606060608,False,low_confidence_error,false_negative;low_confidence;temporal_regime,DECISION-TIME
e965fb1c8f5e3a01a3cfdf3c,fold_2,0,5286106,1,1,1,600,600,29.296875,29.296875,100,100,1,1,1,5286110,0,0.21045576407506703,0.21045576407506703,0.42091152815013411,True,correct,correct;high_confidence;temporal_regime,DECISION-TIME
fae65eece1942c65fb107f14,fold_2,1,5286411,1,1,1,1800,1800,58.59375,58.59375,100,100,1,1,1,5286421,0,0.30303030303030304,0.30303030303030304,0.60606060606060608,False,low_confidence_error,false_negative;low_confidence;temporal_regime,DECISION-TIME
f6d182c29738d2c3d06aa05d,fold_2,1,5286487,1,1,1,600,600,29.296875,29.296875,25,25,1,1,1,5286534,0,0.21045576407506703,0.21045576407506703,0.42091152815013411,False,high_confidence_error,false_negative;high_confidence;temporal_regime,DECISION-TIME
031eb1d5b369a3b9b3c1509d,fold_2,0,5286523,1,1,1,600,600,29.296875,29.296875,25,25,1,3,2,5286980,0,0.23333333333333334,0.23333333333333334,0.46666666666666667,True,correct,correct;high_confidence;temporal_regime,DECISION-TIME
af33217c64254fbbcc0be502,fold_2,1,5286606,1,1,1,600,600,29.296875,29.296875,100,100,1,1,1,5286614,0,0.21045576407506703,0.21045576407506703,0.42091152815013411,False,high_confidence_error,false_negative;high_confidence;temporal_regime,DECISION-TIME
b454a166ac84b7141bb89d8c,fold_2,0,5288475,2,2,12,200,300,78.125,78.125,100,100,1,14,13,5288594.666666667,1,0.5,0.5,1,False,low_confidence_error,false_positive;low_confidence;temporal_regime,DECISION-TIME
539ec1242d7a891924c51306,fold_2,1,5289046,1,1,1,600,600,29.296875,29.296875,25,25,1,1,1,5289053,0,0.21045576407506703,0.21045576407506703,0.42091152815013411,False,high_confidence_error,false_negative;high_confidence;temporal_regime,DECISION-TIME
63ddb4eb1c6ff9aa912fdb70,fold_2,0,5290464,1,1,1,600,600,29.296875,29.296875,10,10,1,1,1,5290469,0,0.21045576407506703,0.21045576407506703,0.42091152815013411,True,correct,correct;high_confidence;temporal_regime,DECISION-TIME
9aaa5980b13e2401b2fbf981,fold_2,0,5290770,1,1,1,600,600,29.296875,29.296875,10,10,1,1,1,5290776,0,0.21045576407506703,0.21045576407506703,0.42091152815013411,True,correct,correct;high_confidence;temporal_regime,DECISION-TIME
ee76adf3779a4c5516452563,fold_2,0,5290901,1,1,1,600,600,29.296875,29.296875,100,100,1,1,1,5290904,0,0.21045576407506703,0.21045576407506703,0.42091152815013411,True,correct,correct;high_confidence;temporal_regime,DECISION-TIME
040ebd61d830a37176446578,fold_2,1,5291015,1,1,1,600,600,29.296875,29.296875,100,100,1,1,1,5291022,0,0.21045576407506703,0.21045576407506703,0.42091152815013411,False,high_confidence_error,false_negative;high_confidence;temporal_regime,DECISION-TIME
e680caf9c09ed0e8d51bd38b,fold_2,0,5291485,3,3,4,466.66666666666669,600,11.098958333333334,29.296875,25,25,1,4,3,5291489.75,0,0.11956521739130435,0.11956521739130435,0.23913043478260865,True,correct,correct;high_confidence;temporal_regime,DECISION-TIME
991421985deb68eb54efe348,fold_2,1,5292755,1,1,16,1800,1800,58.59375,58.59375,100,100,1,21,14,5292877,0,0.33333333333333331,0.33333333333333331,0.66666666666666663,False,low_confidence_error,false_negative;low_confidence;temporal_regime,DECISION-TIME
74b0d397ccdd157761109be8,fold_2,0,5293670,1,1,1,600,600,29.296875,29.296875,100,100,1,1,1,5293673,0,0.21045576407506703,0.21045576407506703,0.42091152815013411,True,correct,correct;high_confidence;temporal_regime,DECISION-TIME
8d2ae77c24f6b70f6b06ff6b,fold_2,1,5293710,1,1,1,1800,1800,58.59375,58.59375,100,100,1,1,1,5295271,0,0.30303030303030304,0.30303030303030304,0.60606060606060608,False,low_confidence_error,false_negative;low_confidence;temporal_regime,DECISION-TIME
a168605e73c78cf80846ac03,fold_2,0,5294027,1,1,1,400,400,5.859375,5.859375,100,100,1,1,1,5294075,0,0.11956521739130435,0.11956521739130435,0.23913043478260865,True,correct,correct;high_confidence;temporal_regime,DECISION-TIME
1bd46fdfc340fc59664aeeb3,fold_2,0,5294622,1,1,1,100,100,1.97265625,1.97265625,,,0,1,1,5294627,0,0.050000000000000003,0.050000000000000003,0.099999999999999978,True,correct,correct;high_confidence;temporal_regime;feature_missingness,DECISION-TIME
cad84c0633d401edde66c3be,fold_2,0,5295215,1,1,1,500,500,19.53125,19.53125,20,20,1,1,1,5295220,0,0.21045576407506703,0.21045576407506703,0.42091152815013411,True,correct,correct;high_confidence;temporal_regime,DECISION-TIME
190b3da8abbabbb815d4c9ac,fold_2,0,5296110,1,1,1,100,100,29.296875,29.296875,100,100,1,2,2,5296384,0,0.21045576407506703,0.21045576407506703,0.42091152815013411,True,correct,correct;high_confidence;temporal_regime,DECISION-TIME
c772c46e49951ab2a92c9a40,fold_2,1,5296427,1,1,1,200,200,19.53125,19.53125,200,200,1,1,1,5296459,0,0.11956521739130435,0.11956521739130435,0.23913043478260865,False,high_confidence_error,false_negative;high_confidence;temporal_regime,DECISION-TIME
9e290c8b67a8d002e5529b1d,fold_2,0,5296446,1,1,1,600,600,29.296875,29.296875,100,100,1,1,1,5296470,0,0.21045576407506703,0.21045576407506703,0.42091152815013411,True,correct,correct;high_confidence;temporal_regime,DECISION-TIME
d96e7d19696022f9c633a5a1,fold_2,0,5296467,1,1,1,600,600,29.296875,29.296875,25,25,1,1,1,5296479,0,0.21045576407506703,0.21045576407506703,0.42091152815013411,True,correct,correct;high_confidence;temporal_regime,DECISION-TIME
a0769b6828d8eb48e5d91a4d,fold_2,0,5296856,1,1,1,600,600,29.296875,29.296875,25,25,1,1,1,5296860,0,0.21045576407506703,0.21045576407506703,0.42091152815013411,True,correct,correct;high_confidence;temporal_regime,DECISION-TIME
40c294ba4ee90c905928160f,fold_2,0,5296895,1,1,1,600,600,29.296875,29.296875,100,100,1,1,1,5296902,0,0.21045576407506703,0.21045576407506703,0.42091152815013411,True,correct,correct;high_confidence;temporal_regime,DECISION-TIME
94e6620aa01af1e3e0d7298b,fold_2,1,5297286,1,1,1,600,600,29.296875,29.296875,100,100,1,1,1,5297411,0,0.21045576407506703,0.21045576407506703,0.42091152815013411,False,high_confidence_error,false_negative;high_confidence;temporal_regime,DECISION-TIME
6cce80301bc854ca19a3001b,fold_2,0,5297312,1,1,1,600,600,29.296875,29.296875,50,50,1,1,1,5297320,0,0.21045576407506703,0.21045576407506703,0.42091152815013411,True,correct,correct;high_confidence;temporal_regime,DECISION-TIME
dfc26af7dd586cdfc5dd721e,fold_2,0,5298072,1,1,1,600,600,29.296875,29.296875,100,100,1,1,1,5298190,0,0.21045576407506703,0.21045576407506703,0.42091152815013411,True,correct,correct;high_confidence;temporal_regime,DECISION-TIME
d5542697cc5deb3569f81d0d,fold_2,0,5298278,1,1,1,500,500,19.53125,19.53125,30,30,1,1,1,5298292,0,0.21045576407506703,0.21045576407506703,0.42091152815013411,True,correct,correct;high_confidence;temporal_regime,DECISION-TIME
f4f491058a16b0afbfb5eb12,fold_2,0,5298282,1,1,1,500,500,19.53125,19.53125,30,30,1,1,1,5298291,0,0.21045576407506703,0.21045576407506703,0.42091152815013411,True,correct,correct;high_confidence;temporal_regime,DECISION-TIME
ccd536b576289c85f19184e0,fold_2,0,5298292,1,1,1,500,500,19.53125,19.53125,30,30,1,1,1,5298302,0,0.21045576407506703,0.21045576407506703,0.42091152815013411,True,correct,correct;high_confidence;temporal_regime,DECISION-TIME
6801b95ca6561ca56ae257ad,fold_2,0,5299835,1,1,1,1800,1800,58.59375,58.59375,100,100,1,1,1,5299845,0,0.30303030303030304,0.30303030303030304,0.60606060606060608,True,correct,correct;low_confidence;temporal_regime,DECISION-TIME
b41cad709003402a40741b1b,fold_2,0,5299963,1,1,3,800,800,19.53125,19.53125,5,5,1,3,1,5299969,0,0.21045576407506703,0.21045576407506703,0.42091152815013411,True,correct,correct;high_confidence;temporal_regime,DECISION-TIME
846a1702f92c9b538263e285,fold_2,0,5300011,1,1,1,9000,9000,300,300,800,800,1,1,1,5300190,1,1,1,0,False,high_confidence_error,false_positive;high_confidence;temporal_regime,DECISION-TIME
18ebf2a79582f12de60cb078,fold_2,0,5300214,1,1,1,600,600,29.296875,29.296875,25,25,1,1,1,5300222,0,0.21045576407506703,0.21045576407506703,0.42091152815013411,True,correct,correct;high_confidence;temporal_regime,DECISION-TIME
27381cf44ee1c8cb75a82131,fold_2,0,5300623,1,1,10,600,600,29.296875,29.296875,50,50,1,10,10,5300626,0,0.21045576407506703,0.21045576407506703,0.42091152815013411,True,correct,correct;high_confidence;temporal_regime,DECISION-TIME
78ce49e9425c7d3814f4c58d,fold_2,0,5301414,1,1,1,500,500,19.53125,19.53125,30,30,1,1,1,5301425,0,0.21045576407506703,0.21045576407506703,0.42091152815013411,True,correct,correct;high_confidence;temporal_regime,DECISION-TIME
e3a5fa3cd70ad6205cc3ba60,fold_2,0,5301683,1,1,1,600,600,29.296875,29.296875,50,50,1,1,1,5301687,0,0.21045576407506703,0.21045576407506703,0.42091152815013411,True,correct,correct;high_confidence;temporal_regime,DECISION-TIME
4740b2b38463b2a90fea1bbb,fold_2,0,5302009,1,1,1,600,600,29.296875,29.296875,100,100,1,1,1,5302012,0,0.21045576407506703,0.21045576407506703,0.42091152815013411,True,correct,correct;high_confidence;temporal_regime,DECISION-TIME
5308eedb12eb95a4783b7855,fold_2,0,5302133,1,1,1,1800,1800,58.59375,58.59375,100,100,1,1,1,5302141,0,0.30303030303030304,0.30303030303030304,0.60606060606060608,True,correct,correct;low_confidence;temporal_regime,DECISION-TIME
442c9b0e1419653f7bc7bc9b,fold_2,0,5302373,1,1,1,600,600,29.296875,29.296875,25,25,1,1,1,5302383,0,0.21045576407506703,0.21045576407506703,0.42091152815013411,True,correct,correct;high_confidence;temporal_regime,DECISION-TIME
cc4bf855db66db8066e6c308,fold_2,0,5302716,1,1,1,600,600,29.296875,29.296875,100,100,1,1,1,5302759,0,0.21045576407506703,0.21045576407506703,0.42091152815013411,True,correct,correct;high_confidence;temporal_regime,DECISION-TIME
d0cb00eb06bd2152910e10f8,fold_2,1,5303058,2,2,3,600,600,29.296875,29.296875,,,0,1,1,5303060,0,0.11956521739130435,0.11956521739130435,0.23913043478260865,False,high_confidence_error,false_negative;high_confidence;temporal_regime;feature_missingness,DECISION-TIME
8146d6f3a47cb0c2c309a2ae,fold_2,1,5303287,1,1,1,600,600,29.296875,29.296875,100,100,1,1,1,5303290,0,0.21045576407506703,0.21045576407506703,0.42091152815013411,False,high_confidence_error,false_negative;high_confidence;temporal_regime,DECISION-TIME
14cb84729dc0e6f9591d98a7,fold_2,0,5303330,3,3,11,466.66666666666669,600,10.765625,29.296875,25,25,1,11,6,5303334.5454545459,0,0.11956521739130435,0.11956521739130435,0.23913043478260865,True,correct,correct;high_confidence;temporal_regime,DECISION-TIME
a8df97db5821715ae4af1f4f,fold_2,0,5303396,1,1,10,50,50,29.296875,29.296875,100,100,1,10,5,5303399,0,0.21045576407506703,0.21045576407506703,0.42091152815013411,True,correct,correct;high_confidence;temporal_regime,DECISION-TIME
cfac57127c7737c514409db7,fold_2,0,5303683,1,1,1,50,50,48.828125,48.828125,500,500,1,1,1,5304472,0,0.11956521739130435,0.11956521739130435,0.23913043478260865,True,correct,correct;high_confidence;temporal_regime,DECISION-TIME
2adde7cd3d1c1d9c0e49983d,fold_2,0,5303854,1,1,1,100,100,29.296875,29.296875,100,100,1,3,2,5304312,0,0.21045576407506703,0.21045576407506703,0.42091152815013411,True,correct,correct;high_confidence;temporal_regime,DECISION-TIME
64c7a7c9df72dc08ea8055d0,fold_2,0,5303859,1,1,1,50,50,48.828125,48.828125,500,500,1,1,1,5304472,0,0.11956521739130435,0.11956521739130435,0.23913043478260865,True,correct,correct;high_confidence;temporal_regime,DECISION-TIME
ab7ad45c720b482a3611015e,fold_2,0,5304925,1,1,1,600,600,29.296875,29.296875,100,100,1,1,1,5304928,0,0.21045576407506703,0.21045576407506703,0.42091152815013411,True,correct,correct;high_confidence;temporal_regime,DECISION-TIME
40d7b94b74e98a15f1f6358b,fold_2,0,5304929,1,1,1,600,600,29.296875,29.296875,100,100,1,1,1,5304932,0,0.21045576407506703,0.21045576407506703,0.42091152815013411,True,correct,correct;high_confidence;temporal_regime,DECISION-TIME
bcda034b797c693b7545d77a,fold_2,0,5305583,1,1,1,500,500,14.6484375,14.6484375,15,15,1,1,1,5305595,0,0.21045576407506703,0.21045576407506703,0.42091152815013411,True,correct,correct;high_confidence;temporal_regime,DECISION-TIME
fc5ef04d248afdb0f91a0b79,fold_2,0,5305703,1,1,1,600,600,29.296875,29.296875,100,100,1,1,1,5305811,0,0.21045576407506703,0.21045576407506703,0.42091152815013411,True,correct,correct;high_confidence;temporal_regime,DECISION-TIME
531cd30e479bb780e6df57e3,fold_2,0,5305873,1,1,1,600,600,3.90625,3.90625,100,100,1,1,1,5305912,0,0.11956521739130435,0.11956521739130435,0.23913043478260865,True,correct,correct;high_confidence;temporal_regime,DECISION-TIME
12a2498aca370834f351d557,fold_2,0,5306242,1,1,1,1000,1000,19.55078125,19.55078125,50,50,1,1,1,5306246,0,0.11956521739130435,0.11956521739130435,0.23913043478260865,True,correct,correct;high_confidence;temporal_regime,DECISION-TIME
5e2653a0b6860963afcf8fef,fold_2,0,5306308,1,1,1,600,600,29.296875,29.296875,100,100,1,1,1,5306866,0,0.21045576407506703,0.21045576407506703,0.42091152815013411,True,correct,correct;high_confidence;temporal_regime,DECISION-TIME
5fa0fc582f09c48efd0ae60b,fold_2,0,5306842,1,1,1,600,600,29.296875,29.296875,100,100,1,1,1,5306845,0,0.21045576407506703,0.21045576407506703,0.42091152815013411,True,correct,correct;high_confidence;temporal_regime,DECISION-TIME
2e015cdaa8ea433ced3d442f,fold_2,0,5307487,1,1,1,600,600,29.296875,29.296875,50,50,1,1,1,5307493,0,0.21045576407506703,0.21045576407506703,0.42091152815013411,True,correct,correct;high_confidence;temporal_regime,DECISION-TIME
44f97ccc62d2ec34ca6ea9c3,fold_2,0,5307598,1,1,1,200,200,3.92578125,3.92578125,,,0,1,1,5307705,0,0.050000000000000003,0.050000000000000003,0.099999999999999978,True,correct,correct;high_confidence;temporal_regime;feature_missingness,DECISION-TIME
a20d2083c6345d9147379974,fold_2,0,5308777,3,3,11,466.66666666666669,600,11.098958333333334,29.296875,25,25,1,11,4,5308783.0909090908,0,0.11956521739130435,0.11956521739130435,0.23913043478260865,True,correct,correct;high_confidence;temporal_regime,DECISION-TIME
1d986b68e7b85d0ba6dbf412,fold_2,0,5308815,3,3,3,466.66666666666669,600,11.098958333333334,29.296875,25,25,1,3,3,5308818.666666667,0,0.11956521739130435,0.11956521739130435,0.23913043478260865,True,correct,correct;high_confidence;temporal_regime,DECISION-TIME
d3dd4c056f99426d325e611a,fold_2,0,5308987,1,1,16,800,800,58.59375,58.59375,100,100,1,16,4,5308991.1875,0,0.30303030303030304,0.30303030303030304,0.60606060606060608,True,correct,correct;low_confidence;temporal_regime,DECISION-TIME
ef7d42e7070525679a2ad679,fold_2,0,5309321,1,1,1,800,800,29.296875,29.296875,50,50,1,3,2,5309780,0,0.21045576407506703,0.21045576407506703,0.42091152815013411,True,correct,correct;high_confidence;temporal_regime,DECISION-TIME
8373de6d266bfa7fa0b1a096,fold_2,0,5310366,1,1,1,600,600,29.296875,29.296875,50,50,1,1,1,5310374,0,0.21045576407506703,0.21045576407506703,0.42091152815013411,True,correct,correct;high_confidence;temporal_regime,DECISION-TIME
7d61edf824dbd840947f9b80,fold_2,0,5310859,3,3,6,466.66666666666669,600,11.098958333333334,29.296875,25,25,1,6,3,5310863.5,0,0.11956521739130435,0.11956521739130435,0.23913043478260865,True,correct,correct;high_confidence;temporal_regime,DECISION-TIME
cf63263ff95036bc0e290acc,fold_2,0,5311026,1,1,1,600,600,29.296875,29.296875,100,100,1,1,1,5311030,0,0.21045576407506703,0.21045576407506703,0.42091152815013411,True,correct,correct;high_confidence;temporal_regime,DECISION-TIME
50d09e38cb728dd03b27ab55,fold_2,1,5311699,2,2,415,450,600,43.9453125,58.59375,25,25,1,426,122,5311744,0,0.11956521739130435,0.11956521739130435,0.23913043478260865,False,high_confidence_error,false_negative;high_confidence;temporal_regime,DECISION-TIME
df4a40ecd04c871c6a304575,fold_2,0,5314003,1,1,1,600,600,29.296875,29.296875,100,100,1,1,1,5314120,0,0.21045576407506703,0.21045576407506703,0.42091152815013411,True,correct,correct;high_confidence;temporal_regime,DECISION-TIME
c86b3d56e32d898abe83857d,fold_2,0,5314008,1,1,1,600,600,29.296875,29.296875,5,5,1,1,1,5314018,0,0.21045576407506703,0.21045576407506703,0.42091152815013411,True,correct,correct;high_confidence;temporal_regime,DECISION-TIME
e4c947fbcbb3ed0117e81e8e,fold_2,0,5314139,1,1,1,3200,3200,19.53125,19.53125,100,100,1,1,1,5314142,0,0.11956521739130435,0.11956521739130435,0.23913043478260865,True,correct,correct;high_confidence;temporal_regime,DECISION-TIME
26d717170e7e4881c59f0581,fold_2,0,5314371,1,1,1,100,100,9.765625,9.765625,100,100,1,1,1,5314373,0,0.11956521739130435,0.11956521739130435,0.23913043478260865,True,correct,correct;high_confidence;temporal_regime,DECISION-TIME
21d1ccebc6b684a054e5414f,fold_2,0,5315070,1,1,1,500,500,29.296875,29.296875,20,20,1,1,1,5315080,0,0.21045576407506703,0.21045576407506703,0.42091152815013411,True,correct,correct;high_confidence;temporal_regime,DECISION-TIME
bcd3f9e46cd62e77db551a63,fold_2,0,5315079,1,1,1,500,500,29.296875,29.296875,20,20,1,1,1,5315089,0,0.21045576407506703,0.21045576407506703,0.42091152815013411,True,correct,correct;high_confidence;temporal_regime,DECISION-TIME
a60a40deb57802f61534ed9a,fold_2,1,5315214,1,1,1,600,600,29.296875,29.296875,50,50,1,1,1,5315221,0,0.21045576407506703,0.21045576407506703,0.42091152815013411,False,high_confidence_error,false_negative;high_confidence;temporal_regime,DECISION-TIME
5c563f61d655550fab58b4f4,fold_2,0,5315501,2,2,2,600,600,2.9296875,2.9296875,100,100,1,2,2,5315513,0,0.11956521739130435,0.11956521739130435,0.23913043478260865,True,correct,correct;high_confidence;temporal_regime,DECISION-TIME
f8dc82d31121193a4977ec6b,fold_2,1,5316718,1,1,1,1200,1200,29.296875,29.296875,100,100,1,1,1,5316820,0,0.11956521739130435,0.11956521739130435,0.23913043478260865,False,high_confidence_error,false_negative;high_confidence;temporal_regime,DECISION-TIME
dab5680ae9152808b3990f8a,fold_2,0,5316785,1,1,1,800,800,29.296875,29.296875,50,50,1,1,1,5316882,0,0.21045576407506703,0.21045576407506703,0.42091152815013411,True,correct,correct;high_confidence;temporal_regime,DECISION-TIME
f496684c51abe0dc21422366,fold_2,1,5316797,1,1,1,600,600,29.296875,29.296875,25,25,1,1,1,5316800,0,0.21045576407506703,0.21045576407506703,0.42091152815013411,False,high_confidence_error,false_negative;high_confidence;temporal_regime,DECISION-TIME
7d5e86fef7c367728a2f29cf,fold_2,0,5316829,3,3,3,466.66666666666669,600,11.098958333333334,29.296875,25,25,1,3,3,5316833.333333333,0,0.11956521739130435,0.11956521739130435,0.23913043478260865,True,correct,correct;high_confidence;temporal_regime,DECISION-TIME
f6136b99d224e839f762652c,fold_2,1,5317462,2,2,38,600,600,11.71875,11.71875,100,100,1,42,36,5318308,0,0.11956521739130435,0.11956521739130435,0.23913043478260865,False,high_confidence_error,false_negative;high_confidence;temporal_regime,DECISION-TIME
09aa9fd2741dbc4b7b25ab9b,fold_2,0,5317607,3,3,3,466.66666666666669,600,11.098958333333334,29.296875,25,25,1,3,3,5317611.333333333,0,0.11956521739130435,0.11956521739130435,0.23913043478260865,True,correct,correct;high_confidence;temporal_regime,DECISION-TIME
7e1c3e17ec35e0e41588c9f5,fold_2,0,5319710,1,1,1,500,500,29.296875,29.296875,20,20,1,1,1,5319716,0,0.21045576407506703,0.21045576407506703,0.42091152815013411,True,correct,correct;high_confidence;temporal_regime,DECISION-TIME
b9c8043e08b07c9475c75b7e,fold_2,0,5320846,1,1,40,100,100,9.78515625,9.78515625,1,1,1,40,13,5320857.5250000004,0,0.11956521739130435,0.11956521739130435,0.23913043478260865,True,correct,correct;high_confidence;temporal_regime,DECISION-TIME
d994a59fd5feae169f25ea30,fold_2,0,5322042,1,1,1,1200,1200,29.296875,29.296875,100,100,1,1,1,5322089,0,0.11956521739130435,0.11956521739130435,0.23913043478260865,True,correct,correct;high_confidence;temporal_regime,DECISION-TIME
be8750b33bf93557c1f349d9,fold_2,0,5322797,1,1,1,500,500,29.296875,29.296875,20,20,1,1,1,5322806,0,0.21045576407506703,0.21045576407506703,0.42091152815013411,True,correct,correct;high_confidence;temporal_regime,DECISION-TIME
1b70e03841ba4a8d17224319,fold_2,0,5323105,2,2,51,250,400,19.53125,19.53125,50,50,1,51,39,5323118.5686274506,0,0.11956521739130435,0.11956521739130435,0.23913043478260865,True,correct,correct;high_confidence;temporal_regime,DECISION-TIME
0acf27d377d783c52e83a522,fold_2,0,5327158,1,1,1,1800,1800,58.59375,58.59375,100,100,1,1,1,5327166,0,0.30303030303030304,0.30303030303030304,0.60606060606060608,True,correct,correct;low_confidence;temporal_regime,DECISION-TIME
fd89917cea2f330b69dea204,fold_2,0,5328281,1,1,1,600,600,29.296875,29.296875,50,50,1,1,1,5328286,0,0.21045576407506703,0.21045576407506703,0.42091152815013411,True,correct,correct;high_confidence;temporal_regime,DECISION-TIME
63806faf9eb063bd75629d47,fold_2,0,5328515,1,1,1,600,600,29.296875,29.296875,100,100,1,1,1,5328518,0,0.21045576407506703,0.21045576407506703,0.42091152815013411,True,correct,correct;high_confidence;temporal_regime,DECISION-TIME
5e9dab4ba0b13c1e47eefc9e,fold_2,0,5329016,1,1,1,600,600,29.296875,29.296875,10,10,1,1,1,5329024,0,0.21045576407506703,0.21045576407506703,0.42091152815013411,True,correct,correct;high_confidence;temporal_regime,DECISION-TIME
954282cd73786bc0b6492317,fold_2,0,5329101,1,1,1,800,800,31.26953125,31.26953125,,,0,1,1,5329104,0,0.11956521739130435,0.11956521739130435,0.23913043478260865,True,correct,correct;high_confidence;temporal_regime;feature_missingness,DECISION-TIME
fc89622a1a835af7d84d59e2,fold_2,0,5329184,2,2,5,400,600,2,2,25,25,1,5,2,5329189.5999999996,0,0.11956521739130435,0.11956521739130435,0.23913043478260865,True,correct,correct;high_confidence;temporal_regime,DECISION-TIME
a59feda1f04677dee44d03f6,fold_2,0,5329357,1,1,1,100,100,29.296875,29.296875,25,25,1,1,1,5329371,0,0.23333333333333334,0.23333333333333334,0.46666666666666667,True,correct,correct;high_confidence;temporal_regime,DECISION-TIME
54829edd8067543cb4fe5480,fold_2,0,5329564,1,1,1,100,100,29.296875,29.296875,25,25,1,1,1,5329573,0,0.23333333333333334,0.23333333333333334,0.46666666666666667,True,correct,correct;high_confidence;temporal_regime,DECISION-TIME
34a52d36b3dde05cc06de5fa,fold_2,0,5329786,2,2,11,200,200,10,10,25,25,1,11,9,5329796.9090909092,0,0.11956521739130435,0.11956521739130435,0.23913043478260865,True,correct,correct;high_confidence;temporal_regime,DECISION-TIME
60d2b0410c40484dfa5473b2,fold_2,0,5329799,1,1,50,300,300,9.765625,9.765625,25,25,1,50,39,5329807.9400000004,0,0.21045576407506703,0.21045576407506703,0.42091152815013411,True,correct,correct;high_confidence;temporal_regime,DECISION-TIME
57babfabcc0a08d3fc4aaaf8,fold_2,0,5330221,1,1,1,600,600,29.296875,29.296875,100,100,1,1,1,5330224,0,0.21045576407506703,0.21045576407506703,0.42091152815013411,True,correct,correct;high_confidence;temporal_regime,DECISION-TIME
eb09b4ef76bc5d3999ad58f3,fold_2,0,5330906,1,1,1,600,600,29.296875,29.296875,100,100,1,1,1,5331016,0,0.21045576407506703,0.21045576407506703,0.42091152815013411,True,correct,correct;high_confidence;temporal_regime,DECISION-TIME
b676fbd3dceb6df8afbb6869,fold_2,1,5330929,1,1,1,800,800,9.765625,9.765625,100,100,1,1,1,5331043,0,0.11956521739130435,0.11956521739130435,0.23913043478260865,False,high_confidence_error,false_negative;high_confidence;temporal_regime,DECISION-TIME
2d0b32b308726c0cc8ed2792,fold_2,0,5330932,1,1,1,600,600,29.296875,29.296875,100,100,1,1,1,5331044,0,0.21045576407506703,0.21045576407506703,0.42091152815013411,True,correct,correct;high_confidence;temporal_regime,DECISION-TIME
a1cee0223deb4f3aeb2d6f5d,fold_2,0,5331379,1,1,1,1200,1200,29.296875,29.296875,10,10,1,1,1,5331392,0,0.21045576407506703,0.21045576407506703,0.42091152815013411,True,correct,correct;high_confidence;temporal_regime,DECISION-TIME
31a8d1ea32d3fe03adc348b6,fold_2,0,5332136,2,2,12,500,600,29.296875,29.296875,25,25,1,12,10,5332143.166666667,0,0.21045576407506703,0.21045576407506703,0.42091152815013411,True,correct,correct;high_confidence;temporal_regime,DECISION-TIME
b9955931eccbe146185a184b,fold_2,0,5332562,1,1,1,600,600,29.296875,29.296875,25,25,1,1,1,5332577,0,0.21045576407506703,0.21045576407506703,0.42091152815013411,True,correct,correct;high_confidence;temporal_regime,DECISION-TIME
e651dd7aa6ac44dd26b3bad8,fold_2,0,5332587,1,1,1,800,800,29.296875,29.296875,50,50,1,3,2,5333045,0,0.21045576407506703,0.21045576407506703,0.42091152815013411,True,correct,correct;high_confidence;temporal_regime,DECISION-TIME
bbb2c50064053c7843bcaaab,fold_2,0,5333815,1,1,1,100,100,15.625,15.625,100,100,1,1,1,5333859,0,0.11956521739130435,0.11956521739130435,0.23913043478260865,True,correct,correct;high_confidence;temporal_regime,DECISION-TIME
2f5c584d2d9bb4f143215ff8,fold_2,1,5335579,1,1,1,600,600,29.296875,29.296875,10,10,1,1,1,5335591,0,0.21045576407506703,0.21045576407506703,0.42091152815013411,False,high_confidence_error,false_negative;high_confidence;temporal_regime,DECISION-TIME
78669fd8fc4c4c087a85edf7,fold_2,1,5335617,1,1,1,600,600,29.296875,29.296875,10,10,1,1,1,5335624,0,0.21045576407506703,0.21045576407506703,0.42091152815013411,False,high_confidence_error,false_negative;high_confidence;temporal_regime,DECISION-TIME
734dca9ad0125aed7f467875,fold_2,0,5336436,2,2,47,500,600,10.7421875,11.71875,50,50,1,47,33,5336444.1489361702,0,0.11956521739130435,0.11956521739130435,0.23913043478260865,True,correct,correct;high_confidence;temporal_regime,DECISION-TIME
e209f0640eabf6319f27911d,fold_2,0,5336844,2,2,37,350,600,2,2,25,25,1,37,21,5337057.1081081079,0,0.11956521739130435,0.11956521739130435,0.23913043478260865,True,correct,correct;high_confidence;temporal_regime,DECISION-TIME
af2444d69b466175ec9d60fb,fold_2,0,5338890,2,2,37,350,600,2,2,25,25,1,37,20,5340812.9189189188,0,0.11956521739130435,0.11956521739130435,0.23913043478260865,True,correct,correct;high_confidence;temporal_regime,DECISION-TIME
6bb0a4271e2d2c0ec4b43f91,fold_2,0,5339079,1,1,1,600,600,29.296875,29.296875,200,200,1,1,1,5339083,0,0.11956521739130435,0.11956521739130435,0.23913043478260865,True,correct,correct;high_confidence;temporal_regime,DECISION-TIME
3ed143fa9e9ccbc000417f94,fold_2,0,5339815,2,2,2,600,600,2.9296875,2.9296875,100,100,1,2,2,5339822,0,0.11956521739130435,0.11956521739130435,0.23913043478260865,True,correct,correct;high_confidence;temporal_regime,DECISION-TIME
b29605b2d5bafa029e1d6cea,fold_2,0,5340161,1,1,1,600,600,29.296875,29.296875,50,50,1,1,1,5340283,0,0.21045576407506703,0.21045576407506703,0.42091152815013411,True,correct,correct;high_confidence;temporal_regime,DECISION-TIME
fb327a06674a78102b1d513c,fold_2,0,5340819,1,1,1,600,600,29.296875,29.296875,100,100,1,1,1,5340829,0,0.21045576407506703,0.21045576407506703,0.42091152815013411,True,correct,correct;high_confidence;temporal_regime,DECISION-TIME
65628bf8fe844c5e8bf32f3f,fold_2,0,5343691,1,1,1,600,600,29.296875,29.296875,25,25,1,1,1,5343699,0,0.21045576407506703,0.21045576407506703,0.42091152815013411,True,correct,correct;high_confidence;temporal_regime,DECISION-TIME
7a5f5fbc19bb1414ce802987,fold_2,0,5344017,1,1,1,600,600,29.296875,29.296875,50,50,1,1,1,5344023,0,0.21045576407506703,0.21045576407506703,0.42091152815013411,True,correct,correct;high_confidence;temporal_regime,DECISION-TIME
8697ec91549f4868584110bc,fold_2,0,5344900,1,1,1,600,600,29.296875,29.296875,25,25,1,1,1,5344906,0,0.21045576407506703,0.21045576407506703,0.42091152815013411,True,correct,correct;high_confidence;temporal_regime,DECISION-TIME
c584ecbd6c8191ec0f2b7d37,fold_2,0,5347460,1,1,2,1800,1800,58.59375,58.59375,100,100,1,2,2,5347487.5,0,0.30303030303030304,0.30303030303030304,0.60606060606060608,True,correct,correct;low_confidence;temporal_regime,DECISION-TIME
65e63baec6d74dda348e7822,fold_2,0,5348187,1,1,1,600,600,29.296875,29.296875,25,25,1,1,1,5348198,0,0.21045576407506703,0.21045576407506703,0.42091152815013411,True,correct,correct;high_confidence;temporal_regime,DECISION-TIME
0b9c3f25d83e967836a3f5fa,fold_2,0,5348989,1,1,4,100,100,3.90625,3.90625,100,100,1,4,4,5349036.5,0,0.11956521739130435,0.11956521739130435,0.23913043478260865,True,correct,correct;high_confidence;temporal_regime,DECISION-TIME
b1d67b150daf986091c1144b,fold_2,0,5349723,1,1,10,600,600,29.296875,29.296875,50,50,1,10,4,5349726.5,0,0.21045576407506703,0.21045576407506703,0.42091152815013411,True,correct,correct;high_confidence;temporal_regime,DECISION-TIME
f00f980e2880ad1689b52c3d,fold_2,0,5349817,1,1,1,600,600,29.296875,29.296875,100,100,1,1,1,5349823,0,0.21045576407506703,0.21045576407506703,0.42091152815013411,True,correct,correct;high_confidence;temporal_regime,DECISION-TIME
5b1966c8636f861e6e0f407f,fold_2,0,5349855,1,1,10,600,600,29.296875,29.296875,50,50,1,10,8,5349858,0,0.21045576407506703,0.21045576407506703,0.42091152815013411,True,correct,correct;high_confidence;temporal_regime,DECISION-TIME
7e16a29cdc942be04a3ce98e,fold_2,0,5350509,2,2,6,950,1800,29.8046875,58.61328125,100,100,1,6,6,5352135.833333333,0,0.11956521739130435,0.11956521739130435,0.23913043478260865,True,correct,correct;high_confidence;temporal_regime,DECISION-TIME
5a7dccd4ecfc3c6b377a2f9a,fold_2,0,5351035,1,1,1,600,600,29.296875,29.296875,25,25,1,1,1,5351048,0,0.21045576407506703,0.21045576407506703,0.42091152815013411,True,correct,correct;high_confidence;temporal_regime,DECISION-TIME
4a29e930a29c9f74e8607df9,fold_2,0,5351701,1,1,1,500,500,29.296875,29.296875,20,20,1,1,1,5351713,0,0.21045576407506703,0.21045576407506703,0.42091152815013411,True,correct,correct;high_confidence;temporal_regime,DECISION-TIME
39de09c5770b9510c648abf9,fold_2,0,5352059,1,1,1,600,600,29.296875,29.296875,25,25,1,1,1,5352063,0,0.21045576407506703,0.21045576407506703,0.42091152815013411,True,correct,correct;high_confidence;temporal_regime,DECISION-TIME
1171ea86b45f9986fffd5c96,fold_2,0,5353479,1,1,1,600,600,29.296875,29.296875,10,10,1,1,1,5353484,0,0.21045576407506703,0.21045576407506703,0.42091152815013411,True,correct,correct;high_confidence;temporal_regime,DECISION-TIME
2e51c961a822877422009093,fold_2,1,5353538,1,1,1,600,600,29.296875,29.296875,10,10,1,1,1,5353544,0,0.21045576407506703,0.21045576407506703,0.42091152815013411,False,high_confidence_error,false_negative;high_confidence;temporal_regime,DECISION-TIME
00b88a08ed8ff2803469d26e,fold_2,0,5353573,1,1,1,600,600,29.296875,29.296875,10,10,1,1,1,5353587,0,0.21045576407506703,0.21045576407506703,0.42091152815013411,True,correct,correct;high_confidence;temporal_regime,DECISION-TIME
3dbb612f042ba35254e4e9a1,fold_2,0,5353632,2,2,55,600,600,29.296875,39.0625,25,25,1,55,36,5353723.3272727272,0,0.21045576407506703,0.21045576407506703,0.42091152815013411,True,correct,correct;high_confidence;temporal_regime,DECISION-TIME
d07a2d84439cb96f873015d4,fold_2,0,5353847,2,2,9,350,600,29.296875,29.296875,100,100,1,9,9,5353852,0,0.11956521739130435,0.11956521739130435,0.23913043478260865,True,correct,correct;high_confidence;temporal_regime,DECISION-TIME
b3337be3ca88736a3229927f,fold_2,0,5354509,1,1,1,600,600,29.296875,29.296875,10,10,1,1,1,5354515,0,0.21045576407506703,0.21045576407506703,0.42091152815013411,True,correct,correct;high_confidence;temporal_regime,DECISION-TIME
eff16b59936c1b6cb6bf31e0,fold_2,0,5355596,2,2,210,250,400,19.53125,19.53125,50,50,1,211,135,5356825.2714285711,0,0.21045576407506703,0.21045576407506703,0.42091152815013411,True,correct,correct;high_confidence;temporal_regime,DECISION-TIME
1a0f9acead4111b8b9b8944a,fold_2,0,5356265,1,1,1,600,600,29.296875,29.296875,100,100,1,1,1,5356268,0,0.21045576407506703,0.21045576407506703,0.42091152815013411,True,correct,correct;high_confidence;temporal_regime,DECISION-TIME
b94a74f613531aa3f16b9767,fold_2,0,5356283,1,1,1,800,800,29.296875,29.296875,50,50,1,3,2,5356738,0,0.21045576407506703,0.21045576407506703,0.42091152815013411,True,correct,correct;high_confidence;temporal_regime,DECISION-TIME
6b5ccce88218bf35373084eb,fold_2,0,5356470,1,1,1,20,20,29.296875,29.296875,5,5,1,1,1,5356482,0,0.30303030303030304,0.30303030303030304,0.60606060606060608,True,correct,correct;low_confidence;temporal_regime,DECISION-TIME
fce459151dca4b6e83894105,fold_2,1,5358136,2,2,2,600,600,29.296875,29.296875,25,25,1,4,3,5358594,0,0.21045576407506703,0.21045576407506703,0.42091152815013411,False,high_confidence_error,false_negative;high_confidence;temporal_regime,DECISION-TIME
e90c4418ae5609cbb00ed74b,fold_2,1,5358768,1,1,2,1800,1800,58.59375,58.59375,100,100,1,1,1,5359086,0,0.30303030303030304,0.30303030303030304,0.60606060606060608,False,low_confidence_error,false_negative;low_confidence;temporal_regime,DECISION-TIME
4e258dbf8a9084fd07b7c622,fold_2,0,5360277,2,2,11,600,600,29.296875,29.296875,25,25,1,11,6,5360286.0909090908,0,0.21045576407506703,0.21045576407506703,0.42091152815013411,True,correct,correct;high_confidence;temporal_regime,DECISION-TIME
73c73ff67881ab60ba824529,fold_2,0,5361238,1,1,1,1800,1800,58.59375,58.59375,100,100,1,1,1,5363199,0,0.30303030303030304,0.30303030303030304,0.60606060606060608,True,correct,correct;low_confidence;temporal_regime,DECISION-TIME
821fb8f17c0cbd964f8743ee,fold_2,0,5362057,1,1,1,100,100,29.296875,29.296875,100,100,1,1,1,5362155,0,0.21045576407506703,0.21045576407506703,0.42091152815013411,True,correct,correct;high_confidence;temporal_regime,DECISION-TIME
cc1cf0a8fe41213ceef03772,fold_2,0,5362235,1,1,1,100,100,29.296875,29.296875,100,100,1,1,1,5362336,0,0.21045576407506703,0.21045576407506703,0.42091152815013411,True,correct,correct;high_confidence;temporal_regime,DECISION-TIME
6e07257b5818969eb0593649,fold_2,1,5363508,1,1,1,100,100,29.296875,29.296875,100,100,1,3,2,5363874,0,0.21045576407506703,0.21045576407506703,0.42091152815013411,False,high_confidence_error,false_negative;high_confidence;temporal_regime,DECISION-TIME
ebc186d362ced620454acdfc,fold_2,0,5364032,1,1,1,800,800,7.83203125,7.83203125,50,50,1,1,1,5364035,0,0.11956521739130435,0.11956521739130435,0.23913043478260865,True,correct,correct;high_confidence;temporal_regime,DECISION-TIME
e7e8df275999633439ade156,fold_2,0,5364557,1,1,1,800,800,29.296875,29.296875,50,50,1,2,2,5364833,0,0.21045576407506703,0.21045576407506703,0.42091152815013411,True,correct,correct;high_confidence;temporal_regime,DECISION-TIME
2ce012dc84a0598a159f0403,fold_2,0,5364625,1,1,1,100,100,1.97265625,1.97265625,,,0,1,1,5364629,0,0.050000000000000003,0.050000000000000003,0.099999999999999978,True,correct,correct;high_confidence;temporal_regime;feature_missingness,DECISION-TIME
da27b6d57028f3b0295b0703,fold_2,0,5365519,1,1,5,1800,1800,58.59375,58.59375,100,100,1,5,3,5365634.4000000004,0,0.30303030303030304,0.30303030303030304,0.60606060606060608,True,correct,correct;low_confidence;temporal_regime,DECISION-TIME
fdb5cee9c770debc0af9a5e8,fold_2,0,5366160,1,1,10,50,50,29.296875,29.296875,100,100,1,10,6,5366163,0,0.21045576407506703,0.21045576407506703,0.42091152815013411,True,correct,correct;high_confidence;temporal_regime,DECISION-TIME
f8c3de62a261291c9282d090,fold_2,0,5366275,1,1,1,150,150,5.859375,5.859375,100,100,1,1,1,5366327,0,0.11956521739130435,0.11956521739130435,0.23913043478260865,True,correct,correct;high_confidence;temporal_regime,DECISION-TIME
6ccd16403c31b1db4a7912ee,fold_2,1,5366500,1,1,1,100,100,29.296875,29.296875,100,100,1,1,1,5366597,0,0.21045576407506703,0.21045576407506703,0.42091152815013411,False,high_confidence_error,false_negative;high_confidence;temporal_regime,DECISION-TIME
748e05438649ed7bb01b940a,fold_2,1,5367253,1,1,1,600,600,29.296875,29.296875,200,200,1,1,1,5371250,0,0.11956521739130435,0.11956521739130435,0.23913043478260865,False,high_confidence_error,false_negative;high_confidence;temporal_regime,DECISION-TIME
7dde644c819b1f417a429adf,fold_2,0,5367468,1,1,1,600,600,29.296875,29.296875,25,25,1,3,2,5367926,0,0.23333333333333334,0.23333333333333334,0.46666666666666667,True,correct,correct;high_confidence;temporal_regime,DECISION-TIME
bd12dbf094233108dc616f5e,fold_2,0,5367666,1,1,1,1000,1000,19.55078125,19.55078125,50,50,1,1,1,5367670,0,0.11956521739130435,0.11956521739130435,0.23913043478260865,True,correct,correct;high_confidence;temporal_regime,DECISION-TIME
b9a6bf54334b4fad0c55efb1,fold_2,0,5368744,1,1,1,100,100,29.296875,29.296875,100,100,1,1,1,5368850,0,0.21045576407506703,0.21045576407506703,0.42091152815013411,True,correct,correct;high_confidence;temporal_regime,DECISION-TIME
1f5687bbc122800e649b1032,fold_2,0,5369752,2,2,13,400,600,2,2,25,25,1,13,8,5369759.076923077,0,0.11956521739130435,0.11956521739130435,0.23913043478260865,True,correct,correct;high_confidence;temporal_regime,DECISION-TIME
59d3f16d51b2a2aea8813cc3,fold_2,1,5369998,1,1,1,600,600,29.296875,29.296875,50,50,1,1,1,5370106,0,0.21045576407506703,0.21045576407506703,0.42091152815013411,False,high_confidence_error,false_negative;high_confidence;temporal_regime,DECISION-TIME
2447388754dd0fb61a3dad9c,fold_2,0,5370066,1,1,1,600,600,29.296875,29.296875,50,50,1,1,1,5370166,0,0.21045576407506703,0.21045576407506703,0.42091152815013411,True,correct,correct;high_confidence;temporal_regime,DECISION-TIME
955b54ceff9b70ccbf923590,fold_2,0,5370844,1,1,1,100,100,29.296875,29.296875,100,100,1,1,1,5370982,0,0.21045576407506703,0.21045576407506703,0.42091152815013411,True,correct,correct;high_confidence;temporal_regime,DECISION-TIME
9315f39f7f6fbf514eb678d0,fold_2,1,5370873,2,2,4,600,600,10,10,25,25,1,4,4,5370889,0,0.11956521739130435,0.11956521739130435,0.23913043478260865,False,high_confidence_error,false_negative;high_confidence;temporal_regime,DECISION-TIME
d919093daa4065ef76054b31,fold_2,1,5370966,1,1,8,1800,1800,58.59375,58.59375,100,100,1,6,4,5370970,0,0.23333333333333334,0.23333333333333334,0.46666666666666667,False,high_confidence_error,false_negative;high_confidence;temporal_regime,DECISION-TIME
79215bcd99304ce7da02c3e0,fold_2,0,5371065,2,2,9,600,600,29.296875,29.296875,20,20,1,9,8,5371083,0,0.21045576407506703,0.21045576407506703,0.42091152815013411,True,correct,correct;high_confidence;temporal_regime,DECISION-TIME
462cb3d5721409a90a7e08cb,fold_2,0,5371569,2,2,35,550,600,14.6484375,14.6484375,100,100,1,35,26,5373846.7428571433,0,0.11956521739130435,0.11956521739130435,0.23913043478260865,True,correct,correct;high_confidence;temporal_regime,DECISION-TIME
1b872031e3d84fd5128d6596,fold_2,0,5371585,1,1,1,600,600,29.296875,29.296875,25,25,1,1,1,5371590,0,0.21045576407506703,0.21045576407506703,0.42091152815013411,True,correct,correct;high_confidence;temporal_regime,DECISION-TIME
c5981e396aed47495421152f,fold_2,0,5371611,1,1,1,500,500,29.296875,29.296875,20,20,1,1,1,5371622,0,0.21045576407506703,0.21045576407506703,0.42091152815013411,True,correct,correct;high_confidence;temporal_regime,DECISION-TIME
c7e4f799227e87e171f3ec40,fold_2,0,5371666,3,3,4,466.66666666666669,600,11.765625,29.296875,25,25,1,4,3,5371670.25,0,0.11956521739130435,0.11956521739130435,0.23913043478260865,True,correct,correct;high_confidence;temporal_regime,DECISION-TIME
3bcf3054de94ed4047ca9cdb,fold_2,0,5372056,3,3,3,466.66666666666669,600,11.098958333333334,29.296875,25,25,1,3,3,5372059.666666667,0,0.11956521739130435,0.11956521739130435,0.23913043478260865,True,correct,correct;high_confidence;temporal_regime,DECISION-TIME
aa1908f8e9376dae224e04b6,fold_2,0,5372637,3,3,3,600,600,29.296875,29.296875,100,100,1,3,3,5372640.666666667,0,0.11956521739130435,0.11956521739130435,0.23913043478260865,True,correct,correct;high_confidence;temporal_regime,DECISION-TIME
d04cffa03a3fb07896c8fef7,fold_2,1,5372664,1,1,1,1200,1200,29.296875,29.296875,100,100,1,1,1,5372776,0,0.11956521739130435,0.11956521739130435,0.23913043478260865,False,high_confidence_error,false_negative;high_confidence;temporal_regime,DECISION-TIME
405cde24e3f9e9f0d3a2d17a,fold_2,0,5373442,2,2,51,500,600,14.6484375,19.53125,25,25,1,51,40,5373450.2352941176,0,0.11956521739130435,0.11956521739130435,0.23913043478260865,True,correct,correct;high_confidence;temporal_regime,DECISION-TIME
7c0e0d4295fbb56bcab0c891,fold_2,0,5373544,1,1,1,600,600,29.296875,29.296875,100,100,1,1,1,5373547,0,0.21045576407506703,0.21045576407506703,0.42091152815013411,True,correct,correct;high_confidence;temporal_regime,DECISION-TIME
7450e5fc7a4f56a761b2000b,fold_2,0,5373545,1,1,1,600,600,29.296875,29.296875,100,100,1,1,1,5373548,0,0.21045576407506703,0.21045576407506703,0.42091152815013411,True,correct,correct;high_confidence;temporal_regime,DECISION-TIME
c14683520b9e191bb6fb1883,fold_2,0,5373545,1,1,1,600,600,29.296875,29.296875,100,100,1,1,1,5373548,0,0.21045576407506703,0.21045576407506703,0.42091152815013411,True,correct,correct;high_confidence;temporal_regime,DECISION-TIME
f173144fdc72682d35dbc00a,fold_2,0,5374450,1,1,1,600,600,29.296875,29.296875,100,100,1,1,1,5374452,0,0.21045576407506703,0.21045576407506703,0.42091152815013411,True,correct,correct;high_confidence;temporal_regime,DECISION-TIME
205eccaa694ca14a3a42d10e,fold_2,0,5374573,1,1,1,100,100,24.4140625,24.4140625,100,100,1,1,1,5374699,0,0.21045576407506703,0.21045576407506703,0.42091152815013411,True,correct,correct;high_confidence;temporal_regime,DECISION-TIME
b9dac053ef9ebe918c511968,fold_2,0,5374750,1,1,1,600,600,29.296875,29.296875,100,100,1,1,1,5374753,0,0.21045576407506703,0.21045576407506703,0.42091152815013411,True,correct,correct;high_confidence;temporal_regime,DECISION-TIME
a483d3ef72da4972061ea45d,fold_2,0,5375358,1,1,1,600,600,29.296875,29.296875,100,100,1,1,1,5375361,0,0.21045576407506703,0.21045576407506703,0.42091152815013411,True,correct,correct;high_confidence;temporal_regime,DECISION-TIME
ab2d20ac2ca77dd40a31a4a3,fold_2,1,5375597,1,1,1,600,600,29.296875,29.296875,100,100,1,1,1,5375665,0,0.21045576407506703,0.21045576407506703,0.42091152815013411,False,high_confidence_error,false_negative;high_confidence;temporal_regime,DECISION-TIME
c67da0e80cd4c614f9848df3,fold_2,0,5375699,1,1,1,1800,1800,58.59375,58.59375,100,100,1,1,1,5376925,0,0.30303030303030304,0.30303030303030304,0.60606060606060608,True,correct,correct;low_confidence;temporal_regime,DECISION-TIME
25b085a9ecc07047184cbdd7,fold_2,0,5375874,1,1,1,600,600,29.296875,29.296875,100,100,1,1,1,5375878,0,0.21045576407506703,0.21045576407506703,0.42091152815013411,True,correct,correct;high_confidence;temporal_regime,DECISION-TIME
eabd92adaafb6fdcb6c0058e,fold_2,0,5376229,1,1,1,600,600,29.296875,29.296875,25,25,1,1,1,5376237,0,0.21045576407506703,0.21045576407506703,0.42091152815013411,True,correct,correct;high_confidence;temporal_regime,DECISION-TIME
41dbd09fb4a866be53e03323,fold_2,0,5376869,1,1,1,600,600,29.296875,29.296875,100,100,1,1,1,5376872,0,0.21045576407506703,0.21045576407506703,0.42091152815013411,True,correct,correct;high_confidence;temporal_regime,DECISION-TIME
06b041acd0a76e711c1dfe7c,fold_2,1,5376930,1,1,1,600,600,29.296875,29.296875,100,100,1,1,1,5376937,0,0.21045576407506703,0.21045576407506703,0.42091152815013411,False,high_confidence_error,false_negative;high_confidence;temporal_regime,DECISION-TIME
9a1c690dfeae1b8a68234683,fold_2,0,5377461,1,1,1,1800,1800,58.59375,58.59375,100,100,1,1,1,5377505,0,0.30303030303030304,0.30303030303030304,0.60606060606060608,True,correct,correct;low_confidence;temporal_regime,DECISION-TIME
d18e15a19c25b1daa282bc37,fold_2,0,5380341,3,3,4,466.66666666666669,600,11.765625,29.296875,25,25,1,4,3,5380346.25,0,0.11956521739130435,0.11956521739130435,0.23913043478260865,True,correct,correct;high_confidence;temporal_regime,DECISION-TIME
fed657b1ffa446de95296478,fold_2,0,5380704,1,1,1,600,600,29.296875,29.296875,100,100,1,1,1,5380742,0,0.21045576407506703,0.21045576407506703,0.42091152815013411,True,correct,correct;high_confidence;temporal_regime,DECISION-TIME
cc5b1856a6f069ed43a42cb4,fold_2,1,5380715,1,1,8,300,300,9.765625,9.765625,100,100,1,2,2,5380762,0,0.11956521739130435,0.11956521739130435,0.23913043478260865,False,high_confidence_error,false_negative;high_confidence;temporal_regime,DECISION-TIME
204df2903a9c43532492adab,fold_2,1,5381099,1,1,1,1000,1000,29.296875,29.296875,100,100,1,1,1,5381110,0,0.21045576407506703,0.21045576407506703,0.42091152815013411,False,high_confidence_error,false_negative;high_confidence;temporal_regime,DECISION-TIME
5e3c945bd3936a11597ef8a8,fold_2,0,5381183,1,1,1,1200,1200,29.296875,29.296875,100,100,1,1,1,5381297,0,0.11956521739130435,0.11956521739130435,0.23913043478260865,True,correct,correct;high_confidence;temporal_regime,DECISION-TIME
ed6077a647036e1648b16c89,fold_2,0,5381235,1,1,1,600,600,29.296875,29.296875,25,25,1,1,1,5381275,0,0.21045576407506703,0.21045576407506703,0.42091152815013411,True,correct,correct;high_confidence;temporal_regime,DECISION-TIME
082ec7367ab45eaecfdd0220,fold_2,0,5381440,3,3,4,466.66666666666669,600,11.765625,29.296875,25,25,1,4,3,5381444.25,0,0.11956521739130435,0.11956521739130435,0.23913043478260865,True,correct,correct;high_confidence;temporal_regime,DECISION-TIME
60f198b26b882f2baf22abbb,fold_2,0,5381631,1,1,1,1000,1000,19.55078125,19.55078125,50,50,1,1,1,5381634,0,0.11956521739130435,0.11956521739130435,0.23913043478260865,True,correct,correct;high_confidence;temporal_regime,DECISION-TIME
469c16eae279beaf1fbc7946,fold_2,1,5381677,2,2,55,600,600,19.53125,29.296875,25,25,1,55,53,5381731,0,0.21045576407506703,0.21045576407506703,0.42091152815013411,False,high_confidence_error,false_negative;high_confidence;temporal_regime,DECISION-TIME
ad0fb3a53759145799a6afdd,fold_2,0,5381726,2,2,6,600,600,58.59375,58.59375,25,25,1,6,6,5381740,0,0.33333333333333331,0.33333333333333331,0.66666666666666663,True,correct,correct;low_confidence;temporal_regime,DECISION-TIME
974f927bbde98b9dcb52a577,fold_2,0,5381981,3,3,5,466.66666666666669,600,17.098958333333332,29.296875,25,25,1,5,3,5381989.2000000002,0,0.11956521739130435,0.11956521739130435,0.23913043478260865,True,correct,correct;high_confidence;temporal_regime,DECISION-TIME
b06c5bffb50b9ab8eadb6cac,fold_2,1,5382088,1,1,4,1600,1600,9.765625,9.765625,100,100,1,3,3,5382096,0,0.11956521739130435,0.11956521739130435,0.23913043478260865,False,high_confidence_error,false_negative;high_confidence;temporal_regime,DECISION-TIME
a23c610a4bcb8aeeaa8db143,fold_2,0,5382713,3,3,4,466.66666666666669,600,11.765625,29.296875,25,25,1,4,3,5382717.75,0,0.11956521739130435,0.11956521739130435,0.23913043478260865,True,correct,correct;high_confidence;temporal_regime,DECISION-TIME
e86c635465e0f9ab405841e5,fold_2,0,5383804,1,1,1,600,600,29.296875,29.296875,100,100,1,1,1,5383813,0,0.21045576407506703,0.21045576407506703,0.42091152815013411,True,correct,correct;high_confidence;temporal_regime,DECISION-TIME
6ad412dc4c32ce085bfe9cdf,fold_2,0,5383946,1,1,1,600,600,29.296875,29.296875,25,25,1,1,1,5383957,0,0.21045576407506703,0.21045576407506703,0.42091152815013411,True,correct,correct;high_confidence;temporal_regime,DECISION-TIME
c26b0dbcc7bcc138bd2862a0,fold_2,1,5384269,1,1,1,600,600,29.296875,29.296875,100,100,1,1,1,5384280,0,0.21045576407506703,0.21045576407506703,0.42091152815013411,False,high_confidence_error,false_negative;high_confidence;temporal_regime,DECISION-TIME
789370816459490d9fb2cdfb,fold_2,0,5385068,1,1,1,100,100,29.296875,29.296875,25,25,1,1,1,5385081,0,0.30303030303030304,0.30303030303030304,0.60606060606060608,True,correct,correct;low_confidence;temporal_regime,DECISION-TIME
2ba23e09e9bec1c19fc15349,fold_2,0,5385153,2,2,2,600,600,2.9296875,2.9296875,100,100,1,2,2,5385164,0,0.11956521739130435,0.11956521739130435,0.23913043478260865,True,correct,correct;high_confidence;temporal_regime,DECISION-TIME
b032deabdee66a6967c368d0,fold_2,0,5385273,1,1,1,600,600,29.296875,29.296875,100,100,1,1,1,5385285,0,0.21045576407506703,0.21045576407506703,0.42091152815013411,True,correct,correct;high_confidence;temporal_regime,DECISION-TIME
a7dc885b3ae3972733243e39,fold_2,1,5385670,1,1,1,1200,1200,9.765625,9.765625,100,100,1,1,1,5385727,0,0.11956521739130435,0.11956521739130435,0.23913043478260865,False,high_confidence_error,false_negative;high_confidence;temporal_regime,DECISION-TIME
3d82376d564662e796d92d7d,fold_2,0,5386029,1,1,1,1000,1000,19.55078125,19.55078125,50,50,1,1,1,5386033,0,0.11956521739130435,0.11956521739130435,0.23913043478260865,True,correct,correct;high_confidence;temporal_regime,DECISION-TIME
107ad38992671235fd35e0bb,fold_2,0,5386661,1,1,1,600,600,29.296875,29.296875,100,100,1,1,1,5386670,0,0.21045576407506703,0.21045576407506703,0.42091152815013411,True,correct,correct;high_confidence;temporal_regime,DECISION-TIME
4a42c58a0218f59dd632ea15,fold_2,0,5387396,3,3,5,466.66666666666669,600,11.098958333333334,29.296875,25,25,1,5,3,5387401,0,0.11956521739130435,0.11956521739130435,0.23913043478260865,True,correct,correct;high_confidence;temporal_regime,DECISION-TIME
99bbc19a4a54c0a87b5d59f2,fold_2,0,5387513,1,1,1,600,600,29.296875,29.296875,100,100,1,1,1,5388319,0,0.21045576407506703,0.21045576407506703,0.42091152815013411,True,correct,correct;high_confidence;temporal_regime,DECISION-TIME
e16ac55c67e6d29c1333957b,fold_2,0,5387659,1,1,1,600,600,29.296875,29.296875,100,100,1,1,1,5387690,0,0.21045576407506703,0.21045576407506703,0.42091152815013411,True,correct,correct;high_confidence;temporal_regime,DECISION-TIME
c9f62dd562d905d1c478e8ef,fold_2,1,5387782,1,1,1,800,800,9.765625,9.765625,100,100,1,1,1,5387819,0,0.11956521739130435,0.11956521739130435,0.23913043478260865,False,high_confidence_error,false_negative;high_confidence;temporal_regime,DECISION-TIME
7b1d18dacb6512170db7b454,fold_2,1,5387859,1,1,1,600,600,29.296875,29.296875,25,25,1,1,1,5387863,0,0.21045576407506703,0.21045576407506703,0.42091152815013411,False,high_confidence_error,false_negative;high_confidence;temporal_regime,DECISION-TIME
186518265ceb1df51f82a6a7,fold_2,0,5387940,1,1,1,800,800,9.765625,9.765625,100,100,1,1,1,5388033,0,0.11956521739130435,0.11956521739130435,0.23913043478260865,True,correct,correct;high_confidence;temporal_regime,DECISION-TIME
81c15e8fc19569e320db77bd,fold_2,0,5388340,1,1,1,100,100,29.296875,29.296875,100,100,1,1,1,5388345,0,0.21045576407506703,0.21045576407506703,0.42091152815013411,True,correct,correct;high_confidence;temporal_regime,DECISION-TIME
dc9d34aabd4e17b9bffb4bdb,fold_2,1,5388653,1,1,1,600,600,29.296875,29.296875,25,25,1,1,1,5388656,0,0.21045576407506703,0.21045576407506703,0.42091152815013411,False,high_confidence_error,false_negative;high_confidence;temporal_regime,DECISION-TIME
cbc9a7c81fda545f13aefba6,fold_2,0,5388655,1,1,1,600,600,29.296875,29.296875,25,25,1,1,1,5388662,0,0.21045576407506703,0.21045576407506703,0.42091152815013411,True,correct,correct;high_confidence;temporal_regime,DECISION-TIME
fd8cdfa43dc08fa284d3d826,fold_2,1,5388701,1,1,1,800,800,9.765625,9.765625,100,100,1,1,1,5388796,0,0.11956521739130435,0.11956521739130435,0.23913043478260865,False,high_confidence_error,false_negative;high_confidence;temporal_regime,DECISION-TIME
03682622f99a798e251cf954,fold_2,0,5388743,1,1,1,200,200,0.99609375,0.99609375,,,0,1,1,5388746,0,0.050000000000000003,0.050000000000000003,0.099999999999999978,True,correct,correct;high_confidence;temporal_regime;feature_missingness,DECISION-TIME
a84b53cd13ad16a0ea2ce2df,fold_2,0,5389051,2,2,12,600,600,48.828125,78.125,50,50,1,12,10,5389068.583333333,0,0.33333333333333331,0.33333333333333331,0.66666666666666663,True,correct,correct;low_confidence;temporal_regime,DECISION-TIME
7e3b21ed116e06b1e86b2058,fold_2,0,5389198,1,1,1,600,600,29.296875,29.296875,100,100,1,1,1,5389207,0,0.21045576407506703,0.21045576407506703,0.42091152815013411,True,correct,correct;high_confidence;temporal_regime,DECISION-TIME
88c53444c09078a00ad1f5c6,fold_2,0,5389322,2,2,2,600,600,2.9296875,2.9296875,100,100,1,3,3,5389410,0,0.11956521739130435,0.11956521739130435,0.23913043478260865,True,correct,correct;high_confidence;temporal_regime,DECISION-TIME
afb13352b244f6fd4cb2af8f,fold_2,1,5390436,1,1,1,100,100,29.296875,29.296875,25,25,1,1,1,5390449,0,0.30303030303030304,0.30303030303030304,0.60606060606060608,False,low_confidence_error,false_negative;low_confidence;temporal_regime,DECISION-TIME
388893a8d7e91ae971815910,fold_2,0,5390538,1,1,1,100,100,29.296875,29.296875,100,100,1,1,1,5390622,0,0.21045576407506703,0.21045576407506703,0.42091152815013411,True,correct,correct;high_confidence;temporal_regime,DECISION-TIME
0e02909c6d6d3aba4a292dba,fold_2,0,5391103,1,1,1,600,600,29.296875,29.296875,100,100,1,1,1,5391114,0,0.21045576407506703,0.21045576407506703,0.42091152815013411,True,correct,correct;high_confidence;temporal_regime,DECISION-TIME
a9ee1915f07df80dfc026b3f,fold_2,1,5392063,1,1,1,1800,1800,58.59375,58.59375,100,100,1,1,1,5392304,0,0.30303030303030304,0.30303030303030304,0.60606060606060608,False,low_confidence_error,false_negative;low_confidence;temporal_regime,DECISION-TIME
9dc5a3caa91a01eee116deba,fold_2,1,5392118,1,1,2,9000,9000,300,300,800,800,1,1,1,5392128,1,1,1,0,True,correct,correct;high_confidence;temporal_regime,DECISION-TIME
15ab26fb661427dfddfa1188,fold_2,0,5392243,1,1,1,100,100,29.296875,29.296875,100,100,1,1,1,5392251,0,0.21045576407506703,0.21045576407506703,0.42091152815013411,True,correct,correct;high_confidence;temporal_regime,DECISION-TIME
d718d13d3d085160ab061575,fold_2,0,5392537,1,1,1,600,600,29.296875,29.296875,25,25,1,1,1,5392542,0,0.21045576407506703,0.21045576407506703,0.42091152815013411,True,correct,correct;high_confidence;temporal_regime,DECISION-TIME
39a1c61e06fcd2e936a16d09,fold_2,1,5392718,2,2,13,800,800,24.4140625,29.296875,100,100,1,13,11,5392751,0,0.11956521739130435,0.11956521739130435,0.23913043478260865,False,high_confidence_error,false_negative;high_confidence;temporal_regime,DECISION-TIME
d40a57278b9e78d2026b309c,fold_2,1,5393027,1,1,1,600,600,29.296875,29.296875,100,100,1,1,1,5393065,0,0.21045576407506703,0.21045576407506703,0.42091152815013411,False,high_confidence_error,false_negative;high_confidence;temporal_regime,DECISION-TIME
d81797271a23c24e99a987f3,fold_2,0,5393858,3,3,6,466.66666666666669,600,11.098958333333334,29.296875,25,25,1,6,4,5393886.333333333,0,0.11956521739130435,0.11956521739130435,0.23913043478260865,True,correct,correct;high_confidence;temporal_regime,DECISION-TIME
8795e331332c76b06d0aab47,fold_2,0,5394070,1,1,1,600,600,29.296875,29.296875,10,10,1,1,1,5394078,0,0.21045576407506703,0.21045576407506703,0.42091152815013411,True,correct,correct;high_confidence;temporal_regime,DECISION-TIME
d6812f820dfe52c69af74354,fold_2,0,5394330,1,1,1,600,600,29.296875,29.296875,100,100,1,1,1,5394339,0,0.21045576407506703,0.21045576407506703,0.42091152815013411,True,correct,correct;high_confidence;temporal_regime,DECISION-TIME
43ed1b62d362ef2ae95d8614,fold_2,0,5395608,1,1,1,600,600,29.296875,29.296875,50,50,1,1,1,5395613,0,0.21045576407506703,0.21045576407506703,0.42091152815013411,True,correct,correct;high_confidence;temporal_regime,DECISION-TIME
b69e4ae179cb647d794e88cc,fold_2,0,5395706,1,1,1,600,600,29.296875,29.296875,50,50,1,1,1,5395713,0,0.21045576407506703,0.21045576407506703,0.42091152815013411,True,correct,correct;high_confidence;temporal_regime,DECISION-TIME
50f8f21c76daa1acf6ccc040,fold_2,0,5395709,1,1,1,600,600,29.296875,29.296875,50,50,1,1,1,5395714,0,0.21045576407506703,0.21045576407506703,0.42091152815013411,True,correct,correct;high_confidence;temporal_regime,DECISION-TIME
f4c12e5c96337f8e08a4c9c8,fold_2,0,5396666,1,1,1,600,600,29.296875,29.296875,25,25,1,1,1,5396677,0,0.21045576407506703,0.21045576407506703,0.42091152815013411,True,correct,correct;high_confidence;temporal_regime,DECISION-TIME
14f6673a945e0d186a936dbc,fold_2,0,5396866,1,1,1,100,100,29.296875,29.296875,100,100,1,1,1,5396880,0,0.21045576407506703,0.21045576407506703,0.42091152815013411,True,correct,correct;high_confidence;temporal_regime,DECISION-TIME
0c830d25e1fadf8a8b103629,fold_2,0,5397159,1,1,1,1000,1000,19.55078125,19.55078125,50,50,1,1,1,5397163,0,0.11956521739130435,0.11956521739130435,0.23913043478260865,True,correct,correct;high_confidence;temporal_regime,DECISION-TIME
92744ca4fc39280b9179dc0c,fold_2,0,5397442,1,1,1,100,100,24.4140625,24.4140625,100,100,1,1,1,5397445,0,0.21045576407506703,0.21045576407506703,0.42091152815013411,True,correct,correct;high_confidence;temporal_regime,DECISION-TIME
9e3b8b5e9a7c7e2197e59ced,fold_2,0,5397566,1,1,1,1800,1800,58.59375,58.59375,100,100,1,2,2,5398502,0,0.30303030303030304,0.30303030303030304,0.60606060606060608,True,correct,correct;low_confidence;temporal_regime,DECISION-TIME
6bc5e739fb9e18a3911671c4,fold_2,0,5397690,1,1,1,100,100,1.97265625,1.97265625,,,0,1,1,5397693,0,0.050000000000000003,0.050000000000000003,0.099999999999999978,True,correct,correct;high_confidence;temporal_regime;feature_missingness,DECISION-TIME
1c3c064b6ceaa4cfb6c5c38f,fold_2,0,5398549,2,2,45,600,600,34.1796875,39.0625,25,25,1,45,28,5398563.2000000002,0,0.21045576407506703,0.21045576407506703,0.42091152815013411,True,correct,correct;high_confidence;temporal_regime,DECISION-TIME
1300f1a957962e976075e4f7,fold_2,0,5398724,1,1,1,600,600,29.296875,29.296875,100,100,1,1,1,5398764,0,0.21045576407506703,0.21045576407506703,0.42091152815013411,True,correct,correct;high_confidence;temporal_regime,DECISION-TIME
50740935bb824ae6dc58f1f4,fold_2,0,5401287,1,1,1,100,100,1.97265625,1.97265625,,,0,1,1,5401290,0,0.050000000000000003,0.050000000000000003,0.099999999999999978,True,correct,correct;high_confidence;temporal_regime;feature_missingness,DECISION-TIME
e27a833f2ed7fa5f3311af9a,fold_2,0,5401312,1,1,1,1000,1000,19.55078125,19.55078125,50,50,1,1,1,5401315,0,0.11956521739130435,0.11956521739130435,0.23913043478260865,True,correct,correct;high_confidence;temporal_regime,DECISION-TIME
63d975eba211d363f9483a57,fold_2,1,5401346,1,1,99,100,100,19.53125,19.53125,5,5,1,99,40,5401354,0,0.21045576407506703,0.21045576407506703,0.42091152815013411,False,high_confidence_error,false_negative;high_confidence;temporal_regime,DECISION-TIME
920ef8d6ff51663c0f002b60,fold_2,0,5401363,1,1,1,600,600,29.296875,29.296875,100,100,1,1,1,5401444,0,0.21045576407506703,0.21045576407506703,0.42091152815013411,True,correct,correct;high_confidence;temporal_regime,DECISION-TIME
71b3db916caaf329e894010b,fold_2,1,5401446,1,1,1,600,600,29.296875,29.296875,100,100,1,1,1,5401553,0,0.21045576407506703,0.21045576407506703,0.42091152815013411,False,high_confidence_error,false_negative;high_confidence;temporal_regime,DECISION-TIME
c954a78f6894ab1bf6447f37,fold_2,0,5401451,1,1,1,1000,1000,19.55078125,19.55078125,50,50,1,1,1,5401455,0,0.11956521739130435,0.11956521739130435,0.23913043478260865,True,correct,correct;high_confidence;temporal_regime,DECISION-TIME
af7cfd03c2e3ed7ea546d1c1,fold_2,1,5401681,1,1,1,600,600,29.296875,29.296875,100,100,1,2,1,5403130,0,0.21045576407506703,0.21045576407506703,0.42091152815013411,False,high_confidence_error,false_negative;high_confidence;temporal_regime,DECISION-TIME
0a1230c387b2487532c06232,fold_2,0,5402361,2,2,4,600,600,29.296875,29.296875,50,50,1,4,2,5402365.25,0,0.21045576407506703,0.21045576407506703,0.42091152815013411,True,correct,correct;high_confidence;temporal_regime,DECISION-TIME
4b58e0372b4e5973843323f2,fold_2,0,5403325,1,1,1,600,600,29.296875,29.296875,100,100,1,1,1,5403376,0,0.21045576407506703,0.21045576407506703,0.42091152815013411,True,correct,correct;high_confidence;temporal_regime,DECISION-TIME
211f3d198048af3d04230f38,fold_2,0,5403403,1,1,1,600,600,29.296875,29.296875,100,100,1,1,1,5403406,0,0.21045576407506703,0.21045576407506703,0.42091152815013411,True,correct,correct;high_confidence;temporal_regime,DECISION-TIME
4882d0e95818ae188ecd8392,fold_2,0,5403656,1,1,1,600,600,29.296875,29.296875,100,100,1,1,1,5403660,0,0.21045576407506703,0.21045576407506703,0.42091152815013411,True,correct,correct;high_confidence;temporal_regime,DECISION-TIME
db50bc524aede2e84b162757,fold_2,1,5404100,1,1,1,1600,1600,9.765625,9.765625,100,100,1,1,1,5404224,0,0.11956521739130435,0.11956521739130435,0.23913043478260865,False,high_confidence_error,false_negative;high_confidence;temporal_regime,DECISION-TIME
37770d1ff28039fab94320c3,fold_2,0,5405028,2,2,5,600,600,29.296875,29.296875,100,100,1,5,4,5405042.4000000004,0,0.11956521739130435,0.11956521739130435,0.23913043478260865,True,correct,correct;high_confidence;temporal_regime,DECISION-TIME
7cdee7735e9246a5787dd095,fold_2,0,5405417,1,1,1,100,100,29.296875,29.296875,25,25,1,1,1,5405429,0,0.30303030303030304,0.30303030303030304,0.60606060606060608,True,correct,correct;low_confidence;temporal_regime,DECISION-TIME
dee6e67b4c6e585e2d8f02d9,fold_2,0,5405476,1,1,1,100,100,1.97265625,1.97265625,,,0,1,1,5405478,0,0.050000000000000003,0.050000000000000003,0.099999999999999978,True,correct,correct;high_confidence;temporal_regime;feature_missingness,DECISION-TIME
a04b860d7595a2c2e778d3ac,fold_2,0,5406611,1,1,1,200,200,0.99609375,0.99609375,,,0,1,1,5406614,0,0.050000000000000003,0.050000000000000003,0.099999999999999978,True,correct,correct;high_confidence;temporal_regime;feature_missingness,DECISION-TIME
a849fc2ae1833e101ece6401,fold_2,0,5406613,1,1,1,600,600,29.296875,29.296875,25,25,1,1,1,5406621,0,0.21045576407506703,0.21045576407506703,0.42091152815013411,True,correct,correct;high_confidence;temporal_regime,DECISION-TIME
c16f63a278e39c17e6d77ffb,fold_2,0,5406765,2,2,2,600,600,19.53125,29.296875,20,20,1,3,3,5407701,0,0.21045576407506703,0.21045576407506703,0.42091152815013411,True,correct,correct;high_confidence;temporal_regime,DECISION-TIME
bb85778dd865d76c9809e01c,fold_2,0,5406825,1,1,1,600,600,29.296875,29.296875,100,100,1,1,1,5406920,0,0.21045576407506703,0.21045576407506703,0.42091152815013411,True,correct,correct;high_confidence;temporal_regime,DECISION-TIME
4f97076be704901936e12758,fold_2,1,5407154,2,2,5,300,500,4.8828125,4.8828125,25,25,1,7,4,5409031,0,0.11956521739130435,0.11956521739130435,0.23913043478260865,False,high_confidence_error,false_negative;high_confidence;temporal_regime,DECISION-TIME
b27aa8284dca3400eab72162,fold_2,0,5407935,1,1,1,100,100,29.296875,29.296875,100,100,1,1,1,5407945,0,0.21045576407506703,0.21045576407506703,0.42091152815013411,True,correct,correct;high_confidence;temporal_regime,DECISION-TIME
df9bfa05e64402a0b4b9d5a2,fold_2,0,5409383,1,1,1,1800,1800,58.59375,58.59375,100,100,1,1,1,5409386,0,0.30303030303030304,0.30303030303030304,0.60606060606060608,True,correct,correct;low_confidence;temporal_regime,DECISION-TIME
7f71acfaa78750f6a62cd685,fold_2,0,5409731,1,1,1,500,500,29.296875,29.296875,20,20,1,1,1,5409743,0,0.21045576407506703,0.21045576407506703,0.42091152815013411,True,correct,correct;high_confidence;temporal_regime,DECISION-TIME
c88f06e1b1f3166d3ca50a21,fold_2,0,5409887,1,1,1,100,100,29.296875,29.296875,100,100,1,1,1,5409895,0,0.21045576407506703,0.21045576407506703,0.42091152815013411,True,correct,correct;high_confidence;temporal_regime,DECISION-TIME
d8f957ee7e85f57425a931cd,fold_2,0,5411199,1,1,1,600,600,29.296875,29.296875,100,100,1,1,1,5411302,0,0.21045576407506703,0.21045576407506703,0.42091152815013411,True,correct,correct;high_confidence;temporal_regime,DECISION-TIME
ce81cff6671bc0051a1ee3a7,fold_2,0,5411216,1,1,1,600,600,29.296875,29.296875,100,100,1,1,1,5411331,0,0.21045576407506703,0.21045576407506703,0.42091152815013411,True,correct,correct;high_confidence;temporal_regime,DECISION-TIME
66dd61c5989e85e4cd2ce049,fold_2,0,5411588,1,1,2,1800,1800,58.59375,58.59375,100,100,1,2,2,5411593.5,0,0.30303030303030304,0.30303030303030304,0.60606060606060608,True,correct,correct;low_confidence;temporal_regime,DECISION-TIME
b25b90a7147113929f9940c5,fold_2,1,5411868,1,1,1,600,600,29.296875,29.296875,100,100,1,1,1,5411996,0,0.21045576407506703,0.21045576407506703,0.42091152815013411,False,high_confidence_error,false_negative;high_confidence;temporal_regime,DECISION-TIME
b6fa42a6a051ce2755e01fca,fold_2,0,5412408,1,1,1,1000,1000,19.55078125,19.55078125,50,50,1,1,1,5412412,0,0.11956521739130435,0.11956521739130435,0.23913043478260865,True,correct,correct;high_confidence;temporal_regime,DECISION-TIME
50eb54fcbe42d983f3f39e59,fold_2,0,5412555,1,1,1,500,500,29.296875,29.296875,20,20,1,1,1,5412567,0,0.21045576407506703,0.21045576407506703,0.42091152815013411,True,correct,correct;high_confidence;temporal_regime,DECISION-TIME
d9689b64dc554af4e88cfcd2,fold_2,0,5412658,1,1,1,500,500,29.296875,29.296875,20,20,1,1,1,5412754,0,0.21045576407506703,0.21045576407506703,0.42091152815013411,True,correct,correct;high_confidence;temporal_regime,DECISION-TIME
1e8d19eb9b4f1eb20d5c3d9f,fold_2,0,5413034,2,2,4,600,600,29.296875,29.296875,50,50,1,4,2,5413038.25,0,0.21045576407506703,0.21045576407506703,0.42091152815013411,True,correct,correct;high_confidence;temporal_regime,DECISION-TIME
aba5ba38c6fa8c2aabb7eb96,fold_2,0,5413690,2,2,5,600,600,29.296875,29.296875,100,100,1,5,5,5413701,0,0.11956521739130435,0.11956521739130435,0.23913043478260865,True,correct,correct;high_confidence;temporal_regime,DECISION-TIME
df87debe50eecda978b4328a,fold_2,1,5414301,2,2,35,500,600,12.20703125,14.6484375,25,25,1,35,23,5414314,0,0.11956521739130435,0.11956521739130435,0.23913043478260865,False,high_confidence_error,false_negative;high_confidence;temporal_regime,DECISION-TIME
49b6b6ad5fadc08f3ba126df,fold_2,0,5414827,1,1,1,800,800,31.26953125,31.26953125,,,0,1,1,5414830,0,0.11956521739130435,0.11956521739130435,0.23913043478260865,True,correct,correct;high_confidence;temporal_regime;feature_missingness,DECISION-TIME
6e82a89a3cdc570408b83d5f,fold_2,0,5414838,1,1,1,600,600,29.296875,29.296875,100,100,1,1,1,5414851,0,0.21045576407506703,0.21045576407506703,0.42091152815013411,True,correct,correct;high_confidence;temporal_regime,DECISION-TIME
8bfd7365046ff0ee346a6e45,fold_2,0,5414911,1,1,1,1800,1800,58.59375,58.59375,100,100,1,1,1,5414922,0,0.30303030303030304,0.30303030303030304,0.60606060606060608,True,correct,correct;low_confidence;temporal_regime,DECISION-TIME
bbf17b0afadb80b591b2dd09,fold_2,0,5414975,1,1,1,600,600,29.296875,29.296875,10,10,1,1,1,5415114,0,0.21045576407506703,0.21045576407506703,0.42091152815013411,True,correct,correct;high_confidence;temporal_regime,DECISION-TIME
b0bd4bde81fbf79a3e84ce62,fold_2,0,5415032,1,1,1,100,100,29.296875,29.296875,25,25,1,1,1,5415451,0,0.30303030303030304,0.30303030303030304,0.60606060606060608,True,correct,correct;low_confidence;temporal_regime,DECISION-TIME
a000d75be1acfddef1449c77,fold_2,0,5415070,1,1,1,600,600,29.296875,29.296875,10,10,1,1,1,5415717,0,0.21045576407506703,0.21045576407506703,0.42091152815013411,True,correct,correct;high_confidence;temporal_regime,DECISION-TIME
33a91997df6500c6867da864,fold_2,0,5415140,1,1,1,100,100,29.296875,29.296875,25,25,1,1,1,5415779,0,0.30303030303030304,0.30303030303030304,0.60606060606060608,True,correct,correct;low_confidence;temporal_regime,DECISION-TIME
ddd4c75e2695480fbbf2a35f,fold_2,0,5415424,1,1,1,600,600,29.296875,29.296875,10,10,1,1,1,5415430,0,0.21045576407506703,0.21045576407506703,0.42091152815013411,True,correct,correct;high_confidence;temporal_regime,DECISION-TIME
75e2fda5e45df2130e16deab,fold_2,0,5415564,1,1,1,100,100,29.296875,29.296875,25,25,1,1,1,5418911,0,0.30303030303030304,0.30303030303030304,0.60606060606060608,True,correct,correct;low_confidence;temporal_regime,DECISION-TIME
429abce22f54f85e251d64b1,fold_2,0,5415612,1,1,1,100,100,29.296875,29.296875,25,25,1,1,1,5418992,0,0.30303030303030304,0.30303030303030304,0.60606060606060608,True,correct,correct;low_confidence;temporal_regime,DECISION-TIME
ad50e0009f5266d0deebd600,fold_2,0,5415905,1,1,1,100,100,29.296875,29.296875,25,25,1,1,1,5419136,0,0.30303030303030304,0.30303030303030304,0.60606060606060608,True,correct,correct;low_confidence;temporal_regime,DECISION-TIME
fee045183a756a4faa5f4954,fold_2,0,5416411,1,1,1,600,600,29.296875,29.296875,100,100,1,1,1,5416414,0,0.21045576407506703,0.21045576407506703,0.42091152815013411,True,correct,correct;high_confidence;temporal_regime,DECISION-TIME
d2815beca5e015df70899abb,fold_2,0,5416492,1,1,1,500,500,29.296875,29.296875,20,20,1,3,2,5417027,0,0.30303030303030304,0.30303030303030304,0.60606060606060608,True,correct,correct;low_confidence;temporal_regime,DECISION-TIME
9e2b03d2cb574eff5090530a,fold_2,1,5416619,1,1,1,600,600,29.296875,29.296875,100,100,1,3,2,5420255,0,0.21045576407506703,0.21045576407506703,0.42091152815013411,False,high_confidence_error,false_negative;high_confidence;temporal_regime,DECISION-TIME
70a8a02208d45d4503f1440d,fold_2,0,5416622,1,1,1,600,600,29.296875,29.296875,100,100,1,1,1,5419947,0,0.21045576407506703,0.21045576407506703,0.42091152815013411,True,correct,correct;high_confidence;temporal_regime,DECISION-TIME
0ea2705c86424efc20eac77f,fold_2,0,5416648,2,2,2,550,600,21.97265625,29.296875,50,50,1,2,2,5416657.5,0,0.11956521739130435,0.11956521739130435,0.23913043478260865,True,correct,correct;high_confidence;temporal_regime,DECISION-TIME
49db0da3c5805395178d0d95,fold_2,0,5416738,1,1,1,600,600,29.296875,29.296875,100,100,1,1,1,5420067,0,0.21045576407506703,0.21045576407506703,0.42091152815013411,True,correct,correct;high_confidence;temporal_regime,DECISION-TIME
c973af5052973a01119f84fe,fold_2,0,5416792,1,1,1,100,100,29.296875,29.296875,25,25,1,1,1,5420140,0,0.30303030303030304,0.30303030303030304,0.60606060606060608,True,correct,correct;low_confidence;temporal_regime,DECISION-TIME
7b0c65a0f18076bbb595fd24,fold_2,0,5416801,1,1,1,100,100,29.296875,29.296875,25,25,1,1,1,5420158,0,0.30303030303030304,0.30303030303030304,0.60606060606060608,True,correct,correct;low_confidence;temporal_regime,DECISION-TIME
be10dfd83c20cd37d6f0c665,fold_2,0,5417028,1,1,1,600,600,29.296875,29.296875,200,200,1,1,1,5417309,0,0.11956521739130435,0.11956521739130435,0.23913043478260865,True,correct,correct;high_confidence;temporal_regime,DECISION-TIME
ae2e09c18f2aea8178163af2,fold_2,0,5417206,2,2,11,350,600,2,2,25,25,1,11,8,5417211.5454545459,0,0.11956521739130435,0.11956521739130435,0.23913043478260865,True,correct,correct;high_confidence;temporal_regime,DECISION-TIME
093b441cc0808e38600446d5,fold_2,0,5417616,1,1,1,100,100,29.296875,29.296875,100,100,1,1,1,5417618,0,0.21045576407506703,0.21045576407506703,0.42091152815013411,True,correct,correct;high_confidence;temporal_regime,DECISION-TIME
0ff0e47ac65996211c258ee2,fold_2,0,5420044,1,1,1,600,600,29.296875,29.296875,25,25,1,1,1,5420686,0,0.21045576407506703,0.21045576407506703,0.42091152815013411,True,correct,correct;high_confidence;temporal_regime,DECISION-TIME
a356518399ecb5fac1fb18e4,fold_2,0,5420621,1,1,1,100,100,29.296875,29.296875,25,25,1,3,2,5422998,0,0.30303030303030304,0.30303030303030304,0.60606060606060608,True,correct,correct;low_confidence;temporal_regime,DECISION-TIME
b0587e63c2b103bbc06eec2f,fold_2,0,5421538,1,1,1,1200,1200,29.296875,29.296875,10,10,1,1,1,5422392,0,0.21045576407506703,0.21045576407506703,0.42091152815013411,True,correct,correct;high_confidence;temporal_regime,DECISION-TIME
f1367d151d0c222c1480a1f3,fold_2,0,5421968,1,1,1,600,600,29.296875,29.296875,25,25,1,1,1,5421978,0,0.21045576407506703,0.21045576407506703,0.42091152815013411,True,correct,correct;high_confidence;temporal_regime,DECISION-TIME
b2cead5ef1bbee0d59bf7b7b,fold_2,0,5422323,1,1,1,600,600,29.296875,29.296875,10,10,1,1,1,5423449,0,0.21045576407506703,0.21045576407506703,0.42091152815013411,True,correct,correct;high_confidence;temporal_regime,DECISION-TIME
ee22b9108403696af11f0543,fold_2,0,5423719,1,1,1,600,600,29.296875,29.296875,100,100,1,1,1,5423727,0,0.21045576407506703,0.21045576407506703,0.42091152815013411,True,correct,correct;high_confidence;temporal_regime,DECISION-TIME
4054b0aa489951b53fa72328,fold_2,0,5426689,1,1,1,20,20,29.296875,29.296875,10,10,1,1,1,5431581,0,0.30303030303030304,0.30303030303030304,0.60606060606060608,True,correct,correct;low_confidence;temporal_regime,DECISION-TIME
c225f7a12122ae0a071a4918,fold_2,0,5426689,1,1,1,20,20,29.296875,29.296875,10,10,1,1,1,5431560,0,0.30303030303030304,0.30303030303030304,0.60606060606060608,True,correct,correct;low_confidence;temporal_regime,DECISION-TIME
3cb83376c4785cdb5c29acfc,fold_2,0,5427070,1,1,1,600,600,29.296875,29.296875,100,100,1,1,1,5427073,0,0.21045576407506703,0.21045576407506703,0.42091152815013411,True,correct,correct;high_confidence;temporal_regime,DECISION-TIME
62b15bb484e3c1d6adf83b30,fold_2,0,5427141,1,1,1,600,600,29.296875,29.296875,100,100,1,1,1,5427149,0,0.21045576407506703,0.21045576407506703,0.42091152815013411,True,correct,correct;high_confidence;temporal_regime,DECISION-TIME
27f871ff144a89b31eb98f33,fold_2,0,5428068,1,1,1,600,600,29.296875,29.296875,100,100,1,3,2,5429933,0,0.21045576407506703,0.21045576407506703,0.42091152815013411,True,correct,correct;high_confidence;temporal_regime,DECISION-TIME
83bedecb160184db61f136b4,fold_2,0,5428859,1,1,1,600,600,29.296875,29.296875,25,25,1,1,1,5428867,0,0.21045576407506703,0.21045576407506703,0.42091152815013411,True,correct,correct;high_confidence;temporal_regime,DECISION-TIME
2e79d7b96bd0bc67ca8b6a25,fold_2,0,5429576,2,2,26,350,600,2,2,25,25,1,26,12,5430564.269230769,0,0.11956521739130435,0.11956521739130435,0.23913043478260865,True,correct,correct;high_confidence;temporal_regime,DECISION-TIME
e1e2bd9d877f438f0d1fdcc3,fold_2,0,5430457,1,1,1,800,800,29.296875,29.296875,50,50,1,1,1,5430465,0,0.21045576407506703,0.21045576407506703,0.42091152815013411,True,correct,correct;high_confidence;temporal_regime,DECISION-TIME
1cf613febd0cc0f4090749c2,fold_2,1,5431478,2,2,2,600,600,29.296875,29.296875,100,100,1,2,1,5431497,0,0.11956521739130435,0.11956521739130435,0.23913043478260865,False,high_confidence_error,false_negative;high_confidence;temporal_regime,DECISION-TIME
4cd4dcb0b966b93b126bb27e,fold_2,0,5431564,1,1,1,600,600,29.296875,29.296875,50,50,1,1,1,5431569,0,0.21045576407506703,0.21045576407506703,0.42091152815013411,True,correct,correct;high_confidence;temporal_regime,DECISION-TIME
c5927affef76586993a7a388,fold_2,1,5431577,1,1,1,600,600,29.296875,29.296875,100,100,1,3,2,5437044,0,0.21045576407506703,0.21045576407506703,0.42091152815013411,False,high_confidence_error,false_negative;high_confidence;temporal_regime,DECISION-TIME
63d357872d8f5d9a15c1e9d1,fold_2,0,5433701,1,1,1,100,100,97.65625,97.65625,500,500,1,1,1,5433704,0,0.30303030303030304,0.30303030303030304,0.60606060606060608,True,correct,correct;low_confidence;temporal_regime,DECISION-TIME
7156bf2ac50cc5b85c41ef66,fold_2,0,5435828,1,1,1,3200,3200,29.296875,29.296875,200,200,1,2,2,5436761,0,0.11956521739130435,0.11956521739130435,0.23913043478260865,True,correct,correct;high_confidence;temporal_regime,DECISION-TIME
277d1ca9214278a441c167d4,fold_2,0,5437972,1,1,1,600,600,29.296875,29.296875,100,100,1,1,1,5437979,0,0.21045576407506703,0.21045576407506703,0.42091152815013411,True,correct,correct;high_confidence;temporal_regime,DECISION-TIME
fbbb05131b4269da0e6ac66c,fold_2,0,5438239,1,1,1,600,600,29.296875,29.296875,10,10,1,1,1,5438350,0,0.21045576407506703,0.21045576407506703,0.42091152815013411,True,correct,correct;high_confidence;temporal_regime,DECISION-TIME
bbd5d7c8c3ba1d1362815f41,fold_2,0,5438258,1,1,1,600,600,29.296875,29.296875,10,10,1,1,1,5438432,0,0.21045576407506703,0.21045576407506703,0.42091152815013411,True,correct,correct;high_confidence;temporal_regime,DECISION-TIME
ae0cac64dd7cce4f80cc7449,fold_2,0,5438331,1,1,1,600,600,29.296875,29.296875,10,10,1,1,1,5438727,0,0.21045576407506703,0.21045576407506703,0.42091152815013411,True,correct,correct;high_confidence;temporal_regime,DECISION-TIME
0fd93c8d813b97f1655a7119,fold_2,0,5439076,1,1,1,600,600,29.296875,29.296875,10,10,1,1,1,5439269,0,0.21045576407506703,0.21045576407506703,0.42091152815013411,True,correct,correct;high_confidence;temporal_regime,DECISION-TIME
388e87899d90dd843428467f,fold_2,0,5439355,2,2,13,600,600,15.625,19.53125,25,25,1,14,13,5439789.384615385,0,0.11956521739130435,0.11956521739130435,0.23913043478260865,True,correct,correct;high_confidence;temporal_regime,DECISION-TIME
68b0f1c2da290ce4fe5c854c,fold_2,0,5439966,1,1,1,20,20,29.296875,29.296875,5,5,1,1,1,5439971,0,0.30303030303030304,0.30303030303030304,0.60606060606060608,True,correct,correct;low_confidence;temporal_regime,DECISION-TIME
c2faf5be592092b124aac7cd,fold_2,0,5440173,2,2,8,600,600,15.625,19.53125,50,50,1,8,4,5440187.125,0,0.11956521739130435,0.11956521739130435,0.23913043478260865,True,correct,correct;high_confidence;temporal_regime,DECISION-TIME
ed0b95d7baf2c0d21c13c532,fold_2,0,5440886,2,2,2,600,600,34.1796875,39.0625,10,10,1,2,2,5440891,0,0.21045576407506703,0.21045576407506703,0.42091152815013411,True,correct,correct;high_confidence;temporal_regime,DECISION-TIME
f42f8c3cc7601d69ab514e9f,fold_2,0,5441073,1,1,1,1000,1000,19.55078125,19.55078125,50,50,1,1,1,5441076,0,0.11956521739130435,0.11956521739130435,0.23913043478260865,True,correct,correct;high_confidence;temporal_regime,DECISION-TIME
6de493125b025123d3e06763,fold_2,0,5441591,1,1,1,100,100,29.296875,29.296875,100,100,1,1,1,5441596,0,0.21045576407506703,0.21045576407506703,0.42091152815013411,True,correct,correct;high_confidence;temporal_regime,DECISION-TIME
8535a45715f0be55438beb37,fold_2,0,5441816,1,1,1,1000,1000,19.55078125,19.55078125,50,50,1,1,1,5441819,0,0.11956521739130435,0.11956521739130435,0.23913043478260865,True,correct,correct;high_confidence;temporal_regime,DECISION-TIME
f799941ee196f9ec4e6fd65e,fold_2,0,5441941,2,2,15,150,200,14.6484375,14.6484375,25,25,1,15,11,5441953.0666666664,0,0.11956521739130435,0.11956521739130435,0.23913043478260865,True,correct,correct;high_confidence;temporal_regime,DECISION-TIME
b38969cc5f2a07384f89099b,fold_2,0,5442458,1,1,1,600,600,29.296875,29.296875,100,100,1,1,1,5442476,0,0.21045576407506703,0.21045576407506703,0.42091152815013411,True,correct,correct;high_confidence;temporal_regime,DECISION-TIME
d2c2841b8ac5da1141e0a606,fold_2,0,5442686,1,1,1,1000,1000,19.55078125,19.55078125,50,50,1,1,1,5442689,0,0.11956521739130435,0.11956521739130435,0.23913043478260865,True,correct,correct;high_confidence;temporal_regime,DECISION-TIME
db674f0955ea02dfa8f0a88c,fold_2,0,5442776,1,1,1,1000,1000,19.55078125,19.55078125,50,50,1,1,1,5442779,0,0.11956521739130435,0.11956521739130435,0.23913043478260865,True,correct,correct;high_confidence;temporal_regime,DECISION-TIME
fc24a79a841a1a2077bf3648,fold_2,0,5443229,3,3,6,600,600,29.296875,29.296875,100,100,1,6,6,5443233.5,0,0.11956521739130435,0.11956521739130435,0.23913043478260865,True,correct,correct;high_confidence;temporal_regime,DECISION-TIME
76cee822de6fc9ebfa9586cd,fold_2,0,5443422,2,2,8,600,600,29.296875,29.296875,25,25,1,8,5,5443507,0,0.21045576407506703,0.21045576407506703,0.42091152815013411,True,correct,correct;high_confidence;temporal_regime,DECISION-TIME
8ded2d91a0c2fa72492a0695,fold_2,0,5443742,2,2,41,400,600,4,4,50,50,1,41,21,5443747.0975609757,0,0.11956521739130435,0.11956521739130435,0.23913043478260865,True,correct,correct;high_confidence;temporal_regime,DECISION-TIME
7f3b5151623362c50c3eefee,fold_2,0,5443908,1,1,1,100,100,29.296875,29.296875,100,100,1,1,1,5443914,0,0.21045576407506703,0.21045576407506703,0.42091152815013411,True,correct,correct;high_confidence;temporal_regime,DECISION-TIME
695e725f494283ace925825f,fold_2,0,5444655,1,1,1,1000,1000,19.55078125,19.55078125,50,50,1,1,1,5444659,0,0.11956521739130435,0.11956521739130435,0.23913043478260865,True,correct,correct;high_confidence;temporal_regime,DECISION-TIME
44f16196aa7f515838489e4a,fold_2,0,5445209,1,1,2,600,600,29.296875,29.296875,100,100,1,2,1,5445217.5,0,0.21045576407506703,0.21045576407506703,0.42091152815013411,True,correct,correct;high_confidence;temporal_regime,DECISION-TIME
a3b53eab82a187730f1bb506,fold_2,0,5445209,1,1,1,600,600,29.296875,29.296875,100,100,1,1,1,5445218,0,0.21045576407506703,0.21045576407506703,0.42091152815013411,True,correct,correct;high_confidence;temporal_regime,DECISION-TIME
209f37e723c687a0da9c157a,fold_2,0,5445744,1,1,1,600,600,29.296875,29.296875,100,100,1,1,1,5445749,0,0.21045576407506703,0.21045576407506703,0.42091152815013411,True,correct,correct;high_confidence;temporal_regime,DECISION-TIME
a1024eb2f3c84f8e68f543ad,fold_2,0,5446031,1,1,1,600,600,29.296875,29.296875,50,50,1,1,1,5446040,0,0.21045576407506703,0.21045576407506703,0.42091152815013411,True,correct,correct;high_confidence;temporal_regime,DECISION-TIME
f3194d59299e8ad0ce82faee,fold_2,0,5446050,2,2,31,450,800,5.37109375,9.765625,100,100,1,33,28,5446540.2258064514,0,0.11956521739130435,0.11956521739130435,0.23913043478260865,True,correct,correct;high_confidence;temporal_regime,DECISION-TIME
2e9faf5fbdee685c6e62077d,fold_2,1,5446226,2,2,13,400,600,2,2,25,25,1,13,7,5446284,0,0.11956521739130435,0.11956521739130435,0.23913043478260865,False,high_confidence_error,false_negative;high_confidence;temporal_regime,DECISION-TIME
ac76e42f1f12b79b6ec6cb7b,fold_2,0,5446257,2,2,13,400,600,2,2,25,25,1,13,6,5446338.538461538,0,0.11956521739130435,0.11956521739130435,0.23913043478260865,True,correct,correct;high_confidence;temporal_regime,DECISION-TIME
08c3726469a51c69c40acc99,fold_2,0,5447536,1,1,1,1800,1800,58.59375,58.59375,100,100,1,1,1,5447892,0,0.30303030303030304,0.30303030303030304,0.60606060606060608,True,correct,correct;low_confidence;temporal_regime,DECISION-TIME
98163011bb323c606e3241bc,fold_2,0,5448673,2,2,2,400,600,4,4,50,50,1,2,2,5448677.5,0,0.11956521739130435,0.11956521739130435,0.23913043478260865,True,correct,correct;high_confidence;temporal_regime,DECISION-TIME
23717ca466797c5a70f6ec46,fold_2,0,5450787,1,1,1,600,600,29.296875,29.296875,100,100,1,1,1,5450790,0,0.21045576407506703,0.21045576407506703,0.42091152815013411,True,correct,correct;high_confidence;temporal_regime,DECISION-TIME
f941d188a7842e7e649c4889,fold_2,1,5451376,2,2,3,600,600,29.296875,29.296875,50,50,1,3,2,5451391,0,0.21045576407506703,0.21045576407506703,0.42091152815013411,False,high_confidence_error,false_negative;high_confidence;temporal_regime,DECISION-TIME
23d9217eadf7352b3d5ca8c8,fold_2,0,5451604,1,1,1,600,600,29.296875,29.296875,100,100,1,1,1,5451612,0,0.21045576407506703,0.21045576407506703,0.42091152815013411,True,correct,correct;high_confidence;temporal_regime,DECISION-TIME
93295852612b352f67ebd657,fold_2,0,5453197,1,1,1,600,600,29.296875,29.296875,100,100,1,1,1,5453248,0,0.21045576407506703,0.21045576407506703,0.42091152815013411,True,correct,correct;high_confidence;temporal_regime,DECISION-TIME
74570e1329c49d1aa7f2f28d,fold_2,0,5453425,1,1,1,600,600,29.296875,29.296875,100,100,1,1,1,5453548,0,0.21045576407506703,0.21045576407506703,0.42091152815013411,True,correct,correct;high_confidence;temporal_regime,DECISION-TIME
e6e234e577885c13f2b736a3,fold_2,0,5453680,1,1,1,600,600,29.296875,29.296875,100,100,1,3,2,5454139,0,0.21045576407506703,0.21045576407506703,0.42091152815013411,True,correct,correct;high_confidence;temporal_regime,DECISION-TIME
957c8c8cd8eaa4e0a2795881,fold_2,0,5454094,1,1,1,600,600,29.296875,29.296875,100,100,1,1,1,5454206,0,0.21045576407506703,0.21045576407506703,0.42091152815013411,True,correct,correct;high_confidence;temporal_regime,DECISION-TIME
3052bfa9b8b2e3c10071572b,fold_2,0,5454522,1,1,1,600,600,29.296875,29.296875,25,25,1,1,1,5454532,0,0.21045576407506703,0.21045576407506703,0.42091152815013411,True,correct,correct;high_confidence;temporal_regime,DECISION-TIME
9cef9323b365a209eaf69ec3,fold_2,0,5456046,1,1,1,1000,1000,19.55078125,19.55078125,50,50,1,1,1,5456049,0,0.11956521739130435,0.11956521739130435,0.23913043478260865,True,correct,correct;high_confidence;temporal_regime,DECISION-TIME
f642ab123de893e954a0d075,fold_2,0,5456783,1,1,1,600,600,29.296875,29.296875,100,100,1,1,1,5456795,0,0.21045576407506703,0.21045576407506703,0.42091152815013411,True,correct,correct;high_confidence;temporal_regime,DECISION-TIME
4cab45f9ca462fc7638d4066,fold_2,0,5457021,1,1,1,600,600,29.296875,29.296875,100,100,1,3,2,5457478,0,0.21045576407506703,0.21045576407506703,0.42091152815013411,True,correct,correct;high_confidence;temporal_regime,DECISION-TIME
f121985c0fbd4ef102c8ee19,fold_2,0,5457077,1,1,1,600,600,29.296875,29.296875,25,25,1,1,1,5457082,0,0.21045576407506703,0.21045576407506703,0.42091152815013411,True,correct,correct;high_confidence;temporal_regime,DECISION-TIME
7db0fd9ae3b62ba7001b31d4,fold_2,0,5457347,1,1,1,600,600,29.296875,29.296875,50,50,1,1,1,5457357,0,0.21045576407506703,0.21045576407506703,0.42091152815013411,True,correct,correct;high_confidence;temporal_regime,DECISION-TIME
6efa16cac431586b9904db3f,fold_2,0,5458070,1,1,1,600,600,29.296875,29.296875,25,25,1,1,1,5458084,0,0.21045576407506703,0.21045576407506703,0.42091152815013411,True,correct,correct;high_confidence;temporal_regime,DECISION-TIME
232527c08dd63bc04a3d3475,fold_2,0,5459149,1,1,1,600,600,29.296875,29.296875,25,25,1,1,1,5459153,0,0.21045576407506703,0.21045576407506703,0.42091152815013411,True,correct,correct;high_confidence;temporal_regime,DECISION-TIME
f13a14d40894481367096d73,fold_2,0,5459319,2,2,35,600,600,29.296875,29.296875,25,25,1,35,20,5459331.7999999998,0,0.21045576407506703,0.21045576407506703,0.42091152815013411,True,correct,correct;high_confidence;temporal_regime,DECISION-TIME
9442ef820788398a6709ed12,fold_2,0,5460120,1,1,1,600,600,29.296875,29.296875,100,100,1,1,1,5460123,0,0.21045576407506703,0.21045576407506703,0.42091152815013411,True,correct,correct;high_confidence;temporal_regime,DECISION-TIME
7854b6e0d26dd33d112fb7f8,fold_2,0,5460966,1,1,1,600,600,29.296875,29.296875,25,25,1,1,1,5460976,0,0.21045576407506703,0.21045576407506703,0.42091152815013411,True,correct,correct;high_confidence;temporal_regime,DECISION-TIME
6a7f90ca28378f987eaaeefc,fold_2,1,5461857,1,1,1,600,600,29.296875,29.296875,100,100,1,1,1,5461861,0,0.21045576407506703,0.21045576407506703,0.42091152815013411,False,high_confidence_error,false_negative;high_confidence;temporal_regime,DECISION-TIME
143c2d3c052d167189122c5c,fold_2,0,5462035,1,1,1,600,600,29.296875,29.296875,100,100,1,1,1,5462038,0,0.21045576407506703,0.21045576407506703,0.42091152815013411,True,correct,correct;high_confidence;temporal_regime,DECISION-TIME
f0092d3457caa5c7444e2e4e,fold_2,0,5464305,1,1,1,1800,1800,58.59375,58.59375,100,100,1,1,1,5464408,0,0.30303030303030304,0.30303030303030304,0.60606060606060608,True,correct,correct;low_confidence;temporal_regime,DECISION-TIME
56df663a2ceadd9d51bb1c16,fold_2,0,5465392,1,1,1,600,600,29.296875,29.296875,100,100,1,2,2,5466326,0,0.21045576407506703,0.21045576407506703,0.42091152815013411,True,correct,correct;high_confidence;temporal_regime,DECISION-TIME
d1af4f2ca72be5dc82c6c18d,fold_2,1,5465445,1,1,1,600,600,29.296875,29.296875,100,100,1,1,1,5465449,0,0.21045576407506703,0.21045576407506703,0.42091152815013411,False,high_confidence_error,false_negative;high_confidence;temporal_regime,DECISION-TIME
bec54116724176033e23d689,fold_2,0,5466137,1,1,20,600,600,29.296875,29.296875,100,100,1,26,21,5466787.7999999998,0,0.30303030303030304,0.30303030303030304,0.60606060606060608,True,correct,correct;low_confidence;temporal_regime,DECISION-TIME
7a410fd6ecc004425d1fc26b,fold_2,1,5467063,1,1,1,600,600,29.296875,29.296875,100,100,1,2,2,5467343,0,0.21045576407506703,0.21045576407506703,0.42091152815013411,False,high_confidence_error,false_negative;high_confidence;temporal_regime,DECISION-TIME
cba95632fcff237a576a7fc9,fold_2,0,5467113,1,1,1,600,600,29.296875,29.296875,25,25,1,1,1,5467122,0,0.21045576407506703,0.21045576407506703,0.42091152815013411,True,correct,correct;high_confidence;temporal_regime,DECISION-TIME
25d1b4ebcd8556dd4c6e3aa1,fold_2,0,5467488,2,2,10,600,600,9.765625,9.765625,25,25,1,10,7,5467498.5999999996,0,0.11956521739130435,0.11956521739130435,0.23913043478260865,True,correct,correct;high_confidence;temporal_regime,DECISION-TIME
b869666b49e6510a03c29638,fold_2,0,5467731,1,1,1,600,600,29.296875,29.296875,100,100,1,1,1,5467755,0,0.21045576407506703,0.21045576407506703,0.42091152815013411,True,correct,correct;high_confidence;temporal_regime,DECISION-TIME
1f0e009076e2e8993a210d95,fold_2,0,5468533,2,2,36,700,800,29.296875,29.296875,25,25,1,36,35,5468572.416666667,0,0.21045576407506703,0.21045576407506703,0.42091152815013411,True,correct,correct;high_confidence;temporal_regime,DECISION-TIME
c358a3ce5cf78aec648f1e8f,fold_2,0,5468967,1,1,1,500,500,29.296875,29.296875,20,20,1,1,1,5468976,0,0.21045576407506703,0.21045576407506703,0.42091152815013411,True,correct,correct;high_confidence;temporal_regime,DECISION-TIME
327ae187d79dd3a1cf05d3ba,fold_2,0,5469194,1,1,1,100,100,29.296875,29.296875,100,100,1,1,1,5469248,0,0.21045576407506703,0.21045576407506703,0.42091152815013411,True,correct,correct;high_confidence;temporal_regime,DECISION-TIME
4a7560b205e2e073a761fcc1,fold_2,0,5470205,2,2,4,600,600,29.296875,29.296875,50,50,1,4,2,5470209.5,0,0.21045576407506703,0.21045576407506703,0.42091152815013411,True,correct,correct;high_confidence;temporal_regime,DECISION-TIME
cdbf7f38f41e4d57bc1dbb90,fold_2,1,5470248,1,1,1,600,600,29.296875,29.296875,100,100,1,3,2,5470702,0,0.21045576407506703,0.21045576407506703,0.42091152815013411,False,high_confidence_error,false_negative;high_confidence;temporal_regime,DECISION-TIME
1c65a5059a989410b6dab18b,fold_2,1,5470455,1,1,10,400,400,5.859375,5.859375,100,100,1,10,3,5470458,0,0.11956521739130435,0.11956521739130435,0.23913043478260865,False,high_confidence_error,false_negative;high_confidence;temporal_regime,DECISION-TIME
6f46cf2f648560a235030e39,fold_2,0,5470623,1,1,1,600,600,29.296875,29.296875,100,100,1,1,1,5470631,0,0.21045576407506703,0.21045576407506703,0.42091152815013411,True,correct,correct;high_confidence;temporal_regime,DECISION-TIME
0052549f1c6ecbf3bd916db6,fold_2,1,5470951,1,1,1,600,600,9.765625,9.765625,100,100,1,1,1,5471037,0,0.11956521739130435,0.11956521739130435,0.23913043478260865,False,high_confidence_error,false_negative;high_confidence;temporal_regime,DECISION-TIME
11631e4007ca47b628ce28e3,fold_2,0,5471716,1,1,1,600,600,29.296875,29.296875,25,25,1,1,1,5471727,0,0.21045576407506703,0.21045576407506703,0.42091152815013411,True,correct,correct;high_confidence;temporal_regime,DECISION-TIME
e9a37d6fcea4b5d5c2dca5d0,fold_2,0,5471727,1,1,1,600,600,29.296875,29.296875,100,100,1,1,1,5471735,0,0.21045576407506703,0.21045576407506703,0.42091152815013411,True,correct,correct;high_confidence;temporal_regime,DECISION-TIME
a7caaf4c4f5149507d48f2d7,fold_2,0,5471839,1,1,1,800,800,29.296875,29.296875,50,50,1,1,1,5471848,0,0.21045576407506703,0.21045576407506703,0.42091152815013411,True,correct,correct;high_confidence;temporal_regime,DECISION-TIME
f4e8edb70ba7bcc445b74916,fold_2,1,5472117,3,3,6,433.33333333333331,600,2.6666666666666665,4,25,25,1,6,3,5472121,0,0.050000000000000003,0.050000000000000003,0.099999999999999978,False,high_confidence_error,false_negative;high_confidence;temporal_regime,DECISION-TIME
8c9134c04dabf1b97484771c,fold_2,0,5472169,1,1,1,600,600,29.296875,29.296875,25,25,1,1,1,5472183,0,0.21045576407506703,0.21045576407506703,0.42091152815013411,True,correct,correct;high_confidence;temporal_regime,DECISION-TIME
947f38c6c8b34c1c755a2d93,fold_2,1,5472240,1,1,1,600,600,29.296875,29.296875,100,100,1,1,1,5472253,0,0.21045576407506703,0.21045576407506703,0.42091152815013411,False,high_confidence_error,false_negative;high_confidence;temporal_regime,DECISION-TIME
49a6a33d265b37a2a7ef102b,fold_2,1,5472560,1,1,1,600,600,29.296875,29.296875,100,100,1,1,1,5472567,0,0.21045576407506703,0.21045576407506703,0.42091152815013411,False,high_confidence_error,false_negative;high_confidence;temporal_regime,DECISION-TIME
dd116d6f10880ebc92ec8ff5,fold_2,0,5472853,1,1,1,500,500,29.296875,29.296875,20,20,1,1,1,5472860,0,0.21045576407506703,0.21045576407506703,0.42091152815013411,True,correct,correct;high_confidence;temporal_regime,DECISION-TIME
5cfbd935497192b8b2128dbd,fold_2,1,5472992,2,2,2,600,600,29.296875,29.296875,100,100,1,2,2,5473001,0,0.11956521739130435,0.11956521739130435,0.23913043478260865,False,high_confidence_error,false_negative;high_confidence;temporal_regime,DECISION-TIME
f7af311ff4efd35138761097,fold_2,0,5473139,1,1,48,200,200,4,4,50,50,1,48,30,5473142.770833333,0,0.11956521739130435,0.11956521739130435,0.23913043478260865,True,correct,correct;high_confidence;temporal_regime,DECISION-TIME
958c94d24502182fc0d234e2,fold_2,1,5474097,1,1,1,1800,1800,58.59375,58.59375,100,100,1,1,1,5474108,0,0.30303030303030304,0.30303030303030304,0.60606060606060608,False,low_confidence_error,false_negative;low_confidence;temporal_regime,DECISION-TIME
666c5c05aac31105f6901ef7,fold_2,1,5474310,2,2,4,600,600,29.296875,29.296875,100,100,1,4,4,5474321,0,0.11956521739130435,0.11956521739130435,0.23913043478260865,False,high_confidence_error,false_negative;high_confidence;temporal_regime,DECISION-TIME
ff6578a228c2dd0d7b86876d,fold_2,0,5474329,1,1,1,150,150,5.859375,5.859375,100,100,1,1,1,5474343,0,0.11956521739130435,0.11956521739130435,0.23913043478260865,True,correct,correct;high_confidence;temporal_regime,DECISION-TIME
9e5cddbe122a683447d911f3,fold_2,0,5475027,2,2,23,600,600,14.6484375,19.53125,25,25,1,23,20,5475034.3043478262,0,0.11956521739130435,0.11956521739130435,0.23913043478260865,True,correct,correct;high_confidence;temporal_regime,DECISION-TIME
7f2b19ee20902e22d5368073,fold_2,0,5475757,1,1,1,600,600,29.296875,29.296875,100,100,1,1,1,5475793,0,0.21045576407506703,0.21045576407506703,0.42091152815013411,True,correct,correct;high_confidence;temporal_regime,DECISION-TIME
880a66c819477f3a1ba555da,fold_2,0,5476148,1,1,1,600,600,29.296875,29.296875,100,100,1,1,1,5476160,0,0.21045576407506703,0.21045576407506703,0.42091152815013411,True,correct,correct;high_confidence;temporal_regime,DECISION-TIME
e929f59291c586198772c413,fold_2,1,5476985,2,2,21,400,600,12,20,10,10,1,21,11,5476991,0,0.11956521739130435,0.11956521739130435,0.23913043478260865,False,high_confidence_error,false_negative;high_confidence;temporal_regime,DECISION-TIME
a2fb3be7cafacd2bbc3647c0,fold_2,0,5477036,3,3,3,466.66666666666669,600,11.598958333333334,29.296875,25,25,1,3,3,5477040.666666667,0,0.11956521739130435,0.11956521739130435,0.23913043478260865,True,correct,correct;high_confidence;temporal_regime,DECISION-TIME
52b420d6cd700a6cedc96d34,fold_2,0,5477239,1,1,1,600,600,29.296875,29.296875,100,100,1,1,1,5477251,0,0.21045576407506703,0.21045576407506703,0.42091152815013411,True,correct,correct;high_confidence;temporal_regime,DECISION-TIME
b9fc0a1095f31a2ece28b022,fold_2,0,5478412,1,1,1,600,600,29.296875,29.296875,100,100,1,3,2,5478869,0,0.21045576407506703,0.21045576407506703,0.42091152815013411,True,correct,correct;high_confidence;temporal_regime,DECISION-TIME
73f5672c276b911f1896403d,fold_2,0,5478416,1,1,1,600,600,29.296875,29.296875,100,100,1,1,1,5478542,0,0.21045576407506703,0.21045576407506703,0.42091152815013411,True,correct,correct;high_confidence;temporal_regime,DECISION-TIME
906ee5528e3524501cc371f6,fold_2,0,5479052,2,2,4,600,600,29.296875,29.296875,50,50,1,4,2,5479058,0,0.21045576407506703,0.21045576407506703,0.42091152815013411,True,correct,correct;high_confidence;temporal_regime,DECISION-TIME
c12408b6f3205d44d93fb596,fold_2,0,5479952,1,1,1,100,100,29.296875,29.296875,100,100,1,1,1,5479964,0,0.21045576407506703,0.21045576407506703,0.42091152815013411,True,correct,correct;high_confidence;temporal_regime,DECISION-TIME
fc22e638e629b46179cdadfa,fold_2,0,5479973,1,1,1,100,100,29.296875,29.296875,100,100,1,1,1,5479982,0,0.21045576407506703,0.21045576407506703,0.42091152815013411,True,correct,correct;high_confidence;temporal_regime,DECISION-TIME
23f732798694994d3951961c,fold_2,0,5479999,2,2,9,700,800,29.53125,29.765625,25,25,1,9,9,5480003.555555556,0,0.21045576407506703,0.21045576407506703,0.42091152815013411,True,correct,correct;high_confidence;temporal_regime,DECISION-TIME
bbf617d84c3fac5011c60a9b,fold_2,0,5480251,2,2,4,600,600,29.296875,29.296875,50,50,1,4,2,5480256.25,0,0.21045576407506703,0.21045576407506703,0.42091152815013411,True,correct,correct;high_confidence;temporal_regime,DECISION-TIME
9a64d6a096c8bc479fd33705,fold_2,1,5480372,1,1,1,600,600,29.296875,29.296875,100,100,1,1,1,5480620,0,0.21045576407506703,0.21045576407506703,0.42091152815013411,False,high_confidence_error,false_negative;high_confidence;temporal_regime,DECISION-TIME
040ed8c82078df9ba20bd8e2,fold_2,0,5480493,1,1,1,100,100,29.296875,29.296875,100,100,1,1,1,5480498,0,0.21045576407506703,0.21045576407506703,0.42091152815013411,True,correct,correct;high_confidence;temporal_regime,DECISION-TIME
11c44fbcdc7723552e2db7d0,fold_2,1,5480721,2,2,35,1150,1500,34.1796875,39.0625,,,0,35,35,5480724.5,0,0.11956521739130435,0.11956521739130435,0.23913043478260865,False,high_confidence_error,false_negative;high_confidence;temporal_regime;feature_missingness,DECISION-TIME
c5d99eed75feaee99658ffea,fold_2,0,5480894,2,2,4,600,600,29.296875,29.296875,50,50,1,4,2,5480899,0,0.21045576407506703,0.21045576407506703,0.42091152815013411,True,correct,correct;high_confidence;temporal_regime,DECISION-TIME
7f4854405b20a569387ca5a8,fold_2,0,5481644,1,1,1,600,600,29.296875,29.296875,100,100,1,1,1,5481649,0,0.21045576407506703,0.21045576407506703,0.42091152815013411,True,correct,correct;high_confidence;temporal_regime,DECISION-TIME
970ccc504452647563da7ac4,fold_2,1,5481654,1,1,30,1800,1800,58.59375,58.59375,100,100,1,2,2,5482323,0,0.050000000000000003,0.050000000000000003,0.099999999999999978,False,high_confidence_error,false_negative;high_confidence;temporal_regime,DECISION-TIME
738bde683c739b83933ce01c,fold_2,0,5482112,2,2,30,100,100,6.34765625,9.765625,25,25,1,30,23,5482121.333333333,0,0.11956521739130435,0.11956521739130435,0.23913043478260865,True,correct,correct;high_confidence;temporal_regime,DECISION-TIME
84187d6c4a8d6020c41cf21f,fold_2,0,5482309,1,1,1,1800,1800,58.59375,58.59375,100,100,1,1,1,5482312,0,0.30303030303030304,0.30303030303030304,0.60606060606060608,True,correct,correct;low_confidence;temporal_regime,DECISION-TIME
09d2d21e52d0423066fdb606,fold_2,1,5482378,1,1,1,600,600,29.296875,29.296875,100,100,1,1,1,5482383,0,0.21045576407506703,0.21045576407506703,0.42091152815013411,False,high_confidence_error,false_negative;high_confidence;temporal_regime,DECISION-TIME
b527c538d11f93651a5bf1ca,fold_2,0,5482588,1,1,1,100,100,29.296875,29.296875,100,100,1,1,1,5482596,0,0.21045576407506703,0.21045576407506703,0.42091152815013411,True,correct,correct;high_confidence;temporal_regime,DECISION-TIME
4780bcdfef23dbd1294efe4a,fold_2,0,5483048,1,1,1,100,100,29.296875,29.296875,100,100,1,1,1,5483059,0,0.21045576407506703,0.21045576407506703,0.42091152815013411,True,correct,correct;high_confidence;temporal_regime,DECISION-TIME
0d112c29575276d828cb3ee9,fold_2,1,5484229,1,1,1,600,600,29.296875,29.296875,100,100,1,1,1,5484241,0,0.21045576407506703,0.21045576407506703,0.42091152815013411,False,high_confidence_error,false_negative;high_confidence;temporal_regime,DECISION-TIME
11c70e078ffcca6946f719d4,fold_2,0,5484502,1,1,1,600,600,29.296875,29.296875,50,50,1,1,1,5484512,0,0.21045576407506703,0.21045576407506703,0.42091152815013411,True,correct,correct;high_confidence;temporal_regime,DECISION-TIME
839b188218f6bfd05e0a8a06,fold_2,1,5484639,1,1,16,1800,1800,97.65625,97.65625,100,100,1,16,15,5484643,1,0.66666666666666663,0.66666666666666663,0.66666666666666674,True,correct,correct;low_confidence;temporal_regime,DECISION-TIME
e8bf7432a161772b24eaed79,fold_2,1,5485448,1,1,1,100,100,29.296875,29.296875,100,100,1,1,1,5503580,0,0.21045576407506703,0.21045576407506703,0.42091152815013411,False,high_confidence_error,false_negative;high_confidence;temporal_regime,DECISION-TIME
36fac9822df9c04b8c8e10fd,fold_2,0,5485788,2,2,31,550,600,8.7890625,9.765625,30,30,1,31,22,5485798.2903225804,0,0.11956521739130435,0.11956521739130435,0.23913043478260865,True,correct,correct;high_confidence;temporal_regime,DECISION-TIME
b4903d1171345ee39e77c69a,fold_2,0,5486719,1,1,1,100,100,29.296875,29.296875,100,100,1,1,1,5486772,0,0.21045576407506703,0.21045576407506703,0.42091152815013411,True,correct,correct;high_confidence;temporal_regime,DECISION-TIME
55195b4a570787ea7a19caa5,fold_2,0,5486751,1,1,1,600,600,29.296875,29.296875,100,100,1,1,1,5486763,0,0.21045576407506703,0.21045576407506703,0.42091152815013411,True,correct,correct;high_confidence;temporal_regime,DECISION-TIME
87bcb605dcd869c9503098bf,fold_2,0,5487115,2,2,4,600,600,29.296875,29.296875,50,50,1,4,2,5487120.25,0,0.21045576407506703,0.21045576407506703,0.42091152815013411,True,correct,correct;high_confidence;temporal_regime,DECISION-TIME
1be584f8f391d10ef89b3f9b,fold_2,0,5487155,2,2,4,600,600,29.296875,29.296875,50,50,1,4,2,5487160.25,0,0.21045576407506703,0.21045576407506703,0.42091152815013411,True,correct,correct;high_confidence;temporal_regime,DECISION-TIME
c7389c648fb4976d24d95439,fold_2,0,5487457,1,1,1,600,600,29.296875,29.296875,100,100,1,1,1,5487466,0,0.21045576407506703,0.21045576407506703,0.42091152815013411,True,correct,correct;high_confidence;temporal_regime,DECISION-TIME
a24c2b26418850a2887f02a1,fold_2,0,5487545,2,2,19,600,600,29.296875,29.296875,25,25,1,19,15,5487590.6315789474,0,0.21045576407506703,0.21045576407506703,0.42091152815013411,True,correct,correct;high_confidence;temporal_regime,DECISION-TIME
644209ba373536d9546d83f9,fold_2,0,5487803,1,1,1,600,600,29.296875,29.296875,100,100,1,1,1,5487808,0,0.21045576407506703,0.21045576407506703,0.42091152815013411,True,correct,correct;high_confidence;temporal_regime,DECISION-TIME
2d02e6ed56ba9a6dd74d2f48,fold_2,0,5487811,1,1,1,600,600,29.296875,29.296875,100,100,1,1,1,5487855,0,0.21045576407506703,0.21045576407506703,0.42091152815013411,True,correct,correct;high_confidence;temporal_regime,DECISION-TIME
cca5dded273c135aa6fe0f4f,fold_2,0,5487816,1,1,1,600,600,29.296875,29.296875,100,100,1,1,1,5487828,0,0.21045576407506703,0.21045576407506703,0.42091152815013411,True,correct,correct;high_confidence;temporal_regime,DECISION-TIME
5280e687d958c03f37d10b46,fold_2,0,5488189,2,2,17,600,600,29.296875,29.296875,25,25,1,17,10,5488200.6470588231,0,0.21045576407506703,0.21045576407506703,0.42091152815013411,True,correct,correct;high_confidence;temporal_regime,DECISION-TIME
e45c7cda0a2df126f4fd0998,fold_2,0,5488502,1,1,1,600,600,29.296875,29.296875,50,50,1,1,1,5488512,0,0.21045576407506703,0.21045576407506703,0.42091152815013411,True,correct,correct;high_confidence;temporal_regime,DECISION-TIME
322eb1c9af7d342ee295c82d,fold_2,0,5489733,1,1,1,600,600,29.296875,29.296875,50,50,1,1,1,5489739,0,0.21045576407506703,0.21045576407506703,0.42091152815013411,True,correct,correct;high_confidence;temporal_regime,DECISION-TIME
52852774ca4483e061cb1fe7,fold_2,0,5489733,1,1,1,600,600,29.296875,29.296875,50,50,1,1,1,5489738,0,0.21045576407506703,0.21045576407506703,0.42091152815013411,True,correct,correct;high_confidence;temporal_regime,DECISION-TIME
0d9b44ffc17a5d16db71177b,fold_2,0,5489918,2,2,4,600,600,29.296875,29.296875,50,50,1,4,2,5489923.25,0,0.21045576407506703,0.21045576407506703,0.42091152815013411,True,correct,correct;high_confidence;temporal_regime,DECISION-TIME
cd9f15d1f6293384beb7c458,fold_2,0,5490053,1,1,1,600,600,29.296875,29.296875,50,50,1,1,1,5490060,0,0.21045576407506703,0.21045576407506703,0.42091152815013411,True,correct,correct;high_confidence;temporal_regime,DECISION-TIME
b4dd78818d86803eb828a332,fold_2,0,5490756,1,1,1,600,600,29.296875,29.296875,100,100,1,1,1,5490764,0,0.21045576407506703,0.21045576407506703,0.42091152815013411,True,correct,correct;high_confidence;temporal_regime,DECISION-TIME
c7fe1de1e8d88e7e26c94bc3,fold_2,0,5491298,1,1,1,600,600,29.296875,29.296875,100,100,1,1,1,5491308,0,0.21045576407506703,0.21045576407506703,0.42091152815013411,True,correct,correct;high_confidence;temporal_regime,DECISION-TIME
8aeac6be81b3ec8364ddc367,fold_2,0,5492176,1,1,1,1000,1000,19.55078125,19.55078125,50,50,1,1,1,5492180,0,0.11956521739130435,0.11956521739130435,0.23913043478260865,True,correct,correct;high_confidence;temporal_regime,DECISION-TIME
fcce9b3cb8a3395b612f58c5,fold_2,0,5493855,1,1,1,100,100,29.296875,29.296875,100,100,1,1,1,5493860,0,0.21045576407506703,0.21045576407506703,0.42091152815013411,True,correct,correct;high_confidence;temporal_regime,DECISION-TIME
1faa4c27f10b94ab0d49c4bf,fold_2,1,5494071,1,1,1,1600,1600,29.296875,29.296875,100,100,1,1,1,5494082,0,0.11956521739130435,0.11956521739130435,0.23913043478260865,False,high_confidence_error,false_negative;high_confidence;temporal_regime,DECISION-TIME
0945279561a8975f659c559d,fold_2,0,5495116,1,1,1,100,100,29.296875,29.296875,100,100,1,1,1,5495153,0,0.21045576407506703,0.21045576407506703,0.42091152815013411,True,correct,correct;high_confidence;temporal_regime,DECISION-TIME
ef512b6daeca79cee9852bcd,fold_2,1,5497929,3,3,12,466.66666666666669,600,11.098958333333334,29.296875,25,25,1,12,7,5497935,0,0.11956521739130435,0.11956521739130435,0.23913043478260865,False,high_confidence_error,false_negative;high_confidence;temporal_regime,DECISION-TIME
2463e18b06fc95291fff376f,fold_2,1,5498399,1,1,30,1800,1800,58.59375,58.59375,100,100,1,29,28,5498411,0,0.30303030303030304,0.30303030303030304,0.60606060606060608,False,low_confidence_error,false_negative;low_confidence;temporal_regime,DECISION-TIME
1125ac02498075eeeed98590,fold_2,0,5498401,1,1,1,1000,1000,19.55078125,19.55078125,50,50,1,1,1,5498404,0,0.11956521739130435,0.11956521739130435,0.23913043478260865,True,correct,correct;high_confidence;temporal_regime,DECISION-TIME
faf08869a6f4b9f4d99656dc,fold_2,0,5499164,1,1,1,600,600,29.296875,29.296875,25,25,1,1,1,5499174,0,0.21045576407506703,0.21045576407506703,0.42091152815013411,True,correct,correct;high_confidence;temporal_regime,DECISION-TIME
fbbd6bb374927134bd1eca1e,fold_2,1,5499174,1,1,30,1800,1800,58.59375,58.59375,100,100,1,30,28,5499246,0,0.30303030303030304,0.30303030303030304,0.60606060606060608,False,low_confidence_error,false_negative;low_confidence;temporal_regime,DECISION-TIME
3cbf1ad2b3f4ab2258c15db8,fold_2,0,5500428,1,1,24,1800,1800,58.59375,58.59375,100,100,1,24,21,5500437.583333333,0,0.30303030303030304,0.30303030303030304,0.60606060606060608,True,correct,correct;low_confidence;temporal_regime,DECISION-TIME
9884c33ca62f86637431de8e,fold_2,0,5501354,1,1,1,600,600,29.296875,29.296875,10,10,1,1,1,5501362,0,0.21045576407506703,0.21045576407506703,0.42091152815013411,True,correct,correct;high_confidence;temporal_regime,DECISION-TIME
c8aaaa6a950d8eaa8779e810,fold_2,0,5501371,1,1,1,600,600,29.296875,29.296875,10,10,1,1,1,5501382,0,0.21045576407506703,0.21045576407506703,0.42091152815013411,True,correct,correct;high_confidence;temporal_regime,DECISION-TIME
b1a3513f3e1a528084e5c964,fold_2,0,5501858,1,1,1,100,100,29.296875,29.296875,25,25,1,1,1,5501862,0,0.30303030303030304,0.30303030303030304,0.60606060606060608,True,correct,correct;low_confidence;temporal_regime,DECISION-TIME
7cd59b98917adb3c9370922b,fold_2,0,5501904,1,1,1,600,600,29.296875,29.296875,25,25,1,1,1,5501913,0,0.21045576407506703,0.21045576407506703,0.42091152815013411,True,correct,correct;high_confidence;temporal_regime,DECISION-TIME
892e0f1092d440ae0f8e6c0d,fold_2,0,5502024,1,1,1,100,100,29.296875,29.296875,25,25,1,1,1,5502034,0,0.30303030303030304,0.30303030303030304,0.60606060606060608,True,correct,correct;low_confidence;temporal_regime,DECISION-TIME
608b779218a7b0b5a5bf8273,fold_2,0,5502316,1,1,1,100,100,29.296875,29.296875,25,25,1,1,1,5502330,0,0.30303030303030304,0.30303030303030304,0.60606060606060608,True,correct,correct;low_confidence;temporal_regime,DECISION-TIME
b17fadb6afebcad2a76fb3fb,fold_2,0,5502324,1,1,1,100,100,29.296875,29.296875,25,25,1,1,1,5502334,0,0.30303030303030304,0.30303030303030304,0.60606060606060608,True,correct,correct;low_confidence;temporal_regime,DECISION-TIME
357da78b8bb1975966ef16d6,fold_2,0,5502364,1,1,1,100,100,29.296875,29.296875,25,25,1,1,1,5502374,0,0.30303030303030304,0.30303030303030304,0.60606060606060608,True,correct,correct;low_confidence;temporal_regime,DECISION-TIME
8de52ee2b4f19c04df7ecb29,fold_2,0,5502430,2,2,21,600,600,29.296875,29.296875,100,100,1,21,17,5502445.5238095243,0,0.11956521739130435,0.11956521739130435,0.23913043478260865,True,correct,correct;high_confidence;temporal_regime,DECISION-TIME
7c415629557d69c9acf0c9a4,fold_2,0,5502608,1,1,1,600,600,29.296875,29.296875,100,100,1,1,1,5502646,0,0.21045576407506703,0.21045576407506703,0.42091152815013411,True,correct,correct;high_confidence;temporal_regime,DECISION-TIME
208c199f98163fabc54c0d64,fold_2,0,5502916,1,1,1,600,600,29.296875,29.296875,100,100,1,1,1,5502919,0,0.21045576407506703,0.21045576407506703,0.42091152815013411,True,correct,correct;high_confidence;temporal_regime,DECISION-TIME
bad4eb9e0269b3e42c890c22,fold_2,0,5502930,1,1,1,1800,1800,58.59375,58.59375,100,100,1,1,1,5502937,0,0.30303030303030304,0.30303030303030304,0.60606060606060608,True,correct,correct;low_confidence;temporal_regime,DECISION-TIME
411455495dc1c994094b66ca,fold_2,0,5503041,1,1,1,600,600,29.296875,29.296875,100,100,1,1,1,5503044,0,0.21045576407506703,0.21045576407506703,0.42091152815013411,True,correct,correct;high_confidence;temporal_regime,DECISION-TIME
764a15b27733e5e6eb1ab860,fold_2,1,5503078,1,1,1,1200,1200,29.296875,29.296875,10,10,1,1,1,5503087,0,0.21045576407506703,0.21045576407506703,0.42091152815013411,False,high_confidence_error,false_negative;high_confidence;temporal_regime,DECISION-TIME
db8e6beec518e3a62a983504,fold_2,0,5503743,1,1,1,600,600,29.296875,29.296875,100,100,1,1,1,5503750,0,0.21045576407506703,0.21045576407506703,0.42091152815013411,True,correct,correct;high_confidence;temporal_regime,DECISION-TIME
f92c29015310c758b7b5a980,fold_2,0,5503856,1,1,1,600,600,29.296875,29.296875,200,200,1,1,1,5503859,0,0.11956521739130435,0.11956521739130435,0.23913043478260865,True,correct,correct;high_confidence;temporal_regime,DECISION-TIME
fb4d61674d492a6bb0017538,fold_2,0,5503880,1,1,1,600,600,29.296875,29.296875,5,5,1,1,1,5503890,0,0.21045576407506703,0.21045576407506703,0.42091152815013411,True,correct,correct;high_confidence;temporal_regime,DECISION-TIME
7a7bffe321fd650dae6df0bc,fold_2,0,5505738,1,1,1,600,600,29.296875,29.296875,25,25,1,1,1,5505845,0,0.21045576407506703,0.21045576407506703,0.42091152815013411,True,correct,correct;high_confidence;temporal_regime,DECISION-TIME
826615d8c96bd6e6312ff528,fold_2,0,5506518,2,2,51,450,800,10.76171875,19.55078125,,,0,51,51,5506554.2745098043,0,0.050000000000000003,0.050000000000000003,0.099999999999999978,True,correct,correct;high_confidence;temporal_regime;feature_missingness,DECISION-TIME
f0738ee10ad32ab872435937,fold_2,0,5508398,1,1,10,600,600,19.53125,19.53125,50,50,1,10,7,5508410.7000000002,0,0.21045576407506703,0.21045576407506703,0.42091152815013411,True,correct,correct;high_confidence;temporal_regime,DECISION-TIME
d714bc63efa251b81934f336,fold_2,0,5508585,1,1,1,600,600,29.296875,29.296875,5,5,1,1,1,5508591,0,0.21045576407506703,0.21045576407506703,0.42091152815013411,True,correct,correct;high_confidence;temporal_regime,DECISION-TIME
58ece4e50c7150a39c12634b,fold_2,0,5508686,1,1,1,800,800,58.59375,58.59375,300,300,1,1,1,5508689,0,0.21045576407506703,0.21045576407506703,0.42091152815013411,True,correct,correct;high_confidence;temporal_regime,DECISION-TIME
808c6e33739d7cf951b84726,fold_2,0,5508734,1,1,1,600,600,29.296875,29.296875,50,50,1,1,1,5508742,0,0.21045576407506703,0.21045576407506703,0.42091152815013411,True,correct,correct;high_confidence;temporal_regime,DECISION-TIME
decb8886d47723928ed6cecb,fold_2,0,5508782,3,3,9,466.66666666666669,600,11.932291666666666,29.296875,25,25,1,9,3,5508787.222222222,0,0.11956521739130435,0.11956521739130435,0.23913043478260865,True,correct,correct;high_confidence;temporal_regime,DECISION-TIME
f62da406e97466f06fc77408,fold_2,0,5509190,1,1,1,600,600,29.296875,29.296875,10,10,1,1,1,5509204,0,0.21045576407506703,0.21045576407506703,0.42091152815013411,True,correct,correct;high_confidence;temporal_regime,DECISION-TIME
a860117b8eba2ac5411b8aa4,fold_2,0,5509290,1,1,1,600,600,29.296875,29.296875,10,10,1,1,1,5509295,0,0.21045576407506703,0.21045576407506703,0.42091152815013411,True,correct,correct;high_confidence;temporal_regime,DECISION-TIME
e9c17963ff603a4702ff4fa9,fold_2,0,5509290,1,1,1,600,600,29.296875,29.296875,10,10,1,1,1,5509295,0,0.21045576407506703,0.21045576407506703,0.42091152815013411,True,correct,correct;high_confidence;temporal_regime,DECISION-TIME
d2a563dbc546a6bd0e59dcce,fold_2,0,5509376,1,1,1,600,600,29.296875,29.296875,10,10,1,1,1,5509385,0,0.21045576407506703,0.21045576407506703,0.42091152815013411,True,correct,correct;high_confidence;temporal_regime,DECISION-TIME
301ca9ddad905eb26c823a37,fold_2,0,5511674,2,2,35,600,600,34.1796875,39.0625,20,20,1,37,23,5512229.6571428571,0,0.30303030303030304,0.30303030303030304,0.60606060606060608,True,correct,correct;low_confidence;temporal_regime,DECISION-TIME
a04cc5b08056d0a6f1823eb0,fold_2,0,5512474,2,2,55,500,600,12.20703125,14.6484375,50,50,1,55,36,5512487.7272727275,0,0.11956521739130435,0.11956521739130435,0.23913043478260865,True,correct,correct;high_confidence;temporal_regime,DECISION-TIME
eebd7355c9811fc421a78725,fold_2,1,5514494,1,1,1,100,100,97.65625,97.65625,500,500,1,1,1,5521637,0,0.30303030303030304,0.30303030303030304,0.60606060606060608,False,low_confidence_error,false_negative;low_confidence;temporal_regime,DECISION-TIME
ac9c71285e708adc5ee1e38d,fold_2,1,5514505,1,1,1,100,100,97.65625,97.65625,500,500,1,1,1,5525577,0,0.30303030303030304,0.30303030303030304,0.60606060606060608,False,low_confidence_error,false_negative;low_confidence;temporal_regime,DECISION-TIME
3f87721db71ad7c50a4eac02,fold_2,0,5515719,2,2,12,600,1000,29.296875,29.296875,15,15,1,12,10,5515731.5,0,0.11956521739130435,0.11956521739130435,0.23913043478260865,True,correct,correct;high_confidence;temporal_regime,DECISION-TIME
63d2e2652172ffaca430e86c,fold_2,0,5517477,2,2,26,350,600,2,2,25,25,1,26,5,5517483.615384615,0,0.050000000000000003,0.050000000000000003,0.099999999999999978,True,correct,correct;high_confidence;temporal_regime,DECISION-TIME
221061dafa67926e1e1de502,fold_2,0,5518197,1,1,2,600,600,29.296875,29.296875,100,100,1,2,1,5518209,0,0.21045576407506703,0.21045576407506703,0.42091152815013411,True,correct,correct;high_confidence;temporal_regime,DECISION-TIME
6657ec4498f53f3f9899a119,fold_2,0,5518480,1,1,1,600,600,29.296875,29.296875,25,25,1,1,1,5518483,0,0.21045576407506703,0.21045576407506703,0.42091152815013411,True,correct,correct;high_confidence;temporal_regime,DECISION-TIME
9fc92d03b02a15395e4ff358,fold_2,0,5519743,2,2,28,350,600,2,2,25,25,1,28,9,5519751.3928571427,0,0.11956521739130435,0.11956521739130435,0.23913043478260865,True,correct,correct;high_confidence;temporal_regime,DECISION-TIME
4678b2805935432a3d9241d4,fold_2,1,5521089,1,1,1,600,600,29.296875,29.296875,10,10,1,1,1,5521092,0,0.21045576407506703,0.21045576407506703,0.42091152815013411,False,high_confidence_error,false_negative;high_confidence;temporal_regime,DECISION-TIME
c9462a0a1334c87b254d31f9,fold_2,0,5521631,2,2,45,450,600,17.08984375,19.53125,25,25,1,45,12,5521647.777777778,0,0.11956521739130435,0.11956521739130435,0.23913043478260865,True,correct,correct;high_confidence;temporal_regime,DECISION-TIME
2d6a4f7b7bf4332de2561ddc,fold_2,0,5521973,1,1,1,600,600,29.296875,29.296875,25,25,1,1,1,5521978,0,0.21045576407506703,0.21045576407506703,0.42091152815013411,True,correct,correct;high_confidence;temporal_regime,DECISION-TIME
27f0d84c0383bdd66bc5f1e5,fold_2,0,5522031,3,3,10,466.66666666666669,600,12.098958333333334,29.296875,25,25,1,13,9,5522195.0999999996,0,0.11956521739130435,0.11956521739130435,0.23913043478260865,True,correct,correct;high_confidence;temporal_regime,DECISION-TIME
108666df705b986990760a8d,fold_2,0,5522068,1,1,1,600,600,29.296875,29.296875,100,100,1,1,1,5522082,0,0.21045576407506703,0.21045576407506703,0.42091152815013411,True,correct,correct;high_confidence;temporal_regime,DECISION-TIME
6dd02c263579dde63c74e4b0,fold_2,0,5525496,1,1,1,600,600,29.296875,29.296875,100,100,1,1,1,5525519,0,0.21045576407506703,0.21045576407506703,0.42091152815013411,True,correct,correct;high_confidence;temporal_regime,DECISION-TIME
3bfedfba5449537bdad920bc,fold_2,0,5525659,1,1,3,600,600,29.296875,29.296875,100,100,1,3,1,5525669.333333333,0,0.21045576407506703,0.21045576407506703,0.42091152815013411,True,correct,correct;high_confidence;temporal_regime,DECISION-TIME
e79148ace1ef5280c55cbd48,fold_2,0,5526118,1,1,1,600,600,29.296875,29.296875,100,100,1,1,1,5526131,0,0.21045576407506703,0.21045576407506703,0.42091152815013411,True,correct,correct;high_confidence;temporal_regime,DECISION-TIME
a01d1eebe40ba4d62fb28c58,fold_2,0,5526257,1,1,1,600,600,29.296875,29.296875,10,10,1,1,1,5526303,0,0.21045576407506703,0.21045576407506703,0.42091152815013411,True,correct,correct;high_confidence;temporal_regime,DECISION-TIME
70bf94503de7f133cd388aaf,fold_2,0,5526261,1,1,1,600,600,29.296875,29.296875,10,10,1,1,1,5526272,0,0.21045576407506703,0.21045576407506703,0.42091152815013411,True,correct,correct;high_confidence;temporal_regime,DECISION-TIME
caf0357da04667923796d398,fold_2,0,5526858,2,2,101,450,800,10.76171875,19.55078125,,,0,101,101,5526861.9405940594,0,0.11956521739130435,0.11956521739130435,0.23913043478260865,True,correct,correct;high_confidence;temporal_regime;feature_missingness,DECISION-TIME
1ca62467ef1ee0bec1706d49,fold_2,0,5527269,1,1,1,600,600,29.296875,29.296875,10,10,1,1,1,5527277,0,0.21045576407506703,0.21045576407506703,0.42091152815013411,True,correct,correct;high_confidence;temporal_regime,DECISION-TIME
07dd0edd13806975d8525482,fold_2,0,5527283,1,1,1,600,600,29.296875,29.296875,10,10,1,1,1,5527296,0,0.21045576407506703,0.21045576407506703,0.42091152815013411,True,correct,correct;high_confidence;temporal_regime,DECISION-TIME
d6cd1d33392c5698078f7ec3,fold_2,0,5527353,1,1,1,600,600,29.296875,29.296875,10,10,1,1,1,5527356,0,0.21045576407506703,0.21045576407506703,0.42091152815013411,True,correct,correct;high_confidence;temporal_regime,DECISION-TIME
24f47ae4b7d1f8dc7f846537,fold_2,0,5527512,1,1,1,600,600,29.296875,29.296875,100,100,1,1,1,5527518,0,0.21045576407506703,0.21045576407506703,0.42091152815013411,True,correct,correct;high_confidence;temporal_regime,DECISION-TIME
2a2f092c169d3901ac35e870,fold_2,0,5527537,2,2,25,150,200,14.6484375,14.6484375,25,25,1,25,22,5527546.2000000002,0,0.11956521739130435,0.11956521739130435,0.23913043478260865,True,correct,correct;high_confidence;temporal_regime,DECISION-TIME
b29fd73944f65ba11f0afb75,fold_2,0,5527778,1,1,1,600,600,29.296875,29.296875,100,100,1,1,1,5527788,0,0.21045576407506703,0.21045576407506703,0.42091152815013411,True,correct,correct;high_confidence;temporal_regime,DECISION-TIME
28a71525b61dddcc2257934a,fold_2,0,5528216,1,1,1,600,600,29.296875,29.296875,100,100,1,1,1,5528253,0,0.21045576407506703,0.21045576407506703,0.42091152815013411,True,correct,correct;high_confidence;temporal_regime,DECISION-TIME
d2ae9683c65383d27b4241bc,fold_2,0,5528255,2,2,2,600,600,29.296875,29.296875,100,100,1,2,2,5528264,0,0.11956521739130435,0.11956521739130435,0.23913043478260865,True,correct,correct;high_confidence;temporal_regime,DECISION-TIME
a9efffa30345360a15f1d709,fold_2,0,5528743,1,1,1,600,600,29.296875,29.296875,100,100,1,1,1,5528746,0,0.21045576407506703,0.21045576407506703,0.42091152815013411,True,correct,correct;high_confidence;temporal_regime,DECISION-TIME
a6ec55095396cbcd38be85a0,fold_2,0,5532003,1,1,1,1800,1800,58.59375,58.59375,100,100,1,3,2,5532367,0,0.30303030303030304,0.30303030303030304,0.60606060606060608,True,correct,correct;low_confidence;temporal_regime,DECISION-TIME
d7924f9ef286dbafff1911f1,fold_2,0,5532440,1,1,50,600,600,9.765625,9.765625,100,100,1,50,34,5532453,0,0.11956521739130435,0.11956521739130435,0.23913043478260865,True,correct,correct;high_confidence;temporal_regime,DECISION-TIME
38471e7044145c079b541244,fold_2,0,5533109,1,1,10,100,100,24.4140625,24.4140625,100,100,1,10,9,5533117.7000000002,0,0.21045576407506703,0.21045576407506703,0.42091152815013411,True,correct,correct;high_confidence;temporal_regime,DECISION-TIME
710b8d5c25e9e9d38fa3d4a9,fold_2,0,5533241,1,1,1,600,600,29.296875,29.296875,100,100,1,1,1,5533254,0,0.21045576407506703,0.21045576407506703,0.42091152815013411,True,correct,correct;high_confidence;temporal_regime,DECISION-TIME
5bff5ea9305b1fbdbf99f27f,fold_2,0,5533474,1,1,1,600,600,29.296875,29.296875,200,200,1,1,1,5533485,0,0.11956521739130435,0.11956521739130435,0.23913043478260865,True,correct,correct;high_confidence;temporal_regime,DECISION-TIME
e26bebf988ccbadc6f2ef43a,fold_2,0,5533592,1,1,1,600,600,29.296875,29.296875,25,25,1,1,1,5533605,0,0.21045576407506703,0.21045576407506703,0.42091152815013411,True,correct,correct;high_confidence;temporal_regime,DECISION-TIME
6f300a3bb4af38d7e28faa86,fold_2,0,5534912,2,2,4,600,600,29.296875,29.296875,50,50,1,4,2,5534918.25,0,0.21045576407506703,0.21045576407506703,0.42091152815013411,True,correct,correct;high_confidence;temporal_regime,DECISION-TIME
354734f7ee12cc1f65fb2772,fold_2,0,5537981,1,1,10,50,50,29.296875,29.296875,100,100,1,10,6,5537984,0,0.21045576407506703,0.21045576407506703,0.42091152815013411,True,correct,correct;high_confidence;temporal_regime,DECISION-TIME
73fce3530783e98832c6e84f,fold_2,1,5538485,1,1,1,600,600,7.8125,7.8125,100,100,1,1,1,5538495,0,0.11956521739130435,0.11956521739130435,0.23913043478260865,False,high_confidence_error,false_negative;high_confidence;temporal_regime,DECISION-TIME
b5856c9f2c01e7ede6531eb3,fold_2,0,5539487,1,1,1,20,20,29.296875,29.296875,5,5,1,1,1,5539501,0,0.30303030303030304,0.30303030303030304,0.60606060606060608,True,correct,correct;low_confidence;temporal_regime,DECISION-TIME
44bd48bbb81253b01d7a2201,fold_2,0,5540091,1,1,48,200,200,4,4,50,50,1,48,38,5540093.854166667,0,0.11956521739130435,0.11956521739130435,0.23913043478260865,True,correct,correct;high_confidence;temporal_regime,DECISION-TIME
0341eda6f8da9470917bef38,fold_2,0,5540460,1,1,20,600,600,29.296875,29.296875,100,100,1,20,14,5540481.9500000002,0,0.21045576407506703,0.21045576407506703,0.42091152815013411,True,correct,correct;high_confidence;temporal_regime,DECISION-TIME
2e7df4fa04f3362aff019a3f,fold_2,1,5540658,1,1,1,600,600,29.296875,29.296875,100,100,1,1,1,5540700,0,0.21045576407506703,0.21045576407506703,0.42091152815013411,False,high_confidence_error,false_negative;high_confidence;temporal_regime,DECISION-TIME
2b17036d1706587f89a2f85e,fold_2,1,5540912,1,1,1,1800,1800,58.59375,58.59375,100,100,1,1,1,5541038,0,0.30303030303030304,0.30303030303030304,0.60606060606060608,False,low_confidence_error,false_negative;low_confidence;temporal_regime,DECISION-TIME
b2f2f4a451a6ba318f9380e9,fold_2,0,5541205,2,2,11,600,600,29.296875,29.296875,25,25,1,11,11,5541211.4545454541,0,0.21045576407506703,0.21045576407506703,0.42091152815013411,True,correct,correct;high_confidence;temporal_regime,DECISION-TIME
c03d800567a0af1153c4a89c,fold_2,0,5541741,2,2,28,1350,2400,29.296875,39.0625,25,25,1,28,22,5541753.3928571427,0,0.050000000000000003,0.050000000000000003,0.099999999999999978,True,correct,correct;high_confidence;temporal_regime,DECISION-TIME
a4d45a59bc39e6bd658d4f9d,fold_2,0,5541823,1,1,1,100,100,97.65625,97.65625,500,500,1,1,1,5548297,0,0.30303030303030304,0.30303030303030304,0.60606060606060608,True,correct,correct;low_confidence;temporal_regime,DECISION-TIME
58ede19845b49af33f09926e,fold_2,0,5542342,2,2,19,600,600,29.296875,29.296875,25,25,1,19,12,5542354.6842105268,0,0.21045576407506703,0.21045576407506703,0.42091152815013411,True,correct,correct;high_confidence;temporal_regime,DECISION-TIME
c46d3f7a64c140b9f50512ba,fold_2,0,5542365,1,1,1,1000,1000,19.55078125,19.55078125,50,50,1,1,1,5542368,0,0.11956521739130435,0.11956521739130435,0.23913043478260865,True,correct,correct;high_confidence;temporal_regime,DECISION-TIME
d82b82785c1a40027175c688,fold_2,0,5544034,1,1,1,600,600,29.296875,29.296875,100,100,1,1,1,5544040,0,0.21045576407506703,0.21045576407506703,0.42091152815013411,True,correct,correct;high_confidence;temporal_regime,DECISION-TIME
95654571c1009adf870364e4,fold_2,0,5545621,1,1,1,600,600,29.296875,29.296875,100,100,1,1,1,5545631,0,0.21045576407506703,0.21045576407506703,0.42091152815013411,True,correct,correct;high_confidence;temporal_regime,DECISION-TIME
aa38fcbdb36e505c6494c61b,fold_2,0,5546513,2,2,4,600,600,29.296875,29.296875,50,50,1,4,2,5546517.5,0,0.21045576407506703,0.21045576407506703,0.42091152815013411,True,correct,correct;high_confidence;temporal_regime,DECISION-TIME
eb55b9a69477cc705ec2ee0b,fold_2,0,5547363,1,1,1,800,800,29.296875,29.296875,50,50,1,1,1,5547372,0,0.21045576407506703,0.21045576407506703,0.42091152815013411,True,correct,correct;high_confidence;temporal_regime,DECISION-TIME
81239710170de2c1ce98bee7,fold_2,0,5548019,1,1,1,600,600,29.296875,29.296875,25,25,1,1,1,5548027,0,0.21045576407506703,0.21045576407506703,0.42091152815013411,True,correct,correct;high_confidence;temporal_regime,DECISION-TIME
60a4f009a7e8ca493168fa35,fold_2,0,5548146,1,1,1,600,600,29.296875,29.296875,50,50,1,1,1,5548159,0,0.21045576407506703,0.21045576407506703,0.42091152815013411,True,correct,correct;high_confidence;temporal_regime,DECISION-TIME
256db3b3f7f66f06f807fef2,fold_2,1,5548558,1,1,1,600,600,29.296875,29.296875,100,100,1,1,1,5548607,0,0.21045576407506703,0.21045576407506703,0.42091152815013411,False,high_confidence_error,false_negative;high_confidence;temporal_regime,DECISION-TIME
4f5866ac58506d9a8c19cebf,fold_2,1,5548764,1,1,8,400,400,5.859375,5.859375,100,100,1,8,5,5548767,0,0.11956521739130435,0.11956521739130435,0.23913043478260865,False,high_confidence_error,false_negative;high_confidence;temporal_regime,DECISION-TIME
dbc46c147a0acbfa09610afc,fold_2,1,5549847,1,1,1,600,600,29.296875,29.296875,100,100,1,1,1,5549860,0,0.21045576407506703,0.21045576407506703,0.42091152815013411,False,high_confidence_error,false_negative;high_confidence;temporal_regime,DECISION-TIME
1e142326d55d1367dafed8f8,fold_2,0,5551293,1,1,1,1800,1800,58.59375,58.59375,100,100,1,1,1,5551305,0,0.30303030303030304,0.30303030303030304,0.60606060606060608,True,correct,correct;low_confidence;temporal_regime,DECISION-TIME
c7bef8fb16d193f060fb909c,fold_2,1,5553038,2,2,28,1350,2400,29.296875,39.0625,25,25,1,31,20,5554173.75,0,0.050000000000000003,0.050000000000000003,0.099999999999999978,False,high_confidence_error,false_negative;high_confidence;temporal_regime,DECISION-TIME
d8d82e7014fe2597fdeaa127,fold_2,0,5553488,1,1,1,600,600,29.296875,29.296875,25,25,1,1,1,5553500,0,0.21045576407506703,0.21045576407506703,0.42091152815013411,True,correct,correct;high_confidence;temporal_regime,DECISION-TIME
5df52f5a641bf131b4440860,fold_2,0,5554897,2,2,6,700,800,16.6015625,29.296875,50,50,1,6,5,5554915.833333333,0,0.11956521739130435,0.11956521739130435,0.23913043478260865,True,correct,correct;high_confidence;temporal_regime,DECISION-TIME
b344f5099fd89450b9090bbb,fold_2,0,5555553,1,1,1,600,600,29.296875,29.296875,25,25,1,1,1,5555557,0,0.21045576407506703,0.21045576407506703,0.42091152815013411,True,correct,correct;high_confidence;temporal_regime,DECISION-TIME
bad9dfecb13713ba5a2acf1d,fold_2,1,5556622,1,1,1,1800,1800,15.625,15.625,100,100,1,1,1,5556721,0,0.11956521739130435,0.11956521739130435,0.23913043478260865,False,high_confidence_error,false_negative;high_confidence;temporal_regime,DECISION-TIME
3c48bae36584d4d73838a28b,fold_2,0,5556878,1,1,1,600,600,29.296875,29.296875,25,25,1,1,1,5556888,0,0.21045576407506703,0.21045576407506703,0.42091152815013411,True,correct,correct;high_confidence;temporal_regime,DECISION-TIME
6f35ed6205eb9d90a1433abd,fold_2,0,5557128,1,1,1,200,200,3.92578125,3.92578125,100,100,1,1,1,5557241,0,0.11956521739130435,0.11956521739130435,0.23913043478260865,True,correct,correct;high_confidence;temporal_regime,DECISION-TIME
c833a8481032f92c6959b308,fold_2,0,5557483,1,1,1,600,600,29.296875,29.296875,100,100,1,1,1,5557497,0,0.21045576407506703,0.21045576407506703,0.42091152815013411,True,correct,correct;high_confidence;temporal_regime,DECISION-TIME
beaa4598b74328988cf3c7ba,fold_2,0,5558019,2,2,28,600,600,15.625,19.53125,50,50,1,29,21,5558732.3571428573,0,0.11956521739130435,0.11956521739130435,0.23913043478260865,True,correct,correct;high_confidence;temporal_regime,DECISION-TIME
3dac854a2a624b20bc239614,fold_2,0,5558237,1,1,1,100,100,1.97265625,1.97265625,,,0,1,1,5558240,0,0.050000000000000003,0.050000000000000003,0.099999999999999978,True,correct,correct;high_confidence;temporal_regime;feature_missingness,DECISION-TIME
1546ec48d123531dae78d900,fold_2,0,5558682,1,1,1,600,600,29.296875,29.296875,200,200,1,1,1,5558762,0,0.11956521739130435,0.11956521739130435,0.23913043478260865,True,correct,correct;high_confidence;temporal_regime,DECISION-TIME
a99e8d42d899bd951d6f2fc9,fold_2,1,5559271,1,1,1,600,600,29.296875,29.296875,100,100,1,1,1,5559368,0,0.21045576407506703,0.21045576407506703,0.42091152815013411,False,high_confidence_error,false_negative;high_confidence;temporal_regime,DECISION-TIME
1c82987fb55840e6c19cfc4e,fold_2,0,5561098,2,2,51,450,800,10.76171875,19.55078125,,,0,51,50,5561148.7647058824,0,0.050000000000000003,0.050000000000000003,0.099999999999999978,True,correct,correct;high_confidence;temporal_regime;feature_missingness,DECISION-TIME
37a80f87b59955e0ad7ec608,fold_2,1,5561380,2,2,11,600,600,29.296875,29.296875,100,100,1,79,60,5561548.493150685,1,1,1,0,True,correct,correct;high_confidence;temporal_regime,DECISION-TIME
e07419d17d8e52506f299189,fold_2,0,5561736,3,3,12,466.66666666666669,600,11.098958333333334,29.296875,25,25,1,12,9,5561740.833333333,0,0.11956521739130435,0.11956521739130435,0.23913043478260865,True,correct,correct;high_confidence;temporal_regime,DECISION-TIME
ba85114954986b20deafcbe9,fold_2,0,5561976,1,1,1,1800,1800,58.59375,58.59375,100,100,1,1,1,5562200,0,0.30303030303030304,0.30303030303030304,0.60606060606060608,True,correct,correct;low_confidence;temporal_regime,DECISION-TIME
7cd375d79fa1a7a8c6c098f9,fold_2,0,5563569,1,1,1,600,600,29.296875,29.296875,100,100,1,1,1,5563582,0,0.21045576407506703,0.21045576407506703,0.42091152815013411,True,correct,correct;high_confidence;temporal_regime,DECISION-TIME
d5cff7e2658312880be9da54,fold_2,0,5563583,2,2,12,600,600,48.828125,78.125,50,50,1,12,11,5563600.083333333,0,0.33333333333333331,0.33333333333333331,0.66666666666666663,True,correct,correct;low_confidence;temporal_regime,DECISION-TIME
23772b7e91196133bd833792,fold_2,0,5564700,2,2,51,600,600,29.296875,29.296875,20,20,1,51,40,5564709.9215686275,0,0.21045576407506703,0.21045576407506703,0.42091152815013411,True,correct,correct;high_confidence;temporal_regime,DECISION-TIME
7a97effbe1a879ee6eb558ec,fold_2,0,5565416,1,1,1,600,600,29.296875,29.296875,50,50,1,1,1,5565422,0,0.21045576407506703,0.21045576407506703,0.42091152815013411,True,correct,correct;high_confidence;temporal_regime,DECISION-TIME
61c88a7125fe838c04a7eed0,fold_2,0,5565473,1,1,1,600,600,29.296875,29.296875,50,50,1,1,1,5565484,0,0.21045576407506703,0.21045576407506703,0.42091152815013411,True,correct,correct;high_confidence;temporal_regime,DECISION-TIME
52f3ccc7edc2aa283e3ef247,fold_2,0,5565939,1,1,1,600,600,29.296875,29.296875,100,100,1,1,1,5565946,0,0.21045576407506703,0.21045576407506703,0.42091152815013411,True,correct,correct;high_confidence;temporal_regime,DECISION-TIME
833e87e39b1114182b071c0b,fold_2,0,5566868,2,2,20,500,600,12.20703125,14.6484375,50,50,1,20,19,5566877.9500000002,0,0.11956521739130435,0.11956521739130435,0.23913043478260865,True,correct,correct;high_confidence;temporal_regime,DECISION-TIME
226a4ca93c0fa55167701819,fold_2,0,5566916,1,1,1,600,600,29.296875,29.296875,100,100,1,1,1,5566920,0,0.21045576407506703,0.21045576407506703,0.42091152815013411,True,correct,correct;high_confidence;temporal_regime,DECISION-TIME
41530c96d049e42fcc47ab2b,fold_2,0,5568525,1,1,1,600,600,29.296875,29.296875,100,100,1,1,1,5568539,0,0.21045576407506703,0.21045576407506703,0.42091152815013411,True,correct,correct;high_confidence;temporal_regime,DECISION-TIME
df97554f67db94e706faf7cc,fold_2,1,5569997,1,1,1,200,200,29.296875,29.296875,25,25,1,1,1,5570005,0,0.23333333333333334,0.23333333333333334,0.46666666666666667,False,high_confidence_error,false_negative;high_confidence;temporal_regime,DECISION-TIME
f5ba3e7ae864b8de7cb55cb7,fold_2,0,5570865,3,3,4,466.66666666666669,600,11.098958333333334,29.296875,25,25,1,4,3,5570869,0,0.11956521739130435,0.11956521739130435,0.23913043478260865,True,correct,correct;high_confidence;temporal_regime,DECISION-TIME
577a30143361b9979f22fe19,fold_2,0,5571643,1,1,1,800,800,29.296875,29.296875,50,50,1,1,1,5571654,0,0.21045576407506703,0.21045576407506703,0.42091152815013411,True,correct,correct;high_confidence;temporal_regime,DECISION-TIME
d45686fa4e3c41ac823b8607,fold_2,0,5572237,1,1,1,600,600,29.296875,29.296875,50,50,1,1,1,5572247,0,0.21045576407506703,0.21045576407506703,0.42091152815013411,True,correct,correct;high_confidence;temporal_regime,DECISION-TIME
d99e3f11703499855f9d730f,fold_2,0,5572239,1,1,1,600,600,29.296875,29.296875,50,50,1,1,1,5572247,0,0.21045576407506703,0.21045576407506703,0.42091152815013411,True,correct,correct;high_confidence;temporal_regime,DECISION-TIME
00b022b6b524f270a415aa54,fold_2,0,5572471,1,1,1,600,600,29.296875,29.296875,25,25,1,1,1,5572478,0,0.21045576407506703,0.21045576407506703,0.42091152815013411,True,correct,correct;high_confidence;temporal_regime,DECISION-TIME
771a36cb19b86cb5eac4f04d,fold_2,0,5573195,1,1,1,600,600,29.296875,29.296875,200,200,1,1,1,5573200,0,0.11956521739130435,0.11956521739130435,0.23913043478260865,True,correct,correct;high_confidence;temporal_regime,DECISION-TIME
2a3fa8b5f4bea5ec943b322b,fold_2,0,5574168,1,1,1,1200,1200,29.296875,29.296875,100,100,1,1,1,5574174,0,0.16666666666666666,0.16666666666666666,0.33333333333333326,True,correct,correct;high_confidence;temporal_regime,DECISION-TIME
c590092603fb41b49d4eb166,fold_2,0,5574220,1,1,1,1200,1200,29.296875,29.296875,100,100,1,1,1,5574255,0,0.16666666666666666,0.16666666666666666,0.33333333333333326,True,correct,correct;high_confidence;temporal_regime,DECISION-TIME
8a63a8010e913c7fa5f0cfe7,fold_2,1,5574865,1,1,1,100,100,1.953125,1.953125,100,100,1,1,1,5574877,0,0.11956521739130435,0.11956521739130435,0.23913043478260865,False,high_confidence_error,false_negative;high_confidence;temporal_regime,DECISION-TIME
87b0759d9c9ffccb30f25dd4,fold_2,0,5574923,1,1,1,100,100,29.296875,29.296875,100,100,1,1,1,5574928,0,0.21045576407506703,0.21045576407506703,0.42091152815013411,True,correct,correct;high_confidence;temporal_regime,DECISION-TIME
e16a9671c6fba07e96bd2b5e,fold_2,1,5575257,1,1,1,100,100,1.953125,1.953125,100,100,1,1,1,5575269,0,0.11956521739130435,0.11956521739130435,0.23913043478260865,False,high_confidence_error,false_negative;high_confidence;temporal_regime,DECISION-TIME
e89daf9e45ffc27ae8c7d3c8,fold_2,0,5575440,1,1,1,600,600,29.296875,29.296875,100,100,1,1,1,5575450,0,0.21045576407506703,0.21045576407506703,0.42091152815013411,True,correct,correct;high_confidence;temporal_regime,DECISION-TIME
fa75814839d411db5f883100,fold_2,0,5575955,1,1,1,600,600,29.296875,29.296875,100,100,1,1,1,5575963,0,0.21045576407506703,0.21045576407506703,0.42091152815013411,True,correct,correct;high_confidence;temporal_regime,DECISION-TIME
65c8f89f84560af54b0e785e,fold_2,0,5578066,1,1,1,600,600,29.296875,29.296875,100,100,1,1,1,5578079,0,0.21045576407506703,0.21045576407506703,0.42091152815013411,True,correct,correct;high_confidence;temporal_regime,DECISION-TIME
cfb133286b9f5137d4c89b5a,fold_2,1,5578368,1,1,1,600,600,29.296875,29.296875,100,100,1,2,2,5579304,0,0.21045576407506703,0.21045576407506703,0.42091152815013411,False,high_confidence_error,false_negative;high_confidence;temporal_regime,DECISION-TIME
9f4fd49db7fd55dc6745c3b6,fold_2,0,5579356,2,2,6,700,800,16.6015625,29.296875,50,50,1,6,2,5579363,0,0.11956521739130435,0.11956521739130435,0.23913043478260865,True,correct,correct;high_confidence;temporal_regime,DECISION-TIME
bbaaf512be2b0e5230a34f83,fold_2,0,5580929,1,1,1,600,600,29.296875,29.296875,5,5,1,1,1,5580940,0,0.21045576407506703,0.21045576407506703,0.42091152815013411,True,correct,correct;high_confidence;temporal_regime,DECISION-TIME
c0c0cd535d14c547a9d118b8,fold_2,0,5581981,1,1,1,600,600,29.296875,29.296875,100,100,1,1,1,5581994,0,0.21045576407506703,0.21045576407506703,0.42091152815013411,True,correct,correct;high_confidence;temporal_regime,DECISION-TIME
93fa6de4315678e332acc368,fold_2,0,5582114,1,1,1,600,600,29.296875,29.296875,100,100,1,1,1,5582117,0,0.21045576407506703,0.21045576407506703,0.42091152815013411,True,correct,correct;high_confidence;temporal_regime,DECISION-TIME
74c78500a418350749c2969c,fold_2,0,5583271,1,1,1,800,800,29.296875,29.296875,50,50,1,1,1,5583278,0,0.21045576407506703,0.21045576407506703,0.42091152815013411,True,correct,correct;high_confidence;temporal_regime,DECISION-TIME
beaf99a7ea19cab1adecc362,fold_2,0,5583446,1,1,8,1800,1800,58.59375,58.59375,100,100,1,8,6,5583458.375,0,0.30303030303030304,0.30303030303030304,0.60606060606060608,True,correct,correct;low_confidence;temporal_regime,DECISION-TIME
b2ff3e92266f77e0d77c7701,fold_2,0,5587708,1,1,1,600,600,29.296875,29.296875,10,10,1,1,1,5587713,0,0.21045576407506703,0.21045576407506703,0.42091152815013411,True,correct,correct;high_confidence;temporal_regime,DECISION-TIME
48863db516a443091bf1b612,fold_2,0,5587743,1,1,1,600,600,29.296875,29.296875,10,10,1,1,1,5587753,0,0.21045576407506703,0.21045576407506703,0.42091152815013411,True,correct,correct;high_confidence;temporal_regime,DECISION-TIME
912c9aa400e2b2efeac827b7,fold_2,1,5587836,1,1,1,100,100,29.296875,29.296875,25,25,1,1,1,5587844,0,0.30303030303030304,0.30303030303030304,0.60606060606060608,False,low_confidence_error,false_negative;low_confidence;temporal_regime,DECISION-TIME
21a7638e349871702fae9eb5,fold_2,1,5587853,1,1,1,100,100,29.296875,29.296875,25,25,1,1,1,5587863,0,0.30303030303030304,0.30303030303030304,0.60606060606060608,False,low_confidence_error,false_negative;low_confidence;temporal_regime,DECISION-TIME
8a669db8a7e1a903bd0d6f15,fold_2,0,5587937,1,1,1,800,800,31.26953125,31.26953125,,,0,1,1,5587940,0,0.11956521739130435,0.11956521739130435,0.23913043478260865,True,correct,correct;high_confidence;temporal_regime;feature_missingness,DECISION-TIME
5e7d669b228e5dcd09fbec6c,fold_2,1,5587985,1,1,1,100,100,29.296875,29.296875,25,25,1,1,1,5587994,0,0.30303030303030304,0.30303030303030304,0.60606060606060608,False,low_confidence_error,false_negative;low_confidence;temporal_regime,DECISION-TIME
9824c821d456021f570d60ea,fold_2,0,5588070,1,1,1,1000,1000,19.55078125,19.55078125,50,50,1,1,1,5588073,0,0.11956521739130435,0.11956521739130435,0.23913043478260865,True,correct,correct;high_confidence;temporal_regime,DECISION-TIME
63a8920fc4f25c9d01c3e4eb,fold_2,1,5588123,1,1,1,100,100,29.296875,29.296875,25,25,1,1,1,5588135,0,0.30303030303030304,0.30303030303030304,0.60606060606060608,False,low_confidence_error,false_negative;low_confidence;temporal_regime,DECISION-TIME
7c009e8224fa87bc92a7006c,fold_2,0,5588160,1,1,1,600,600,29.296875,29.296875,10,10,1,1,1,5588165,0,0.21045576407506703,0.21045576407506703,0.42091152815013411,True,correct,correct;high_confidence;temporal_regime,DECISION-TIME
dabe2d058826780b7673fe55,fold_2,1,5588219,1,1,1,100,100,29.296875,29.296875,25,25,1,1,1,5588225,0,0.30303030303030304,0.30303030303030304,0.60606060606060608,False,low_confidence_error,false_negative;low_confidence;temporal_regime,DECISION-TIME
7612e5baa111c74366fce6c4,fold_2,1,5588253,1,1,1,600,600,29.296875,29.296875,10,10,1,1,1,5588266,0,0.21045576407506703,0.21045576407506703,0.42091152815013411,False,high_confidence_error,false_negative;high_confidence;temporal_regime,DECISION-TIME
862d5fa79b080f9748563869,fold_2,0,5588293,1,1,1,600,600,29.296875,29.296875,25,25,1,1,1,5588307,0,0.21045576407506703,0.21045576407506703,0.42091152815013411,True,correct,correct;high_confidence;temporal_regime,DECISION-TIME
544b4321477b5bb2b5b21940,fold_2,1,5588332,1,1,1,100,100,29.296875,29.296875,25,25,1,1,1,5588337,0,0.30303030303030304,0.30303030303030304,0.60606060606060608,False,low_confidence_error,false_negative;low_confidence;temporal_regime,DECISION-TIME
a9baf04c7bd836094e3183c4,fold_2,1,5588340,1,1,1,100,100,29.296875,29.296875,25,25,1,1,1,5588346,0,0.30303030303030304,0.30303030303030304,0.60606060606060608,False,low_confidence_error,false_negative;low_confidence;temporal_regime,DECISION-TIME
d4ab75234458f93b30589d24,fold_2,1,5588392,1,1,1,100,100,29.296875,29.296875,25,25,1,1,1,5588397,0,0.30303030303030304,0.30303030303030304,0.60606060606060608,False,low_confidence_error,false_negative;low_confidence;temporal_regime,DECISION-TIME
eacb3e261ecfefc571566307,fold_2,1,5588446,1,1,1,600,600,29.296875,29.296875,10,10,1,1,1,5588458,0,0.21045576407506703,0.21045576407506703,0.42091152815013411,False,high_confidence_error,false_negative;high_confidence;temporal_regime,DECISION-TIME
0b2b975f05ed41bb922cbd8f,fold_2,1,5588479,1,1,1,100,100,29.296875,29.296875,25,25,1,1,1,5588487,0,0.30303030303030304,0.30303030303030304,0.60606060606060608,False,low_confidence_error,false_negative;low_confidence;temporal_regime,DECISION-TIME
cdfa40669a2e588b859c6359,fold_2,1,5588540,1,1,1,100,100,29.296875,29.296875,25,25,1,1,1,5588550,0,0.30303030303030304,0.30303030303030304,0.60606060606060608,False,low_confidence_error,false_negative;low_confidence;temporal_regime,DECISION-TIME
1481fb9989127c8632130c5e,fold_2,1,5588547,1,1,1,100,100,29.296875,29.296875,25,25,1,1,1,5588558,0,0.30303030303030304,0.30303030303030304,0.60606060606060608,False,low_confidence_error,false_negative;low_confidence;temporal_regime,DECISION-TIME
15c1f64c5187bb2fd22b589f,fold_2,1,5588907,1,1,1,100,100,29.296875,29.296875,25,25,1,1,1,5588910,0,0.30303030303030304,0.30303030303030304,0.60606060606060608,False,low_confidence_error,false_negative;low_confidence;temporal_regime,DECISION-TIME
8bc56d15beb45428a7b0705c,fold_2,1,5588993,1,1,1,100,100,29.296875,29.296875,25,25,1,1,1,5589002,0,0.30303030303030304,0.30303030303030304,0.60606060606060608,False,low_confidence_error,false_negative;low_confidence;temporal_regime,DECISION-TIME
194ab5909a750935a82f705e,fold_2,1,5589072,1,1,1,100,100,29.296875,29.296875,25,25,1,1,1,5589081,0,0.30303030303030304,0.30303030303030304,0.60606060606060608,False,low_confidence_error,false_negative;low_confidence;temporal_regime,DECISION-TIME
1f6a528dcb086e8f52c0b5be,fold_2,1,5589144,1,1,1,100,100,29.296875,29.296875,25,25,1,1,1,5589154,0,0.30303030303030304,0.30303030303030304,0.60606060606060608,False,low_confidence_error,false_negative;low_confidence;temporal_regime,DECISION-TIME
6cf0b8ea1936ccdb0253c7c1,fold_2,1,5589465,1,1,1,100,100,29.296875,29.296875,25,25,1,1,1,5589475,0,0.30303030303030304,0.30303030303030304,0.60606060606060608,False,low_confidence_error,false_negative;low_confidence;temporal_regime,DECISION-TIME
da4ba63c53572bb608ab6ce1,fold_2,1,5589583,1,1,1,100,100,29.296875,29.296875,25,25,1,1,1,5589594,0,0.30303030303030304,0.30303030303030304,0.60606060606060608,False,low_confidence_error,false_negative;low_confidence;temporal_regime,DECISION-TIME
94c0e69edd2c10e7c78a17ea,fold_2,1,5589608,1,1,1,100,100,29.296875,29.296875,25,25,1,1,1,5589615,0,0.30303030303030304,0.30303030303030304,0.60606060606060608,False,low_confidence_error,false_negative;low_confidence;temporal_regime,DECISION-TIME
49fb616eb51f167c06454cf9,fold_2,1,5589681,1,1,1,100,100,29.296875,29.296875,25,25,1,1,1,5589694,0,0.30303030303030304,0.30303030303030304,0.60606060606060608,False,low_confidence_error,false_negative;low_confidence;temporal_regime,DECISION-TIME
ead70613ee97d5ab7c12ecac,fold_2,1,5589743,1,1,1,100,100,29.296875,29.296875,25,25,1,1,1,5589755,0,0.30303030303030304,0.30303030303030304,0.60606060606060608,False,low_confidence_error,false_negative;low_confidence;temporal_regime,DECISION-TIME
03ffeffaa16a4be390a99440,fold_2,1,5589885,1,1,1,100,100,29.296875,29.296875,25,25,1,1,1,5589895,0,0.30303030303030304,0.30303030303030304,0.60606060606060608,False,low_confidence_error,false_negative;low_confidence;temporal_regime,DECISION-TIME
e54f0905ecff08b3ed6b5a46,fold_2,1,5590005,1,1,1,100,100,29.296875,29.296875,25,25,1,1,1,5590016,0,0.30303030303030304,0.30303030303030304,0.60606060606060608,False,low_confidence_error,false_negative;low_confidence;temporal_regime,DECISION-TIME
d6b9fc8da621f542d4779de1,fold_2,1,5590116,1,1,1,100,100,29.296875,29.296875,25,25,1,1,1,5590128,0,0.30303030303030304,0.30303030303030304,0.60606060606060608,False,low_confidence_error,false_negative;low_confidence;temporal_regime,DECISION-TIME
cd847f596a2ec2eb298e7992,fold_2,1,5590406,1,1,1,100,100,29.296875,29.296875,25,25,1,1,1,5590419,0,0.30303030303030304,0.30303030303030304,0.60606060606060608,False,low_confidence_error,false_negative;low_confidence;temporal_regime,DECISION-TIME
d0cc24c911da0dc54e7fdebc,fold_2,1,5590654,1,1,1,100,100,29.296875,29.296875,25,25,1,1,1,5590660,0,0.30303030303030304,0.30303030303030304,0.60606060606060608,False,low_confidence_error,false_negative;low_confidence;temporal_regime,DECISION-TIME
6683176b3f78f7fa6630f852,fold_2,1,5590668,1,1,1,100,100,29.296875,29.296875,25,25,1,1,1,5590679,0,0.30303030303030304,0.30303030303030304,0.60606060606060608,False,low_confidence_error,false_negative;low_confidence;temporal_regime,DECISION-TIME
1da90b09f997fbe5e6b7327f,fold_2,1,5590730,1,1,1,100,100,29.296875,29.296875,25,25,1,1,1,5590740,0,0.30303030303030304,0.30303030303030304,0.60606060606060608,False,low_confidence_error,false_negative;low_confidence;temporal_regime,DECISION-TIME
e68bf32505080f66480b14e4,fold_2,1,5590834,1,1,1,100,100,29.296875,29.296875,25,25,1,1,1,5590841,0,0.30303030303030304,0.30303030303030304,0.60606060606060608,False,low_confidence_error,false_negative;low_confidence;temporal_regime,DECISION-TIME
5ae6dd20ffa2728ed4088840,fold_2,1,5590850,1,1,1,100,100,29.296875,29.296875,25,25,1,1,1,5590861,0,0.30303030303030304,0.30303030303030304,0.60606060606060608,False,low_confidence_error,false_negative;low_confidence;temporal_regime,DECISION-TIME
48ea98327627f96ee6b63b8c,fold_2,1,5591089,1,1,1,100,100,29.296875,29.296875,25,25,1,1,1,5591101,0,0.30303030303030304,0.30303030303030304,0.60606060606060608,False,low_confidence_error,false_negative;low_confidence;temporal_regime,DECISION-TIME
53c3d09b4bb30380bdd209b7,fold_2,1,5591134,1,1,1,100,100,29.296875,29.296875,25,25,1,1,1,5591142,0,0.30303030303030304,0.30303030303030304,0.60606060606060608,False,low_confidence_error,false_negative;low_confidence;temporal_regime,DECISION-TIME
b4c79b3fd22664ed834cf61e,fold_2,1,5591194,1,1,1,100,100,29.296875,29.296875,25,25,1,1,1,5591201,0,0.30303030303030304,0.30303030303030304,0.60606060606060608,False,low_confidence_error,false_negative;low_confidence;temporal_regime,DECISION-TIME
a54cf00c2d060ab23bfbeb7b,fold_2,1,5591293,1,1,1,100,100,29.296875,29.296875,25,25,1,1,1,5591302,0,0.30303030303030304,0.30303030303030304,0.60606060606060608,False,low_confidence_error,false_negative;low_confidence;temporal_regime,DECISION-TIME
e91f050c2d0da681ceb389ac,fold_2,1,5591337,1,1,1,100,100,29.296875,29.296875,25,25,1,1,1,5591343,0,0.30303030303030304,0.30303030303030304,0.60606060606060608,False,low_confidence_error,false_negative;low_confidence;temporal_regime,DECISION-TIME
fc6e902f3a71c7e0e690a6f0,fold_2,1,5591387,1,1,1,100,100,29.296875,29.296875,25,25,1,1,1,5591393,0,0.30303030303030304,0.30303030303030304,0.60606060606060608,False,low_confidence_error,false_negative;low_confidence;temporal_regime,DECISION-TIME
6bd61cd83bfad318424c453d,fold_2,0,5591405,1,1,1,600,600,29.296875,29.296875,100,100,1,1,1,5591408,0,0.21045576407506703,0.21045576407506703,0.42091152815013411,True,correct,correct;high_confidence;temporal_regime,DECISION-TIME
171aa478617e01aa00ffa4f6,fold_2,1,5591475,1,1,1,100,100,29.296875,29.296875,25,25,1,1,1,5591483,0,0.30303030303030304,0.30303030303030304,0.60606060606060608,False,low_confidence_error,false_negative;low_confidence;temporal_regime,DECISION-TIME
7d536a624223cbfea6cc8c67,fold_2,1,5591610,1,1,1,100,100,29.296875,29.296875,25,25,1,1,1,5591614,0,0.30303030303030304,0.30303030303030304,0.60606060606060608,False,low_confidence_error,false_negative;low_confidence;temporal_regime,DECISION-TIME
2ab4ea248f0a6cc5e6761ea9,fold_2,1,5591699,1,1,1,100,100,29.296875,29.296875,25,25,1,1,1,5591705,0,0.30303030303030304,0.30303030303030304,0.60606060606060608,False,low_confidence_error,false_negative;low_confidence;temporal_regime,DECISION-TIME
a509be1d6876d5cf08b63d88,fold_2,0,5591795,1,1,1,600,600,29.296875,29.296875,100,100,1,1,1,5591798,0,0.21045576407506703,0.21045576407506703,0.42091152815013411,True,correct,correct;high_confidence;temporal_regime,DECISION-TIME
6ba305ac3fcc54babaa17628,fold_2,1,5591826,1,1,1,100,100,29.296875,29.296875,25,25,1,1,1,5591834,0,0.30303030303030304,0.30303030303030304,0.60606060606060608,False,low_confidence_error,false_negative;low_confidence;temporal_regime,DECISION-TIME
35bb0943627486c65325522a,fold_2,0,5591921,2,2,58,350,600,2.25,2.5,25,25,1,58,21,5591928,0,0.050000000000000003,0.050000000000000003,0.099999999999999978,True,correct,correct;high_confidence;temporal_regime,DECISION-TIME
2cae04b087ca65bcf767be01,fold_2,1,5592201,1,1,1,100,100,29.296875,29.296875,25,25,1,1,1,5592206,0,0.30303030303030304,0.30303030303030304,0.60606060606060608,False,low_confidence_error,false_negative;low_confidence;temporal_regime,DECISION-TIME
503fb9ce5704fec068acc3fc,fold_2,1,5592302,1,1,1,100,100,29.296875,29.296875,25,25,1,1,1,5592307,0,0.30303030303030304,0.30303030303030304,0.60606060606060608,False,low_confidence_error,false_negative;low_confidence;temporal_regime,DECISION-TIME
603b3b6317e3f16cd985f089,fold_2,1,5592322,1,1,1,100,100,29.296875,29.296875,25,25,1,1,1,5592327,0,0.30303030303030304,0.30303030303030304,0.60606060606060608,False,low_confidence_error,false_negative;low_confidence;temporal_regime,DECISION-TIME
980013153a0b9b9d1b2aa09e,fold_2,1,5592694,1,1,1,100,100,29.296875,29.296875,25,25,1,1,1,5592699,0,0.30303030303030304,0.30303030303030304,0.60606060606060608,False,low_confidence_error,false_negative;low_confidence;temporal_regime,DECISION-TIME
568881ec3c7ea5e7fe67c1f2,fold_2,1,5592780,1,1,1,100,100,29.296875,29.296875,25,25,1,1,1,5592788,0,0.30303030303030304,0.30303030303030304,0.60606060606060608,False,low_confidence_error,false_negative;low_confidence;temporal_regime,DECISION-TIME
354d1b455e937792bf65fb64,fold_2,1,5592793,1,1,1,100,100,29.296875,29.296875,25,25,1,1,1,5592798,0,0.30303030303030304,0.30303030303030304,0.60606060606060608,False,low_confidence_error,false_negative;low_confidence;temporal_regime,DECISION-TIME
542e4abcbb0d8d3e2cb8c449,fold_2,1,5592795,1,1,1,100,100,29.296875,29.296875,25,25,1,1,1,5592798,0,0.30303030303030304,0.30303030303030304,0.60606060606060608,False,low_confidence_error,false_negative;low_confidence;temporal_regime,DECISION-TIME
5aa832a6ee3826848c0e8fab,fold_2,1,5592846,1,1,1,100,100,29.296875,29.296875,25,25,1,1,1,5592861,0,0.30303030303030304,0.30303030303030304,0.60606060606060608,False,low_confidence_error,false_negative;low_confidence;temporal_regime,DECISION-TIME
2af4d23ac7c5f6623e57b7ab,fold_2,1,5593145,1,1,1,100,100,29.296875,29.296875,25,25,1,1,1,5593150,0,0.30303030303030304,0.30303030303030304,0.60606060606060608,False,low_confidence_error,false_negative;low_confidence;temporal_regime,DECISION-TIME
b1e383ce610364566776443e,fold_2,0,5593152,1,1,2,200,200,4,4,25,25,1,2,1,5593155,0,0.11956521739130435,0.11956521739130435,0.23913043478260865,True,correct,correct;high_confidence;temporal_regime,DECISION-TIME
c00e026a29ad961cd81caac0,fold_2,1,5593190,1,1,1,100,100,29.296875,29.296875,25,25,1,1,1,5593201,0,0.30303030303030304,0.30303030303030304,0.60606060606060608,False,low_confidence_error,false_negative;low_confidence;temporal_regime,DECISION-TIME
78b3e83a9f6eb424f12373e7,fold_2,1,5593242,1,1,1,100,100,29.296875,29.296875,25,25,1,1,1,5593250,0,0.30303030303030304,0.30303030303030304,0.60606060606060608,False,low_confidence_error,false_negative;low_confidence;temporal_regime,DECISION-TIME
0c9250f78273c79a7ab35233,fold_2,1,5593249,1,1,1,100,100,29.296875,29.296875,25,25,1,1,1,5593260,0,0.30303030303030304,0.30303030303030304,0.60606060606060608,False,low_confidence_error,false_negative;low_confidence;temporal_regime,DECISION-TIME
38012961ab0f84cee124b11d,fold_2,1,5593308,1,1,1,100,100,29.296875,29.296875,25,25,1,1,1,5593320,0,0.30303030303030304,0.30303030303030304,0.60606060606060608,False,low_confidence_error,false_negative;low_confidence;temporal_regime,DECISION-TIME
3cd86045dbd9af4582b48b54,fold_2,1,5593327,1,1,1,100,100,29.296875,29.296875,25,25,1,1,1,5593341,0,0.30303030303030304,0.30303030303030304,0.60606060606060608,False,low_confidence_error,false_negative;low_confidence;temporal_regime,DECISION-TIME
f10b35fe4463668cada938e3,fold_2,1,5593390,1,1,1,100,100,29.296875,29.296875,25,25,1,1,1,5593400,0,0.30303030303030304,0.30303030303030304,0.60606060606060608,False,low_confidence_error,false_negative;low_confidence;temporal_regime,DECISION-TIME
3066a4e2e939759852824c98,fold_2,1,5593761,1,1,1,100,100,29.296875,29.296875,25,25,1,1,1,5593773,0,0.30303030303030304,0.30303030303030304,0.60606060606060608,False,low_confidence_error,false_negative;low_confidence;temporal_regime,DECISION-TIME
9e69c82957f885e3b38f07a4,fold_2,0,5593764,1,1,1,600,600,29.296875,29.296875,10,10,1,1,1,5593773,0,0.21045576407506703,0.21045576407506703,0.42091152815013411,True,correct,correct;high_confidence;temporal_regime,DECISION-TIME
959ddd9d1292f12e02838e43,fold_2,0,5593803,1,1,1,600,600,29.296875,29.296875,10,10,1,1,1,5593812,0,0.21045576407506703,0.21045576407506703,0.42091152815013411,True,correct,correct;high_confidence;temporal_regime,DECISION-TIME
7ece5e027870680ea52190c3,fold_2,1,5593860,1,1,1,100,100,29.296875,29.296875,25,25,1,1,1,5593872,0,0.30303030303030304,0.30303030303030304,0.60606060606060608,False,low_confidence_error,false_negative;low_confidence;temporal_regime,DECISION-TIME
23606a65c7e9a29a32ba8db1,fold_2,1,5593967,1,1,1,100,100,29.296875,29.296875,25,25,1,1,1,5593973,0,0.30303030303030304,0.30303030303030304,0.60606060606060608,False,low_confidence_error,false_negative;low_confidence;temporal_regime,DECISION-TIME
c08065786adbef0991503841,fold_2,0,5594026,1,1,1,600,600,29.296875,29.296875,10,10,1,1,1,5594035,0,0.21045576407506703,0.21045576407506703,0.42091152815013411,True,correct,correct;high_confidence;temporal_regime,DECISION-TIME
d7f46511988120e007e28c4a,fold_2,1,5594290,1,1,1,100,100,29.296875,29.296875,25,25,1,1,1,5594295,0,0.30303030303030304,0.30303030303030304,0.60606060606060608,False,low_confidence_error,false_negative;low_confidence;temporal_regime,DECISION-TIME
d132f1a406d63db1ef076781,fold_2,1,5594348,1,1,1,100,100,29.296875,29.296875,25,25,1,1,1,5594355,0,0.30303030303030304,0.30303030303030304,0.60606060606060608,False,low_confidence_error,false_negative;low_confidence;temporal_regime,DECISION-TIME
482b72a69fa7989dc3966f99,fold_2,1,5594430,1,1,1,100,100,29.296875,29.296875,25,25,1,1,1,5594435,0,0.30303030303030304,0.30303030303030304,0.60606060606060608,False,low_confidence_error,false_negative;low_confidence;temporal_regime,DECISION-TIME
614aa942e6faf8217c7685eb,fold_2,0,5594549,1,1,1,1800,1800,58.59375,58.59375,100,100,1,1,1,5594556,0,0.30303030303030304,0.30303030303030304,0.60606060606060608,True,correct,correct;low_confidence;temporal_regime,DECISION-TIME
823f89e272985b0f4b1a7cc2,fold_2,0,5594614,1,1,1,600,600,29.296875,29.296875,25,25,1,1,1,5594627,0,0.21045576407506703,0.21045576407506703,0.42091152815013411,True,correct,correct;high_confidence;temporal_regime,DECISION-TIME
c8316a719783753ae5dd1a16,fold_2,1,5594666,1,1,1,100,100,29.296875,29.296875,25,25,1,1,1,5594676,0,0.30303030303030304,0.30303030303030304,0.60606060606060608,False,low_confidence_error,false_negative;low_confidence;temporal_regime,DECISION-TIME
768e40cdf2a5ff5a72bea60a,fold_2,1,5594779,1,1,1,100,100,29.296875,29.296875,25,25,1,1,1,5594787,0,0.30303030303030304,0.30303030303030304,0.60606060606060608,False,low_confidence_error,false_negative;low_confidence;temporal_regime,DECISION-TIME
c66fa07626e0f89ee44435e8,fold_2,1,5594865,1,1,1,100,100,29.296875,29.296875,25,25,1,1,1,5594876,0,0.30303030303030304,0.30303030303030304,0.60606060606060608,False,low_confidence_error,false_negative;low_confidence;temporal_regime,DECISION-TIME
817765185d0633b385da681b,fold_2,0,5594870,1,1,8,1500,1500,9.765625,9.765625,100,100,1,8,7,5594880.875,0,0.11956521739130435,0.11956521739130435,0.23913043478260865,True,correct,correct;high_confidence;temporal_regime,DECISION-TIME
5941021f2e621dd7c5ddd4ce,fold_2,1,5595053,1,1,1,100,100,29.296875,29.296875,25,25,1,1,1,5595058,0,0.30303030303030304,0.30303030303030304,0.60606060606060608,False,low_confidence_error,false_negative;low_confidence;temporal_regime,DECISION-TIME
223ff0855c45725f1fbab784,fold_2,1,5595321,1,1,1,100,100,29.296875,29.296875,25,25,1,1,1,5595329,0,0.30303030303030304,0.30303030303030304,0.60606060606060608,False,low_confidence_error,false_negative;low_confidence;temporal_regime,DECISION-TIME
32bd8292de44271155df0a5a,fold_2,0,5595349,1,1,1,600,600,29.296875,29.296875,100,100,1,1,1,5595352,0,0.21045576407506703,0.21045576407506703,0.42091152815013411,True,correct,correct;high_confidence;temporal_regime,DECISION-TIME
111a6df2a98ed0c321ddb286,fold_2,0,5595651,1,1,1,600,600,29.296875,29.296875,10,10,1,1,1,5595662,0,0.21045576407506703,0.21045576407506703,0.42091152815013411,True,correct,correct;high_confidence;temporal_regime,DECISION-TIME
42db922744df116dc9ce6c0f,fold_2,1,5595743,1,1,1,100,100,29.296875,29.296875,25,25,1,1,1,5595751,0,0.30303030303030304,0.30303030303030304,0.60606060606060608,False,low_confidence_error,false_negative;low_confidence;temporal_regime,DECISION-TIME
6fbeaeed4af30c8545b31bad,fold_2,1,5595947,1,1,1,100,100,29.296875,29.296875,25,25,1,1,1,5595966,0,0.30303030303030304,0.30303030303030304,0.60606060606060608,False,low_confidence_error,false_negative;low_confidence;temporal_regime,DECISION-TIME
b0cb94be7b467bb66465c0f5,fold_2,1,5596070,1,1,1,100,100,29.296875,29.296875,25,25,1,1,1,5596114,0,0.30303030303030304,0.30303030303030304,0.60606060606060608,False,low_confidence_error,false_negative;low_confidence;temporal_regime,DECISION-TIME
a500d7fd2890b587a91923a2,fold_2,0,5596087,1,1,1,600,600,29.296875,29.296875,10,10,1,1,1,5596134,0,0.21045576407506703,0.21045576407506703,0.42091152815013411,True,correct,correct;high_confidence;temporal_regime,DECISION-TIME
c9002727291f0c4bac564d3d,fold_2,1,5596377,1,1,1,100,100,29.296875,29.296875,25,25,1,1,1,5596394,0,0.30303030303030304,0.30303030303030304,0.60606060606060608,False,low_confidence_error,false_negative;low_confidence;temporal_regime,DECISION-TIME
4eae254d50e1935d498ef848,fold_2,0,5596454,1,1,1,1800,1800,58.59375,58.59375,100,100,1,1,1,5596465,0,0.30303030303030304,0.30303030303030304,0.60606060606060608,True,correct,correct;low_confidence;temporal_regime,DECISION-TIME
9af21e2e2aff701e07d2c655,fold_2,1,5596508,1,1,1,100,100,29.296875,29.296875,25,25,1,1,1,5596545,0,0.30303030303030304,0.30303030303030304,0.60606060606060608,False,low_confidence_error,false_negative;low_confidence;temporal_regime,DECISION-TIME
f2d37856f2b1579865d6e57e,fold_2,1,5596863,1,1,1,100,100,29.296875,29.296875,25,25,1,1,1,5596880,0,0.30303030303030304,0.30303030303030304,0.60606060606060608,False,low_confidence_error,false_negative;low_confidence;temporal_regime,DECISION-TIME
6e7f8f4339b79372ecb9b110,fold_2,1,5597084,1,1,1,100,100,29.296875,29.296875,25,25,1,1,1,5597088,0,0.30303030303030304,0.30303030303030304,0.60606060606060608,False,low_confidence_error,false_negative;low_confidence;temporal_regime,DECISION-TIME
7c8431f90907a855f4b0ebbb,fold_2,1,5597281,1,1,1,100,100,29.296875,29.296875,25,25,1,1,1,5597289,0,0.30303030303030304,0.30303030303030304,0.60606060606060608,False,low_confidence_error,false_negative;low_confidence;temporal_regime,DECISION-TIME
d37e692111d07ee168e9cc9f,fold_2,1,5597464,1,1,1,100,100,29.296875,29.296875,25,25,1,1,1,5597468,0,0.30303030303030304,0.30303030303030304,0.60606060606060608,False,low_confidence_error,false_negative;low_confidence;temporal_regime,DECISION-TIME
3b907a81f803853cce594d52,fold_2,1,5597622,1,1,1,100,100,29.296875,29.296875,25,25,1,1,1,5597631,0,0.30303030303030304,0.30303030303030304,0.60606060606060608,False,low_confidence_error,false_negative;low_confidence;temporal_regime,DECISION-TIME
6b19e92a136b743baf609c36,fold_2,1,5597704,1,1,1,100,100,29.296875,29.296875,25,25,1,1,1,5597710,0,0.30303030303030304,0.30303030303030304,0.60606060606060608,False,low_confidence_error,false_negative;low_confidence;temporal_regime,DECISION-TIME
f8f8200c2414dcd210eff5a4,fold_2,1,5597882,1,1,1,100,100,29.296875,29.296875,25,25,1,1,1,5597891,0,0.30303030303030304,0.30303030303030304,0.60606060606060608,False,low_confidence_error,false_negative;low_confidence;temporal_regime,DECISION-TIME
ee88ff2e1404c6ecffe37a56,fold_2,1,5597911,1,1,1,100,100,29.296875,29.296875,25,25,1,1,1,5597920,0,0.30303030303030304,0.30303030303030304,0.60606060606060608,False,low_confidence_error,false_negative;low_confidence;temporal_regime,DECISION-TIME
5cd2dfb3d02569aa7ca199ca,fold_2,1,5597938,1,1,1,100,100,29.296875,29.296875,25,25,1,1,1,5597953,0,0.30303030303030304,0.30303030303030304,0.60606060606060608,False,low_confidence_error,false_negative;low_confidence;temporal_regime,DECISION-TIME
f47c066dc8e25e490e3ac217,fold_2,1,5597964,1,1,1,100,100,29.296875,29.296875,25,25,1,1,1,5597972,0,0.30303030303030304,0.30303030303030304,0.60606060606060608,False,low_confidence_error,false_negative;low_confidence;temporal_regime,DECISION-TIME
ba315b631f68c931bfd02a61,fold_2,1,5597975,1,1,1,100,100,29.296875,29.296875,25,25,1,1,1,5597982,0,0.30303030303030304,0.30303030303030304,0.60606060606060608,False,low_confidence_error,false_negative;low_confidence;temporal_regime,DECISION-TIME
52b9d9bd99b5d5d2811694d0,fold_2,1,5598050,1,1,1,100,100,29.296875,29.296875,25,25,1,1,1,5598062,0,0.30303030303030304,0.30303030303030304,0.60606060606060608,False,low_confidence_error,false_negative;low_confidence;temporal_regime,DECISION-TIME
26013bf2bf231e0b9fa49c82,fold_2,1,5598114,1,1,1,100,100,29.296875,29.296875,25,25,1,1,1,5598125,0,0.30303030303030304,0.30303030303030304,0.60606060606060608,False,low_confidence_error,false_negative;low_confidence;temporal_regime,DECISION-TIME
7e86d8c6a504e83b088c7e84,fold_2,1,5598259,1,1,1,100,100,29.296875,29.296875,25,25,1,1,1,5598264,0,0.30303030303030304,0.30303030303030304,0.60606060606060608,False,low_confidence_error,false_negative;low_confidence;temporal_regime,DECISION-TIME
7de14c2154d8c7a2b22792cc,fold_2,1,5598393,1,1,1,100,100,29.296875,29.296875,25,25,1,1,1,5598405,0,0.30303030303030304,0.30303030303030304,0.60606060606060608,False,low_confidence_error,false_negative;low_confidence;temporal_regime,DECISION-TIME
e563038716ac2d95b658243e,fold_2,0,5598458,1,1,1,600,600,29.296875,29.296875,25,25,1,1,1,5598463,0,0.21045576407506703,0.21045576407506703,0.42091152815013411,True,correct,correct;high_confidence;temporal_regime,DECISION-TIME
c6e899b2b7735f1085028fac,fold_2,1,5598618,1,1,1,100,100,29.296875,29.296875,25,25,1,1,1,5598625,0,0.30303030303030304,0.30303030303030304,0.60606060606060608,False,low_confidence_error,false_negative;low_confidence;temporal_regime,DECISION-TIME
2226f1ac6c8967b9fb39049d,fold_2,1,5598750,1,1,1,100,100,29.296875,29.296875,25,25,1,1,1,5598758,0,0.30303030303030304,0.30303030303030304,0.60606060606060608,False,low_confidence_error,false_negative;low_confidence;temporal_regime,DECISION-TIME
767c253145b76b5fd1ef5b5a,fold_2,1,5598781,1,1,1,100,100,29.296875,29.296875,25,25,1,1,1,5598786,0,0.30303030303030304,0.30303030303030304,0.60606060606060608,False,low_confidence_error,false_negative;low_confidence;temporal_regime,DECISION-TIME
0cfa54f7c25e4b7dcb11c746,fold_2,1,5599184,1,1,1,100,100,29.296875,29.296875,25,25,1,1,1,5599199,0,0.30303030303030304,0.30303030303030304,0.60606060606060608,False,low_confidence_error,false_negative;low_confidence;temporal_regime,DECISION-TIME
f1cf6758e9942b736a508df6,fold_2,1,5599248,1,1,1,100,100,29.296875,29.296875,25,25,1,1,1,5599257,0,0.30303030303030304,0.30303030303030304,0.60606060606060608,False,low_confidence_error,false_negative;low_confidence;temporal_regime,DECISION-TIME
4568959e3882b89640b44cea,fold_2,1,5599380,1,1,1,100,100,29.296875,29.296875,25,25,1,1,1,5599388,0,0.30303030303030304,0.30303030303030304,0.60606060606060608,False,low_confidence_error,false_negative;low_confidence;temporal_regime,DECISION-TIME
2c26b7522ce66597ddb2f0b0,fold_2,1,5599550,1,1,1,100,100,29.296875,29.296875,25,25,1,1,1,5599558,0,0.30303030303030304,0.30303030303030304,0.60606060606060608,False,low_confidence_error,false_negative;low_confidence;temporal_regime,DECISION-TIME
4473b0b87f39c839ffad1b30,fold_2,1,5599581,1,1,1,100,100,29.296875,29.296875,25,25,1,1,1,5599587,0,0.30303030303030304,0.30303030303030304,0.60606060606060608,False,low_confidence_error,false_negative;low_confidence;temporal_regime,DECISION-TIME
8c8ecf505b3b0d0e45367d6a,fold_2,1,5599632,1,1,1,100,100,29.296875,29.296875,25,25,1,1,1,5599637,0,0.30303030303030304,0.30303030303030304,0.60606060606060608,False,low_confidence_error,false_negative;low_confidence;temporal_regime,DECISION-TIME
7698f919a44949dc411dcedb,fold_2,1,5599661,1,1,1,100,100,29.296875,29.296875,25,25,1,1,1,5599667,0,0.30303030303030304,0.30303030303030304,0.60606060606060608,False,low_confidence_error,false_negative;low_confidence;temporal_regime,DECISION-TIME
2d21d2e4d4c7564077528bda,fold_2,1,5599741,1,1,1,100,100,29.296875,29.296875,25,25,1,1,1,5599748,0,0.30303030303030304,0.30303030303030304,0.60606060606060608,False,low_confidence_error,false_negative;low_confidence;temporal_regime,DECISION-TIME
3f932bec7c6d3367033041c2,fold_2,1,5599741,1,1,1,100,100,29.296875,29.296875,25,25,1,1,1,5599749,0,0.30303030303030304,0.30303030303030304,0.60606060606060608,False,low_confidence_error,false_negative;low_confidence;temporal_regime,DECISION-TIME
f1ee839853048e1f61fc83bb,fold_2,1,5599742,1,1,1,100,100,29.296875,29.296875,25,25,1,1,1,5599748,0,0.30303030303030304,0.30303030303030304,0.60606060606060608,False,low_confidence_error,false_negative;low_confidence;temporal_regime,DECISION-TIME
fb30b8c98fd756d5e6bfa49c,fold_2,1,5599783,1,1,1,100,100,29.296875,29.296875,25,25,1,1,1,5599788,0,0.30303030303030304,0.30303030303030304,0.60606060606060608,False,low_confidence_error,false_negative;low_confidence;temporal_regime,DECISION-TIME
38df2fa4b9e55fa7eae5f544,fold_2,1,5599815,1,1,1,100,100,29.296875,29.296875,25,25,1,1,1,5599832,0,0.30303030303030304,0.30303030303030304,0.60606060606060608,False,low_confidence_error,false_negative;low_confidence;temporal_regime,DECISION-TIME
3249331c49cd997922d13837,fold_2,1,5599835,1,1,1,100,100,29.296875,29.296875,25,25,1,1,1,5599848,0,0.30303030303030304,0.30303030303030304,0.60606060606060608,False,low_confidence_error,false_negative;low_confidence;temporal_regime,DECISION-TIME
c64a55cf145a01aa9de9f7db,fold_2,1,5599973,1,1,1,100,100,29.296875,29.296875,25,25,1,1,1,5599979,0,0.30303030303030304,0.30303030303030304,0.60606060606060608,False,low_confidence_error,false_negative;low_confidence;temporal_regime,DECISION-TIME
d1e2d30cafbfdb4ebdff50a0,fold_2,1,5600111,1,1,1,100,100,29.296875,29.296875,25,25,1,1,1,5600119,0,0.30303030303030304,0.30303030303030304,0.60606060606060608,False,low_confidence_error,false_negative;low_confidence;temporal_regime,DECISION-TIME
4bd27b4ac28d9b4404f5d5d0,fold_2,1,5600141,1,1,1,100,100,29.296875,29.296875,25,25,1,1,1,5600148,0,0.30303030303030304,0.30303030303030304,0.60606060606060608,False,low_confidence_error,false_negative;low_confidence;temporal_regime,DECISION-TIME
e69e8ecc28f6ea9c048567ec,fold_2,1,5600274,1,1,1,100,100,29.296875,29.296875,25,25,1,1,1,5600280,0,0.30303030303030304,0.30303030303030304,0.60606060606060608,False,low_confidence_error,false_negative;low_confidence;temporal_regime,DECISION-TIME
3252f5316911d79d28225f3b,fold_2,0,5600475,2,2,13,350,600,2,2,25,25,1,13,8,5600480.538461538,0,0.11956521739130435,0.11956521739130435,0.23913043478260865,True,correct,correct;high_confidence;temporal_regime,DECISION-TIME
f0189b9f9245e25a8c60278c,fold_2,1,5600634,1,1,1,100,100,29.296875,29.296875,25,25,1,1,1,5600643,0,0.30303030303030304,0.30303030303030304,0.60606060606060608,False,low_confidence_error,false_negative;low_confidence;temporal_regime,DECISION-TIME
5d833a74857edeeafae9ebad,fold_2,1,5600777,1,1,1,100,100,29.296875,29.296875,25,25,1,1,1,5600781,0,0.30303030303030304,0.30303030303030304,0.60606060606060608,False,low_confidence_error,false_negative;low_confidence;temporal_regime,DECISION-TIME
1bb468a4bdb7992bef05abf5,fold_2,1,5600797,1,1,1,100,100,29.296875,29.296875,25,25,1,1,1,5600802,0,0.30303030303030304,0.30303030303030304,0.60606060606060608,False,low_confidence_error,false_negative;low_confidence;temporal_regime,DECISION-TIME
08f10a290c8d4db57ebecc75,fold_2,1,5600820,1,1,1,100,100,29.296875,29.296875,25,25,1,1,1,5600831,0,0.30303030303030304,0.30303030303030304,0.60606060606060608,False,low_confidence_error,false_negative;low_confidence;temporal_regime,DECISION-TIME
cc58a2a0d963b46eedd80fb3,fold_2,0,5600851,1,1,1,600,600,29.296875,29.296875,100,100,1,1,1,5600864,0,0.21045576407506703,0.21045576407506703,0.42091152815013411,True,correct,correct;high_confidence;temporal_regime,DECISION-TIME
c156e9c94a4408879ff8de91,fold_2,1,5600943,1,1,1,100,100,29.296875,29.296875,25,25,1,1,1,5600953,0,0.30303030303030304,0.30303030303030304,0.60606060606060608,False,low_confidence_error,false_negative;low_confidence;temporal_regime,DECISION-TIME
0b12d602bb54b504317ebf2f,fold_2,1,5600949,1,1,1,100,100,29.296875,29.296875,25,25,1,1,1,5600952,0,0.30303030303030304,0.30303030303030304,0.60606060606060608,False,low_confidence_error,false_negative;low_confidence;temporal_regime,DECISION-TIME
f14d322b79cab5033d8c5690,fold_2,1,5601113,1,1,1,100,100,29.296875,29.296875,25,25,1,1,1,5601122,0,0.30303030303030304,0.30303030303030304,0.60606060606060608,False,low_confidence_error,false_negative;low_confidence;temporal_regime,DECISION-TIME
0552c4f395cdca4adeb4e41a,fold_2,1,5601165,1,1,1,100,100,29.296875,29.296875,25,25,1,1,1,5601173,0,0.30303030303030304,0.30303030303030304,0.60606060606060608,False,low_confidence_error,false_negative;low_confidence;temporal_regime,DECISION-TIME
2f7125440a46f2082652a3fb,fold_2,1,5601339,1,1,1,100,100,29.296875,29.296875,25,25,1,1,1,5601343,0,0.30303030303030304,0.30303030303030304,0.60606060606060608,False,low_confidence_error,false_negative;low_confidence;temporal_regime,DECISION-TIME
d45284e2c9c893d5b736e88a,fold_2,1,5601514,1,1,1,100,100,29.296875,29.296875,25,25,1,1,1,5601528,0,0.30303030303030304,0.30303030303030304,0.60606060606060608,False,low_confidence_error,false_negative;low_confidence;temporal_regime,DECISION-TIME
ee2fc4f5aeb29916ab35bb96,fold_2,1,5601546,1,1,1,100,100,29.296875,29.296875,25,25,1,1,1,5601554,0,0.30303030303030304,0.30303030303030304,0.60606060606060608,False,low_confidence_error,false_negative;low_confidence;temporal_regime,DECISION-TIME
6dc7479960dab7eaa5f17e60,fold_2,0,5601568,1,1,1,600,600,29.296875,29.296875,25,25,1,1,1,5601575,0,0.21045576407506703,0.21045576407506703,0.42091152815013411,True,correct,correct;high_confidence;temporal_regime,DECISION-TIME
ff70f9b569cd6cdd7f13b7bb,fold_2,0,5601683,1,1,10,600,600,29.296875,29.296875,100,100,1,10,9,5601695.7000000002,0,0.21045576407506703,0.21045576407506703,0.42091152815013411,True,correct,correct;high_confidence;temporal_regime,DECISION-TIME
0a415f385786d13e97c42cc6,fold_2,1,5601779,1,1,1,100,100,29.296875,29.296875,25,25,1,1,1,5601785,0,0.30303030303030304,0.30303030303030304,0.60606060606060608,False,low_confidence_error,false_negative;low_confidence;temporal_regime,DECISION-TIME
6bad1d895978f64a007649c9,fold_2,0,5601837,1,1,1,600,600,29.296875,29.296875,25,25,1,1,1,5601845,0,0.21045576407506703,0.21045576407506703,0.42091152815013411,True,correct,correct;high_confidence;temporal_regime,DECISION-TIME
5f1a79655dd5ee1e3deaa7a1,fold_2,1,5601914,1,1,1,100,100,29.296875,29.296875,25,25,1,1,1,5601925,0,0.30303030303030304,0.30303030303030304,0.60606060606060608,False,low_confidence_error,false_negative;low_confidence;temporal_regime,DECISION-TIME
b8fc998f5a48b1b4bb7c976b,fold_2,1,5601951,1,1,1,100,100,29.296875,29.296875,25,25,1,1,1,5601957,0,0.30303030303030304,0.30303030303030304,0.60606060606060608,False,low_confidence_error,false_negative;low_confidence;temporal_regime,DECISION-TIME
43e9fc12a0b2c1a6f4605003,fold_2,1,5602042,1,1,1,100,100,29.296875,29.296875,25,25,1,1,1,5602047,0,0.30303030303030304,0.30303030303030304,0.60606060606060608,False,low_confidence_error,false_negative;low_confidence;temporal_regime,DECISION-TIME
7fa87368234a06f0e72d311e,fold_2,1,5602046,1,1,1,100,100,29.296875,29.296875,25,25,1,1,1,5602056,0,0.30303030303030304,0.30303030303030304,0.60606060606060608,False,low_confidence_error,false_negative;low_confidence;temporal_regime,DECISION-TIME
5b3d26f783431696ee702e97,fold_2,1,5602284,1,1,1,100,100,29.296875,29.296875,25,25,1,1,1,5602298,0,0.30303030303030304,0.30303030303030304,0.60606060606060608,False,low_confidence_error,false_negative;low_confidence;temporal_regime,DECISION-TIME
0669f73467fb6fe260eb4561,fold_2,1,5602898,1,1,1,100,100,29.296875,29.296875,25,25,1,1,1,5602909,0,0.30303030303030304,0.30303030303030304,0.60606060606060608,False,low_confidence_error,false_negative;low_confidence;temporal_regime,DECISION-TIME
03e0c9129564d3b5af7cd303,fold_2,1,5602908,1,1,1,100,100,29.296875,29.296875,25,25,1,1,1,5602919,0,0.30303030303030304,0.30303030303030304,0.60606060606060608,False,low_confidence_error,false_negative;low_confidence;temporal_regime,DECISION-TIME
387ca51c285c96e11fc6468f,fold_2,1,5602912,1,1,1,100,100,29.296875,29.296875,25,25,1,1,1,5602921,0,0.30303030303030304,0.30303030303030304,0.60606060606060608,False,low_confidence_error,false_negative;low_confidence;temporal_regime,DECISION-TIME
afc4e81ebd01da1198a185d9,fold_2,1,5603178,1,1,1,100,100,29.296875,29.296875,25,25,1,1,1,5603189,0,0.30303030303030304,0.30303030303030304,0.60606060606060608,False,low_confidence_error,false_negative;low_confidence;temporal_regime,DECISION-TIME
71182b1543640222ff813dbb,fold_2,1,5603184,1,1,1,100,100,29.296875,29.296875,25,25,1,1,1,5603190,0,0.30303030303030304,0.30303030303030304,0.60606060606060608,False,low_confidence_error,false_negative;low_confidence;temporal_regime,DECISION-TIME
ab5452f430f6225e299dd556,fold_2,1,5603231,1,1,1,100,100,29.296875,29.296875,25,25,1,1,1,5603240,0,0.30303030303030304,0.30303030303030304,0.60606060606060608,False,low_confidence_error,false_negative;low_confidence;temporal_regime,DECISION-TIME
3fc3155a7a69deb2945dd18d,fold_2,1,5603324,1,1,1,100,100,29.296875,29.296875,25,25,1,1,1,5603330,0,0.30303030303030304,0.30303030303030304,0.60606060606060608,False,low_confidence_error,false_negative;low_confidence;temporal_regime,DECISION-TIME
82fbc519ca7b63c6ede587c9,fold_2,1,5603324,1,1,1,100,100,29.296875,29.296875,25,25,1,1,1,5603330,0,0.30303030303030304,0.30303030303030304,0.60606060606060608,False,low_confidence_error,false_negative;low_confidence;temporal_regime,DECISION-TIME
e78274ed56b6edaeb535c8d6,fold_2,0,5603395,1,1,1,600,600,29.296875,29.296875,50,50,1,1,1,5603401,0,0.21045576407506703,0.21045576407506703,0.42091152815013411,True,correct,correct;high_confidence;temporal_regime,DECISION-TIME
1ecf65e18d336ab5053127d3,fold_2,1,5603528,1,1,1,100,100,29.296875,29.296875,25,25,1,1,1,5603531,0,0.30303030303030304,0.30303030303030304,0.60606060606060608,False,low_confidence_error,false_negative;low_confidence;temporal_regime,DECISION-TIME
6b74b15366c4b96c7e4dbfcb,fold_2,0,5603560,1,1,1,600,600,29.296875,29.296875,100,100,1,1,1,5603571,0,0.21045576407506703,0.21045576407506703,0.42091152815013411,True,correct,correct;high_confidence;temporal_regime,DECISION-TIME
4b0da9ce7859f97eb8706ec8,fold_2,1,5603624,1,1,1,100,100,29.296875,29.296875,25,25,1,1,1,5603630,0,0.30303030303030304,0.30303030303030304,0.60606060606060608,False,low_confidence_error,false_negative;low_confidence;temporal_regime,DECISION-TIME
be2ea885245b318506c9c217,fold_2,1,5603805,1,1,1,100,100,29.296875,29.296875,25,25,1,1,1,5603812,0,0.30303030303030304,0.30303030303030304,0.60606060606060608,False,low_confidence_error,false_negative;low_confidence;temporal_regime,DECISION-TIME
1a4f973bd8aae51244a32676,fold_2,1,5603958,1,1,1,100,100,29.296875,29.296875,25,25,1,1,1,5603962,0,0.30303030303030304,0.30303030303030304,0.60606060606060608,False,low_confidence_error,false_negative;low_confidence;temporal_regime,DECISION-TIME
13580220d617c1b35491048e,fold_2,1,5604004,1,1,1,100,100,29.296875,29.296875,25,25,1,1,1,5604013,0,0.30303030303030304,0.30303030303030304,0.60606060606060608,False,low_confidence_error,false_negative;low_confidence;temporal_regime,DECISION-TIME
22abbf231b31466577353cb3,fold_2,1,5604084,1,1,1,100,100,29.296875,29.296875,25,25,1,1,1,5604092,0,0.30303030303030304,0.30303030303030304,0.60606060606060608,False,low_confidence_error,false_negative;low_confidence;temporal_regime,DECISION-TIME
59d09062c763ad649618bf84,fold_2,1,5604084,1,1,1,100,100,29.296875,29.296875,25,25,1,1,1,5604092,0,0.30303030303030304,0.30303030303030304,0.60606060606060608,False,low_confidence_error,false_negative;low_confidence;temporal_regime,DECISION-TIME
50752240390a0d3011812baf,fold_2,1,5604314,1,1,1,100,100,29.296875,29.296875,25,25,1,1,1,5604324,0,0.30303030303030304,0.30303030303030304,0.60606060606060608,False,low_confidence_error,false_negative;low_confidence;temporal_regime,DECISION-TIME
cb84d23824f1364e7c69ea37,fold_2,1,5604370,1,1,1,100,100,29.296875,29.296875,25,25,1,1,1,5604374,0,0.30303030303030304,0.30303030303030304,0.60606060606060608,False,low_confidence_error,false_negative;low_confidence;temporal_regime,DECISION-TIME
437af7e9f1f57cd5f977dd0e,fold_2,1,5604518,1,1,1,100,100,29.296875,29.296875,25,25,1,1,1,5604525,0,0.30303030303030304,0.30303030303030304,0.60606060606060608,False,low_confidence_error,false_negative;low_confidence;temporal_regime,DECISION-TIME
31530dd22df63d0b20a58355,fold_2,0,5604576,1,1,1,600,600,29.296875,29.296875,50,50,1,1,1,5604585,0,0.21045576407506703,0.21045576407506703,0.42091152815013411,True,correct,correct;high_confidence;temporal_regime,DECISION-TIME
541118fc83ac6fc24c0473df,fold_2,1,5604604,1,1,1,100,100,29.296875,29.296875,25,25,1,1,1,5604615,0,0.30303030303030304,0.30303030303030304,0.60606060606060608,False,low_confidence_error,false_negative;low_confidence;temporal_regime,DECISION-TIME
4c4ff2ca75e430fec3119141,fold_2,1,5604694,1,1,1,100,100,29.296875,29.296875,25,25,1,1,1,5604706,0,0.30303030303030304,0.30303030303030304,0.60606060606060608,False,low_confidence_error,false_negative;low_confidence;temporal_regime,DECISION-TIME
3c002e55cd198713e4cfc90f,fold_2,1,5604772,1,1,1,100,100,29.296875,29.296875,25,25,1,1,1,5604776,0,0.30303030303030304,0.30303030303030304,0.60606060606060608,False,low_confidence_error,false_negative;low_confidence;temporal_regime,DECISION-TIME
7509cea4d0df72d90436e722,fold_2,1,5604870,1,1,1,100,100,29.296875,29.296875,25,25,1,1,1,5604876,0,0.30303030303030304,0.30303030303030304,0.60606060606060608,False,low_confidence_error,false_negative;low_confidence;temporal_regime,DECISION-TIME
b896509aeca1a3a656a76a13,fold_2,0,5604872,2,2,18,600,600,58.59375,58.59375,50,50,1,18,17,5604885.722222222,0,0.33333333333333331,0.33333333333333331,0.66666666666666663,True,correct,correct;low_confidence;temporal_regime,DECISION-TIME
4c5d987d802001beb5dcda54,fold_2,0,5604989,1,1,1,600,600,29.296875,29.296875,100,100,1,1,1,5604996,0,0.21045576407506703,0.21045576407506703,0.42091152815013411,True,correct,correct;high_confidence;temporal_regime,DECISION-TIME
692eef7a4a69ccc3b3f5fbd1,fold_2,1,5605001,1,1,1,100,100,29.296875,29.296875,25,25,1,1,1,5605008,0,0.30303030303030304,0.30303030303030304,0.60606060606060608,False,low_confidence_error,false_negative;low_confidence;temporal_regime,DECISION-TIME
7d711bc690acba5aff212a8a,fold_2,0,5605114,2,2,5,600,600,29.296875,29.296875,100,100,1,5,5,5605118.5999999996,0,0.11956521739130435,0.11956521739130435,0.23913043478260865,True,correct,correct;high_confidence;temporal_regime,DECISION-TIME
dbf12443f89b468932dfcb22,fold_2,1,5605222,1,1,1,100,100,29.296875,29.296875,25,25,1,1,1,5605228,0,0.30303030303030304,0.30303030303030304,0.60606060606060608,False,low_confidence_error,false_negative;low_confidence;temporal_regime,DECISION-TIME
eaa3acf56c8c0e3e40958e59,fold_2,1,5605240,1,1,1,100,100,29.296875,29.296875,25,25,1,1,1,5605248,0,0.30303030303030304,0.30303030303030304,0.60606060606060608,False,low_confidence_error,false_negative;low_confidence;temporal_regime,DECISION-TIME
4e0cfa9d2b6f78c3a7ab7657,fold_2,1,5605327,1,1,1,100,100,29.296875,29.296875,25,25,1,1,1,5605339,0,0.30303030303030304,0.30303030303030304,0.60606060606060608,False,low_confidence_error,false_negative;low_confidence;temporal_regime,DECISION-TIME
f8261326d6a2ca1926cfdab6,fold_2,1,5605455,1,1,1,100,100,29.296875,29.296875,25,25,1,1,1,5605458,0,0.30303030303030304,0.30303030303030304,0.60606060606060608,False,low_confidence_error,false_negative;low_confidence;temporal_regime,DECISION-TIME
4ed29cce50832dc958df7b4e,fold_2,1,5605587,1,1,1,100,100,29.296875,29.296875,25,25,1,1,1,5605599,0,0.30303030303030304,0.30303030303030304,0.60606060606060608,False,low_confidence_error,false_negative;low_confidence;temporal_regime,DECISION-TIME
206d7859e7a1213a90f9ff7e,fold_2,1,5605711,1,1,1,100,100,29.296875,29.296875,25,25,1,1,1,5605720,0,0.30303030303030304,0.30303030303030304,0.60606060606060608,False,low_confidence_error,false_negative;low_confidence;temporal_regime,DECISION-TIME
850b3cd1aef3714ac2300094,fold_2,1,5605725,1,1,1,100,100,29.296875,29.296875,25,25,1,1,1,5605729,0,0.30303030303030304,0.30303030303030304,0.60606060606060608,False,low_confidence_error,false_negative;low_confidence;temporal_regime,DECISION-TIME
669c68d786d80e49673d4907,fold_2,0,5605823,1,1,1,600,600,29.296875,29.296875,100,100,1,1,1,5605826,0,0.21045576407506703,0.21045576407506703,0.42091152815013411,True,correct,correct;high_confidence;temporal_regime,DECISION-TIME
a0fb3640b24f87bc78f1c28f,fold_2,1,5605865,1,1,1,100,100,29.296875,29.296875,25,25,1,1,1,5605870,0,0.30303030303030304,0.30303030303030304,0.60606060606060608,False,low_confidence_error,false_negative;low_confidence;temporal_regime,DECISION-TIME
7e0172d76ef12a57327d349f,fold_2,1,5606099,1,1,1,100,100,29.296875,29.296875,25,25,1,1,1,5606111,0,0.30303030303030304,0.30303030303030304,0.60606060606060608,False,low_confidence_error,false_negative;low_confidence;temporal_regime,DECISION-TIME
21d829261c519af28f1134d7,fold_2,1,5606203,1,1,1,100,100,29.296875,29.296875,25,25,1,1,1,5606211,0,0.30303030303030304,0.30303030303030304,0.60606060606060608,False,low_confidence_error,false_negative;low_confidence;temporal_regime,DECISION-TIME
b578d9a4c3b906491d09ec1b,fold_2,1,5606386,1,1,1,100,100,29.296875,29.296875,25,25,1,1,1,5606394,0,0.30303030303030304,0.30303030303030304,0.60606060606060608,False,low_confidence_error,false_negative;low_confidence;temporal_regime,DECISION-TIME
bec3ba593d11760cb832ca26,fold_2,0,5606435,1,1,1,600,600,29.296875,29.296875,50,50,1,1,1,5606444,0,0.21045576407506703,0.21045576407506703,0.42091152815013411,True,correct,correct;high_confidence;temporal_regime,DECISION-TIME
2ddb373b0a36b4294babdd57,fold_2,1,5606665,1,1,1,100,100,29.296875,29.296875,25,25,1,1,1,5606674,0,0.30303030303030304,0.30303030303030304,0.60606060606060608,False,low_confidence_error,false_negative;low_confidence;temporal_regime,DECISION-TIME
b7331fe30a33e779741d4b6d,fold_2,1,5606741,1,1,1,100,100,29.296875,29.296875,25,25,1,1,1,5606744,0,0.30303030303030304,0.30303030303030304,0.60606060606060608,False,low_confidence_error,false_negative;low_confidence;temporal_regime,DECISION-TIME
3ae30514d9d23db06536e5f6,fold_2,1,5606773,1,1,1,100,100,29.296875,29.296875,25,25,1,1,1,5606785,0,0.30303030303030304,0.30303030303030304,0.60606060606060608,False,low_confidence_error,false_negative;low_confidence;temporal_regime,DECISION-TIME
6bfccb477ecd15ee1f753ba5,fold_2,1,5606799,1,1,1,100,100,29.296875,29.296875,25,25,1,1,1,5606804,0,0.30303030303030304,0.30303030303030304,0.60606060606060608,False,low_confidence_error,false_negative;low_confidence;temporal_regime,DECISION-TIME
d18288e6e770f0b391972586,fold_2,0,5606826,1,1,1,600,600,29.296875,29.296875,100,100,1,1,1,5606871,0,0.21045576407506703,0.21045576407506703,0.42091152815013411,True,correct,correct;high_confidence;temporal_regime,DECISION-TIME
0d7a40f454847187d7f61a75,fold_2,1,5607239,1,1,1,100,100,29.296875,29.296875,25,25,1,1,1,5607247,0,0.30303030303030304,0.30303030303030304,0.60606060606060608,False,low_confidence_error,false_negative;low_confidence;temporal_regime,DECISION-TIME
4fd2196c2d36232078cefd3a,fold_2,0,5607345,2,2,6,700,800,16.6015625,29.296875,50,50,1,6,4,5607355.833333333,0,0.11956521739130435,0.11956521739130435,0.23913043478260865,True,correct,correct;high_confidence;temporal_regime,DECISION-TIME
fd5656b2b128973710217147,fold_2,1,5607475,1,1,1,100,100,29.296875,29.296875,25,25,1,1,1,5607488,0,0.30303030303030304,0.30303030303030304,0.60606060606060608,False,low_confidence_error,false_negative;low_confidence;temporal_regime,DECISION-TIME
6ff0bedf9c84fe5ea25b2d9f,fold_2,1,5607479,1,1,1,100,100,29.296875,29.296875,25,25,1,1,1,5607488,0,0.30303030303030304,0.30303030303030304,0.60606060606060608,False,low_confidence_error,false_negative;low_confidence;temporal_regime,DECISION-TIME
848db05c7404a624403cd865,fold_2,1,5607601,1,1,1,100,100,29.296875,29.296875,25,25,1,1,1,5607609,0,0.30303030303030304,0.30303030303030304,0.60606060606060608,False,low_confidence_error,false_negative;low_confidence;temporal_regime,DECISION-TIME
eca1d623c10470aab45f389a,fold_2,1,5608178,1,1,1,100,100,29.296875,29.296875,25,25,1,1,1,5608189,0,0.30303030303030304,0.30303030303030304,0.60606060606060608,False,low_confidence_error,false_negative;low_confidence;temporal_regime,DECISION-TIME
a8e3ceae2e7751f33998d8f3,fold_2,1,5608197,1,1,1,100,100,29.296875,29.296875,25,25,1,1,1,5608210,0,0.30303030303030304,0.30303030303030304,0.60606060606060608,False,low_confidence_error,false_negative;low_confidence;temporal_regime,DECISION-TIME
353fa70c0d97e73820876d21,fold_2,1,5608241,1,1,1,100,100,29.296875,29.296875,25,25,1,1,1,5608251,0,0.30303030303030304,0.30303030303030304,0.60606060606060608,False,low_confidence_error,false_negative;low_confidence;temporal_regime,DECISION-TIME
6ead8bdf113ba00d891020cb,fold_2,1,5608393,1,1,1,100,100,29.296875,29.296875,25,25,1,1,1,5608401,0,0.30303030303030304,0.30303030303030304,0.60606060606060608,False,low_confidence_error,false_negative;low_confidence;temporal_regime,DECISION-TIME
260db2048fc1d425b969cbaf,fold_2,1,5608484,1,1,1,100,100,29.296875,29.296875,25,25,1,1,1,5608491,0,0.30303030303030304,0.30303030303030304,0.60606060606060608,False,low_confidence_error,false_negative;low_confidence;temporal_regime,DECISION-TIME
a9b6ce80f402bc167128902d,fold_2,1,5608659,1,1,1,100,100,29.296875,29.296875,25,25,1,1,1,5608661,0,0.30303030303030304,0.30303030303030304,0.60606060606060608,False,low_confidence_error,false_negative;low_confidence;temporal_regime,DECISION-TIME
464ca1f1d9e27aedb755871b,fold_2,1,5609044,1,1,1,100,100,29.296875,29.296875,25,25,1,1,1,5609053,0,0.30303030303030304,0.30303030303030304,0.60606060606060608,False,low_confidence_error,false_negative;low_confidence;temporal_regime,DECISION-TIME
b83ee670de069e8e71d26102,fold_2,1,5609087,1,1,1,100,100,29.296875,29.296875,25,25,1,1,1,5609093,0,0.30303030303030304,0.30303030303030304,0.60606060606060608,False,low_confidence_error,false_negative;low_confidence;temporal_regime,DECISION-TIME
0961273637aa09c42b44ddd6,fold_2,0,5609101,1,1,6,400,400,3.90625,3.90625,100,100,1,6,6,5609113,0,0.11956521739130435,0.11956521739130435,0.23913043478260865,True,correct,correct;high_confidence;temporal_regime,DECISION-TIME
22e0f027e82189f11087b50d,fold_2,1,5609529,1,1,1,100,100,29.296875,29.296875,25,25,1,1,1,5609535,0,0.30303030303030304,0.30303030303030304,0.60606060606060608,False,low_confidence_error,false_negative;low_confidence;temporal_regime,DECISION-TIME
903fe6e336e4031fe641afab,fold_2,1,5609547,1,1,1,100,100,29.296875,29.296875,25,25,1,1,1,5609556,0,0.30303030303030304,0.30303030303030304,0.60606060606060608,False,low_confidence_error,false_negative;low_confidence;temporal_regime,DECISION-TIME
63b942d7759e7c633ca696c0,fold_2,1,5609655,1,1,1,100,100,29.296875,29.296875,25,25,1,1,1,5609664,0,0.30303030303030304,0.30303030303030304,0.60606060606060608,False,low_confidence_error,false_negative;low_confidence;temporal_regime,DECISION-TIME
a3a000ecbe54b4d56f28342b,fold_2,1,5610361,1,1,1,100,100,29.296875,29.296875,25,25,1,1,1,5610367,0,0.30303030303030304,0.30303030303030304,0.60606060606060608,False,low_confidence_error,false_negative;low_confidence;temporal_regime,DECISION-TIME
56e7ff118b4c225970b7a319,fold_2,1,5610371,1,1,1,100,100,29.296875,29.296875,25,25,1,1,1,5610376,0,0.30303030303030304,0.30303030303030304,0.60606060606060608,False,low_confidence_error,false_negative;low_confidence;temporal_regime,DECISION-TIME
5e7fc4a19f8df8df012282ac,fold_2,1,5610467,1,1,1,100,100,29.296875,29.296875,25,25,1,1,1,5610477,0,0.30303030303030304,0.30303030303030304,0.60606060606060608,False,low_confidence_error,false_negative;low_confidence;temporal_regime,DECISION-TIME
286349411d9664b9ba607bdb,fold_2,1,5610607,1,1,1,100,100,29.296875,29.296875,25,25,1,1,1,5610618,0,0.30303030303030304,0.30303030303030304,0.60606060606060608,False,low_confidence_error,false_negative;low_confidence;temporal_regime,DECISION-TIME
489b3cb84f07217170eefc6a,fold_2,1,5610706,1,1,1,100,100,29.296875,29.296875,25,25,1,1,1,5610719,0,0.30303030303030304,0.30303030303030304,0.60606060606060608,False,low_confidence_error,false_negative;low_confidence;temporal_regime,DECISION-TIME
455a47d0948a188c2a9f5c01,fold_2,0,5610816,1,1,1,600,600,29.296875,29.296875,100,100,1,1,1,5610828,0,0.21045576407506703,0.21045576407506703,0.42091152815013411,True,correct,correct;high_confidence;temporal_regime,DECISION-TIME
b7e68535578714fb01d98f88,fold_2,1,5610832,1,1,1,100,100,29.296875,29.296875,25,25,1,1,1,5610838,0,0.30303030303030304,0.30303030303030304,0.60606060606060608,False,low_confidence_error,false_negative;low_confidence;temporal_regime,DECISION-TIME
b5c5d4f233585fbdebcfb866,fold_2,0,5610878,1,1,20,200,200,24.4140625,24.4140625,100,100,1,20,18,5610899.9500000002,0,0.21045576407506703,0.21045576407506703,0.42091152815013411,True,correct,correct;high_confidence;temporal_regime,DECISION-TIME
b8eb470da2666a0ccfbc726b,fold_2,1,5610906,1,1,1,100,100,29.296875,29.296875,25,25,1,1,1,5610918,0,0.30303030303030304,0.30303030303030304,0.60606060606060608,False,low_confidence_error,false_negative;low_confidence;temporal_regime,DECISION-TIME
2f867f6dde26bf0da73aa9ee,fold_2,0,5611085,2,2,9,600,600,29.296875,29.296875,25,25,1,9,8,5611099,0,0.21045576407506703,0.21045576407506703,0.42091152815013411,True,correct,correct;high_confidence;temporal_regime,DECISION-TIME
74db031d119f1ad440557e9f,fold_2,0,5611106,2,2,9,600,600,29.296875,29.296875,25,25,1,9,7,5611118,0,0.21045576407506703,0.21045576407506703,0.42091152815013411,True,correct,correct;high_confidence;temporal_regime,DECISION-TIME
4ce7389f33b541b94ed0801a,fold_2,1,5611154,1,1,1,100,100,29.296875,29.296875,25,25,1,1,1,5611160,0,0.30303030303030304,0.30303030303030304,0.60606060606060608,False,low_confidence_error,false_negative;low_confidence;temporal_regime,DECISION-TIME
3c912208e0baa00a0dc8bec1,fold_2,1,5611169,1,1,1,100,100,29.296875,29.296875,25,25,1,1,1,5611180,0,0.30303030303030304,0.30303030303030304,0.60606060606060608,False,low_confidence_error,false_negative;low_confidence;temporal_regime,DECISION-TIME
33ca8c18a47f0561ffd47046,fold_2,0,5611290,1,1,1,600,600,29.296875,29.296875,100,100,1,1,1,5611301,0,0.21045576407506703,0.21045576407506703,0.42091152815013411,True,correct,correct;high_confidence;temporal_regime,DECISION-TIME
6a839ebda46af3019fe60ebe,fold_2,0,5611304,1,1,1,600,600,29.296875,29.296875,100,100,1,1,1,5611308,0,0.21045576407506703,0.21045576407506703,0.42091152815013411,True,correct,correct;high_confidence;temporal_regime,DECISION-TIME
e56db645e97f2d00ffeddcce,fold_2,1,5611338,1,1,1,100,100,29.296875,29.296875,25,25,1,1,1,5611351,0,0.30303030303030304,0.30303030303030304,0.60606060606060608,False,low_confidence_error,false_negative;low_confidence;temporal_regime,DECISION-TIME
f76f33f924f8a9413a6a7af8,fold_2,1,5611338,1,1,1,100,100,29.296875,29.296875,25,25,1,1,1,5611350,0,0.30303030303030304,0.30303030303030304,0.60606060606060608,False,low_confidence_error,false_negative;low_confidence;temporal_regime,DECISION-TIME
2c994bffab3233b3f25ef412,fold_2,1,5611372,1,1,1,100,100,29.296875,29.296875,25,25,1,1,1,5611381,0,0.30303030303030304,0.30303030303030304,0.60606060606060608,False,low_confidence_error,false_negative;low_confidence;temporal_regime,DECISION-TIME
24cee3a5e65063d415077891,fold_2,1,5611566,1,1,1,100,100,29.296875,29.296875,25,25,1,1,1,5611571,0,0.30303030303030304,0.30303030303030304,0.60606060606060608,False,low_confidence_error,false_negative;low_confidence;temporal_regime,DECISION-TIME
3090060f3dedf92901e5e81f,fold_2,0,5611945,1,1,1,600,600,29.296875,29.296875,100,100,1,1,1,5611948,0,0.21045576407506703,0.21045576407506703,0.42091152815013411,True,correct,correct;high_confidence;temporal_regime,DECISION-TIME
0157d8c36b2398670e2a08ac,fold_2,0,5612075,2,2,2,600,600,29.296875,29.296875,100,100,1,2,1,5612088,0,0.11956521739130435,0.11956521739130435,0.23913043478260865,True,correct,correct;high_confidence;temporal_regime,DECISION-TIME
f6bf94ecda2f04ddf17a1a94,fold_2,1,5612202,1,1,1,100,100,29.296875,29.296875,25,25,1,1,1,5612213,0,0.30303030303030304,0.30303030303030304,0.60606060606060608,False,low_confidence_error,false_negative;low_confidence;temporal_regime,DECISION-TIME
58985218f686744c39bdecf5,fold_2,1,5612304,1,1,1,100,100,29.296875,29.296875,25,25,1,1,1,5612314,0,0.30303030303030304,0.30303030303030304,0.60606060606060608,False,low_confidence_error,false_negative;low_confidence;temporal_regime,DECISION-TIME
690507f5b0d516775cc8aaa6,fold_2,1,5612497,1,1,1,100,100,29.296875,29.296875,25,25,1,1,1,5612504,0,0.30303030303030304,0.30303030303030304,0.60606060606060608,False,low_confidence_error,false_negative;low_confidence;temporal_regime,DECISION-TIME
6dde39fbee02a2a4efd8b679,fold_2,0,5612710,1,1,1,600,600,29.296875,29.296875,100,100,1,1,1,5612715,0,0.21045576407506703,0.21045576407506703,0.42091152815013411,True,correct,correct;high_confidence;temporal_regime,DECISION-TIME
ab63fc98253507771846031b,fold_2,1,5613164,1,1,1,100,100,29.296875,29.296875,25,25,1,1,1,5613175,0,0.30303030303030304,0.30303030303030304,0.60606060606060608,False,low_confidence_error,false_negative;low_confidence;temporal_regime,DECISION-TIME
dec16e6d4d9e6ede03cd7bef,fold_2,0,5613179,1,1,1,600,600,29.296875,29.296875,100,100,1,1,1,5613187,0,0.21045576407506703,0.21045576407506703,0.42091152815013411,True,correct,correct;high_confidence;temporal_regime,DECISION-TIME
ba042532a91f7809d4f20e79,fold_2,1,5613244,1,1,1,100,100,29.296875,29.296875,25,25,1,1,1,5613256,0,0.30303030303030304,0.30303030303030304,0.60606060606060608,False,low_confidence_error,false_negative;low_confidence;temporal_regime,DECISION-TIME
e7d537d6489d4dcbcfb0b0ac,fold_2,1,5613353,1,1,1,100,100,29.296875,29.296875,25,25,1,1,1,5613356,0,0.30303030303030304,0.30303030303030304,0.60606060606060608,False,low_confidence_error,false_negative;low_confidence;temporal_regime,DECISION-TIME
9132ac9dee98d33b4d5c8b4a,fold_2,1,5613360,1,1,1,100,100,29.296875,29.296875,25,25,1,1,1,5613366,0,0.30303030303030304,0.30303030303030304,0.60606060606060608,False,low_confidence_error,false_negative;low_confidence;temporal_regime,DECISION-TIME
bada4dc674299b1daf573012,fold_2,1,5613469,1,1,1,100,100,29.296875,29.296875,25,25,1,1,1,5613477,0,0.30303030303030304,0.30303030303030304,0.60606060606060608,False,low_confidence_error,false_negative;low_confidence;temporal_regime,DECISION-TIME
07993869a5e28a91e9347473,fold_2,1,5613615,1,1,1,600,600,29.296875,29.296875,50,50,1,1,1,5613618,0,0.21045576407506703,0.21045576407506703,0.42091152815013411,False,high_confidence_error,false_negative;high_confidence;temporal_regime,DECISION-TIME
258bc24d0be150cb9a24fa53,fold_2,1,5613639,1,1,1,600,600,29.296875,29.296875,50,50,1,1,1,5613642,0,0.21045576407506703,0.21045576407506703,0.42091152815013411,False,high_confidence_error,false_negative;high_confidence;temporal_regime,DECISION-TIME
e18e7d4f7a19e10ab04a2196,fold_2,0,5613655,1,1,1,600,600,29.296875,29.296875,50,50,1,1,1,5613659,0,0.21045576407506703,0.21045576407506703,0.42091152815013411,True,correct,correct;high_confidence;temporal_regime,DECISION-TIME
b212db76ff117c47ef310157,fold_2,1,5613679,1,1,1,100,100,29.296875,29.296875,25,25,1,1,1,5613688,0,0.30303030303030304,0.30303030303030304,0.60606060606060608,False,low_confidence_error,false_negative;low_confidence;temporal_regime,DECISION-TIME
862b8f564edcc6cfd6501be4,fold_2,1,5613818,1,1,1,100,100,29.296875,29.296875,25,25,1,1,1,5613828,0,0.30303030303030304,0.30303030303030304,0.60606060606060608,False,low_confidence_error,false_negative;low_confidence;temporal_regime,DECISION-TIME
5021c49731eea00abf852490,fold_2,1,5613866,1,1,1,100,100,29.296875,29.296875,25,25,1,1,1,5613879,0,0.30303030303030304,0.30303030303030304,0.60606060606060608,False,low_confidence_error,false_negative;low_confidence;temporal_regime,DECISION-TIME
1c3dfc529b3ed20a57b17091,fold_2,0,5613915,2,2,55,325,600,73.2421875,97.65625,25,25,1,55,42,5613929.0909090908,1,0.66666666666666663,0.66666666666666663,0.66666666666666674,False,low_confidence_error,false_positive;low_confidence;temporal_regime,DECISION-TIME
775017c7dbca4e1a0949fe04,fold_2,1,5614312,1,1,1,100,100,29.296875,29.296875,25,25,1,1,1,5614320,0,0.30303030303030304,0.30303030303030304,0.60606060606060608,False,low_confidence_error,false_negative;low_confidence;temporal_regime,DECISION-TIME
78e2461d82adef568ddefb1a,fold_2,1,5614521,1,1,1,100,100,29.296875,29.296875,25,25,1,1,1,5614531,0,0.30303030303030304,0.30303030303030304,0.60606060606060608,False,low_confidence_error,false_negative;low_confidence;temporal_regime,DECISION-TIME
812bd0f8dfd03cadf66e32fa,fold_2,0,5614655,1,1,1,600,600,29.296875,29.296875,100,100,1,1,1,5614658,0,0.21045576407506703,0.21045576407506703,0.42091152815013411,True,correct,correct;high_confidence;temporal_regime,DECISION-TIME
79ae0e9be4ed171b02b1f67c,fold_2,1,5614696,1,1,1,100,100,29.296875,29.296875,25,25,1,1,1,5614701,0,0.30303030303030304,0.30303030303030304,0.60606060606060608,False,low_confidence_error,false_negative;low_confidence;temporal_regime,DECISION-TIME
b15a30cc3131d9f5b2426072,fold_2,0,5614757,1,1,1,600,600,29.296875,29.296875,10,10,1,1,1,5614796,0,0.21045576407506703,0.21045576407506703,0.42091152815013411,True,correct,correct;high_confidence;temporal_regime,DECISION-TIME
cd8b51af500abefec3699a2f,fold_2,0,5614838,1,1,1,600,600,29.296875,29.296875,10,10,1,1,1,5614875,0,0.21045576407506703,0.21045576407506703,0.42091152815013411,True,correct,correct;high_confidence;temporal_regime,DECISION-TIME
bfc2b75a8df28b6d218da3f1,fold_2,0,5614877,1,1,1,600,600,29.296875,29.296875,10,10,1,1,1,5614915,0,0.21045576407506703,0.21045576407506703,0.42091152815013411,True,correct,correct;high_confidence;temporal_regime,DECISION-TIME
ad771bb83543873236af84a8,fold_2,0,5614884,1,1,1,600,600,29.296875,29.296875,10,10,1,1,1,5614894,0,0.21045576407506703,0.21045576407506703,0.42091152815013411,True,correct,correct;high_confidence;temporal_regime,DECISION-TIME
31201f31788a0485d1b912fb,fold_2,0,5615143,1,1,1,600,600,29.296875,29.296875,100,100,1,1,1,5615146,0,0.21045576407506703,0.21045576407506703,0.42091152815013411,True,correct,correct;high_confidence;temporal_regime,DECISION-TIME
57c899214f234ff625856962,fold_2,0,5615288,1,1,1,600,600,29.296875,29.296875,100,100,1,1,1,5615291,0,0.21045576407506703,0.21045576407506703,0.42091152815013411,True,correct,correct;high_confidence;temporal_regime,DECISION-TIME
ba68b5168a27e9e5a327a7fd,fold_2,1,5615434,1,1,1,600,600,29.296875,29.296875,100,100,1,1,1,5615437,0,0.21045576407506703,0.21045576407506703,0.42091152815013411,False,high_confidence_error,false_negative;high_confidence;temporal_regime,DECISION-TIME
09dde9c3395174d10870f79c,fold_2,0,5615669,1,1,1,600,600,29.296875,29.296875,10,10,1,1,1,5615678,0,0.21045576407506703,0.21045576407506703,0.42091152815013411,True,correct,correct;high_confidence;temporal_regime,DECISION-TIME
780b5f98f9ae9c5a26c05870,fold_2,0,5615719,1,1,1,600,600,29.296875,29.296875,10,10,1,1,1,5615729,0,0.21045576407506703,0.21045576407506703,0.42091152815013411,True,correct,correct;high_confidence;temporal_regime,DECISION-TIME
f4b4316c7984e14b417210c2,fold_2,1,5615729,1,1,1,100,100,29.296875,29.296875,25,25,1,1,1,5615737,0,0.30303030303030304,0.30303030303030304,0.60606060606060608,False,low_confidence_error,false_negative;low_confidence;temporal_regime,DECISION-TIME
b15abf91b01aca596c5ef935,fold_2,1,5615849,1,1,1,100,100,29.296875,29.296875,25,25,1,1,1,5615858,0,0.30303030303030304,0.30303030303030304,0.60606060606060608,False,low_confidence_error,false_negative;low_confidence;temporal_regime,DECISION-TIME
3a755d46483ac7b4784ea02c,fold_2,0,5615928,1,1,1,600,600,29.296875,29.296875,50,50,1,1,1,5615938,0,0.21045576407506703,0.21045576407506703,0.42091152815013411,True,correct,correct;high_confidence;temporal_regime,DECISION-TIME
98d1c4b28ebac5fb21338926,fold_2,1,5616005,1,1,1,100,100,29.296875,29.296875,25,25,1,1,1,5616009,0,0.30303030303030304,0.30303030303030304,0.60606060606060608,False,low_confidence_error,false_negative;low_confidence;temporal_regime,DECISION-TIME
a245490688a22d9ac751237e,fold_2,0,5616187,1,1,1,600,600,29.296875,29.296875,25,25,1,1,1,5616199,0,0.21045576407506703,0.21045576407506703,0.42091152815013411,True,correct,correct;high_confidence;temporal_regime,DECISION-TIME
ed5127778dcb88793d4ff72f,fold_2,1,5616294,1,1,1,100,100,29.296875,29.296875,25,25,1,1,1,5616299,0,0.30303030303030304,0.30303030303030304,0.60606060606060608,False,low_confidence_error,false_negative;low_confidence;temporal_regime,DECISION-TIME
d9b9ad078e1c8468f51e9917,fold_2,1,5616385,1,1,1,100,100,29.296875,29.296875,25,25,1,1,1,5616392,0,0.30303030303030304,0.30303030303030304,0.60606060606060608,False,low_confidence_error,false_negative;low_confidence;temporal_regime,DECISION-TIME
fd4464133953c15ba669054b,fold_2,1,5616400,1,1,1,100,100,29.296875,29.296875,25,25,1,1,1,5616410,0,0.30303030303030304,0.30303030303030304,0.60606060606060608,False,low_confidence_error,false_negative;low_confidence;temporal_regime,DECISION-TIME
d3a7da92605dd968955c6d05,fold_2,1,5616812,1,1,1,100,100,29.296875,29.296875,25,25,1,1,1,5616820,0,0.30303030303030304,0.30303030303030304,0.60606060606060608,False,low_confidence_error,false_negative;low_confidence;temporal_regime,DECISION-TIME
7aaf285f76219010c296f085,fold_2,1,5616879,1,1,1,100,100,29.296875,29.296875,25,25,1,1,1,5616892,0,0.30303030303030304,0.30303030303030304,0.60606060606060608,False,low_confidence_error,false_negative;low_confidence;temporal_regime,DECISION-TIME
f3f29dbeb055ec01b83f2a72,fold_2,1,5616925,1,1,1,100,100,29.296875,29.296875,25,25,1,1,1,5616931,0,0.30303030303030304,0.30303030303030304,0.60606060606060608,False,low_confidence_error,false_negative;low_confidence;temporal_regime,DECISION-TIME
77957d9ce69d91cb8292a8e9,fold_2,1,5617094,1,1,1,100,100,29.296875,29.296875,25,25,1,1,1,5617102,0,0.30303030303030304,0.30303030303030304,0.60606060606060608,False,low_confidence_error,false_negative;low_confidence;temporal_regime,DECISION-TIME
356093b989d1a677e8804ac1,fold_2,1,5617133,1,1,1,100,100,29.296875,29.296875,25,25,1,1,1,5617141,0,0.30303030303030304,0.30303030303030304,0.60606060606060608,False,low_confidence_error,false_negative;low_confidence;temporal_regime,DECISION-TIME
189d876236e5f97a7d48f6a9,fold_2,1,5617205,1,1,1,100,100,29.296875,29.296875,25,25,1,1,1,5617211,0,0.30303030303030304,0.30303030303030304,0.60606060606060608,False,low_confidence_error,false_negative;low_confidence;temporal_regime,DECISION-TIME
356b07573c9c3ecdc0566864,fold_2,1,5617262,1,1,1,100,100,29.296875,29.296875,25,25,1,1,1,5617272,0,0.30303030303030304,0.30303030303030304,0.60606060606060608,False,low_confidence_error,false_negative;low_confidence;temporal_regime,DECISION-TIME
a5b0906e9fab7673becaa220,fold_2,1,5617385,1,1,1,100,100,29.296875,29.296875,25,25,1,1,1,5617393,0,0.30303030303030304,0.30303030303030304,0.60606060606060608,False,low_confidence_error,false_negative;low_confidence;temporal_regime,DECISION-TIME
eafdcfd545eb0698bd59775c,fold_2,1,5617580,1,1,1,100,100,29.296875,29.296875,25,25,1,1,1,5617583,0,0.30303030303030304,0.30303030303030304,0.60606060606060608,False,low_confidence_error,false_negative;low_confidence;temporal_regime,DECISION-TIME
3a77b30ef3fd5dc5a1412668,fold_2,1,5618402,1,1,1,100,100,29.296875,29.296875,25,25,1,1,1,5618416,0,0.30303030303030304,0.30303030303030304,0.60606060606060608,False,low_confidence_error,false_negative;low_confidence;temporal_regime,DECISION-TIME
812968bbc9ac5c5a968f85ae,fold_2,1,5618632,1,1,1,100,100,29.296875,29.296875,25,25,1,1,1,5618636,0,0.30303030303030304,0.30303030303030304,0.60606060606060608,False,low_confidence_error,false_negative;low_confidence;temporal_regime,DECISION-TIME
333947eae14906f37cb14869,fold_2,1,5618665,1,1,1,100,100,29.296875,29.296875,25,25,1,1,1,5618676,0,0.30303030303030304,0.30303030303030304,0.60606060606060608,False,low_confidence_error,false_negative;low_confidence;temporal_regime,DECISION-TIME
6bed96314dd4219c28991b69,fold_2,1,5618877,1,1,1,100,100,29.296875,29.296875,25,25,1,1,1,5618887,0,0.30303030303030304,0.30303030303030304,0.60606060606060608,False,low_confidence_error,false_negative;low_confidence;temporal_regime,DECISION-TIME
1e98c50c1f99565e725b275b,fold_2,1,5618880,1,1,1,100,100,29.296875,29.296875,25,25,1,1,1,5618887,0,0.30303030303030304,0.30303030303030304,0.60606060606060608,False,low_confidence_error,false_negative;low_confidence;temporal_regime,DECISION-TIME
194d358f99e32566e24dec64,fold_2,1,5618987,1,1,1,100,100,29.296875,29.296875,25,25,1,1,1,5618998,0,0.30303030303030304,0.30303030303030304,0.60606060606060608,False,low_confidence_error,false_negative;low_confidence;temporal_regime,DECISION-TIME
4f2e45448bd37867fb891963,fold_2,0,5619137,1,1,1,100,100,1.97265625,1.97265625,,,0,1,1,5619140,0,0.11956521739130435,0.11956521739130435,0.23913043478260865,True,correct,correct;high_confidence;temporal_regime;feature_missingness,DECISION-TIME
5ee11042741f2d34d4728498,fold_2,0,5619266,1,1,1,20,20,29.296875,29.296875,5,5,1,1,1,5619279,0,0.30303030303030304,0.30303030303030304,0.60606060606060608,True,correct,correct;low_confidence;temporal_regime,DECISION-TIME
9d10b400316ebfc376e3ab7e,fold_2,1,5619336,1,1,1,100,100,29.296875,29.296875,25,25,1,1,1,5619348,0,0.30303030303030304,0.30303030303030304,0.60606060606060608,False,low_confidence_error,false_negative;low_confidence;temporal_regime,DECISION-TIME
8227197ea9a48a2b98451cae,fold_2,1,5619459,1,1,1,100,100,29.296875,29.296875,25,25,1,1,1,5619469,0,0.30303030303030304,0.30303030303030304,0.60606060606060608,False,low_confidence_error,false_negative;low_confidence;temporal_regime,DECISION-TIME
d8d9ea80ec4258fac5c54d3f,fold_2,1,5619951,1,1,1,100,100,29.296875,29.296875,25,25,1,1,1,5619960,0,0.30303030303030304,0.30303030303030304,0.60606060606060608,False,low_confidence_error,false_negative;low_confidence;temporal_regime,DECISION-TIME
d3e58de897eea1d148f0d89c,fold_2,1,5619979,1,1,1,100,100,29.296875,29.296875,25,25,1,1,1,5619991,0,0.30303030303030304,0.30303030303030304,0.60606060606060608,False,low_confidence_error,false_negative;low_confidence;temporal_regime,DECISION-TIME
0acbc8ff6407eeb575ee21c5,fold_2,0,5620484,1,1,1,600,600,29.296875,29.296875,25,25,1,1,1,5620493,0,0.21045576407506703,0.21045576407506703,0.42091152815013411,True,correct,correct;high_confidence;temporal_regime,DECISION-TIME
8d7047591fc5a34724e98568,fold_2,0,5620485,1,1,1,600,600,29.296875,29.296875,100,100,1,1,1,5620494,0,0.21045576407506703,0.21045576407506703,0.42091152815013411,True,correct,correct;high_confidence;temporal_regime,DECISION-TIME
43ada87c65f41026226b0ee2,fold_2,0,5620768,1,1,1,100,100,29.296875,29.296875,100,100,1,1,1,5620774,0,0.21045576407506703,0.21045576407506703,0.42091152815013411,True,correct,correct;high_confidence;temporal_regime,DECISION-TIME
96a17d146364ee4cbae87de0,fold_2,1,5621125,1,1,1,100,100,29.296875,29.296875,25,25,1,1,1,5621135,0,0.30303030303030304,0.30303030303030304,0.60606060606060608,False,low_confidence_error,false_negative;low_confidence;temporal_regime,DECISION-TIME
12bd40d087d77ad134d17572,fold_2,1,5621208,1,1,1,100,100,29.296875,29.296875,25,25,1,1,1,5621218,0,0.30303030303030304,0.30303030303030304,0.60606060606060608,False,low_confidence_error,false_negative;low_confidence;temporal_regime,DECISION-TIME
94dbf9c408090014b6e741cd,fold_2,1,5621263,1,1,1,100,100,29.296875,29.296875,25,25,1,1,1,5621268,0,0.30303030303030304,0.30303030303030304,0.60606060606060608,False,low_confidence_error,false_negative;low_confidence;temporal_regime,DECISION-TIME
a6b215516f764b15b7dd8a4b,fold_2,1,5621374,1,1,1,100,100,29.296875,29.296875,25,25,1,1,1,5621378,0,0.30303030303030304,0.30303030303030304,0.60606060606060608,False,low_confidence_error,false_negative;low_confidence;temporal_regime,DECISION-TIME
0a6396393c149830ff055cf7,fold_2,1,5621743,1,1,1,100,100,29.296875,29.296875,25,25,1,1,1,5621749,0,0.30303030303030304,0.30303030303030304,0.60606060606060608,False,low_confidence_error,false_negative;low_confidence;temporal_regime,DECISION-TIME
5a970acc598fdc2325325a9a,fold_2,1,5621989,1,1,1,100,100,29.296875,29.296875,25,25,1,1,1,5622000,0,0.30303030303030304,0.30303030303030304,0.60606060606060608,False,low_confidence_error,false_negative;low_confidence;temporal_regime,DECISION-TIME
575b35c3cefdebc300d68678,fold_2,1,5622250,1,1,1,100,100,29.296875,29.296875,25,25,1,1,1,5622261,0,0.30303030303030304,0.30303030303030304,0.60606060606060608,False,low_confidence_error,false_negative;low_confidence;temporal_regime,DECISION-TIME
71fac11afb5d9f3f83a43cb1,fold_2,1,5622807,1,1,1,100,100,29.296875,29.296875,25,25,1,1,1,5622812,0,0.30303030303030304,0.30303030303030304,0.60606060606060608,False,low_confidence_error,false_negative;low_confidence;temporal_regime,DECISION-TIME
a0d41c0aca86b11adec37504,fold_2,0,5622953,2,2,4,600,600,29.296875,29.296875,50,50,1,4,2,5622957.75,0,0.21045576407506703,0.21045576407506703,0.42091152815013411,True,correct,correct;high_confidence;temporal_regime,DECISION-TIME
7af9a24576ae599ced307901,fold_2,1,5623102,1,1,1,100,100,29.296875,29.296875,25,25,1,1,1,5623112,0,0.30303030303030304,0.30303030303030304,0.60606060606060608,False,low_confidence_error,false_negative;low_confidence;temporal_regime,DECISION-TIME
cc0f6b31f820a9ef73a86cad,fold_2,1,5623122,1,1,1,100,100,29.296875,29.296875,25,25,1,1,1,5623132,0,0.30303030303030304,0.30303030303030304,0.60606060606060608,False,low_confidence_error,false_negative;low_confidence;temporal_regime,DECISION-TIME
1c73dcbe785dcf86824ff184,fold_2,1,5623129,1,1,1,100,100,29.296875,29.296875,25,25,1,1,1,5623132,0,0.30303030303030304,0.30303030303030304,0.60606060606060608,False,low_confidence_error,false_negative;low_confidence;temporal_regime,DECISION-TIME
b76ca2a3c639a111679a03b9,fold_2,1,5623335,1,1,1,100,100,29.296875,29.296875,25,25,1,1,1,5623344,0,0.30303030303030304,0.30303030303030304,0.60606060606060608,False,low_confidence_error,false_negative;low_confidence;temporal_regime,DECISION-TIME
3d13fb3cb27610184769a08d,fold_2,0,5623352,2,2,2,600,600,29.296875,29.296875,50,50,1,2,2,5623359.5,0,0.21045576407506703,0.21045576407506703,0.42091152815013411,True,correct,correct;high_confidence;temporal_regime,DECISION-TIME
859cbf471bbfaf9560f76434,fold_2,0,5623796,2,2,120,550,600,24.4140625,24.4140625,50,50,1,120,70,5623967,0,0.11956521739130435,0.11956521739130435,0.23913043478260865,True,correct,correct;high_confidence;temporal_regime,DECISION-TIME
8db40f712ad0b40a15b41e07,fold_2,1,5623887,1,1,1,100,100,29.296875,29.296875,25,25,1,1,1,5623894,0,0.30303030303030304,0.30303030303030304,0.60606060606060608,False,low_confidence_error,false_negative;low_confidence;temporal_regime,DECISION-TIME
b370f70ee92ec4a83f1a3133,fold_2,1,5624359,1,1,1,100,100,29.296875,29.296875,25,25,1,1,1,5624365,0,0.30303030303030304,0.30303030303030304,0.60606060606060608,False,low_confidence_error,false_negative;low_confidence;temporal_regime,DECISION-TIME
041d5e8b0c9de4f05c5642db,fold_2,1,5624651,1,1,1,100,100,29.296875,29.296875,25,25,1,1,1,5624657,0,0.30303030303030304,0.30303030303030304,0.60606060606060608,False,low_confidence_error,false_negative;low_confidence;temporal_regime,DECISION-TIME
c51da2c964db5e5802c82bd7,fold_2,1,5624675,1,1,1,100,100,29.296875,29.296875,25,25,1,1,1,5624687,0,0.30303030303030304,0.30303030303030304,0.60606060606060608,False,low_confidence_error,false_negative;low_confidence;temporal_regime,DECISION-TIME
a8e12e7f7b4f5628dff4bd83,fold_2,1,5624803,1,1,1,100,100,29.296875,29.296875,25,25,1,1,1,5624807,0,0.30303030303030304,0.30303030303030304,0.60606060606060608,False,low_confidence_error,false_negative;low_confidence;temporal_regime,DECISION-TIME
b8a1d1b7cf9aff5201317614,fold_2,0,5624857,1,1,1,100,100,29.296875,29.296875,100,100,1,1,1,5624901,0,0.21045576407506703,0.21045576407506703,0.42091152815013411,True,correct,correct;high_confidence;temporal_regime,DECISION-TIME
f2bbe5bd6e5de0cb36f02b3d,fold_2,0,5624858,1,1,1,100,100,29.296875,29.296875,100,100,1,1,1,5624897,0,0.21045576407506703,0.21045576407506703,0.42091152815013411,True,correct,correct;high_confidence;temporal_regime,DECISION-TIME
1c47a18193059e32b56e4e95,fold_2,1,5625023,1,1,1,100,100,29.296875,29.296875,25,25,1,1,1,5625028,0,0.30303030303030304,0.30303030303030304,0.60606060606060608,False,low_confidence_error,false_negative;low_confidence;temporal_regime,DECISION-TIME
3b85dafdfb4a0342e1c1c174,fold_2,0,5625237,1,1,1,600,600,29.296875,29.296875,100,100,1,1,1,5625249,0,0.21045576407506703,0.21045576407506703,0.42091152815013411,True,correct,correct;high_confidence;temporal_regime,DECISION-TIME
8a2c174e1237a66d4b86f871,fold_2,1,5625285,1,1,1,100,100,29.296875,29.296875,25,25,1,1,1,5625288,0,0.30303030303030304,0.30303030303030304,0.60606060606060608,False,low_confidence_error,false_negative;low_confidence;temporal_regime,DECISION-TIME
22c84a03aa535db185436ba9,fold_2,1,5625290,1,1,1,100,100,29.296875,29.296875,25,25,1,1,1,5625299,0,0.30303030303030304,0.30303030303030304,0.60606060606060608,False,low_confidence_error,false_negative;low_confidence;temporal_regime,DECISION-TIME
6b9126f66b412cb4a8a14ee1,fold_2,1,5625446,1,1,1,100,100,29.296875,29.296875,25,25,1,1,1,5625449,0,0.30303030303030304,0.30303030303030304,0.60606060606060608,False,low_confidence_error,false_negative;low_confidence;temporal_regime,DECISION-TIME
8fe3f5f4f7443bf87245f557,fold_2,1,5625521,1,1,8,300,300,9.765625,9.765625,100,100,1,4,4,5625922,0,0.11956521739130435,0.11956521739130435,0.23913043478260865,False,high_confidence_error,false_negative;high_confidence;temporal_regime,DECISION-TIME
00604e15e2b800fa2f05215e,fold_2,1,5625709,1,1,1,100,100,29.296875,29.296875,25,25,1,1,1,5625721,0,0.30303030303030304,0.30303030303030304,0.60606060606060608,False,low_confidence_error,false_negative;low_confidence;temporal_regime,DECISION-TIME
ff9ade472481e15c259a6e48,fold_2,1,5625737,1,1,1,100,100,29.296875,29.296875,25,25,1,1,1,5625742,0,0.30303030303030304,0.30303030303030304,0.60606060606060608,False,low_confidence_error,false_negative;low_confidence;temporal_regime,DECISION-TIME
4b5f4d3b57339c8720426e28,fold_2,1,5625840,1,1,1,100,100,29.296875,29.296875,25,25,1,1,1,5625853,0,0.30303030303030304,0.30303030303030304,0.60606060606060608,False,low_confidence_error,false_negative;low_confidence;temporal_regime,DECISION-TIME
5cfd4c0dfb41fcc9e35cefe2,fold_2,1,5626029,1,1,1,100,100,29.296875,29.296875,25,25,1,1,1,5626034,0,0.30303030303030304,0.30303030303030304,0.60606060606060608,False,low_confidence_error,false_negative;low_confidence;temporal_regime,DECISION-TIME
14c471730166887b8811e49d,fold_2,1,5626100,1,1,1,100,100,29.296875,29.296875,25,25,1,1,1,5626105,0,0.30303030303030304,0.30303030303030304,0.60606060606060608,False,low_confidence_error,false_negative;low_confidence;temporal_regime,DECISION-TIME
fad73ad54306ed81d52ece8b,fold_2,1,5626226,1,1,1,100,100,29.296875,29.296875,25,25,1,1,1,5626235,0,0.30303030303030304,0.30303030303030304,0.60606060606060608,False,low_confidence_error,false_negative;low_confidence;temporal_regime,DECISION-TIME
8bcd5f339f64f13d3a0fb859,fold_2,0,5626344,2,2,4,600,600,29.296875,29.296875,100,100,1,4,3,5626489.75,0,0.11956521739130435,0.11956521739130435,0.23913043478260865,True,correct,correct;high_confidence;temporal_regime,DECISION-TIME
a03ee512ee81f795bd2aedea,fold_2,1,5626403,1,1,1,100,100,29.296875,29.296875,25,25,1,1,1,5626416,0,0.30303030303030304,0.30303030303030304,0.60606060606060608,False,low_confidence_error,false_negative;low_confidence;temporal_regime,DECISION-TIME
9feb5f14050624fbda6cc651,fold_2,1,5626436,1,1,1,100,100,29.296875,29.296875,25,25,1,1,1,5626447,0,0.30303030303030304,0.30303030303030304,0.60606060606060608,False,low_confidence_error,false_negative;low_confidence;temporal_regime,DECISION-TIME
3a80c33afd26396e855197b6,fold_2,1,5626437,1,1,1,100,100,29.296875,29.296875,25,25,1,1,1,5626447,0,0.30303030303030304,0.30303030303030304,0.60606060606060608,False,low_confidence_error,false_negative;low_confidence;temporal_regime,DECISION-TIME
532249eb8919b444403c1143,fold_2,0,5626453,1,1,1,600,600,29.296875,29.296875,100,100,1,1,1,5626457,0,0.21045576407506703,0.21045576407506703,0.42091152815013411,True,correct,correct;high_confidence;temporal_regime,DECISION-TIME
9334e0574ba501e6446d998c,fold_2,1,5626641,1,1,1,100,100,29.296875,29.296875,25,25,1,1,1,5626649,0,0.30303030303030304,0.30303030303030304,0.60606060606060608,False,low_confidence_error,false_negative;low_confidence;temporal_regime,DECISION-TIME
5d3a472054d1e7861ecc80ae,fold_2,1,5626818,1,1,1,100,100,29.296875,29.296875,25,25,1,1,1,5626827,0,0.30303030303030304,0.30303030303030304,0.60606060606060608,False,low_confidence_error,false_negative;low_confidence;temporal_regime,DECISION-TIME
47aa713a3420f613c23a3cb7,fold_2,1,5627070,1,1,1,100,100,29.296875,29.296875,25,25,1,1,1,5627079,0,0.30303030303030304,0.30303030303030304,0.60606060606060608,False,low_confidence_error,false_negative;low_confidence;temporal_regime,DECISION-TIME
840fdc0bb1ff49ba79a57d87,fold_2,1,5627147,1,1,1,100,100,29.296875,29.296875,25,25,1,1,1,5627159,0,0.30303030303030304,0.30303030303030304,0.60606060606060608,False,low_confidence_error,false_negative;low_confidence;temporal_regime,DECISION-TIME
95b653bc1604b32a021f6223,fold_2,1,5627191,1,1,1,100,100,29.296875,29.296875,25,25,1,1,1,5627198,0,0.30303030303030304,0.30303030303030304,0.60606060606060608,False,low_confidence_error,false_negative;low_confidence;temporal_regime,DECISION-TIME
99214a4758cd87e3bedf022f,fold_2,1,5627441,1,1,1,100,100,29.296875,29.296875,25,25,1,1,1,5627449,0,0.30303030303030304,0.30303030303030304,0.60606060606060608,False,low_confidence_error,false_negative;low_confidence;temporal_regime,DECISION-TIME
4f81ac3088be7ce81cddfba2,fold_2,1,5628246,1,1,1,100,100,29.296875,29.296875,25,25,1,1,1,5628253,0,0.30303030303030304,0.30303030303030304,0.60606060606060608,False,low_confidence_error,false_negative;low_confidence;temporal_regime,DECISION-TIME
95f37e771d7cb626e0067e18,fold_2,1,5628248,1,1,1,100,100,29.296875,29.296875,25,25,1,1,1,5628253,0,0.30303030303030304,0.30303030303030304,0.60606060606060608,False,low_confidence_error,false_negative;low_confidence;temporal_regime,DECISION-TIME
fbcd8a5ca24bb2a8cbbaf789,fold_2,1,5628559,1,1,1,100,100,29.296875,29.296875,25,25,1,1,1,5628564,0,0.30303030303030304,0.30303030303030304,0.60606060606060608,False,low_confidence_error,false_negative;low_confidence;temporal_regime,DECISION-TIME
c05eb235d20246bb840f9d7b,fold_2,1,5628615,1,1,1,100,100,29.296875,29.296875,25,25,1,1,1,5628624,0,0.30303030303030304,0.30303030303030304,0.60606060606060608,False,low_confidence_error,false_negative;low_confidence;temporal_regime,DECISION-TIME
a147228099472f1a6ae2a0ca,fold_2,1,5628842,1,1,1,100,100,29.296875,29.296875,25,25,1,1,1,5628855,0,0.30303030303030304,0.30303030303030304,0.60606060606060608,False,low_confidence_error,false_negative;low_confidence;temporal_regime,DECISION-TIME
21d37061449082a4c621ce34,fold_2,1,5629190,1,1,1,100,100,29.296875,29.296875,25,25,1,1,1,5629197,0,0.30303030303030304,0.30303030303030304,0.60606060606060608,False,low_confidence_error,false_negative;low_confidence;temporal_regime,DECISION-TIME
1d1cf3cdcdc11190c3c54ff3,fold_2,1,5629263,1,1,1,100,100,29.296875,29.296875,25,25,1,1,1,5629268,0,0.30303030303030304,0.30303030303030304,0.60606060606060608,False,low_confidence_error,false_negative;low_confidence;temporal_regime,DECISION-TIME
1936577c6cd71eb70827f6c7,fold_2,1,5629400,1,1,1,100,100,29.296875,29.296875,25,25,1,1,1,5629408,0,0.30303030303030304,0.30303030303030304,0.60606060606060608,False,low_confidence_error,false_negative;low_confidence;temporal_regime,DECISION-TIME
bfc148f8f685f90370b5e407,fold_2,1,5630072,1,1,1,100,100,29.296875,29.296875,25,25,1,1,1,5630076,0,0.30303030303030304,0.30303030303030304,0.60606060606060608,False,low_confidence_error,false_negative;low_confidence;temporal_regime,DECISION-TIME
1e3ebf47eb4f5bf065e44cbd,fold_2,1,5630130,1,1,1,100,100,29.296875,29.296875,25,25,1,1,1,5630137,0,0.30303030303030304,0.30303030303030304,0.60606060606060608,False,low_confidence_error,false_negative;low_confidence;temporal_regime,DECISION-TIME
21f236ae5df1b5d0b567bee8,fold_2,1,5630227,1,1,1,100,100,29.296875,29.296875,25,25,1,1,1,5630240,0,0.30303030303030304,0.30303030303030304,0.60606060606060608,False,low_confidence_error,false_negative;low_confidence;temporal_regime,DECISION-TIME
52f22aa0feeea8aa0e432b3e,fold_2,1,5630325,1,1,1,100,100,29.296875,29.296875,25,25,1,1,1,5630332,0,0.30303030303030304,0.30303030303030304,0.60606060606060608,False,low_confidence_error,false_negative;low_confidence;temporal_regime,DECISION-TIME
5b961fd252770b3235095109,fold_2,1,5630423,1,1,1,100,100,29.296875,29.296875,25,25,1,1,1,5630432,0,0.30303030303030304,0.30303030303030304,0.60606060606060608,False,low_confidence_error,false_negative;low_confidence;temporal_regime,DECISION-TIME
58bdd259a184f549d4083d2b,fold_2,1,5630491,1,1,1,100,100,29.296875,29.296875,25,25,1,1,1,5630504,0,0.30303030303030304,0.30303030303030304,0.60606060606060608,False,low_confidence_error,false_negative;low_confidence;temporal_regime,DECISION-TIME
bf949f2aeeae58d7a36f1545,fold_2,1,5631084,1,1,1,100,100,29.296875,29.296875,25,25,1,1,1,5631093,0,0.30303030303030304,0.30303030303030304,0.60606060606060608,False,low_confidence_error,false_negative;low_confidence;temporal_regime,DECISION-TIME
1337894130dbfcf833d53eea,fold_2,1,5631086,1,1,1,100,100,29.296875,29.296875,25,25,1,1,1,5631094,0,0.30303030303030304,0.30303030303030304,0.60606060606060608,False,low_confidence_error,false_negative;low_confidence;temporal_regime,DECISION-TIME
7d08d29b0ec4810170da35e7,fold_2,1,5631259,1,1,1,100,100,29.296875,29.296875,25,25,1,1,1,5631266,0,0.30303030303030304,0.30303030303030304,0.60606060606060608,False,low_confidence_error,false_negative;low_confidence;temporal_regime,DECISION-TIME
dde5a2be916533dd2f896cb1,fold_2,1,5631529,1,1,1,100,100,29.296875,29.296875,25,25,1,1,1,5631540,0,0.30303030303030304,0.30303030303030304,0.60606060606060608,False,low_confidence_error,false_negative;low_confidence;temporal_regime,DECISION-TIME
645866d59e140a6e293aa1c3,fold_2,0,5631741,1,1,1,1800,1800,58.59375,58.59375,100,100,1,1,1,5631823,0,0.30303030303030304,0.30303030303030304,0.60606060606060608,True,correct,correct;low_confidence;temporal_regime,DECISION-TIME
1c653a4254eb531564506840,fold_2,1,5631897,1,1,1,100,100,29.296875,29.296875,25,25,1,1,1,5631904,0,0.30303030303030304,0.30303030303030304,0.60606060606060608,False,low_confidence_error,false_negative;low_confidence;temporal_regime,DECISION-TIME
d86048867da04197cf795d07,fold_2,1,5632088,1,1,1,100,100,29.296875,29.296875,25,25,1,1,1,5632135,0,0.30303030303030304,0.30303030303030304,0.60606060606060608,False,low_confidence_error,false_negative;low_confidence;temporal_regime,DECISION-TIME
153f9cb5e99304e56c288f97,fold_2,1,5632230,1,1,1,800,800,9.765625,9.765625,100,100,1,1,1,5632336,0,0.11956521739130435,0.11956521739130435,0.23913043478260865,False,high_confidence_error,false_negative;high_confidence;temporal_regime,DECISION-TIME
b7f3631d999f7621cff7e596,fold_2,0,5632303,2,2,2,600,600,2.9296875,2.9296875,100,100,1,2,2,5632306.5,0,0.11956521739130435,0.11956521739130435,0.23913043478260865,True,correct,correct;high_confidence;temporal_regime,DECISION-TIME
a1e4d46a3e807905caeaebdf,fold_2,1,5632948,1,1,1,100,100,29.296875,29.296875,25,25,1,1,1,5632959,0,0.30303030303030304,0.30303030303030304,0.60606060606060608,False,low_confidence_error,false_negative;low_confidence;temporal_regime,DECISION-TIME
c2ea309f19ca52b5653b8470,fold_2,0,5633241,1,1,1,600,600,29.296875,29.296875,100,100,1,1,1,5633386,0,0.21045576407506703,0.21045576407506703,0.42091152815013411,True,correct,correct;high_confidence;temporal_regime,DECISION-TIME
3f3ff99a4dc3f4ad6975ad9e,fold_2,0,5633249,1,1,1,800,800,29.296875,29.296875,50,50,1,1,1,5633255,0,0.21045576407506703,0.21045576407506703,0.42091152815013411,True,correct,correct;high_confidence;temporal_regime,DECISION-TIME
d4db9362fc9eb176e9eddaf0,fold_2,0,5633498,1,1,1,600,600,29.296875,29.296875,100,100,1,1,1,5633597,0,0.21045576407506703,0.21045576407506703,0.42091152815013411,True,correct,correct;high_confidence;temporal_regime,DECISION-TIME
8358896c7523dc8323912cda,fold_2,0,5636155,1,1,1,600,600,29.296875,29.296875,100,100,1,1,1,5636160,0,0.21045576407506703,0.21045576407506703,0.42091152815013411,True,correct,correct;high_confidence;temporal_regime,DECISION-TIME
1a17536407d4d4823cb7a419,fold_2,1,5636822,1,1,1,100,100,29.296875,29.296875,25,25,1,1,1,5636829,0,0.30303030303030304,0.30303030303030304,0.60606060606060608,False,low_confidence_error,false_negative;low_confidence;temporal_regime,DECISION-TIME
2e0e84c0727bd5cad930f3c5,fold_2,1,5637187,1,1,1,100,100,29.296875,29.296875,25,25,1,1,1,5637196,0,0.30303030303030304,0.30303030303030304,0.60606060606060608,False,low_confidence_error,false_negative;low_confidence;temporal_regime,DECISION-TIME
b5deaa33bc5a5b61dff5e1ef,fold_2,1,5637398,1,1,1,100,100,29.296875,29.296875,25,25,1,1,1,5637411,0,0.30303030303030304,0.30303030303030304,0.60606060606060608,False,low_confidence_error,false_negative;low_confidence;temporal_regime,DECISION-TIME
b207d474f574eb6aeff750c7,fold_2,1,5637656,1,1,1,100,100,29.296875,29.296875,25,25,1,1,1,5637666,0,0.30303030303030304,0.30303030303030304,0.60606060606060608,False,low_confidence_error,false_negative;low_confidence;temporal_regime,DECISION-TIME
e54a6ed3f1834122aa098a49,fold_2,1,5637918,1,1,1,100,100,29.296875,29.296875,25,25,1,1,1,5637924,0,0.30303030303030304,0.30303030303030304,0.60606060606060608,False,low_confidence_error,false_negative;low_confidence;temporal_regime,DECISION-TIME
122c47526b8fad292a74790d,fold_2,1,5638050,1,1,1,100,100,29.296875,29.296875,25,25,1,1,1,5638057,0,0.30303030303030304,0.30303030303030304,0.60606060606060608,False,low_confidence_error,false_negative;low_confidence;temporal_regime,DECISION-TIME
aed3c6f62e3bea68d3301b7d,fold_2,1,5638356,1,1,1,100,100,29.296875,29.296875,25,25,1,1,1,5638363,0,0.30303030303030304,0.30303030303030304,0.60606060606060608,False,low_confidence_error,false_negative;low_confidence;temporal_regime,DECISION-TIME
43e57ee5a3b631b84a1a2b0e,fold_2,1,5638497,1,1,1,100,100,29.296875,29.296875,25,25,1,1,1,5638507,0,0.30303030303030304,0.30303030303030304,0.60606060606060608,False,low_confidence_error,false_negative;low_confidence;temporal_regime,DECISION-TIME
818545dcf4bde5568ae945fe,fold_2,0,5638895,2,2,20,500,600,12.20703125,14.6484375,50,50,1,31,23,5639573.4482758623,0,0.21045576407506703,0.21045576407506703,0.42091152815013411,True,correct,correct;high_confidence;temporal_regime,DECISION-TIME
9a5fef8193be7eb5ac27253f,fold_2,1,5639521,1,1,1,100,100,29.296875,29.296875,25,25,1,1,1,5639531,0,0.30303030303030304,0.30303030303030304,0.60606060606060608,False,low_confidence_error,false_negative;low_confidence;temporal_regime,DECISION-TIME
fde41d24d50500bc4fab43b2,fold_2,0,5639688,2,2,3,600,600,29.296875,29.296875,100,100,1,3,2,5639693,0,0.11956521739130435,0.11956521739130435,0.23913043478260865,True,correct,correct;high_confidence;temporal_regime,DECISION-TIME
457f73f5155732386a7f624c,fold_2,1,5640900,1,1,1,100,100,29.296875,29.296875,25,25,1,1,1,5640906,0,0.30303030303030304,0.30303030303030304,0.60606060606060608,False,low_confidence_error,false_negative;low_confidence;temporal_regime,DECISION-TIME
1e043b6e339cd55009473b5f,fold_2,1,5641083,1,1,1,100,100,29.296875,29.296875,25,25,1,1,1,5641086,0,0.30303030303030304,0.30303030303030304,0.60606060606060608,False,low_confidence_error,false_negative;low_confidence;temporal_regime,DECISION-TIME
5a9336c7d8b71eb79cb9d4f4,fold_2,1,5641120,1,1,1,100,100,29.296875,29.296875,25,25,1,1,1,5641127,0,0.30303030303030304,0.30303030303030304,0.60606060606060608,False,low_confidence_error,false_negative;low_confidence;temporal_regime,DECISION-TIME
4346c41090489e9e1e32992a,fold_2,1,5641412,1,1,1,100,100,29.296875,29.296875,25,25,1,1,1,5641417,0,0.30303030303030304,0.30303030303030304,0.60606060606060608,False,low_confidence_error,false_negative;low_confidence;temporal_regime,DECISION-TIME
6182a1a43472f43335b2486d,fold_2,0,5641413,1,1,1,1800,1800,58.59375,58.59375,100,100,1,1,1,5642220,0,0.30303030303030304,0.30303030303030304,0.60606060606060608,True,correct,correct;low_confidence;temporal_regime,DECISION-TIME
f4196adddd4693ffeb12a523,fold_2,1,5642050,1,1,1,100,100,29.296875,29.296875,25,25,1,1,1,5642057,0,0.30303030303030304,0.30303030303030304,0.60606060606060608,False,low_confidence_error,false_negative;low_confidence;temporal_regime,DECISION-TIME
feec1662b426ef370559150f,fold_2,1,5642123,1,1,1,100,100,29.296875,29.296875,25,25,1,1,1,5642129,0,0.30303030303030304,0.30303030303030304,0.60606060606060608,False,low_confidence_error,false_negative;low_confidence;temporal_regime,DECISION-TIME
1baacb7e5a0cf5b27f65b3ba,fold_2,0,5642249,1,1,1,800,800,29.296875,29.296875,50,50,1,1,1,5642261,0,0.21045576407506703,0.21045576407506703,0.42091152815013411,True,correct,correct;high_confidence;temporal_regime,DECISION-TIME
32c1f17c1244642bf97c1e39,fold_2,0,5642986,1,1,1,600,600,29.296875,29.296875,100,100,1,1,1,5642997,0,0.21045576407506703,0.21045576407506703,0.42091152815013411,True,correct,correct;high_confidence;temporal_regime,DECISION-TIME
1085ee5b737734d63a1b5559,fold_2,1,5644120,1,1,1,100,100,29.296875,29.296875,25,25,1,1,1,5644129,0,0.30303030303030304,0.30303030303030304,0.60606060606060608,False,low_confidence_error,false_negative;low_confidence;temporal_regime,DECISION-TIME
e062c27c6dd8a502a9527e7d,fold_2,0,5644204,1,1,1,600,600,29.296875,29.296875,100,100,1,1,1,5644209,0,0.21045576407506703,0.21045576407506703,0.42091152815013411,True,correct,correct;high_confidence;temporal_regime,DECISION-TIME
97dccf9bdc020296e3886d1a,fold_2,0,5644208,1,1,1,600,600,29.296875,29.296875,100,100,1,1,1,5644220,0,0.21045576407506703,0.21045576407506703,0.42091152815013411,True,correct,correct;high_confidence;temporal_regime,DECISION-TIME
ebcc4b97ce14487af4492ebc,fold_2,1,5645272,1,1,1,100,100,29.296875,29.296875,25,25,1,1,1,5645282,0,0.30303030303030304,0.30303030303030304,0.60606060606060608,False,low_confidence_error,false_negative;low_confidence;temporal_regime,DECISION-TIME
88d7364867a89ce4f3fe276f,fold_2,0,5645455,1,1,1,600,600,29.296875,29.296875,100,100,1,1,1,5645462,0,0.21045576407506703,0.21045576407506703,0.42091152815013411,True,correct,correct;high_confidence;temporal_regime,DECISION-TIME
d47ee77050a50783f98ec931,fold_2,1,5645549,1,1,1,100,100,29.296875,29.296875,25,25,1,1,1,5645553,0,0.30303030303030304,0.30303030303030304,0.60606060606060608,False,low_confidence_error,false_negative;low_confidence;temporal_regime,DECISION-TIME
f012810920a84eb3bc642979,fold_2,0,5646035,2,2,21,700,800,11.71875,19.53125,50,50,1,21,14,5646045.0476190476,0,0.11956521739130435,0.11956521739130435,0.23913043478260865,True,correct,correct;high_confidence;temporal_regime,DECISION-TIME
0e3e4d7c0982ad6d2e08de93,fold_2,1,5646930,1,1,1,100,100,29.296875,29.296875,25,25,1,1,1,5646938,0,0.30303030303030304,0.30303030303030304,0.60606060606060608,False,low_confidence_error,false_negative;low_confidence;temporal_regime,DECISION-TIME
edfcbe7d69a1ef2d9a8029ad,fold_2,0,5647189,1,1,1,600,600,29.296875,29.296875,50,50,1,1,1,5647202,0,0.21045576407506703,0.21045576407506703,0.42091152815013411,True,correct,correct;high_confidence;temporal_regime,DECISION-TIME
9706666d0708a227733e1bf3,fold_2,0,5647309,1,1,1,600,600,29.296875,29.296875,25,25,1,1,1,5647320,0,0.21045576407506703,0.21045576407506703,0.42091152815013411,True,correct,correct;high_confidence;temporal_regime,DECISION-TIME
31662b86bce8ac98fabd0d49,fold_2,0,5648211,1,1,1,600,600,29.296875,29.296875,25,25,1,1,1,5648225,0,0.21045576407506703,0.21045576407506703,0.42091152815013411,True,correct,correct;high_confidence;temporal_regime,DECISION-TIME
371a19e38d855616b8c4fd2f,fold_2,1,5649032,1,1,1,100,100,29.296875,29.296875,25,25,1,1,1,5649037,0,0.30303030303030304,0.30303030303030304,0.60606060606060608,False,low_confidence_error,false_negative;low_confidence;temporal_regime,DECISION-TIME
48d858ab96492bc361853957,fold_2,0,5649053,1,1,1,600,600,29.296875,29.296875,50,50,1,1,1,5649057,0,0.21045576407506703,0.21045576407506703,0.42091152815013411,True,correct,correct;high_confidence;temporal_regime,DECISION-TIME
1b89762b7aa98151a8c730c3,fold_2,1,5649201,1,1,1,1800,1800,15.625,15.625,100,100,1,1,1,5649204,0,0.11956521739130435,0.11956521739130435,0.23913043478260865,False,high_confidence_error,false_negative;high_confidence;temporal_regime,DECISION-TIME
ebedfd54800d659f88b69464,fold_2,0,5649859,1,1,1,600,600,29.296875,29.296875,100,100,1,1,1,5649863,0,0.21045576407506703,0.21045576407506703,0.42091152815013411,True,correct,correct;high_confidence;temporal_regime,DECISION-TIME
6c4d837cbc371b164b567c89,fold_2,0,5650288,2,2,46,350,600,2,2,25,25,1,46,7,5650303.4782608692,0,0.050000000000000003,0.050000000000000003,0.099999999999999978,True,correct,correct;high_confidence;temporal_regime,DECISION-TIME
b93a9792d31a720109ef0a54,fold_2,1,5650429,2,2,5,1000,1600,34.1796875,58.59375,100,100,1,21,21,5698357.3684210526,0,0.30303030303030304,0.30303030303030304,0.60606060606060608,False,low_confidence_error,false_negative;low_confidence;temporal_regime,DECISION-TIME
ced68adc6bca29c0bdf7df67,fold_2,1,5650577,1,1,1,100,100,29.296875,29.296875,25,25,1,1,1,5650585,0,0.30303030303030304,0.30303030303030304,0.60606060606060608,False,low_confidence_error,false_negative;low_confidence;temporal_regime,DECISION-TIME
7d2af0ce36e53ad3a3d2069e,fold_2,0,5651215,1,1,1,600,600,29.296875,29.296875,50,50,1,1,1,5651228,0,0.21045576407506703,0.21045576407506703,0.42091152815013411,True,correct,correct;high_confidence;temporal_regime,DECISION-TIME
dda5d0627b0fdfe81cee3229,fold_2,0,5651218,1,1,1,600,600,29.296875,29.296875,50,50,1,1,1,5651228,0,0.21045576407506703,0.21045576407506703,0.42091152815013411,True,correct,correct;high_confidence;temporal_regime,DECISION-TIME
787eca1823dcf6fcf2f6d8cf,fold_2,0,5652526,1,1,1,100,100,29.296875,29.296875,100,100,1,1,1,5652533,0,0.21045576407506703,0.21045576407506703,0.42091152815013411,True,correct,correct;high_confidence;temporal_regime,DECISION-TIME
027ea8a5ec40618b507f5fb4,fold_2,0,5652786,1,1,1,600,600,29.296875,29.296875,10,10,1,1,1,5652794,0,0.21045576407506703,0.21045576407506703,0.42091152815013411,True,correct,correct;high_confidence;temporal_regime,DECISION-TIME
d0d37319d7cfea7674a90d7e,fold_2,0,5655703,1,1,1,600,600,29.296875,29.296875,100,100,1,1,1,5655716,0,0.21045576407506703,0.21045576407506703,0.42091152815013411,True,correct,correct;high_confidence;temporal_regime,DECISION-TIME
f5913c14a71d74c6d96322e5,fold_2,0,5656099,1,1,50,1000,1000,15.625,15.625,25,25,1,50,33,5656108.2199999997,0,0.21045576407506703,0.21045576407506703,0.42091152815013411,True,correct,correct;high_confidence;temporal_regime,DECISION-TIME
212152c5149236b9c7ff14e6,fold_2,0,5658170,1,1,1,1800,1800,58.59375,58.59375,100,100,1,1,1,5658178,0,0.30303030303030304,0.30303030303030304,0.60606060606060608,True,correct,correct;low_confidence;temporal_regime,DECISION-TIME
1fbcb38b71073693ff00ef18,fold_2,0,5658894,1,1,1,100,100,29.296875,29.296875,100,100,1,1,1,5658899,0,0.21045576407506703,0.21045576407506703,0.42091152815013411,True,correct,correct;high_confidence;temporal_regime,DECISION-TIME
16765eb337a0afc611d3385b,fold_2,0,5658968,1,1,1,100,100,29.296875,29.296875,100,100,1,1,1,5658979,0,0.21045576407506703,0.21045576407506703,0.42091152815013411,True,correct,correct;high_confidence;temporal_regime,DECISION-TIME
cb982678a89ef1c58bea01a0,fold_2,0,5659115,1,1,1,600,600,29.296875,29.296875,100,100,1,1,1,5659120,0,0.21045576407506703,0.21045576407506703,0.42091152815013411,True,correct,correct;high_confidence;temporal_regime,DECISION-TIME
0f2b064c1f0d20e5f73680c5,fold_2,0,5659141,1,1,1,100,100,29.296875,29.296875,100,100,1,1,1,5659152,0,0.21045576407506703,0.21045576407506703,0.42091152815013411,True,correct,correct;high_confidence;temporal_regime,DECISION-TIME
bac2189294fa0de024133513,fold_2,0,5659238,1,1,1,600,600,29.296875,29.296875,100,100,1,1,1,5659251,0,0.21045576407506703,0.21045576407506703,0.42091152815013411,True,correct,correct;high_confidence;temporal_regime,DECISION-TIME
875482f3150fbec1594eea14,fold_2,0,5659415,2,2,51,500,600,19.53125,19.53125,50,50,1,51,28,5659421.8627450978,0,0.11956521739130435,0.11956521739130435,0.23913043478260865,True,correct,correct;high_confidence;temporal_regime,DECISION-TIME
a5496b35bf5f1e690d1d9f51,fold_2,0,5659840,1,1,1,600,600,29.296875,29.296875,100,100,1,1,1,5659853,0,0.21045576407506703,0.21045576407506703,0.42091152815013411,True,correct,correct;high_confidence;temporal_regime,DECISION-TIME
2b501173692cfdf6d154ee9a,fold_2,0,5660234,1,1,1,600,600,29.296875,29.296875,50,50,1,1,1,5660245,0,0.21045576407506703,0.21045576407506703,0.42091152815013411,True,correct,correct;high_confidence;temporal_regime,DECISION-TIME
28a31d0d4e618cc10d829b92,fold_2,0,5661763,1,1,1,600,600,29.296875,29.296875,100,100,1,1,1,5661771,0,0.21045576407506703,0.21045576407506703,0.42091152815013411,True,correct,correct;high_confidence;temporal_regime,DECISION-TIME
9c3d8a125793c90c5f8779d4,fold_2,0,5662422,1,1,1,600,600,29.296875,29.296875,100,100,1,1,1,5662434,0,0.21045576407506703,0.21045576407506703,0.42091152815013411,True,correct,correct;high_confidence;temporal_regime,DECISION-TIME
5a957bbcedfab4021a3933b6,fold_2,1,5663038,1,1,1,600,600,29.296875,29.296875,100,100,1,1,1,5663046,0,0.21045576407506703,0.21045576407506703,0.42091152815013411,False,high_confidence_error,false_negative;high_confidence;temporal_regime,DECISION-TIME
509dc0e88d7cdaa5ab8cd2e2,fold_2,0,5664041,2,2,21,700,800,11.71875,19.53125,50,50,1,21,16,5664049.4761904757,0,0.11956521739130435,0.11956521739130435,0.23913043478260865,True,correct,correct;high_confidence;temporal_regime,DECISION-TIME
b5ea936e565c70e5c4e506ad,fold_2,0,5664303,1,1,1,800,800,29.296875,29.296875,50,50,1,1,1,5664310,0,0.21045576407506703,0.21045576407506703,0.42091152815013411,True,correct,correct;high_confidence;temporal_regime,DECISION-TIME
c6a0cb5dac942b3f21090f2a,fold_2,0,5665858,1,1,1,100,100,29.296875,29.296875,100,100,1,1,1,5665865,0,0.21045576407506703,0.21045576407506703,0.42091152815013411,True,correct,correct;high_confidence;temporal_regime,DECISION-TIME
340c750866621e40af5b312e,fold_2,0,5666460,1,1,1,1000,1000,19.55078125,19.55078125,50,50,1,1,1,5666464,0,0.11956521739130435,0.11956521739130435,0.23913043478260865,True,correct,correct;high_confidence;temporal_regime,DECISION-TIME
ac78f8b551272e811d58203a,fold_2,0,5666658,1,1,2,1800,1800,58.59375,58.59375,400,400,1,2,2,5666668,0,0.11956521739130435,0.11956521739130435,0.23913043478260865,True,correct,correct;high_confidence;temporal_regime,DECISION-TIME
58c005a35a77d9db02f588a2,fold_2,0,5666709,1,1,1,600,600,29.296875,29.296875,25,25,1,1,1,5666718,0,0.21045576407506703,0.21045576407506703,0.42091152815013411,True,correct,correct;high_confidence;temporal_regime,DECISION-TIME
e2c4154b589bca2e6c0c3005,fold_2,0,5667324,2,2,11,350,600,2,2,25,25,1,11,5,5667329.8181818184,0,0.11956521739130435,0.11956521739130435,0.23913043478260865,True,correct,correct;high_confidence;temporal_regime,DECISION-TIME
