job_name,population,label,job_start_time,n_tasks,n_distinct_task_names,sum_inst_num,mean_plan_cpu,max_plan_cpu,mean_plan_mem,max_plan_mem,mean_plan_gpu,max_plan_gpu,n_distinct_gpu_types,n_instances,n_distinct_machines,mean_instance_start_time,predicted_label,risk_score,calibrated_risk,uncertainty,correct,primary_failure_category,secondary_tags,decision_time_availability
77abeb6f1eb41e1e5e06a42a,random_stratified,1,960837,1,1,1,800,800,19.53125,19.53125,100,100,1,1,1,960840,0,0.13953488372093023,0.13953488372093023,0.27906976744186052,False,high_confidence_error,false_negative;high_confidence,DECISION-TIME
1a26cb0686c794301fb9cc49,random_stratified,0,1056455,1,1,1,20,20,29.296875,29.296875,5,5,1,1,1,1056464,0,0.20978120978120979,0.20978120978120979,0.41956241956241958,True,correct,correct;high_confidence,DECISION-TIME
5529608f114976c006f2ea00,random_stratified,0,1099654,1,1,1,600,600,29.296875,29.296875,10,10,1,1,1,1099700,0,0.20978120978120979,0.20978120978120979,0.41956241956241958,True,correct,correct;high_confidence,DECISION-TIME
1cf70b1a694e1dec4a183d0d,random_stratified,0,1101556,1,1,1,600,600,29.296875,29.296875,100,100,1,1,1,1101572,0,0.14285714285714285,0.14285714285714285,0.2857142857142857,True,correct,correct;high_confidence,DECISION-TIME
59113a8ae1207e590ebe3384,random_stratified,0,1111746,2,2,2,600,600,29.296875,29.296875,100,100,1,2,1,1111771,0,0.13953488372093023,0.13953488372093023,0.27906976744186052,True,correct,correct;high_confidence,DECISION-TIME
1e85b177fbe47ba67df2392d,random_stratified,0,1114162,1,1,1,600,600,29.296875,29.296875,25,25,1,1,1,1114171,0,0.15021459227467809,0.15021459227467809,0.30042918454935619,True,correct,correct;high_confidence,DECISION-TIME
23e105e6170b357fa50c447c,random_stratified,0,1123814,2,2,11,600,600,29.296875,29.296875,25,25,1,12,11,1124752.7272727273,0,0.14285714285714285,0.14285714285714285,0.2857142857142857,True,correct,correct;high_confidence,DECISION-TIME
dc40dde28efb498702de9fb4,random_stratified,0,1128283,1,1,1,600,600,29.296875,29.296875,100,100,1,1,1,1128293,0,0.14285714285714285,0.14285714285714285,0.2857142857142857,True,correct,correct;high_confidence,DECISION-TIME
f69187245bf6f44798ab48da,random_stratified,0,1132419,2,2,25,600,600,29.296875,39.0625,50,50,1,25,20,1132429.3999999999,0,0.13953488372093023,0.13953488372093023,0.27906976744186052,True,correct,correct;high_confidence,DECISION-TIME
2a77a95e726d12b424da1d5d,random_stratified,0,1133485,1,1,1,600,600,29.296875,29.296875,25,25,1,1,1,1133495,0,0.15021459227467809,0.15021459227467809,0.30042918454935619,True,correct,correct;high_confidence,DECISION-TIME
e5c147638bb730e4d7bcf5f1,random_stratified,0,1140223,1,1,1,600,600,29.296875,29.296875,100,100,1,1,1,1140226,0,0.14285714285714285,0.14285714285714285,0.2857142857142857,True,correct,correct;high_confidence,DECISION-TIME
4621008926e3917a9e4d7afe,random_stratified,0,1141374,2,2,15,325,600,73.2421875,97.65625,25,25,1,15,15,1141381.9333333333,1,0.84768211920529801,0.84768211920529801,0.30463576158940397,False,high_confidence_error,false_positive;high_confidence,DECISION-TIME
eb48bf0ce6199a3fa936ae9f,random_stratified,1,1142072,1,1,30,400,400,9.765625,9.765625,100,100,1,28,28,1142074,0,0.13953488372093023,0.13953488372093023,0.27906976744186052,False,high_confidence_error,false_negative;high_confidence,DECISION-TIME
c909482be0059a499251fd0b,random_stratified,0,1148559,1,1,1,1800,1800,58.59375,58.59375,100,100,1,1,1,1149130,0,0.15021459227467809,0.15021459227467809,0.30042918454935619,True,correct,correct;high_confidence,DECISION-TIME
73f84ea905061ad2e9c1186b,random_stratified,0,1150287,1,1,1,600,600,29.296875,29.296875,100,100,1,1,1,1150299,0,0.14285714285714285,0.14285714285714285,0.2857142857142857,True,correct,correct;high_confidence,DECISION-TIME
9564190469361f5fd28d71e8,random_stratified,0,1151183,1,1,1,600,600,29.296875,29.296875,100,100,1,1,1,1151186,0,0.14285714285714285,0.14285714285714285,0.2857142857142857,True,correct,correct;high_confidence,DECISION-TIME
a97d53b8456b235d074ff2ac,random_stratified,0,1157516,2,2,31,600,600,29.296875,29.296875,50,50,1,31,19,1157520.3870967743,0,0.13953488372093023,0.13953488372093023,0.27906976744186052,True,correct,correct;high_confidence,DECISION-TIME
c329425a0cd13177b0e9ae7d,random_stratified,0,1157524,1,1,1,600,600,29.296875,29.296875,25,25,1,1,1,1157534,0,0.15021459227467809,0.15021459227467809,0.30042918454935619,True,correct,correct;high_confidence,DECISION-TIME
bb63f6ec9361d690f41d3929,random_stratified,0,1161969,1,1,1,600,600,29.296875,29.296875,25,25,1,1,1,1161977,0,0.15302466228176898,0.15302466228176898,0.30604932456353795,True,correct,correct;high_confidence,DECISION-TIME
5b41f799502d18800b0ead8c,random_stratified,0,1170020,2,2,15,450,600,19.53125,29.296875,25,25,1,15,11,1170031.6666666667,0,0.13953488372093023,0.13953488372093023,0.27906976744186052,True,correct,correct;high_confidence,DECISION-TIME
25889afed2fa8ce8675eb109,random_stratified,0,1171315,3,3,12,466.66666666666669,600,11.098958333333334,29.296875,25,25,1,12,4,1171321,0,0.073170731707317069,0.073170731707317069,0.14634146341463417,True,correct,correct;high_confidence,DECISION-TIME
33ec54fc6ba3e760afdb95b5,random_stratified,1,1182921,1,1,1,600,600,29.296875,29.296875,100,100,1,1,1,1182979,0,0.14285714285714285,0.14285714285714285,0.2857142857142857,False,high_confidence_error,false_negative;high_confidence,DECISION-TIME
2fc5e79c352b3308ba07eb1e,random_stratified,0,1183923,1,1,1,100,100,29.296875,29.296875,25,25,1,1,1,1184034,0,0.20978120978120979,0.20978120978120979,0.41956241956241958,True,correct,correct;high_confidence,DECISION-TIME
c7774c4da0b51b96725f8607,random_stratified,1,1184289,1,1,1,600,600,29.296875,29.296875,100,100,1,1,1,1184782,0,0.14285714285714285,0.14285714285714285,0.2857142857142857,False,high_confidence_error,false_negative;high_confidence,DECISION-TIME
f1652a210d5d4e547ea026c7,random_stratified,0,1191989,1,1,1,600,600,29.296875,29.296875,100,100,1,1,1,1192001,0,0.14401577141803537,0.14401577141803537,0.28803154283607069,True,correct,correct;high_confidence,DECISION-TIME
f116a634bf657c7c6d1c4bbc,random_stratified,0,1198195,1,1,1,600,600,29.296875,29.296875,25,25,1,1,1,1198203,0,0.19241325004349658,0.19241325004349658,0.38482650008699315,True,correct,correct;high_confidence,DECISION-TIME
cd2d9fc1e5734c11de52ad0e,random_stratified,0,1201159,1,1,1,600,600,29.296875,29.296875,100,100,1,1,1,1201169,0,0.14585234344493617,0.14585234344493617,0.29170468688987228,True,correct,correct;high_confidence,DECISION-TIME
1467a71f42a088fcf1fa9f74,random_stratified,0,1202779,1,1,1,600,600,29.296875,29.296875,200,200,1,1,1,1202787,0,0.13953488372093023,0.13953488372093023,0.27906976744186052,True,correct,correct;high_confidence,DECISION-TIME
45cdd33c0e0309a8c7cb78bb,random_stratified,0,1208407,1,1,1,1200,1200,29.296875,29.296875,100,100,1,1,1,1208410,0,0.13953488372093023,0.13953488372093023,0.27906976744186052,True,correct,correct;high_confidence,DECISION-TIME
02c0897fe3ebf00aab348288,random_stratified,0,1221512,1,1,1,600,600,29.296875,29.296875,100,100,1,1,1,1221517,0,0.14993508815683093,0.14993508815683093,0.29987017631366186,True,correct,correct;high_confidence,DECISION-TIME
3499152f52602a1e9a9a44c2,random_stratified,0,1222598,1,1,8,600,600,29.296875,29.296875,25,25,1,8,1,1222602.875,0,0.15021459227467809,0.15021459227467809,0.30042918454935619,True,correct,correct;high_confidence,DECISION-TIME
85b6cd5ba52dbd40e7e5b703,random_stratified,0,1223271,1,1,1,1000,1000,19.55078125,19.55078125,50,50,1,1,1,1223275,0,0.13953488372093023,0.13953488372093023,0.27906976744186052,True,correct,correct;high_confidence,DECISION-TIME
9a7bd93f1be1dca0fbbcc427,random_stratified,0,1228369,1,1,1,600,600,29.296875,29.296875,25,25,1,1,1,1228378,0,0.20000000000000001,0.20000000000000001,0.40000000000000002,True,correct,correct;high_confidence,DECISION-TIME
94fbd6fe6f398702dd2edf5c,random_stratified,0,1228484,1,1,1,1800,1800,58.59375,58.59375,100,100,1,1,1,1228489,0,0.15021459227467809,0.15021459227467809,0.30042918454935619,True,correct,correct;high_confidence,DECISION-TIME
6fa2cc6854430f231789925e,random_stratified,0,1233041,1,1,1,600,600,29.296875,29.296875,50,50,1,1,1,1233053,0,0.15021459227467809,0.15021459227467809,0.30042918454935619,True,correct,correct;high_confidence,DECISION-TIME
272d75628be5b8a22b4c9069,random_stratified,1,1236246,2,2,11,600,600,29.296875,29.296875,25,25,1,11,10,1236262,0,0.13953488372093023,0.13953488372093023,0.27906976744186052,False,high_confidence_error,false_negative;high_confidence,DECISION-TIME
74e009aeeb4679c421f9cdd6,random_stratified,0,1245294,1,1,1,600,600,29.296875,29.296875,25,25,1,1,1,1245308,0,0.20000000000000001,0.20000000000000001,0.40000000000000002,True,correct,correct;high_confidence,DECISION-TIME
47b7709b467e040f591177e5,random_stratified,0,1250803,2,2,8,200,200,2.9296875,4.8828125,50,50,1,8,7,1250812.75,0,0.073170731707317069,0.073170731707317069,0.14634146341463417,True,correct,correct;high_confidence,DECISION-TIME
a224a845b39921d098467e16,random_stratified,0,1256591,1,1,1,600,600,29.296875,29.296875,100,100,1,1,1,1256594,0,0.15021459227467809,0.15021459227467809,0.30042918454935619,True,correct,correct;high_confidence,DECISION-TIME
851c61ee2eeac243e4af98c4,random_stratified,0,1256618,1,1,1,600,600,29.296875,29.296875,100,100,1,1,1,1256629,0,0.15021459227467809,0.15021459227467809,0.30042918454935619,True,correct,correct;high_confidence,DECISION-TIME
aac3e9f74b97a2507a38bf66,random_stratified,0,1257147,2,2,160,500,600,45.8984375,62.5,50,50,1,160,114,1257160.375,0,0.20978120978120979,0.20978120978120979,0.41956241956241958,True,correct,correct;high_confidence,DECISION-TIME
1b19040a10d0074dca27fcad,random_stratified,0,1259827,1,1,1,600,600,29.296875,29.296875,25,25,1,1,1,1259834,0,0.20000000000000001,0.20000000000000001,0.40000000000000002,True,correct,correct;high_confidence,DECISION-TIME
34c54befac5f3bad6f177010,random_stratified,0,1262576,2,2,65,1150,1500,43.9453125,48.828125,100,100,1,65,58,1262588.1230769232,0,0.13953488372093023,0.13953488372093023,0.27906976744186052,True,correct,correct;high_confidence,DECISION-TIME
1d4b28caf83f19ea02345e67,random_stratified,1,1271843,1,1,1,600,600,29.296875,29.296875,50,50,1,1,1,1271846,0,0.15021459227467809,0.15021459227467809,0.30042918454935619,False,high_confidence_error,false_negative;high_confidence,DECISION-TIME
352b52faa5740960c1e7b7bb,random_stratified,0,1275942,1,1,1,600,600,29.296875,29.296875,100,100,1,1,1,1275950,0,0.15021459227467809,0.15021459227467809,0.30042918454935619,True,correct,correct;high_confidence,DECISION-TIME
a6c2098f3ca1175c3e275166,random_stratified,1,1280744,1,1,1,600,600,29.296875,29.296875,25,25,1,1,1,1280757,0,0.20000000000000001,0.20000000000000001,0.40000000000000002,False,high_confidence_error,false_negative;high_confidence,DECISION-TIME
5542e17fc690513b55aa2ffc,random_stratified,0,1290801,1,1,1,1200,1200,29.296875,29.296875,5,5,1,1,1,1290804,0,0.13953488372093023,0.13953488372093023,0.27906976744186052,True,correct,correct;high_confidence,DECISION-TIME
60b8b591e2f0c4bcdfc05eae,random_stratified,0,1292092,2,2,26,350,600,2,2,25,25,1,26,12,1293614.3076923077,0,0.073170731707317069,0.073170731707317069,0.14634146341463417,True,correct,correct;high_confidence,DECISION-TIME
43db9ffa7fbd4aaf895c0148,random_stratified,0,1295400,1,1,2,1600,1600,58.59375,58.59375,100,100,1,2,1,1295410,0,0.20978120978120979,0.20978120978120979,0.41956241956241958,True,correct,correct;high_confidence,DECISION-TIME
bbb1e242527c9e1224559381,random_stratified,0,1296025,1,1,16,600,600,29.296875,29.296875,25,25,1,16,5,1296073.6875,0,0.15021459227467809,0.15021459227467809,0.30042918454935619,True,correct,correct;high_confidence,DECISION-TIME
43c6d5705ef3a6e67fbd9c5d,random_stratified,0,1296506,1,1,1,600,600,29.296875,29.296875,100,100,1,1,1,1296515,0,0.15021459227467809,0.15021459227467809,0.30042918454935619,True,correct,correct;high_confidence,DECISION-TIME
92c8fb5fff3cadb26691fcf1,random_stratified,0,1306529,1,1,1,800,800,7.83203125,7.83203125,50,50,1,1,1,1306532,0,0.073170731707317069,0.073170731707317069,0.14634146341463417,True,correct,correct;high_confidence,DECISION-TIME
b06615ec9bfc60b909c2cd6c,random_stratified,0,1310018,1,1,1,600,600,29.296875,29.296875,100,100,1,1,1,1310027,0,0.15021459227467809,0.15021459227467809,0.30042918454935619,True,correct,correct;high_confidence,DECISION-TIME
29aa7378d16467530dacf7a0,random_stratified,0,1312429,2,2,31,350,600,16.11328125,31.25,100,100,1,31,27,1312493.8709677418,0,0.073170731707317069,0.073170731707317069,0.14634146341463417,True,correct,correct;high_confidence,DECISION-TIME
1bc12d3a9490de2599e85152,random_stratified,1,1315481,1,1,30,1800,1800,58.59375,58.59375,100,100,1,30,29,1315494,0,0.15021459227467809,0.15021459227467809,0.30042918454935619,False,high_confidence_error,false_negative;high_confidence,DECISION-TIME
51e6e6c43eccb4e00e8146ac,random_stratified,1,1315983,1,1,1,600,600,29.296875,29.296875,100,100,1,1,1,1315995,0,0.15021459227467809,0.15021459227467809,0.30042918454935619,False,high_confidence_error,false_negative;high_confidence,DECISION-TIME
33b7d1146190d3951032f684,random_stratified,0,1322671,1,1,1,20,20,29.296875,29.296875,10,10,1,1,1,1322679,0,0.20978120978120979,0.20978120978120979,0.41956241956241958,True,correct,correct;high_confidence,DECISION-TIME
518cac938b81a843e302e7dc,random_stratified,0,1322671,1,1,1,20,20,29.296875,29.296875,10,10,1,1,1,1322677,0,0.20978120978120979,0.20978120978120979,0.41956241956241958,True,correct,correct;high_confidence,DECISION-TIME
54d848bfbc10cf1f930e29b6,random_stratified,0,1333639,1,1,1,600,600,29.296875,29.296875,25,25,1,1,1,1333652,0,0.20978120978120979,0.20978120978120979,0.41956241956241958,True,correct,correct;high_confidence,DECISION-TIME
0236d74a8e1b3c9b8ad60d03,random_stratified,0,1343539,1,1,1,20,20,29.296875,29.296875,10,10,1,1,1,1343549,0,0.20978120978120979,0.20978120978120979,0.41956241956241958,True,correct,correct;high_confidence,DECISION-TIME
ce6858ce44edcb045ab903df,random_stratified,0,1345657,1,1,1,600,600,29.296875,29.296875,50,50,1,1,1,1345664,0,0.15021459227467809,0.15021459227467809,0.30042918454935619,True,correct,correct;high_confidence,DECISION-TIME
4fd0b677eb4bfa6d63caf46c,random_stratified,0,1349797,1,1,1,600,600,29.296875,29.296875,10,10,1,1,1,1349804,0,0.20978120978120979,0.20978120978120979,0.41956241956241958,True,correct,correct;high_confidence,DECISION-TIME
855e2c400dadf2e577f23c8b,random_stratified,0,1366279,1,1,1,600,600,29.296875,29.296875,25,25,1,1,1,1366294,0,0.20978120978120979,0.20978120978120979,0.41956241956241958,True,correct,correct;high_confidence,DECISION-TIME
3c86d24d03399c0751d89538,random_stratified,0,1369151,1,1,1,600,600,29.296875,29.296875,25,25,1,1,1,1369163,0,0.20978120978120979,0.20978120978120979,0.41956241956241958,True,correct,correct;high_confidence,DECISION-TIME
4ba762bf81a46826439655a5,random_stratified,0,1371169,2,2,6,1200,1200,53.7109375,97.65625,25,25,1,6,6,1371178.1666666667,0,0.15021459227467809,0.15021459227467809,0.30042918454935619,True,correct,correct;high_confidence,DECISION-TIME
d676d441018ed9c0171afb8c,random_stratified,0,1375372,2,2,21,600,600,29.296875,29.296875,100,100,1,21,14,1375382.8095238095,0,0.13953488372093023,0.13953488372093023,0.27906976744186052,True,correct,correct;high_confidence,DECISION-TIME
e571f7b9ab0dd46f7a1189c5,random_stratified,0,1381049,1,1,10,600,600,29.296875,29.296875,50,50,1,10,8,1381052,0,0.15021459227467809,0.15021459227467809,0.30042918454935619,True,correct,correct;high_confidence,DECISION-TIME
20e259b4da202f50a6acb928,random_stratified,0,1385865,1,1,1,600,600,29.296875,29.296875,25,25,1,1,1,1385872,0,0.20978120978120979,0.20978120978120979,0.41956241956241958,True,correct,correct;high_confidence,DECISION-TIME
d3718473d86f0291416d25ee,random_stratified,0,1389848,1,1,1,600,600,29.296875,29.296875,100,100,1,1,1,1389898,0,0.15021459227467809,0.15021459227467809,0.30042918454935619,True,correct,correct;high_confidence,DECISION-TIME
6c5caac6c601c8c742ab4e6c,random_stratified,0,1389933,1,1,1,1000,1000,19.55078125,19.55078125,50,50,1,1,1,1389936,0,0.13953488372093023,0.13953488372093023,0.27906976744186052,True,correct,correct;high_confidence,DECISION-TIME
41e1a71cb543f3449cff8a5c,random_stratified,0,1396208,1,1,1,600,600,29.296875,29.296875,100,100,1,1,1,1396215,0,0.15021459227467809,0.15021459227467809,0.30042918454935619,True,correct,correct;high_confidence,DECISION-TIME
735ad1727ea1dbee02e6e486,random_stratified,0,1409078,1,1,1,600,600,29.296875,29.296875,100,100,1,1,1,1409087,0,0.15021459227467809,0.15021459227467809,0.30042918454935619,True,correct,correct;high_confidence,DECISION-TIME
68992ea5d686adee11445829,random_stratified,0,1433948,1,1,1,600,600,29.296875,29.296875,100,100,1,1,1,1433952,0,0.15021459227467809,0.15021459227467809,0.30042918454935619,True,correct,correct;high_confidence,DECISION-TIME
8351390e4dcfb35df71bb903,random_stratified,1,1442481,1,1,1,600,600,29.296875,29.296875,50,50,1,1,1,1442484,0,0.15021459227467809,0.15021459227467809,0.30042918454935619,False,high_confidence_error,false_negative;high_confidence,DECISION-TIME
97ff6b13269db65f441eae82,random_stratified,0,1450294,1,1,1,600,600,29.296875,29.296875,100,100,1,1,1,1450306,0,0.15021459227467809,0.15021459227467809,0.30042918454935619,True,correct,correct;high_confidence,DECISION-TIME
cfea846fb88d632fe45aba38,random_stratified,0,1458693,1,1,10,600,600,29.296875,29.296875,50,50,1,10,7,1458772,0,0.15021459227467809,0.15021459227467809,0.30042918454935619,True,correct,correct;high_confidence,DECISION-TIME
a4d74720973dbbf0876a28e1,random_stratified,0,1459010,2,2,2,600,600,2.9296875,2.9296875,100,100,1,2,2,1459018.5,0,0.073170731707317069,0.073170731707317069,0.14634146341463417,True,correct,correct;high_confidence,DECISION-TIME
379985093bc1a3ee0a22ba6f,random_stratified,0,1467143,2,2,2,600,600,29.296875,29.296875,100,100,1,2,2,1467147,0,0.13953488372093023,0.13953488372093023,0.27906976744186052,True,correct,correct;high_confidence,DECISION-TIME
a61ff13b8564d7c496444309,random_stratified,0,1468491,1,1,1,600,600,29.296875,29.296875,100,100,1,1,1,1468498,0,0.15021459227467809,0.15021459227467809,0.30042918454935619,True,correct,correct;high_confidence,DECISION-TIME
76118934d78ae9f7e3d394be,random_stratified,0,1469512,1,1,1,1000,1000,19.55078125,19.55078125,50,50,1,1,1,1469516,0,0.13953488372093023,0.13953488372093023,0.27906976744186052,True,correct,correct;high_confidence,DECISION-TIME
9935542a2b2ce22c52217bb2,random_stratified,0,1479921,1,1,1,600,600,29.296875,29.296875,100,100,1,1,1,1479925,0,0.15021459227467809,0.15021459227467809,0.30042918454935619,True,correct,correct;high_confidence,DECISION-TIME
42d4a9e7f6003d73c1d55b63,random_stratified,0,1479932,1,1,1,600,600,29.296875,29.296875,25,25,1,1,1,1479945,0,0.20978120978120979,0.20978120978120979,0.41956241956241958,True,correct,correct;high_confidence,DECISION-TIME
0f6f978fd6ccfae591afc094,random_stratified,1,1486675,1,1,1,600,600,29.296875,29.296875,10,10,1,1,1,1486681,0,0.20978120978120979,0.20978120978120979,0.41956241956241958,False,high_confidence_error,false_negative;high_confidence,DECISION-TIME
b097ea69a7d6de6ee51fd06d,random_stratified,0,1486961,1,1,1,1000,1000,19.55078125,19.55078125,50,50,1,1,1,1486965,0,0.13953488372093023,0.13953488372093023,0.27906976744186052,True,correct,correct;high_confidence,DECISION-TIME
e42c8f6c6be7180aa917efeb,random_stratified,1,1487147,1,1,40,1800,1800,58.59375,58.59375,100,100,1,40,30,1487153,0,0.15021459227467809,0.15021459227467809,0.30042918454935619,False,high_confidence_error,false_negative;high_confidence,DECISION-TIME
a29a10e8c8730aae6ab48faa,random_stratified,0,1504418,1,1,1,600,600,29.296875,29.296875,100,100,1,1,1,1504421,0,0.15021459227467809,0.15021459227467809,0.30042918454935619,True,correct,correct;high_confidence,DECISION-TIME
b9b7f30ca68f0ab478e5b2d1,random_stratified,0,1510173,1,1,1,1000,1000,19.55078125,19.55078125,50,50,1,1,1,1510176,0,0.13953488372093023,0.13953488372093023,0.27906976744186052,True,correct,correct;high_confidence,DECISION-TIME
f1a452f8bff1e5bc117331ef,random_stratified,0,1512333,1,1,1,600,600,29.296875,29.296875,100,100,1,1,1,1512345,0,0.15021459227467809,0.15021459227467809,0.30042918454935619,True,correct,correct;high_confidence,DECISION-TIME
54b009c8f3569e593b48ad4f,random_stratified,0,1526803,1,1,1,600,600,29.296875,29.296875,100,100,1,1,1,1526806,0,0.15021459227467809,0.15021459227467809,0.30042918454935619,True,correct,correct;high_confidence,DECISION-TIME
0a2de77022327575f7819c79,random_stratified,0,1551542,1,1,1,600,600,29.296875,29.296875,100,100,1,1,1,1551555,0,0.15021459227467809,0.15021459227467809,0.30042918454935619,True,correct,correct;high_confidence,DECISION-TIME
737656630cd81ab3f025f08b,random_stratified,0,1559203,2,2,2,600,600,29.296875,29.296875,25,25,1,2,2,1559212,0,0.13953488372093023,0.13953488372093023,0.27906976744186052,True,correct,correct;high_confidence,DECISION-TIME
606845973c5e873777df6060,random_stratified,0,1560843,1,1,1,600,600,29.296875,29.296875,50,50,1,1,1,1560854,0,0.15021459227467809,0.15021459227467809,0.30042918454935619,True,correct,correct;high_confidence,DECISION-TIME
942ee082bca707a7230f2bcd,random_stratified,0,1563669,1,1,1,600,600,29.296875,29.296875,100,100,1,1,1,1563674,0,0.15021459227467809,0.15021459227467809,0.30042918454935619,True,correct,correct;high_confidence,DECISION-TIME
195726ed5db9b78d9be16797,random_stratified,0,1570976,2,2,11,450,800,8.30078125,15.625,100,100,1,11,11,1571288,0,0.073170731707317069,0.073170731707317069,0.14634146341463417,True,correct,correct;high_confidence,DECISION-TIME
7fc948b072d0fef3dda08207,random_stratified,0,1573538,1,1,1,600,600,29.296875,29.296875,100,100,1,1,1,1573547,0,0.15021459227467809,0.15021459227467809,0.30042918454935619,True,correct,correct;high_confidence,DECISION-TIME
9cfcd3c14b361231f519f71c,random_stratified,0,1574116,1,1,1,600,600,29.296875,29.296875,100,100,1,1,1,1574121,0,0.15021459227467809,0.15021459227467809,0.30042918454935619,True,correct,correct;high_confidence,DECISION-TIME
014fdb2915e0b2f5edc715b0,random_stratified,1,1574316,1,1,1,600,600,29.296875,29.296875,100,100,1,1,1,1574354,0,0.15021459227467809,0.15021459227467809,0.30042918454935619,False,high_confidence_error,false_negative;high_confidence,DECISION-TIME
082a31f391d9e19249afc5ce,random_stratified,1,1574515,1,1,8,1800,1800,58.59375,58.59375,100,100,1,8,7,1574557,0,0.15021459227467809,0.15021459227467809,0.30042918454935619,False,high_confidence_error,false_negative;high_confidence,DECISION-TIME
44c84f51afc401fb1bc8a5c6,random_stratified,0,1578858,1,1,1,600,600,29.296875,29.296875,25,25,1,1,1,1578866,0,0.20978120978120979,0.20978120978120979,0.41956241956241958,True,correct,correct;high_confidence,DECISION-TIME
8e5795ceb9c24646d34abd2a,random_stratified,0,1579427,1,1,1,1000,1000,19.55078125,19.55078125,50,50,1,1,1,1579430,0,0.13953488372093023,0.13953488372093023,0.27906976744186052,True,correct,correct;high_confidence,DECISION-TIME
3f60d06e34a25da33c0ca7a5,random_stratified,0,1584380,1,1,1,600,600,29.296875,29.296875,100,100,1,1,1,1584394,0,0.15021459227467809,0.15021459227467809,0.30042918454935619,True,correct,correct;high_confidence,DECISION-TIME
4c468894f912789b750a4669,random_stratified,0,1584546,1,1,1,600,600,29.296875,29.296875,100,100,1,1,1,1584549,0,0.15021459227467809,0.15021459227467809,0.30042918454935619,True,correct,correct;high_confidence,DECISION-TIME
9f895f9b55edbff10e9997a6,random_stratified,0,1584547,1,1,1,600,600,29.296875,29.296875,100,100,1,1,1,1584550,0,0.15021459227467809,0.15021459227467809,0.30042918454935619,True,correct,correct;high_confidence,DECISION-TIME
5b997cd4f7349bb01c49f67d,random_stratified,0,1587176,1,1,1,600,600,29.296875,29.296875,100,100,1,1,1,1587182,0,0.15021459227467809,0.15021459227467809,0.30042918454935619,True,correct,correct;high_confidence,DECISION-TIME
f7efb73e15ce997942af4bc4,random_stratified,0,1588737,1,1,1,600,600,29.296875,29.296875,100,100,1,1,1,1588741,0,0.15021459227467809,0.15021459227467809,0.30042918454935619,True,correct,correct;high_confidence,DECISION-TIME
a359d98abd0d9082da4adf14,random_stratified,0,1589520,1,1,1,600,600,29.296875,29.296875,100,100,1,1,1,1590389,0,0.15021459227467809,0.15021459227467809,0.30042918454935619,True,correct,correct;high_confidence,DECISION-TIME
ff6738971796a15eb2b87b3c,random_stratified,0,1596010,1,1,1,600,600,29.296875,29.296875,25,25,1,1,1,1596024,0,0.20978120978120979,0.20978120978120979,0.41956241956241958,True,correct,correct;high_confidence,DECISION-TIME
760c2a71ef9530da657b1723,random_stratified,0,1610003,1,1,1,1800,1800,58.59375,58.59375,100,100,1,1,1,1610012,0,0.15021459227467809,0.15021459227467809,0.30042918454935619,True,correct,correct;high_confidence,DECISION-TIME
aae0ae0d96a4001795705b84,random_stratified,0,1613287,1,1,1,800,800,31.26953125,31.26953125,,,0,1,1,1613290,0,0.13953488372093023,0.13953488372093023,0.27906976744186052,True,correct,correct;high_confidence;feature_missingness,DECISION-TIME
9d09bd299d945b2dff4e41ba,random_stratified,0,1613831,1,1,1,600,600,29.296875,29.296875,10,10,1,1,1,1613874,0,0.20978120978120979,0.20978120978120979,0.41956241956241958,True,correct,correct;high_confidence,DECISION-TIME
d75485f0da2133dd69585668,random_stratified,0,1615544,1,1,1,600,600,29.296875,29.296875,100,100,1,1,1,1615547,0,0.15021459227467809,0.15021459227467809,0.30042918454935619,True,correct,correct;high_confidence,DECISION-TIME
b0db8507cab970f3e75ef6a0,random_stratified,0,1618404,1,1,1,600,600,29.296875,29.296875,10,10,1,1,1,1618412,0,0.20978120978120979,0.20978120978120979,0.41956241956241958,True,correct,correct;high_confidence,DECISION-TIME
f935bbb24e0db075f9953369,random_stratified,0,1624995,1,1,1,600,600,29.296875,29.296875,25,25,1,1,1,1625007,0,0.20978120978120979,0.20978120978120979,0.41956241956241958,True,correct,correct;high_confidence,DECISION-TIME
30c3a8bc88500601d4e66831,random_stratified,0,1630581,1,1,1,50,50,48.828125,48.828125,500,500,1,1,1,1630585,0,0.15021459227467809,0.15021459227467809,0.30042918454935619,True,correct,correct;high_confidence,DECISION-TIME
72afa437e1d97740dba21375,random_stratified,0,1632747,2,2,38,1200,1200,29.296875,48.828125,25,25,1,38,33,1632757.1842105263,0,0.13953488372093023,0.13953488372093023,0.27906976744186052,True,correct,correct;high_confidence,DECISION-TIME
2988213eac8bf99506614b65,random_stratified,0,1643123,2,2,2,600,600,34.1796875,39.0625,10,10,1,2,2,1643131,0,0.15021459227467809,0.15021459227467809,0.30042918454935619,True,correct,correct;high_confidence,DECISION-TIME
970fa2921579f46b7a0b7e4e,random_stratified,0,1646734,1,1,1,600,600,29.296875,29.296875,100,100,1,1,1,1646860,0,0.15021459227467809,0.15021459227467809,0.30042918454935619,True,correct,correct;high_confidence,DECISION-TIME
140c043b87fe3b2d975ce2ef,random_stratified,0,1654508,1,1,1,600,600,29.296875,29.296875,100,100,1,1,1,1654628,0,0.15021459227467809,0.15021459227467809,0.30042918454935619,True,correct,correct;high_confidence,DECISION-TIME
ea86d9e89f7b663dbf858ee3,random_stratified,1,1654701,1,1,1,100,100,29.296875,29.296875,100,100,1,1,1,1654762,0,0.20978120978120979,0.20978120978120979,0.41956241956241958,False,high_confidence_error,false_negative;high_confidence,DECISION-TIME
7f00dcdd620f553ea397dd1e,random_stratified,1,1654905,2,2,28,600,600,19.53125,29.296875,100,100,1,28,23,1658492,0,0.13953488372093023,0.13953488372093023,0.27906976744186052,False,high_confidence_error,false_negative;high_confidence,DECISION-TIME
be90488ab111985086cdb35c,random_stratified,0,1660422,1,1,1,1800,1800,58.59375,58.59375,100,100,1,1,1,1666991,0,0.15021459227467809,0.15021459227467809,0.30042918454935619,True,correct,correct;high_confidence,DECISION-TIME
79130f71a18093456e72b792,random_stratified,0,1665822,1,1,1,600,600,29.296875,29.296875,100,100,1,1,1,1665968,0,0.15021459227467809,0.15021459227467809,0.30042918454935619,True,correct,correct;high_confidence,DECISION-TIME
6bea376da763dffd5d6b46a5,random_stratified,0,1669090,1,1,1,800,800,31.26953125,31.26953125,,,0,1,1,1669093,0,0.13953488372093023,0.13953488372093023,0.27906976744186052,True,correct,correct;high_confidence;feature_missingness,DECISION-TIME
0b36e3d33eff738de6ade72e,random_stratified,0,1669525,1,1,60,1600,1600,29.296875,29.296875,25,25,1,60,52,1669573.6333333333,0,0.13953488372093023,0.13953488372093023,0.27906976744186052,True,correct,correct;high_confidence,DECISION-TIME
c099a6d06eda9b8b1145db23,random_stratified,0,1672623,1,1,1,400,400,5.859375,5.859375,100,100,1,1,1,1672665,0,0.13953488372093023,0.13953488372093023,0.27906976744186052,True,correct,correct;high_confidence,DECISION-TIME
a9635dc1c85a18569240db98,random_stratified,0,1674616,1,1,32,600,600,29.296875,29.296875,100,100,1,32,31,1674626.4375,0,0.15021459227467809,0.15021459227467809,0.30042918454935619,True,correct,correct;high_confidence,DECISION-TIME
cc7aed95823a98f1db093a48,random_stratified,0,1677629,1,1,1,600,600,29.296875,29.296875,100,100,1,1,1,1677641,0,0.15021459227467809,0.15021459227467809,0.30042918454935619,True,correct,correct;high_confidence,DECISION-TIME
9f472eea688804d0959a7e60,random_stratified,0,1680005,1,1,1,50,50,48.828125,48.828125,500,500,1,1,1,1680008,0,0.15021459227467809,0.15021459227467809,0.30042918454935619,True,correct,correct;high_confidence,DECISION-TIME
b4045fd955371b03780eb926,random_stratified,0,1684155,1,1,1,600,600,29.296875,29.296875,25,25,1,1,1,1684159,0,0.20978120978120979,0.20978120978120979,0.41956241956241958,True,correct,correct;high_confidence,DECISION-TIME
843361b13b77b92ab4c6e7a2,random_stratified,0,1685786,1,1,1,600,600,29.296875,29.296875,5,5,1,1,1,1685799,0,0.20978120978120979,0.20978120978120979,0.41956241956241958,True,correct,correct;high_confidence,DECISION-TIME
8bfb4dec311d98c3903a8359,random_stratified,0,1694804,1,1,1,600,600,29.296875,29.296875,100,100,1,1,1,1694807,0,0.15021459227467809,0.15021459227467809,0.30042918454935619,True,correct,correct;high_confidence,DECISION-TIME
fba3b02b2fac36cd06ba6d8c,random_stratified,0,1697875,1,1,1,600,600,29.296875,29.296875,100,100,1,1,1,1697934,0,0.15021459227467809,0.15021459227467809,0.30042918454935619,True,correct,correct;high_confidence,DECISION-TIME
8fe7001e0e43412711b5f624,random_stratified,0,1699688,1,1,1,800,800,31.26953125,31.26953125,,,0,1,1,1699691,0,0.13953488372093023,0.13953488372093023,0.27906976744186052,True,correct,correct;high_confidence;feature_missingness,DECISION-TIME
5177bba581369f951de96415,random_stratified,0,1704561,1,1,1,600,600,29.296875,29.296875,10,10,1,1,1,1704602,0,0.20978120978120979,0.20978120978120979,0.41956241956241958,True,correct,correct;high_confidence,DECISION-TIME
0779e9d24b1a7e23062cd0e6,random_stratified,0,1707008,1,1,1,600,600,29.296875,29.296875,10,10,1,1,1,1707049,0,0.20978120978120979,0.20978120978120979,0.41956241956241958,True,correct,correct;high_confidence,DECISION-TIME
30d8f9bdca3f660518b43967,random_stratified,0,1712919,1,1,1,600,600,29.296875,29.296875,50,50,1,1,1,1712931,0,0.15021459227467809,0.15021459227467809,0.30042918454935619,True,correct,correct;high_confidence,DECISION-TIME
d52f00349122fe80a5bd7d10,random_stratified,0,1721099,1,1,1,600,600,29.296875,29.296875,25,25,1,1,1,1721142,0,0.20978120978120979,0.20978120978120979,0.41956241956241958,True,correct,correct;high_confidence,DECISION-TIME
1ee29e1d8d5b2a69433313be,random_stratified,0,1743449,1,1,1,600,600,29.296875,29.296875,200,200,1,1,1,1761847,0,0.13953488372093023,0.13953488372093023,0.27906976744186052,True,correct,correct;high_confidence,DECISION-TIME
0747aac6e4216bbaa9a58fad,random_stratified,0,1746890,1,1,1,600,600,29.296875,29.296875,50,50,1,1,1,1746903,0,0.15021459227467809,0.15021459227467809,0.30042918454935619,True,correct,correct;high_confidence,DECISION-TIME
e0ea5b09d72fa691d53a1428,random_stratified,0,1760687,1,1,1,600,600,29.296875,29.296875,50,50,1,1,1,1760698,0,0.15021459227467809,0.15021459227467809,0.30042918454935619,True,correct,correct;high_confidence,DECISION-TIME
9850294020c64a44d8fbaf7e,random_stratified,0,1761448,1,1,1,600,600,29.296875,29.296875,50,50,1,1,1,1761455,0,0.15021459227467809,0.15021459227467809,0.30042918454935619,True,correct,correct;high_confidence,DECISION-TIME
eabb90719a9a7a642a5a89e8,random_stratified,1,1770077,3,3,5,600,600,29.296875,29.296875,100,100,1,52,47,1770146.7083333333,1,0.84768211920529801,0.84768211920529801,0.30463576158940397,True,correct,correct;high_confidence,DECISION-TIME
97c64fe2df14c59e99716c75,random_stratified,0,1770089,1,1,1,600,600,29.296875,29.296875,50,50,1,1,1,1770202,0,0.15021459227467809,0.15021459227467809,0.30042918454935619,True,correct,correct;high_confidence,DECISION-TIME
bc23c128288723b6562bda39,random_stratified,0,1775449,1,1,1,600,600,29.296875,29.296875,100,100,1,1,1,1775454,0,0.15021459227467809,0.15021459227467809,0.30042918454935619,True,correct,correct;high_confidence,DECISION-TIME
b0bc66a6e7afef5035168cc3,random_stratified,0,1778329,1,1,1,600,600,29.296875,29.296875,100,100,1,1,1,1778339,0,0.15021459227467809,0.15021459227467809,0.30042918454935619,True,correct,correct;high_confidence,DECISION-TIME
1cce0bf1ac7564d93054a937,random_stratified,0,1782367,1,1,1,600,600,29.296875,29.296875,100,100,1,1,1,1782375,0,0.15021459227467809,0.15021459227467809,0.30042918454935619,True,correct,correct;high_confidence,DECISION-TIME
6d97eee1eb2079cd64c2d9f5,random_stratified,1,1786824,1,1,1,1800,1800,58.59375,58.59375,400,400,1,1,1,1786869,0,0.073170731707317069,0.073170731707317069,0.14634146341463417,False,high_confidence_error,false_negative;high_confidence,DECISION-TIME
c7b3d5bfb7d92890a1404b38,random_stratified,1,1789910,1,1,1,600,600,29.296875,29.296875,50,50,1,1,1,1789913,0,0.15021459227467809,0.15021459227467809,0.30042918454935619,False,high_confidence_error,false_negative;high_confidence,DECISION-TIME
daa4ab09cf62a71f1d13d770,random_stratified,1,1790002,1,1,1,600,600,29.296875,29.296875,50,50,1,1,1,1790005,0,0.15021459227467809,0.15021459227467809,0.30042918454935619,False,high_confidence_error,false_negative;high_confidence,DECISION-TIME
d2dfbe3f29edb1d44c88b741,random_stratified,1,1790588,1,1,1,600,600,29.296875,29.296875,10,10,1,1,1,1790640,0,0.20978120978120979,0.20978120978120979,0.41956241956241958,False,high_confidence_error,false_negative;high_confidence,DECISION-TIME
967261a795f00b6a7fc71b77,random_stratified,0,1798184,2,2,7,150,200,17.08984375,29.296875,100,100,1,7,7,1798197.2857142857,0,0.13953488372093023,0.13953488372093023,0.27906976744186052,True,correct,correct;high_confidence,DECISION-TIME
0bbdae7f078ff3d5c0514548,random_stratified,0,1800047,1,1,10,600,600,29.296875,29.296875,100,100,1,10,8,1800060.3,0,0.15021459227467809,0.15021459227467809,0.30042918454935619,True,correct,correct;high_confidence,DECISION-TIME
19cd2c8b353cf7ffe0eec771,random_stratified,1,1807702,2,2,38,600,600,19.53125,29.296875,25,25,1,38,22,1807719.6896551724,0,0.13953488372093023,0.13953488372093023,0.27906976744186052,False,high_confidence_error,false_negative;high_confidence,DECISION-TIME
a19571090901e8272dccc234,random_stratified,0,1812235,1,1,1,1200,1200,29.296875,29.296875,5,5,1,1,1,1812238,0,0.13953488372093023,0.13953488372093023,0.27906976744186052,True,correct,correct;high_confidence,DECISION-TIME
7e23f1ab04e680d9f3e7ff3c,random_stratified,0,1816381,1,1,1,600,600,29.296875,29.296875,100,100,1,1,1,1816395,0,0.15021459227467809,0.15021459227467809,0.30042918454935619,True,correct,correct;high_confidence,DECISION-TIME
aeeed7214b5b2f7b5100d872,random_stratified,0,1823998,1,1,31,100,100,1.013671875,1.013671875,,,0,31,31,1824001.2258064516,0,0.073170731707317069,0.073170731707317069,0.14634146341463417,True,correct,correct;high_confidence;feature_missingness,DECISION-TIME
b0bd83f79d83dde82998d2e8,random_stratified,0,1843343,1,1,1,1800,1800,58.59375,58.59375,100,100,1,1,1,1843385,0,0.15021459227467809,0.15021459227467809,0.30042918454935619,True,correct,correct;high_confidence,DECISION-TIME
0e400cef4eb6d7a66d7d5438,random_stratified,0,1848584,1,1,1,600,600,29.296875,29.296875,100,100,1,1,1,1848595,0,0.15021459227467809,0.15021459227467809,0.30042918454935619,True,correct,correct;high_confidence,DECISION-TIME
a2001acbcba497ce84bf7ff4,random_stratified,0,1851592,1,1,1,600,600,29.296875,29.296875,10,10,1,1,1,1851606,0,0.20978120978120979,0.20978120978120979,0.41956241956241958,True,correct,correct;high_confidence,DECISION-TIME
9a374f7957835ddab95865ca,random_stratified,0,1855176,1,1,1,600,600,29.296875,29.296875,100,100,1,1,1,1855296,0,0.15021459227467809,0.15021459227467809,0.30042918454935619,True,correct,correct;high_confidence,DECISION-TIME
c38f60f1df946582c3d5f777,random_stratified,0,1859987,1,1,2,600,600,29.296875,29.296875,100,100,1,2,1,1859999.5,0,0.15021459227467809,0.15021459227467809,0.30042918454935619,True,correct,correct;high_confidence,DECISION-TIME
20abe4f0f4ce0757422ce1e1,random_stratified,0,1868697,1,1,1,600,600,29.296875,29.296875,400,400,1,1,1,1915474,0,0.073170731707317069,0.073170731707317069,0.14634146341463417,True,correct,correct;high_confidence,DECISION-TIME
f6261ede409f7b621006a164,random_stratified,1,1876180,1,1,1,600,600,29.296875,29.296875,50,50,1,1,1,1876183,0,0.19599271737866597,0.19599271737866597,0.39198543475733194,False,high_confidence_error,false_negative;high_confidence,DECISION-TIME
fd045b1445697655d2a5327f,random_stratified,0,1881903,1,1,2,1800,1800,58.59375,58.59375,100,100,1,2,1,1881907,0,0.15021459227467809,0.15021459227467809,0.30042918454935619,True,correct,correct;high_confidence,DECISION-TIME
7669d377e55ef8abf75e1174,random_stratified,0,1883501,1,1,1,600,600,29.296875,29.296875,100,100,1,1,1,1883504,0,0.15021459227467809,0.15021459227467809,0.30042918454935619,True,correct,correct;high_confidence,DECISION-TIME
678844d0af5510d3f9cf592d,random_stratified,0,1884802,2,2,160,400,700,8.7890625,9.765625,10,10,1,160,114,1884963.4312499999,0,0.13953488372093023,0.13953488372093023,0.27906976744186052,True,correct,correct;high_confidence,DECISION-TIME
edca31b08a268beaa4042933,random_stratified,0,1886678,1,1,1,600,600,29.296875,29.296875,100,100,1,1,1,1886690,0,0.15021459227467809,0.15021459227467809,0.30042918454935619,True,correct,correct;high_confidence,DECISION-TIME
56ab4588cc06e0ac613147c6,random_stratified,0,1896436,1,1,20,200,200,15.625,15.625,100,100,1,20,17,1896451.05,0,0.13953488372093023,0.13953488372093023,0.27906976744186052,True,correct,correct;high_confidence,DECISION-TIME
80cacd12cf0d45a694265c8f,random_stratified,0,1899423,2,2,2,600,600,29.296875,29.296875,100,100,1,2,2,1899427.5,0,0.13953488372093023,0.13953488372093023,0.27906976744186052,True,correct,correct;high_confidence,DECISION-TIME
47b6d9c69e99a7e9f61a4238,random_stratified,0,1901498,1,1,1,600,600,29.296875,29.296875,100,100,1,1,1,1901617,0,0.15021459227467809,0.15021459227467809,0.30042918454935619,True,correct,correct;high_confidence,DECISION-TIME
b9411750b74231d4d2cb02a8,random_stratified,0,1908597,1,1,1,600,600,29.296875,29.296875,25,25,1,1,1,1908607,0,0.20978120978120979,0.20978120978120979,0.41956241956241958,True,correct,correct;high_confidence,DECISION-TIME
473d372b2c864a1378065fd2,random_stratified,0,1909679,1,1,1,2000,2000,78.125,78.125,50,50,1,1,1,1909685,0,0.20978120978120979,0.20978120978120979,0.41956241956241958,True,correct,correct;high_confidence,DECISION-TIME
9b2905137f0e9d4cacb35274,random_stratified,0,1913021,1,1,1,600,600,29.296875,29.296875,50,50,1,1,1,1913026,0,0.20000000000000001,0.20000000000000001,0.40000000000000002,True,correct,correct;high_confidence,DECISION-TIME
f373aed2c6a8c1ef2810dd57,random_stratified,0,1920268,1,1,1,1800,1800,58.59375,58.59375,100,100,1,1,1,1920312,0,0.15021459227467809,0.15021459227467809,0.30042918454935619,True,correct,correct;high_confidence,DECISION-TIME
9b725510ab31276caa36bf8b,random_stratified,1,1924821,1,1,1,600,600,29.296875,29.296875,100,100,1,1,1,1924824,0,0.15021459227467809,0.15021459227467809,0.30042918454935619,False,high_confidence_error,false_negative;high_confidence,DECISION-TIME
a8a8371787e5a8f90451ae6b,random_stratified,0,1929957,1,1,1,600,600,29.296875,29.296875,100,100,1,1,1,1929966,0,0.15021459227467809,0.15021459227467809,0.30042918454935619,True,correct,correct;high_confidence,DECISION-TIME
2110243bc40a755f5ceb776c,random_stratified,0,1930379,1,1,1,600,600,29.296875,29.296875,25,25,1,1,1,1930382,0,0.20978120978120979,0.20978120978120979,0.41956241956241958,True,correct,correct;high_confidence,DECISION-TIME
fff1d89be0973ad88898b979,random_stratified,1,1933317,2,2,10,600,600,29.296875,39.0625,50,50,1,10,7,1933344,0,0.13953488372093023,0.13953488372093023,0.27906976744186052,False,high_confidence_error,false_negative;high_confidence,DECISION-TIME
fc8eb55295df344376eac447,random_stratified,0,1938474,1,1,1,600,600,29.296875,29.296875,100,100,1,1,1,1938485,0,0.15021459227467809,0.15021459227467809,0.30042918454935619,True,correct,correct;high_confidence,DECISION-TIME
f5b165895cd05505e4e07977,random_stratified,0,1950598,2,2,33,600,600,29.296875,29.296875,100,100,1,33,23,1950629.8787878789,0,0.13953488372093023,0.13953488372093023,0.27906976744186052,True,correct,correct;high_confidence,DECISION-TIME
3b18f48c89945f9086c1f034,random_stratified,0,1960064,1,1,1,600,600,29.296875,29.296875,100,100,1,1,1,1960067,0,0.15021459227467809,0.15021459227467809,0.30042918454935619,True,correct,correct;high_confidence,DECISION-TIME
004e6e6e6c5d7d21ebabde84,random_stratified,0,1962932,1,1,1,600,600,29.296875,29.296875,100,100,1,1,1,1962935,0,0.15021459227467809,0.15021459227467809,0.30042918454935619,True,correct,correct;high_confidence,DECISION-TIME
ff72a3435bed8f9fe0ffdc43,random_stratified,0,1963019,1,1,1,600,600,29.296875,29.296875,100,100,1,1,1,1963022,0,0.15021459227467809,0.15021459227467809,0.30042918454935619,True,correct,correct;high_confidence,DECISION-TIME
9cd57faf2ba810ef4e527861,random_stratified,0,1969735,2,2,16,400,600,19.53125,29.296875,20,20,1,16,16,1969738.8125,0,0.13953488372093023,0.13953488372093023,0.27906976744186052,True,correct,correct;high_confidence,DECISION-TIME
d30ea17b4882b10f85b3b54c,random_stratified,0,1974518,1,1,1,600,600,29.296875,29.296875,500,500,1,1,1,1974702,0,0.073170731707317069,0.073170731707317069,0.14634146341463417,True,correct,correct;high_confidence,DECISION-TIME
52e44f46b548a04fa9f7b59c,random_stratified,0,1981820,1,1,2,1500,1500,48.84765625,48.84765625,100,100,1,2,2,1981828.5,0,0.15021459227467809,0.15021459227467809,0.30042918454935619,True,correct,correct;high_confidence,DECISION-TIME
46d44f282f95d93665f5b4eb,random_stratified,0,1982654,1,1,2,1600,1600,29.296875,29.296875,100,100,1,2,1,1982661,0,0.073170731707317069,0.073170731707317069,0.14634146341463417,True,correct,correct;high_confidence,DECISION-TIME
463e9e000e061550eeeedfa9,random_stratified,0,1984281,1,1,1,600,600,29.296875,29.296875,50,50,1,1,1,1984288,0,0.20978120978120979,0.20978120978120979,0.41956241956241958,True,correct,correct;high_confidence,DECISION-TIME
2ef79aa0111061adeb8b4c57,random_stratified,0,1998040,1,1,1,600,600,29.296875,29.296875,25,25,1,1,1,1998046,0,0.20978120978120979,0.20978120978120979,0.41956241956241958,True,correct,correct;high_confidence,DECISION-TIME
8787f20819223211e7f32cb9,random_stratified,0,2000904,1,1,1,1800,1800,58.59375,58.59375,100,100,1,1,1,2000917,0,0.15021459227467809,0.15021459227467809,0.30042918454935619,True,correct,correct;high_confidence,DECISION-TIME
a1f1f361d68d9e578d3e1979,random_stratified,0,2005744,1,1,1,600,600,29.296875,29.296875,100,100,1,1,1,2005755,0,0.15021459227467809,0.15021459227467809,0.30042918454935619,True,correct,correct;high_confidence,DECISION-TIME
9affe88c3ee537381a876915,random_stratified,0,2023862,1,1,1,600,600,29.296875,29.296875,100,100,1,1,1,2023871,0,0.15021459227467809,0.15021459227467809,0.30042918454935619,True,correct,correct;high_confidence,DECISION-TIME
b2fabd45a5d342ada6a359c7,random_stratified,0,2024320,1,1,1,600,600,29.296875,29.296875,10,10,1,1,1,2024344,0,0.20978120978120979,0.20978120978120979,0.41956241956241958,True,correct,correct;high_confidence,DECISION-TIME
6f9d1c321c547b508caf269e,random_stratified,0,2031806,1,1,16,2600,2600,48.828125,48.828125,100,100,1,16,13,2031812.3125,0,0.073170731707317069,0.073170731707317069,0.14634146341463417,True,correct,correct;high_confidence,DECISION-TIME
b9e15f6245939c107abaa010,random_stratified,0,2034692,1,1,1,600,600,29.296875,29.296875,25,25,1,1,1,2034702,0,0.20978120978120979,0.20978120978120979,0.41956241956241958,True,correct,correct;high_confidence,DECISION-TIME
765271b8a872bc3fee3da449,random_stratified,1,2037520,1,1,1,600,600,29.296875,29.296875,400,400,1,1,1,2037532,0,0.073170731707317069,0.073170731707317069,0.14634146341463417,False,high_confidence_error,false_negative;high_confidence,DECISION-TIME
0c948af7a948fe203eb6422d,random_stratified,0,2037786,1,1,1,600,600,29.296875,29.296875,400,400,1,1,1,2037793,0,0.073170731707317069,0.073170731707317069,0.14634146341463417,True,correct,correct;high_confidence,DECISION-TIME
0d76853182b356b3ab32de84,random_stratified,1,2047442,2,2,4,1000,1000,20.5078125,29.296875,100,100,1,4,4,2047446.5,0,0.073170731707317069,0.073170731707317069,0.14634146341463417,False,high_confidence_error,false_negative;high_confidence,DECISION-TIME
159127c1c8046b1fb4bb3d12,random_stratified,0,2048856,1,1,1,600,600,29.296875,29.296875,10,10,1,1,1,2048960,0,0.20978120978120979,0.20978120978120979,0.41956241956241958,True,correct,correct;high_confidence,DECISION-TIME
b4378d5ab9779c9cc71dfa22,random_stratified,0,2051134,1,1,1,600,600,29.296875,29.296875,25,25,1,1,1,2051148,0,0.20978120978120979,0.20978120978120979,0.41956241956241958,True,correct,correct;high_confidence,DECISION-TIME
955cfd10d04f3fe339dd5202,random_stratified,0,2056220,1,1,1,600,600,29.296875,29.296875,100,100,1,1,1,2056223,0,0.15021459227467809,0.15021459227467809,0.30042918454935619,True,correct,correct;high_confidence,DECISION-TIME
45d95eae0dfc263e7730bf55,random_stratified,0,2069676,2,2,2,600,600,29.296875,29.296875,100,100,1,2,1,2069685,0,0.13953488372093023,0.13953488372093023,0.27906976744186052,True,correct,correct;high_confidence,DECISION-TIME
37776a4b34fdadf904e8c974,random_stratified,0,2073058,2,2,2,600,600,29.296875,29.296875,100,100,1,2,2,2073066.5,0,0.13953488372093023,0.13953488372093023,0.27906976744186052,True,correct,correct;high_confidence,DECISION-TIME
ed1a35dfafb62b66f991c216,random_stratified,0,2076075,2,2,2,600,600,34.1796875,39.0625,10,10,1,2,2,2076079.5,0,0.15021459227467809,0.15021459227467809,0.30042918454935619,True,correct,correct;high_confidence,DECISION-TIME
2eb0baf00089da7998df66c6,random_stratified,0,2080195,1,1,1,600,600,29.296875,29.296875,100,100,1,1,1,2080203,0,0.15021459227467809,0.15021459227467809,0.30042918454935619,True,correct,correct;high_confidence,DECISION-TIME
2a5c0133ef378bf57549bc7a,random_stratified,1,2080434,2,2,15,600,600,17.08984375,24.4140625,25,25,1,15,10,2080443,0,0.13953488372093023,0.13953488372093023,0.27906976744186052,False,high_confidence_error,false_negative;high_confidence,DECISION-TIME
6715f6933c24c793a9f44e37,random_stratified,0,2101569,1,1,1,600,600,29.296875,29.296875,100,100,1,1,1,2101576,0,0.15021459227467809,0.15021459227467809,0.30042918454935619,True,correct,correct;high_confidence,DECISION-TIME
71f2badc31e2eb3a022dfa44,random_stratified,0,2110849,1,1,1,600,600,29.296875,29.296875,100,100,1,1,1,2112003,0,0.15021459227467809,0.15021459227467809,0.30042918454935619,True,correct,correct;high_confidence,DECISION-TIME
cfbb01fd462506cc266b4d3d,random_stratified,0,2119147,1,1,1,600,600,29.296875,29.296875,100,100,1,1,1,2119150,0,0.15021459227467809,0.15021459227467809,0.30042918454935619,True,correct,correct;high_confidence,DECISION-TIME
b12570a20a5c5c92c5b04044,random_stratified,0,2123958,1,1,1,600,600,29.296875,29.296875,5,5,1,1,1,2123972,0,0.20978120978120979,0.20978120978120979,0.41956241956241958,True,correct,correct;high_confidence,DECISION-TIME
2c4faafb5ec108914977431e,random_stratified,0,2131800,1,1,1,600,600,29.296875,29.296875,100,100,1,1,1,2131808,0,0.15021459227467809,0.15021459227467809,0.30042918454935619,True,correct,correct;high_confidence,DECISION-TIME
6470434907f9b90d506f1208,random_stratified,0,2132452,1,1,1,600,600,29.296875,29.296875,25,25,1,1,1,2132456,0,0.20978120978120979,0.20978120978120979,0.41956241956241958,True,correct,correct;high_confidence,DECISION-TIME
ed39721efebdf098bab2bfd1,random_stratified,0,2133650,1,1,2,1600,1600,31.25,31.25,50,50,1,2,1,2133659,0,0.13953488372093023,0.13953488372093023,0.27906976744186052,True,correct,correct;high_confidence,DECISION-TIME
925081cd66ee5793ffa4ddf9,random_stratified,0,2134987,1,1,1,600,600,29.296875,29.296875,10,10,1,1,1,2134995,0,0.20978120978120979,0.20978120978120979,0.41956241956241958,True,correct,correct;high_confidence,DECISION-TIME
de49635c3c7eb15388a551c3,random_stratified,0,2135909,1,1,1,600,600,29.296875,29.296875,10,10,1,1,1,2135955,0,0.20978120978120979,0.20978120978120979,0.41956241956241958,True,correct,correct;high_confidence,DECISION-TIME
afa08a4a98358eef8b6a8f8a,random_stratified,0,2148956,2,2,51,250,400,2.9296875,4.8828125,100,100,1,51,31,2148965.3333333335,0,0.073170731707317069,0.073170731707317069,0.14634146341463417,True,correct,correct;high_confidence,DECISION-TIME
11da6a4b93c810d9e506ab0e,random_stratified,0,2158088,1,1,1,600,600,29.296875,29.296875,50,50,1,1,1,2158096,0,0.20978120978120979,0.20978120978120979,0.41956241956241958,True,correct,correct;high_confidence,DECISION-TIME
896630e579c5f2a07823be14,random_stratified,1,2160289,2,2,25,600,600,29.296875,29.296875,25,25,1,25,19,2160324,0,0.15021459227467809,0.15021459227467809,0.30042918454935619,False,high_confidence_error,false_negative;high_confidence,DECISION-TIME
c031dae76a202225890e1e0e,random_stratified,0,2161347,2,2,31,350,600,3.75,5.5,25,25,1,31,10,2173096.064516129,0,0.073170731707317069,0.073170731707317069,0.14634146341463417,True,correct,correct;high_confidence,DECISION-TIME
837435380bfeb69632507097,random_stratified,0,2172075,1,1,1,600,600,29.296875,29.296875,25,25,1,1,1,2172089,0,0.20978120978120979,0.20978120978120979,0.41956241956241958,True,correct,correct;high_confidence,DECISION-TIME
bba42bbd7de84c56af106129,random_stratified,0,2177807,1,1,1,600,600,29.296875,29.296875,50,50,1,1,1,2177821,0,0.20978120978120979,0.20978120978120979,0.41956241956241958,True,correct,correct;high_confidence,DECISION-TIME
539e70fb73267707bd84b3d2,random_stratified,0,2178784,1,1,1,1800,1800,58.59375,58.59375,100,100,1,1,1,2181937,0,0.15021459227467809,0.15021459227467809,0.30042918454935619,True,correct,correct;high_confidence,DECISION-TIME
cacf7f339beb5160fa3b12a3,random_stratified,0,2182297,1,1,1,600,600,29.296875,29.296875,100,100,1,1,1,2182301,0,0.15021459227467809,0.15021459227467809,0.30042918454935619,True,correct,correct;high_confidence,DECISION-TIME
cb36cc3eeb4b53f223f6b92e,random_stratified,0,2183725,1,1,1,600,600,29.296875,29.296875,25,25,1,1,1,2183730,0,0.20978120978120979,0.20978120978120979,0.41956241956241958,True,correct,correct;high_confidence,DECISION-TIME
50338564610a7ec71da6b1aa,random_stratified,0,2185018,2,2,6,400,600,17.1484375,29.296875,25,25,1,6,4,2185027.3333333335,0,0.13953488372093023,0.13953488372093023,0.27906976744186052,True,correct,correct;high_confidence,DECISION-TIME
7757f562547cbae997eaa858,random_stratified,0,2189286,1,1,1,600,600,29.296875,29.296875,200,200,1,1,1,2189292,0,0.13953488372093023,0.13953488372093023,0.27906976744186052,True,correct,correct;high_confidence,DECISION-TIME
fb795b3d440e1ad0e97d7038,random_stratified,0,2191744,3,3,5,466.66666666666669,600,10.932291666666666,29.296875,25,25,1,5,3,2191748.7999999998,0,0.073170731707317069,0.073170731707317069,0.14634146341463417,True,correct,correct;high_confidence,DECISION-TIME
8f43d877f4f9f6b0c4ed747f,random_stratified,0,2195533,1,1,1,600,600,29.296875,29.296875,10,10,1,1,1,2195537,0,0.20978120978120979,0.20978120978120979,0.41956241956241958,True,correct,correct;high_confidence,DECISION-TIME
b840405f1a614c626b55bfc9,random_stratified,0,2195919,1,1,1,600,600,29.296875,29.296875,10,10,1,1,1,2195930,0,0.20978120978120979,0.20978120978120979,0.41956241956241958,True,correct,correct;high_confidence,DECISION-TIME
cb2071235cfd55a7a656435c,random_stratified,1,2199764,1,1,1,1800,1800,58.59375,58.59375,100,100,1,1,1,2199772,0,0.15021459227467809,0.15021459227467809,0.30042918454935619,False,high_confidence_error,false_negative;high_confidence,DECISION-TIME
59707fc532cb18508c8d689d,random_stratified,0,2202718,1,1,1,600,600,29.296875,29.296875,200,200,1,1,1,2202721,0,0.13953488372093023,0.13953488372093023,0.27906976744186052,True,correct,correct;high_confidence,DECISION-TIME
45f641a8cf86e5b219a1bf8c,random_stratified,1,2208094,2,2,35,500,600,12.20703125,14.6484375,25,25,1,35,23,2208109,0,0.13953488372093023,0.13953488372093023,0.27906976744186052,False,high_confidence_error,false_negative;high_confidence,DECISION-TIME
4b9c328dc83cbbe6b6c1e3e7,random_stratified,0,2209584,1,1,1,600,600,29.296875,29.296875,100,100,1,1,1,2209596,0,0.15021459227467809,0.15021459227467809,0.30042918454935619,True,correct,correct;high_confidence,DECISION-TIME
81681fac046c07b7b3e7801e,random_stratified,1,2209741,1,1,1,600,600,29.296875,29.296875,200,200,1,1,1,2209746,0,0.13953488372093023,0.13953488372093023,0.27906976744186052,False,high_confidence_error,false_negative;high_confidence,DECISION-TIME
70ea7e3a5ea5f162e66f30dc,random_stratified,0,2213062,1,1,1,600,600,29.296875,29.296875,10,10,1,1,1,2213071,0,0.20978120978120979,0.20978120978120979,0.41956241956241958,True,correct,correct;high_confidence,DECISION-TIME
3e33a7e17543ac030038ff50,random_stratified,0,2213196,3,3,3,466.66666666666669,600,11.098958333333334,29.296875,25,25,1,3,2,2213200.3333333335,0,0.073170731707317069,0.073170731707317069,0.14634146341463417,True,correct,correct;high_confidence,DECISION-TIME
f640f479660f431c1891d3c0,random_stratified,0,2214809,1,1,1,1800,1800,58.59375,58.59375,100,100,1,1,1,2226739,0,0.15021459227467809,0.15021459227467809,0.30042918454935619,True,correct,correct;high_confidence,DECISION-TIME
26d114a628f268e87b834a46,random_stratified,0,2218692,1,1,1,1800,1800,58.59375,58.59375,100,100,1,1,1,2218703,0,0.15021459227467809,0.15021459227467809,0.30042918454935619,True,correct,correct;high_confidence,DECISION-TIME
9b32693525c67af62fbf9af8,random_stratified,0,2221522,1,1,1,600,600,29.296875,29.296875,10,10,1,1,1,2221631,0,0.20978120978120979,0.20978120978120979,0.41956241956241958,True,correct,correct;high_confidence,DECISION-TIME
4b637729ed98ab3c37cead7a,random_stratified,0,2250899,2,2,26,350,600,2,2,25,25,1,26,15,2251101.5384615385,0,0.073170731707317069,0.073170731707317069,0.14634146341463417,True,correct,correct;high_confidence,DECISION-TIME
5d808013b4ad5ec372042537,random_stratified,0,2259603,1,1,1,600,600,29.296875,29.296875,25,25,1,1,1,2259611,0,0.20978120978120979,0.20978120978120979,0.41956241956241958,True,correct,correct;high_confidence,DECISION-TIME
353d295d1a4ac7bb68961274,random_stratified,0,2260375,2,2,4,600,600,29.296875,29.296875,50,50,1,4,1,2260380.75,0,0.13953488372093023,0.13953488372093023,0.27906976744186052,True,correct,correct;high_confidence,DECISION-TIME
f13f5237edcb549d0337217a,random_stratified,0,2271436,2,2,25,600,600,19.53125,19.53125,20,20,1,25,22,2271450.3199999998,0,0.13953488372093023,0.13953488372093023,0.27906976744186052,True,correct,correct;high_confidence,DECISION-TIME
d145697300c4306de79ba44f,random_stratified,1,2279234,2,2,3,800,1000,73.2421875,117.1875,50,50,1,3,3,2279357,1,0.63414634146341464,0.63414634146341464,0.73170731707317072,True,correct,correct;low_confidence,DECISION-TIME
306f2432ea6ac88b8b6ffff4,random_stratified,0,2283334,1,1,1,600,600,29.296875,29.296875,10,10,1,1,1,2283341,0,0.20978120978120979,0.20978120978120979,0.41956241956241958,True,correct,correct;high_confidence,DECISION-TIME
6116a114a59c56ce360ac722,random_stratified,0,2288590,1,1,1,600,600,29.296875,29.296875,100,100,1,1,1,2288593,0,0.15021459227467809,0.15021459227467809,0.30042918454935619,True,correct,correct;high_confidence,DECISION-TIME
9083808b8b96a0ad28fde59b,random_stratified,1,2299220,1,1,10,1800,1800,58.59375,58.59375,100,100,1,10,7,2299232,0,0.17598659918738829,0.17598659918738829,0.35197319837477659,False,high_confidence_error,false_negative;high_confidence,DECISION-TIME
ab8b36125efeb2e353116374,random_stratified,0,2302355,1,1,1,600,600,29.296875,29.296875,100,100,1,1,1,2302358,0,0.15021459227467809,0.15021459227467809,0.30042918454935619,True,correct,correct;high_confidence,DECISION-TIME
264fb217819450d78adbc0ab,random_stratified,1,2305780,2,2,9,600,600,29.296875,29.296875,100,100,1,9,2,2305825,0,0.13953488372093023,0.13953488372093023,0.27906976744186052,False,high_confidence_error,false_negative;high_confidence,DECISION-TIME
49907a2ec74e551851e8ccc9,random_stratified,0,2306612,2,2,13,400,600,2,2,25,25,1,13,9,2306616.4615384615,0,0.073170731707317069,0.073170731707317069,0.14634146341463417,True,correct,correct;high_confidence,DECISION-TIME
18de2a3c223306c617cadd21,random_stratified,1,2306795,1,1,2,1800,1800,58.59375,58.59375,100,100,1,2,1,2306808,0,0.15021459227467809,0.15021459227467809,0.30042918454935619,False,high_confidence_error,false_negative;high_confidence,DECISION-TIME
db34381c61193b25264b767f,random_stratified,0,2308053,1,1,1,600,600,29.296875,29.296875,200,200,1,1,1,2308594,0,0.13953488372093023,0.13953488372093023,0.27906976744186052,True,correct,correct;high_confidence,DECISION-TIME
954fc1cf555d09da63f14386,random_stratified,0,2309559,1,1,1,600,600,29.296875,29.296875,10,10,1,1,1,2311135,0,0.20978120978120979,0.20978120978120979,0.41956241956241958,True,correct,correct;high_confidence,DECISION-TIME
c8ea36b8e1c251f545b3b2b8,random_stratified,0,2312599,1,1,1,600,600,29.296875,29.296875,100,100,1,1,1,2312611,0,0.15021459227467809,0.15021459227467809,0.30042918454935619,True,correct,correct;high_confidence,DECISION-TIME
2ee068618db9639a54e0aaae,random_stratified,0,2325562,1,1,1,600,600,29.296875,29.296875,100,100,1,1,1,2325680,0,0.15021459227467809,0.15021459227467809,0.30042918454935619,True,correct,correct;high_confidence,DECISION-TIME
0bdbb8a65730b5def949e2cd,random_stratified,0,2326200,1,1,10,600,600,29.296875,29.296875,50,50,1,10,3,2326203.3999999999,0,0.20978120978120979,0.20978120978120979,0.41956241956241958,True,correct,correct;high_confidence,DECISION-TIME
95a89b072962d32d1993eb49,random_stratified,0,2337536,2,2,21,700,800,11.71875,19.53125,50,50,1,21,13,2337545.6190476189,0,0.073170731707317069,0.073170731707317069,0.14634146341463417,True,correct,correct;high_confidence,DECISION-TIME
e7506a0a37efd23be27b29ae,random_stratified,0,2339312,2,2,15,600,600,29.296875,39.0625,50,50,1,15,12,2339488.2000000002,0,0.13953488372093023,0.13953488372093023,0.27906976744186052,True,correct,correct;high_confidence,DECISION-TIME
b2927ad9bc682fd2c30c6d94,random_stratified,1,2339904,1,1,1,1000,1000,19.55078125,19.55078125,50,50,1,1,1,2339907,0,0.13953488372093023,0.13953488372093023,0.27906976744186052,False,high_confidence_error,false_negative;high_confidence,DECISION-TIME
31c65b625946b13e6391940e,random_stratified,1,2340187,1,1,1,600,600,29.296875,29.296875,100,100,1,1,1,2340191,0,0.15021459227467809,0.15021459227467809,0.30042918454935619,False,high_confidence_error,false_negative;high_confidence,DECISION-TIME
1dc54781ef98e90ad1c65949,random_stratified,0,2343404,1,1,1,600,600,29.296875,29.296875,25,25,1,1,1,2343413,0,0.20978120978120979,0.20978120978120979,0.41956241956241958,True,correct,correct;high_confidence,DECISION-TIME
1feff6c17951fc6ac66d8785,random_stratified,0,2343645,1,1,1,600,600,29.296875,29.296875,200,200,1,1,1,2343648,0,0.13953488372093023,0.13953488372093023,0.27906976744186052,True,correct,correct;high_confidence,DECISION-TIME
2600275f1262e367443d0aa3,random_stratified,0,2344362,1,1,1,600,600,29.296875,29.296875,100,100,1,1,1,2344370,0,0.15021459227467809,0.15021459227467809,0.30042918454935619,True,correct,correct;high_confidence,DECISION-TIME
d1315e85659c277e6f4c7c11,random_stratified,0,2349252,1,1,1,600,600,29.296875,29.296875,50,50,1,1,1,2349258,0,0.20978120978120979,0.20978120978120979,0.41956241956241958,True,correct,correct;high_confidence,DECISION-TIME
4b184b04b130945ade2ad605,random_stratified,1,2352585,1,1,1,1000,1000,19.55078125,19.55078125,50,50,1,1,1,2352588,0,0.13953488372093023,0.13953488372093023,0.27906976744186052,False,high_confidence_error,false_negative;high_confidence,DECISION-TIME
b5311d986aadd6ca862e7c0d,random_stratified,0,2352783,2,2,51,250,400,19.53125,19.53125,50,50,1,51,32,2352799.0392156863,0,0.13953488372093023,0.13953488372093023,0.27906976744186052,True,correct,correct;high_confidence,DECISION-TIME
81c7616f8e3175a446f01d8f,random_stratified,1,2360269,1,1,1,1800,1800,58.59375,58.59375,100,100,1,1,1,2360310,0,0.15579543944653959,0.15579543944653959,0.31159087889307924,False,high_confidence_error,false_negative;high_confidence,DECISION-TIME
25263923e0b444442b79287a,random_stratified,0,2361979,1,1,1,200,200,3.92578125,3.92578125,,,0,1,1,2361982,0,0.073170731707317069,0.073170731707317069,0.14634146341463417,True,correct,correct;high_confidence;feature_missingness,DECISION-TIME
9763076799b999f532318a50,random_stratified,0,2365533,1,1,1,800,800,15.625,15.625,100,100,1,1,1,2365546,0,0.13953488372093023,0.13953488372093023,0.27906976744186052,True,correct,correct;high_confidence,DECISION-TIME
a2531c6e0c776ad6a529903d,random_stratified,0,2368106,2,2,18,600,600,29.296875,29.296875,40,40,1,27,24,2368821.6800000002,0,0.20978120978120979,0.20978120978120979,0.41956241956241958,True,correct,correct;high_confidence,DECISION-TIME
7d6e3d9f379c8d4ea29139fa,random_stratified,1,2368192,1,1,1,600,600,29.296875,29.296875,10,10,1,1,1,2368312,0,0.20978120978120979,0.20978120978120979,0.41956241956241958,False,high_confidence_error,false_negative;high_confidence,DECISION-TIME
ab2214ef0f2319f540c626d7,random_stratified,1,2371033,1,1,1,600,600,29.296875,29.296875,100,100,1,1,1,2371046,0,0.15021459227467809,0.15021459227467809,0.30042918454935619,False,high_confidence_error,false_negative;high_confidence,DECISION-TIME
5fd20a06d9e389ccc119e804,random_stratified,0,2374628,1,1,1,3200,3200,58.59375,58.59375,300,300,1,1,1,2374632,0,0.073170731707317069,0.073170731707317069,0.14634146341463417,True,correct,correct;high_confidence,DECISION-TIME
67e6ba386f350d3ad01c71e4,random_stratified,0,2375457,2,2,40,500,600,12.20703125,14.6484375,50,50,1,40,33,2375472.5,0,0.13953488372093023,0.13953488372093023,0.27906976744186052,True,correct,correct;high_confidence,DECISION-TIME
2bde265eb0f574c266079b2a,random_stratified,0,2376361,1,1,1,600,600,29.296875,29.296875,100,100,1,1,1,2376369,0,0.15021459227467809,0.15021459227467809,0.30042918454935619,True,correct,correct;high_confidence,DECISION-TIME
88309401c691a67b719ef282,random_stratified,1,2385719,1,1,1,600,600,29.296875,29.296875,10,10,1,1,1,2403233,0,0.20978120978120979,0.20978120978120979,0.41956241956241958,False,high_confidence_error,false_negative;high_confidence,DECISION-TIME
6b476636a87762bf1be4f998,random_stratified,1,2390191,1,1,1,1800,1800,58.59375,58.59375,100,100,1,5,3,2393919,0,0.20978120978120979,0.20978120978120979,0.41956241956241958,False,high_confidence_error,false_negative;high_confidence,DECISION-TIME
b9ab1a274b1bcb2696ab14cd,random_stratified,0,2394377,1,1,1,600,600,29.296875,29.296875,100,100,1,1,1,2394384,0,0.15021459227467809,0.15021459227467809,0.30042918454935619,True,correct,correct;high_confidence,DECISION-TIME
4877f7ad2c9f9657d604e50f,random_stratified,0,2395594,1,1,1,600,600,29.296875,29.296875,50,50,1,1,1,2395598,0,0.20978120978120979,0.20978120978120979,0.41956241956241958,True,correct,correct;high_confidence,DECISION-TIME
687ab6530d973eb2b5998ce9,random_stratified,0,2415087,1,1,1,600,600,29.296875,29.296875,100,100,1,1,1,2415096,0,0.15021459227467809,0.15021459227467809,0.30042918454935619,True,correct,correct;high_confidence,DECISION-TIME
fac9b38160b88a9fed8318ef,random_stratified,0,2418530,1,1,1,1000,1000,19.55078125,19.55078125,50,50,1,1,1,2418533,0,0.13953488372093023,0.13953488372093023,0.27906976744186052,True,correct,correct;high_confidence,DECISION-TIME
bf332e489455d3719a96fd99,random_stratified,1,2433499,1,1,1,1800,1800,58.59375,58.59375,100,100,1,1,1,2433509,0,0.20000000000000001,0.20000000000000001,0.40000000000000002,False,high_confidence_error,false_negative;high_confidence,DECISION-TIME
adf0bb8dd33fff10eb16d695,random_stratified,0,2442145,1,1,1,600,600,29.296875,29.296875,100,100,1,1,1,2442149,0,0.15021459227467809,0.15021459227467809,0.30042918454935619,True,correct,correct;high_confidence,DECISION-TIME
86896b6fb9946203534b9eb7,random_stratified,1,2445986,2,2,5,600,600,14.6484375,19.53125,25,25,1,5,3,2446004,0,0.13953488372093023,0.13953488372093023,0.27906976744186052,False,high_confidence_error,false_negative;high_confidence,DECISION-TIME
22f36afa12acb7873aae4e25,random_stratified,0,2448805,1,1,1,600,600,29.296875,29.296875,100,100,1,1,1,2448809,0,0.15021459227467809,0.15021459227467809,0.30042918454935619,True,correct,correct;high_confidence,DECISION-TIME
c9d3c7b5c3149cd70371f094,random_stratified,0,2448905,1,1,1,600,600,29.296875,29.296875,100,100,1,1,1,2448908,0,0.15021459227467809,0.15021459227467809,0.30042918454935619,True,correct,correct;high_confidence,DECISION-TIME
57a8a526d520481c8616d71d,random_stratified,0,2449019,2,2,2,600,600,2.9296875,2.9296875,100,100,1,2,2,2449027,0,0.073170731707317069,0.073170731707317069,0.14634146341463417,True,correct,correct;high_confidence,DECISION-TIME
f3de8b9925a7954d6006b2ea,random_stratified,0,2453742,1,1,1,1000,1000,19.55078125,19.55078125,50,50,1,1,1,2453745,0,0.13953488372093023,0.13953488372093023,0.27906976744186052,True,correct,correct;high_confidence,DECISION-TIME
4f8519d7a2afd4c09b887345,random_stratified,0,2456469,1,1,1,600,600,29.296875,29.296875,10,10,1,1,1,2456513,0,0.20978120978120979,0.20978120978120979,0.41956241956241958,True,correct,correct;high_confidence,DECISION-TIME
1ec16db18aca49e9726cabcc,random_stratified,0,2462292,1,1,1,600,600,29.296875,29.296875,25,25,1,1,1,2462308,0,0.20978120978120979,0.20978120978120979,0.41956241956241958,True,correct,correct;high_confidence,DECISION-TIME
58e0dcb71d2de061b96bf9e1,random_stratified,0,2463306,1,1,1,600,600,29.296875,29.296875,100,100,1,1,1,2463312,0,0.15021459227467809,0.15021459227467809,0.30042918454935619,True,correct,correct;high_confidence,DECISION-TIME
c310549d777aeabffc6e5e7c,random_stratified,0,2480163,1,1,1,600,600,29.296875,29.296875,100,100,1,1,1,2480166,0,0.15021459227467809,0.15021459227467809,0.30042918454935619,True,correct,correct;high_confidence,DECISION-TIME
3e89b73ced39323772b77d52,random_stratified,0,2481200,2,2,2,600,600,29.296875,29.296875,100,100,1,2,2,2481206,0,0.13953488372093023,0.13953488372093023,0.27906976744186052,True,correct,correct;high_confidence,DECISION-TIME
43d386ecf244e34f341cb21b,random_stratified,0,2485002,2,2,2,600,600,2.9296875,2.9296875,100,100,1,2,2,2485011.5,0,0.073170731707317069,0.073170731707317069,0.14634146341463417,True,correct,correct;high_confidence,DECISION-TIME
54fe7725b77d8e6f23a3f74c,random_stratified,0,2485910,2,2,2,600,600,2.9296875,2.9296875,100,100,1,2,2,2485920,0,0.073170731707317069,0.073170731707317069,0.14634146341463417,True,correct,correct;high_confidence,DECISION-TIME
d81c3c627d13118b13a9a8b1,random_stratified,0,2493714,1,1,1,600,600,29.296875,29.296875,100,100,1,1,1,2498527,0,0.15021459227467809,0.15021459227467809,0.30042918454935619,True,correct,correct;high_confidence,DECISION-TIME
316f6c94b32dff40178e44da,random_stratified,0,2503976,1,1,1,600,600,29.296875,29.296875,100,100,1,1,1,2503979,0,0.15021459227467809,0.15021459227467809,0.30042918454935619,True,correct,correct;high_confidence,DECISION-TIME
de959e85bd6f252adc671bea,random_stratified,0,2505799,1,1,1,600,600,29.296875,29.296875,100,100,1,1,1,2505802,0,0.15021459227467809,0.15021459227467809,0.30042918454935619,True,correct,correct;high_confidence,DECISION-TIME
39cfd3be14a1b5ac452939cd,random_stratified,0,2512664,1,1,1,600,600,29.296875,29.296875,50,50,1,1,1,2512671,0,0.20978120978120979,0.20978120978120979,0.41956241956241958,True,correct,correct;high_confidence,DECISION-TIME
55743ba75dfdff8d31bae4d6,random_stratified,0,2513097,1,1,1,200,200,3.90625,3.90625,1,1,1,1,1,2513100,0,0.13953488372093023,0.13953488372093023,0.27906976744186052,True,correct,correct;high_confidence,DECISION-TIME
642dd993e66c9ebd5927d036,random_stratified,0,2518963,1,1,1,600,600,29.296875,29.296875,100,100,1,1,1,2519080,0,0.15021459227467809,0.15021459227467809,0.30042918454935619,True,correct,correct;high_confidence,DECISION-TIME
0e73e3603be2ff22d8fcba4a,random_stratified,1,2519091,2,2,20,600,600,15.625,19.53125,25,25,1,81,53,2519293.7580645164,1,0.84768211920529801,0.84768211920529801,0.30463576158940397,True,correct,correct;high_confidence,DECISION-TIME
093b9c2cb937cde310a23290,random_stratified,0,2521730,2,2,11,600,600,29.296875,29.296875,25,25,1,14,6,2522066.7857142859,0,0.15021459227467809,0.15021459227467809,0.30042918454935619,True,correct,correct;high_confidence,DECISION-TIME
560149d437e655592f8bdcd7,random_stratified,0,2526844,1,1,16,50,50,29.296875,29.296875,100,100,1,16,9,2526847,0,0.20978120978120979,0.20978120978120979,0.41956241956241958,True,correct,correct;high_confidence,DECISION-TIME
47262db9ec41d8c368c7ffab,random_stratified,0,2527095,1,1,1,600,600,29.296875,29.296875,25,25,1,1,1,2527102,0,0.20978120978120979,0.20978120978120979,0.41956241956241958,True,correct,correct;high_confidence,DECISION-TIME
57f58434d1b0eb5bc90ed05c,random_stratified,0,2527099,1,1,1,600,600,29.296875,29.296875,100,100,1,1,1,2527102,0,0.15021459227467809,0.15021459227467809,0.30042918454935619,True,correct,correct;high_confidence,DECISION-TIME
0d1444288cfd41211e1b349e,random_stratified,1,2529271,1,1,1,600,600,29.296875,29.296875,100,100,1,1,1,2529375,0,0.15021459227467809,0.15021459227467809,0.30042918454935619,False,high_confidence_error,false_negative;high_confidence,DECISION-TIME
0cd5db96f6506f5196a9f02c,random_stratified,0,2531908,1,1,1,600,600,29.296875,29.296875,100,100,1,1,1,2531917,0,0.15021459227467809,0.15021459227467809,0.30042918454935619,True,correct,correct;high_confidence,DECISION-TIME
f3e8068cb902177a54812efe,random_stratified,1,2533432,1,1,1,600,600,29.296875,29.296875,100,100,1,1,1,2533571,0,0.15021459227467809,0.15021459227467809,0.30042918454935619,False,high_confidence_error,false_negative;high_confidence,DECISION-TIME
7e1fb26b6350093f2f9bcbcf,random_stratified,0,2538676,1,1,1,1800,1800,58.59375,58.59375,100,100,1,1,1,2546673,0,0.20978120978120979,0.20978120978120979,0.41956241956241958,True,correct,correct;high_confidence,DECISION-TIME
dbbcff29c3a3dea3cec4b5d1,random_stratified,0,2540646,1,1,1,600,600,29.296875,29.296875,10,10,1,1,1,2540656,0,0.20978120978120979,0.20978120978120979,0.41956241956241958,True,correct,correct;high_confidence,DECISION-TIME
4caa9b917337a5d4b0efb630,random_stratified,0,2541876,2,2,9,600,600,29.296875,29.296875,25,25,1,9,6,2542862.888888889,0,0.15021459227467809,0.15021459227467809,0.30042918454935619,True,correct,correct;high_confidence,DECISION-TIME
4ced96abe74dca8ddad7c8bc,random_stratified,1,2544224,2,2,2,600,600,29.296875,29.296875,100,100,1,2,2,2544227,0,0.13953488372093023,0.13953488372093023,0.27906976744186052,False,high_confidence_error,false_negative;high_confidence,DECISION-TIME
b5938340c85adc52becd4edd,random_stratified,0,2559825,1,1,1,600,600,29.296875,29.296875,10,10,1,1,1,2559833,0,0.20978120978120979,0.20978120978120979,0.41956241956241958,True,correct,correct;high_confidence,DECISION-TIME
71b88df53197852d09791c21,random_stratified,0,2564871,1,1,64,100,100,9.78515625,9.78515625,1,1,1,64,24,2564879.421875,0,0.15021459227467809,0.15021459227467809,0.30042918454935619,True,correct,correct;high_confidence,DECISION-TIME
7ee0e41330c1b47604c4fbd1,random_stratified,0,2564967,1,1,1,1000,1000,19.53125,19.53125,300,300,1,1,1,2567985,0,0.073170731707317069,0.073170731707317069,0.14634146341463417,True,correct,correct;high_confidence,DECISION-TIME
fb60f92a8e394339db249986,random_stratified,0,2565018,1,1,1,600,600,29.296875,29.296875,100,100,1,1,1,2565134,0,0.15021459227467809,0.15021459227467809,0.30042918454935619,True,correct,correct;high_confidence,DECISION-TIME
2ac5fa8872fdb5bd722c7cd6,random_stratified,0,2569168,1,1,1,1000,1000,9.765625,9.765625,100,100,1,1,1,2569661,0,0.073170731707317069,0.073170731707317069,0.14634146341463417,True,correct,correct;high_confidence,DECISION-TIME
ed6299faa50e255f09b13acc,random_stratified,0,2571928,1,1,1,3200,3200,19.53125,19.53125,100,100,1,1,1,2571931,0,0,0,0,True,correct,correct;high_confidence,DECISION-TIME
95a067ba53c561a12b7adb06,random_stratified,0,2575380,1,1,1,600,600,29.296875,29.296875,50,50,1,1,1,2575383,0,0.20978120978120979,0.20978120978120979,0.41956241956241958,True,correct,correct;high_confidence,DECISION-TIME
5671e6dc81fc680710a352a1,random_stratified,0,2584723,1,1,10,600,600,29.296875,29.296875,50,50,1,10,4,2584726.1000000001,0,0.20978120978120979,0.20978120978120979,0.41956241956241958,True,correct,correct;high_confidence,DECISION-TIME
c6fc865f64f425618f191751,random_stratified,0,2588519,2,2,2,600,600,29.296875,29.296875,100,100,1,2,1,2588536,0,0.13953488372093023,0.13953488372093023,0.27906976744186052,True,correct,correct;high_confidence,DECISION-TIME
d5fd4ee66914f05100764737,random_stratified,0,2589751,2,2,13,350,600,2,2,25,25,1,13,6,2589756.4615384615,0,0.073170731707317069,0.073170731707317069,0.14634146341463417,True,correct,correct;high_confidence,DECISION-TIME
41ed5403239e8fa152d3c940,random_stratified,0,2601382,1,1,1,600,600,29.296875,29.296875,100,100,1,1,1,2601502,0,0.15021459227467809,0.15021459227467809,0.30042918454935619,True,correct,correct;high_confidence,DECISION-TIME
1138441337cc6b35d70baf5d,random_stratified,1,2602897,1,1,1,600,600,29.296875,29.296875,100,100,1,1,1,2603000,0,0.15021459227467809,0.15021459227467809,0.30042918454935619,False,high_confidence_error,false_negative;high_confidence,DECISION-TIME
bda9449223bb60f01ca65b00,random_stratified,0,2603247,1,1,1,600,600,29.296875,29.296875,100,100,1,1,1,2603708,0,0.15021459227467809,0.15021459227467809,0.30042918454935619,True,correct,correct;high_confidence,DECISION-TIME
6149696cad30db47aa984fd1,random_stratified,0,2606198,1,1,1,600,600,29.296875,29.296875,100,100,1,2,2,2607131,0,0.15021459227467809,0.15021459227467809,0.30042918454935619,True,correct,correct;high_confidence,DECISION-TIME
574bd13c645ebe98e1102c6f,random_stratified,0,2607988,1,1,1,1800,1800,58.59375,58.59375,100,100,1,1,1,2608853,0,0.20978120978120979,0.20978120978120979,0.41956241956241958,True,correct,correct;high_confidence,DECISION-TIME
2960b35c7eb55cb10b0588a5,random_stratified,0,2609268,2,2,2,600,600,2.9296875,2.9296875,100,100,1,3,3,2609354.6666666665,0,0.073170731707317069,0.073170731707317069,0.14634146341463417,True,correct,correct;high_confidence,DECISION-TIME
6eafd6ef62bf784cdb9801db,random_stratified,0,2617991,1,1,1,600,600,29.296875,29.296875,50,50,1,1,1,2617994,0,0.20978120978120979,0.20978120978120979,0.41956241956241958,True,correct,correct;high_confidence,DECISION-TIME
688348e440d9f62e05330fbd,random_stratified,0,2623277,1,1,1,600,600,29.296875,29.296875,100,100,1,1,1,2625552,0,0.15021459227467809,0.15021459227467809,0.30042918454935619,True,correct,correct;high_confidence,DECISION-TIME
7d067bf999648b646b5d43e3,random_stratified,0,2626632,1,1,1,600,600,29.296875,29.296875,10,10,1,1,1,2626641,0,0.20978120978120979,0.20978120978120979,0.41956241956241958,True,correct,correct;high_confidence,DECISION-TIME
ec4e12afd586d82ceff36b45,random_stratified,1,2627719,1,1,1,600,600,29.296875,29.296875,10,10,1,1,1,2627736,0,0.20978120978120979,0.20978120978120979,0.41956241956241958,False,high_confidence_error,false_negative;high_confidence,DECISION-TIME
a7d1e4a6c99f5829fca94760,random_stratified,0,2640099,1,1,1,600,600,29.296875,29.296875,50,50,1,1,1,2640110,0,0.20978120978120979,0.20978120978120979,0.41956241956241958,True,correct,correct;high_confidence,DECISION-TIME
6eec92da09e75c3a6a070f02,random_stratified,0,2642399,1,1,40,600,600,29.296875,29.296875,80,80,1,40,30,2642411.2000000002,0,0.20978120978120979,0.20978120978120979,0.41956241956241958,True,correct,correct;high_confidence,DECISION-TIME
a14902297a7b33d0b218a622,random_stratified,0,2651898,1,1,1,100,100,29.296875,29.296875,25,25,1,1,1,2651949,0,0.20978120978120979,0.20978120978120979,0.41956241956241958,True,correct,correct;high_confidence,DECISION-TIME
4e8d4dab23315286262849f8,random_stratified,0,2657601,1,1,2,1500,1500,48.84765625,48.84765625,100,100,1,2,1,2657613,0,0.15021459227467809,0.15021459227467809,0.30042918454935619,True,correct,correct;high_confidence,DECISION-TIME
ef1eb5ed557b2e6ef192ee04,random_stratified,0,2659786,1,1,1,600,600,29.296875,29.296875,10,10,1,1,1,2659831,0,0.20978120978120979,0.20978120978120979,0.41956241956241958,True,correct,correct;high_confidence,DECISION-TIME
ed7a345e7c9b282ebdef4624,random_stratified,0,2660678,1,1,1,600,600,29.296875,29.296875,100,100,1,1,1,2660689,0,0.15021459227467809,0.15021459227467809,0.30042918454935619,True,correct,correct;high_confidence,DECISION-TIME
14163a5150d51f3c1045bef5,random_stratified,0,2666128,1,1,1,600,600,29.296875,29.296875,100,100,1,1,1,2667204,0,0.15021459227467809,0.15021459227467809,0.30042918454935619,True,correct,correct;high_confidence,DECISION-TIME
aa5c987d1223c16a72466249,random_stratified,0,2679883,2,2,52,1000,1000,9.765625,9.765625,10,10,1,52,37,2679900.769230769,0,0.073170731707317069,0.073170731707317069,0.14634146341463417,True,correct,correct;high_confidence,DECISION-TIME
263c5b6e91a7256e4668fba2,random_stratified,1,2690535,1,1,2,4000,4000,46.875,46.875,50,50,1,2,2,2690538,0,0.073170731707317069,0.073170731707317069,0.14634146341463417,False,high_confidence_error,false_negative;high_confidence,DECISION-TIME
d4b4aaf5d60eb442b8a0e09e,random_stratified,0,2692080,1,1,1,600,600,29.296875,29.296875,25,25,1,1,1,2692085,0,0.20978120978120979,0.20978120978120979,0.41956241956241958,True,correct,correct;high_confidence,DECISION-TIME
b2745712bb2a6650b1ce7669,random_stratified,0,2692833,1,1,1,1000,1000,19.55078125,19.55078125,50,50,1,1,1,2692836,0,0.13953488372093023,0.13953488372093023,0.27906976744186052,True,correct,correct;high_confidence,DECISION-TIME
a1a4c52e49d736f132a94c01,random_stratified,0,2693328,1,1,1,600,600,29.296875,29.296875,100,100,1,1,1,2693341,0,0.15021459227467809,0.15021459227467809,0.30042918454935619,True,correct,correct;high_confidence,DECISION-TIME
4759f1ff14ee0808faa56b90,random_stratified,0,2710936,1,1,1,1800,1800,58.59375,58.59375,100,100,1,1,1,2710949,0,0.20978120978120979,0.20978120978120979,0.41956241956241958,True,correct,correct;high_confidence,DECISION-TIME
8c45414fa7a0cb06ce382adf,random_stratified,0,2713855,1,1,1,600,600,29.296875,29.296875,10,10,1,1,1,2713866,0,0.20978120978120979,0.20978120978120979,0.41956241956241958,True,correct,correct;high_confidence,DECISION-TIME
27e8418ed9fbabbc69ec88fc,random_stratified,0,2728917,2,2,45,450,600,19.53125,29.296875,25,25,1,45,25,2728930.1777777779,0,0.13953488372093023,0.13953488372093023,0.27906976744186052,True,correct,correct;high_confidence,DECISION-TIME
36cd99758c2989b814237085,random_stratified,0,2737041,1,1,1,600,600,29.296875,29.296875,200,200,1,1,1,2737050,0,0.13953488372093023,0.13953488372093023,0.27906976744186052,True,correct,correct;high_confidence,DECISION-TIME
8d74615755e82f0a9415af34,random_stratified,0,2738376,1,1,1,100,100,29.296875,29.296875,25,25,1,1,1,2738424,0,0.20978120978120979,0.20978120978120979,0.41956241956241958,True,correct,correct;high_confidence,DECISION-TIME
264e3b189a46ab98619c1c33,random_stratified,0,2740078,1,1,1,600,600,29.296875,29.296875,100,100,1,1,1,2740081,0,0.15021459227467809,0.15021459227467809,0.30042918454935619,True,correct,correct;high_confidence,DECISION-TIME
2370f5016d1a23130498d0b4,random_stratified,0,2751278,1,1,1,600,600,29.296875,29.296875,50,50,1,1,1,2751282,0,0.20978120978120979,0.20978120978120979,0.41956241956241958,True,correct,correct;high_confidence,DECISION-TIME
d4c91caca241227c4f69f11c,random_stratified,0,2752359,2,2,2,600,600,2.9296875,2.9296875,100,100,1,2,2,2752368.5,0,0.073170731707317069,0.073170731707317069,0.14634146341463417,True,correct,correct;high_confidence,DECISION-TIME
97ed0e94a59157e4a5189ec1,random_stratified,0,2752713,1,1,1,600,600,29.296875,29.296875,100,100,1,1,1,2755866,0,0.15021459227467809,0.15021459227467809,0.30042918454935619,True,correct,correct;high_confidence,DECISION-TIME
87083ff2d42fcb5fc6c0bad7,random_stratified,0,2760568,2,2,2,600,600,29.296875,29.296875,100,100,1,2,1,2760581.5,0,0.13953488372093023,0.13953488372093023,0.27906976744186052,True,correct,correct;high_confidence,DECISION-TIME
f01f027b46ecd89f7e28eae6,random_stratified,0,2761222,1,1,1,600,600,29.296875,29.296875,100,100,1,1,1,2761252,0,0.15021459227467809,0.15021459227467809,0.30042918454935619,True,correct,correct;high_confidence,DECISION-TIME
9735c09a380c40b17ed3026a,random_stratified,0,2762488,1,1,1,600,600,29.296875,29.296875,100,100,1,1,1,2762493,0,0.15021459227467809,0.15021459227467809,0.30042918454935619,True,correct,correct;high_confidence,DECISION-TIME
dfa78fb531ab351967c51421,random_stratified,0,2766733,2,2,31,600,600,29.296875,29.296875,25,25,1,31,12,2766747.8709677421,0,0.15021459227467809,0.15021459227467809,0.30042918454935619,True,correct,correct;high_confidence,DECISION-TIME
cafadc4dfdc06d72fd9b194c,random_stratified,1,2771601,2,2,55,600,600,29.296875,39.0625,25,25,1,55,30,2771613,0,0.15021459227467809,0.15021459227467809,0.30042918454935619,False,high_confidence_error,false_negative;high_confidence,DECISION-TIME
d32d729a21f7cac97e772839,random_stratified,0,2772354,1,1,1,200,200,0.99609375,0.99609375,,,0,1,1,2772357,0,0.073170731707317069,0.073170731707317069,0.14634146341463417,True,correct,correct;high_confidence;feature_missingness,DECISION-TIME
ab655140df5fab795e3bfddc,random_stratified,0,2772432,1,1,1,600,600,29.296875,29.296875,100,100,1,1,1,2772435,0,0.15021459227467809,0.15021459227467809,0.30042918454935619,True,correct,correct;high_confidence,DECISION-TIME
16d1791818d267b225f550a4,random_stratified,0,2775191,1,1,1,600,600,29.296875,29.296875,100,100,1,1,1,2775194,0,0.15021459227467809,0.15021459227467809,0.30042918454935619,True,correct,correct;high_confidence,DECISION-TIME
bbaf23134c4b16d2bd0960ca,random_stratified,0,2775586,1,1,1,100,100,1.97265625,1.97265625,,,0,1,1,2775590,0,0.073170731707317069,0.073170731707317069,0.14634146341463417,True,correct,correct;high_confidence;feature_missingness,DECISION-TIME
fe0f4f672f7d5b35558a77f8,random_stratified,0,2777912,1,1,16,600,600,4,4,25,25,1,16,4,2778011.875,0,0.13953488372093023,0.13953488372093023,0.27906976744186052,True,correct,correct;high_confidence,DECISION-TIME
ddf062d3e075a834db0c1377,random_stratified,0,2782003,3,3,12,466.66666666666669,600,10.932291666666666,29.296875,25,25,1,12,6,2782008.6666666665,0,0.073170731707317069,0.073170731707317069,0.14634146341463417,True,correct,correct;high_confidence,DECISION-TIME
c30d8ee183d9771c8261751d,random_stratified,0,2800925,1,1,1,1000,1000,19.55078125,19.55078125,50,50,1,1,1,2800928,0,0.13953488372093023,0.13953488372093023,0.27906976744186052,True,correct,correct;high_confidence,DECISION-TIME
d2427a62daf27bd3c022e448,random_stratified,1,2805683,1,1,1,4800,4800,46.875,46.875,200,200,1,1,1,2805693,0,0,0,0,False,high_confidence_error,false_negative;high_confidence,DECISION-TIME
553089e09ef741d45f061761,random_stratified,0,2814239,1,1,32,200,200,4,4,25,25,1,40,11,2814475.15625,0,0.15021459227467809,0.15021459227467809,0.30042918454935619,True,correct,correct;high_confidence,DECISION-TIME
bf9226685636cfc537b25b4b,random_stratified,0,2815016,1,1,1,600,600,29.296875,29.296875,100,100,1,1,1,2815023,0,0.15021459227467809,0.15021459227467809,0.30042918454935619,True,correct,correct;high_confidence,DECISION-TIME
81fea2ef7b8fab025720c4ea,random_stratified,0,2817831,1,1,1,600,600,29.296875,29.296875,10,10,1,1,1,2817839,0,0.20978120978120979,0.20978120978120979,0.41956241956241958,True,correct,correct;high_confidence,DECISION-TIME
0c1e1befb0b0e2c6e7b2568f,random_stratified,0,2823198,1,1,1,600,600,29.296875,29.296875,100,100,1,1,1,2823201,0,0.15021459227467809,0.15021459227467809,0.30042918454935619,True,correct,correct;high_confidence,DECISION-TIME
1bdbd9d574027eded82e61c3,random_stratified,0,2828487,1,1,1,1600,1600,31.25,31.25,100,100,1,1,1,2828490,0,0.13953488372093023,0.13953488372093023,0.27906976744186052,True,correct,correct;high_confidence,DECISION-TIME
0017f66c16d3c8f5e1c70508,random_stratified,0,2829724,1,1,1,600,600,29.296875,29.296875,10,10,1,1,1,2829773,0,0.20978120978120979,0.20978120978120979,0.41956241956241958,True,correct,correct;high_confidence,DECISION-TIME
4f2e1a457586d026808d963d,random_stratified,0,2830117,1,1,1,600,600,29.296875,29.296875,10,10,1,1,1,2830166,0,0.20978120978120979,0.20978120978120979,0.41956241956241958,True,correct,correct;high_confidence,DECISION-TIME
27202e0155f926bfee7bb6dc,random_stratified,0,2832882,1,1,1,600,600,29.296875,29.296875,10,10,1,1,1,2832929,0,0.20978120978120979,0.20978120978120979,0.41956241956241958,True,correct,correct;high_confidence,DECISION-TIME
72f2cbf65a22baaeac037ec3,random_stratified,0,2836260,2,2,53,350,600,19.53125,19.53125,50,50,1,53,29,2836277.4905660376,0,0.13953488372093023,0.13953488372093023,0.27906976744186052,True,correct,correct;high_confidence,DECISION-TIME
46e775436e70c0398681aae5,random_stratified,0,2837890,1,1,1,600,600,29.296875,29.296875,100,100,1,1,1,2837895,0,0.15021459227467809,0.15021459227467809,0.30042918454935619,True,correct,correct;high_confidence,DECISION-TIME
27cf28c810bc11befbd89018,random_stratified,0,2839250,1,1,1,600,600,29.296875,29.296875,100,100,1,1,1,2839260,0,0.15021459227467809,0.15021459227467809,0.30042918454935619,True,correct,correct;high_confidence,DECISION-TIME
33662e92eb30b0ab59056f90,random_stratified,0,2859134,2,2,25,600,600,29.296875,29.296875,10,10,1,25,22,2859140.5600000001,0,0.15021459227467809,0.15021459227467809,0.30042918454935619,True,correct,correct;high_confidence,DECISION-TIME
4ff97d1af857c50719303e4c,random_stratified,1,2862203,1,1,1,100,100,29.296875,29.296875,100,100,1,1,1,2862246,0,0.20978120978120979,0.20978120978120979,0.41956241956241958,False,high_confidence_error,false_negative;high_confidence,DECISION-TIME
f8e063a4c3b3a93cc9c60c41,random_stratified,0,2864445,1,1,1,600,600,29.296875,29.296875,100,100,1,1,1,2864448,0,0.15021459227467809,0.15021459227467809,0.30042918454935619,True,correct,correct;high_confidence,DECISION-TIME
299a2c6e141deb80360fca10,random_stratified,0,2865780,1,1,1,600,600,29.296875,29.296875,25,25,1,1,1,2865790,0,0.20978120978120979,0.20978120978120979,0.41956241956241958,True,correct,correct;high_confidence,DECISION-TIME
ea9cfdaa41e35df84222d18c,random_stratified,0,2866005,1,1,1,600,600,29.296875,29.296875,100,100,1,1,1,2866200,0,0.15021459227467809,0.15021459227467809,0.30042918454935619,True,correct,correct;high_confidence,DECISION-TIME
93484e01304dd014fe960866,random_stratified,0,2866613,1,1,1,600,600,29.296875,29.296875,100,100,1,1,1,2866616,0,0.15021459227467809,0.15021459227467809,0.30042918454935619,True,correct,correct;high_confidence,DECISION-TIME
10b16841dd4c08ab31357869,random_stratified,0,2882508,1,1,1,600,600,29.296875,29.296875,100,100,1,1,1,2882511,0,0.15021459227467809,0.15021459227467809,0.30042918454935619,True,correct,correct;high_confidence,DECISION-TIME
c009492996883dd33c3621a8,random_stratified,0,2883957,1,1,1,600,600,29.296875,29.296875,200,200,1,1,1,2883960,0,0.13953488372093023,0.13953488372093023,0.27906976744186052,True,correct,correct;high_confidence,DECISION-TIME
fdf50d230bbf3eb1653b5d27,random_stratified,0,2884351,1,1,1,200,200,3.92578125,3.92578125,,,0,1,1,2884354,0,0.073170731707317069,0.073170731707317069,0.14634146341463417,True,correct,correct;high_confidence;feature_missingness,DECISION-TIME
1eddc50363744bbe25f1a191,random_stratified,1,2886788,2,2,4,350,600,29.296875,29.296875,100,100,1,38,38,2886870.0555555555,1,0.84768211920529801,0.84768211920529801,0.30463576158940397,True,correct,correct;high_confidence,DECISION-TIME
05a41bd5b7dad894e55c43cd,random_stratified,0,2889689,1,1,1,600,600,29.296875,29.296875,10,10,1,1,1,2889703,0,0.20978120978120979,0.20978120978120979,0.41956241956241958,True,correct,correct;high_confidence,DECISION-TIME
40288dd13ef321ddec258b35,random_stratified,0,2890267,1,1,1,1800,1800,58.59375,58.59375,100,100,1,1,1,2891716,0,0.20978120978120979,0.20978120978120979,0.41956241956241958,True,correct,correct;high_confidence,DECISION-TIME
3e1707b59729d8a630bd8088,random_stratified,0,2890916,1,1,1,1800,1800,58.59375,58.59375,100,100,1,1,1,2894709,0,0.20978120978120979,0.20978120978120979,0.41956241956241958,True,correct,correct;high_confidence,DECISION-TIME
d9c40befea9d9c307bda6a4e,random_stratified,0,2890922,1,1,1,1800,1800,58.59375,58.59375,100,100,1,1,1,2895368,0,0.20978120978120979,0.20978120978120979,0.41956241956241958,True,correct,correct;high_confidence,DECISION-TIME
3a6ca44ad7635ac0126ed75d,random_stratified,1,2897050,1,1,1,600,600,29.296875,29.296875,100,100,1,1,1,2897149,0,0.15021459227467809,0.15021459227467809,0.30042918454935619,False,high_confidence_error,false_negative;high_confidence,DECISION-TIME
2279265e9b1c2897b41c8d3d,random_stratified,1,2897346,2,2,8,600,1000,29.296875,29.296875,15,15,1,8,6,2897362,0,0.13953488372093023,0.13953488372093023,0.27906976744186052,False,high_confidence_error,false_negative;high_confidence,DECISION-TIME
821fe411a264b9321861ec4f,random_stratified,1,2900656,2,2,105,600,600,14.6484375,19.53125,20,20,1,105,51,2900761,0,0.13953488372093023,0.13953488372093023,0.27906976744186052,False,high_confidence_error,false_negative;high_confidence,DECISION-TIME
c4e7da2427fb903ef3df13a7,random_stratified,0,2903766,1,1,1,600,600,29.296875,29.296875,100,100,1,1,1,2903873,0,0.15021459227467809,0.15021459227467809,0.30042918454935619,True,correct,correct;high_confidence,DECISION-TIME
ddee4ccecd23ce8b6a3bf6ee,random_stratified,0,2908236,1,1,1,600,600,29.296875,29.296875,100,100,1,1,1,2908250,0,0.15021459227467809,0.15021459227467809,0.30042918454935619,True,correct,correct;high_confidence,DECISION-TIME
a412f0421cf649f688107c30,random_stratified,0,2910073,1,1,1,1800,1800,58.59375,58.59375,100,100,1,1,1,2910086,0,0.20978120978120979,0.20978120978120979,0.41956241956241958,True,correct,correct;high_confidence,DECISION-TIME
af8ae82403028036555960e0,random_stratified,0,2919716,1,1,1,600,600,29.296875,29.296875,100,100,1,1,1,2919729,0,0.15021459227467809,0.15021459227467809,0.30042918454935619,True,correct,correct;high_confidence,DECISION-TIME
ac1862498fd8b5ca8b06d3e0,random_stratified,0,2938858,1,1,1,600,600,29.296875,29.296875,100,100,1,1,1,2938977,0,0.15021459227467809,0.15021459227467809,0.30042918454935619,True,correct,correct;high_confidence,DECISION-TIME
b740e3eb273cc505175ba2e8,random_stratified,0,2941849,2,2,4,600,600,29.296875,29.296875,50,50,1,4,4,3015903.25,0,0.15021459227467809,0.15021459227467809,0.30042918454935619,True,correct,correct;high_confidence,DECISION-TIME
14e46c51c2a6b4879f5a87aa,random_stratified,0,2942530,1,1,1,1000,1000,19.55078125,19.55078125,50,50,1,1,1,2942534,0,0.13953488372093023,0.13953488372093023,0.27906976744186052,True,correct,correct;high_confidence,DECISION-TIME
cd745a16f938624b91398c0c,random_stratified,1,2943764,1,1,1,600,600,29.296875,29.296875,100,100,1,1,1,2943868,0,0.15021459227467809,0.15021459227467809,0.30042918454935619,False,high_confidence_error,false_negative;high_confidence,DECISION-TIME
bdce846c085ad47025f0fa30,random_stratified,0,2945525,2,2,2,600,600,29.296875,29.296875,25,25,1,2,2,2945530.5,0,0.15021459227467809,0.15021459227467809,0.30042918454935619,True,correct,correct;high_confidence,DECISION-TIME
fa3523cc2a8e8b5e0bc114b3,random_stratified,0,2947626,1,1,1,600,600,29.296875,29.296875,50,50,1,1,1,2947703,0,0.20978120978120979,0.20978120978120979,0.41956241956241958,True,correct,correct;high_confidence,DECISION-TIME
111682a8f8866e9c5b596d32,random_stratified,0,2955518,2,2,61,350,600,2.75,3.5,25,25,1,62,16,2955540.6721311477,0,0.073170731707317069,0.073170731707317069,0.14634146341463417,True,correct,correct;high_confidence,DECISION-TIME
ad9264a34811aeee5214cefd,random_stratified,0,2959257,1,1,1,600,600,29.296875,29.296875,100,100,1,1,1,2959260,0,0.15021459227467809,0.15021459227467809,0.30042918454935619,True,correct,correct;high_confidence,DECISION-TIME
faa2e5df173ef5e6684f07e8,random_stratified,0,2960565,1,1,50,1500,1500,9.765625,9.765625,100,100,1,50,48,2960866.7200000002,0,0.073170731707317069,0.073170731707317069,0.14634146341463417,True,correct,correct;high_confidence,DECISION-TIME
ec1f4e5bd6613466695e33a5,random_stratified,0,2970627,1,1,1,600,600,29.296875,29.296875,25,25,1,1,1,2970747,0,0.20978120978120979,0.20978120978120979,0.41956241956241958,True,correct,correct;high_confidence,DECISION-TIME
133da9d760e5fb7a434126a7,random_stratified,0,2971778,2,2,2,600,600,29.296875,39.0625,25,25,1,2,2,2971783.5,0,0.15021459227467809,0.15021459227467809,0.30042918454935619,True,correct,correct;high_confidence,DECISION-TIME
33e1166649a7e333f671a96a,random_stratified,0,2973208,2,2,40,550,600,14.6484375,14.6484375,50,50,1,40,21,2973231.4500000002,0,0.13953488372093023,0.13953488372093023,0.27906976744186052,True,correct,correct;high_confidence,DECISION-TIME
9d6513efdce1f2d773727dd0,random_stratified,0,2978131,1,1,1,200,200,3.92578125,3.92578125,,,0,1,1,2978134,0,0.073170731707317069,0.073170731707317069,0.14634146341463417,True,correct,correct;high_confidence;feature_missingness,DECISION-TIME
f76a4d238fa4b108568e4d15,random_stratified,0,2979068,1,1,1,1800,1800,58.59375,58.59375,100,100,1,1,1,2979077,0,0.20978120978120979,0.20978120978120979,0.41956241956241958,True,correct,correct;high_confidence,DECISION-TIME
71db8be664163d840fac0344,random_stratified,1,2991272,1,1,1,600,600,29.296875,29.296875,10,10,1,1,1,2991277,0,0.20978120978120979,0.20978120978120979,0.41956241956241958,False,high_confidence_error,false_negative;high_confidence,DECISION-TIME
dbc3b35027991d3bac6ca86a,random_stratified,0,2997507,1,1,1,50,50,48.828125,48.828125,500,500,1,1,1,2997510,0,0.15021459227467809,0.15021459227467809,0.30042918454935619,True,correct,correct;high_confidence,DECISION-TIME
5b5fd23b70c29e3305178bcb,random_stratified,1,2998541,1,1,1,600,600,29.296875,29.296875,100,100,1,1,1,2998553,0,0.15021459227467809,0.15021459227467809,0.30042918454935619,False,high_confidence_error,false_negative;high_confidence,DECISION-TIME
202ff9d20996f36b99a7ce8c,random_stratified,0,3000723,2,2,2,600,600,2.9296875,2.9296875,100,100,1,2,2,3000734.5,0,0.073170731707317069,0.073170731707317069,0.14634146341463417,True,correct,correct;high_confidence,DECISION-TIME
1841b0a1ace414c5a8fea329,random_stratified,0,3009878,1,1,1,600,600,29.296875,29.296875,100,100,1,1,1,3009889,0,0.15021459227467809,0.15021459227467809,0.30042918454935619,True,correct,correct;high_confidence,DECISION-TIME
d2f591f87f63f91046c8c307,random_stratified,0,3011557,1,1,1,600,600,29.296875,29.296875,25,25,1,1,1,3011565,0,0.20978120978120979,0.20978120978120979,0.41956241956241958,True,correct,correct;high_confidence,DECISION-TIME
4dbd8df3ce6f8b8a450c3810,random_stratified,0,3014024,1,1,1,600,600,29.296875,29.296875,100,100,1,1,1,3014037,0,0.15021459227467809,0.15021459227467809,0.30042918454935619,True,correct,correct;high_confidence,DECISION-TIME
e1b09a26882659da3922e712,random_stratified,0,3018095,1,1,16,50,50,29.296875,29.296875,100,100,1,16,14,3018863,0,0.20978120978120979,0.20978120978120979,0.41956241956241958,True,correct,correct;high_confidence,DECISION-TIME
4f57599c4abe6c60a11d07ac,random_stratified,0,3027107,2,2,26,350,600,2,2,25,25,1,26,14,3027112.6923076925,0,0.073170731707317069,0.073170731707317069,0.14634146341463417,True,correct,correct;high_confidence,DECISION-TIME
d371b3a4cd47a54a946a3382,random_stratified,1,3036259,1,1,1,1800,1800,58.59375,58.59375,100,100,1,1,1,3036266,0,0.20978120978120979,0.20978120978120979,0.41956241956241958,False,high_confidence_error,false_negative;high_confidence,DECISION-TIME
8dd97f66e6820dec4c21aa98,random_stratified,0,3044758,1,1,1,600,600,29.296875,29.296875,100,100,1,1,1,3044761,0,0.15021459227467809,0.15021459227467809,0.30042918454935619,True,correct,correct;high_confidence,DECISION-TIME
6beb13d10bcf42316467049e,random_stratified,0,3047249,1,1,1,600,600,29.296875,29.296875,100,100,1,1,1,3047259,0,0.15021459227467809,0.15021459227467809,0.30042918454935619,True,correct,correct;high_confidence,DECISION-TIME
bc1aeab339b39b54ed549585,random_stratified,1,3051558,1,1,1,600,600,29.296875,29.296875,100,100,1,1,1,3051667,0,0.15021459227467809,0.15021459227467809,0.30042918454935619,False,high_confidence_error,false_negative;high_confidence,DECISION-TIME
7b8f436b833b9bf26f8d3512,random_stratified,0,3051930,1,1,1,600,600,29.296875,29.296875,100,100,1,1,1,3051942,0,0.15021459227467809,0.15021459227467809,0.30042918454935619,True,correct,correct;high_confidence,DECISION-TIME
3dfd1c10cd5057ebcae4596b,random_stratified,0,3053752,1,1,1,600,600,29.296875,29.296875,100,100,1,1,1,3053755,0,0.15021459227467809,0.15021459227467809,0.30042918454935619,True,correct,correct;high_confidence,DECISION-TIME
6bf4bd5c989c23c779485c3d,random_stratified,1,3060734,1,1,1,600,600,29.296875,29.296875,100,100,1,1,1,3060737,0,0.15021459227467809,0.15021459227467809,0.30042918454935619,False,high_confidence_error,false_negative;high_confidence,DECISION-TIME
ac5a6e0986be875fa70ce4d6,random_stratified,0,3065597,1,1,1,1800,1800,58.59375,58.59375,100,100,1,1,1,3065601,0,0.20978120978120979,0.20978120978120979,0.41956241956241958,True,correct,correct;high_confidence,DECISION-TIME
5ba32ff690e3f2b62137999c,random_stratified,0,3077777,2,2,30,500,600,12.20703125,14.6484375,50,50,1,30,29,3077783.9333333331,0,0.13953488372093023,0.13953488372093023,0.27906976744186052,True,correct,correct;high_confidence,DECISION-TIME
723a35069488ee81812ffc14,random_stratified,0,3085967,1,1,1,600,600,29.296875,29.296875,100,100,1,1,1,3085970,0,0.15021459227467809,0.15021459227467809,0.30042918454935619,True,correct,correct;high_confidence,DECISION-TIME
96d69970b7c3287a30b7f7f2,random_stratified,0,3096668,1,1,1,600,600,29.296875,29.296875,10,10,1,1,1,3096678,0,0.20978120978120979,0.20978120978120979,0.41956241956241958,True,correct,correct;high_confidence,DECISION-TIME
5fe0c59a95fe009da373ab2e,random_stratified,0,3102039,1,1,1,600,600,29.296875,29.296875,50,50,1,1,1,3102043,0,0.20978120978120979,0.20978120978120979,0.41956241956241958,True,correct,correct;high_confidence,DECISION-TIME
a6162132513871f1243c424a,random_stratified,0,3104728,1,1,1,600,600,29.296875,29.296875,100,100,1,1,1,3104738,0,0.15021459227467809,0.15021459227467809,0.30042918454935619,True,correct,correct;high_confidence,DECISION-TIME
18763a7aa30ccca6d8a416a7,random_stratified,0,3109221,2,2,2,600,600,29.296875,29.296875,100,100,1,2,2,3109225,0,0.13953488372093023,0.13953488372093023,0.27906976744186052,True,correct,correct;high_confidence,DECISION-TIME
d2bf52cd1089f8608e965bc8,random_stratified,0,3110164,1,1,1,1800,1800,58.59375,58.59375,100,100,1,1,1,3110167,0,0.20978120978120979,0.20978120978120979,0.41956241956241958,True,correct,correct;high_confidence,DECISION-TIME
31eae99f5592f7b5f0b215db,random_stratified,0,3114955,1,1,1,1000,1000,19.55078125,19.55078125,50,50,1,1,1,3114958,0,0.13953488372093023,0.13953488372093023,0.27906976744186052,True,correct,correct;high_confidence,DECISION-TIME
c5d503580a21870086270c0b,random_stratified,1,3117297,1,1,1,600,600,29.296875,29.296875,100,100,1,1,1,3117307,0,0.15021459227467809,0.15021459227467809,0.30042918454935619,False,high_confidence_error,false_negative;high_confidence,DECISION-TIME
c5e22fefcaee55306f914b62,random_stratified,0,3117893,1,1,1,200,200,3.92578125,3.92578125,,,0,1,1,3117896,0,0.073170731707317069,0.073170731707317069,0.14634146341463417,True,correct,correct;high_confidence;feature_missingness,DECISION-TIME
972586bd55390c10afbcffd6,random_stratified,0,3119668,1,1,1,100,100,1.97265625,1.97265625,,,0,1,1,3119674,0,0.073170731707317069,0.073170731707317069,0.14634146341463417,True,correct,correct;high_confidence;feature_missingness,DECISION-TIME
e829e4f7ed792da68571ab09,random_stratified,0,3136410,1,1,1,600,600,29.296875,29.296875,100,100,1,1,1,3136423,0,0.15021459227467809,0.15021459227467809,0.30042918454935619,True,correct,correct;high_confidence,DECISION-TIME
b84edd271c8982affbb3e467,random_stratified,0,3140369,1,1,1,600,600,29.296875,29.296875,100,100,1,1,1,3140372,0,0.15021459227467809,0.15021459227467809,0.30042918454935619,True,correct,correct;high_confidence,DECISION-TIME
4ba54c91de55c1164502a92c,random_stratified,0,3145967,1,1,1,1800,1800,58.59375,58.59375,100,100,1,1,1,3146126,0,0.20978120978120979,0.20978120978120979,0.41956241956241958,True,correct,correct;high_confidence,DECISION-TIME
cb00c4efc922f6e219034e66,random_stratified,0,3145967,1,1,1,1800,1800,58.59375,58.59375,100,100,1,1,1,3145976,0,0.20978120978120979,0.20978120978120979,0.41956241956241958,True,correct,correct;high_confidence,DECISION-TIME
47c8ae0a42d356922befd385,random_stratified,0,3146423,1,1,1,600,600,29.296875,29.296875,25,25,1,1,1,3146435,0,0.20978120978120979,0.20978120978120979,0.41956241956241958,True,correct,correct;high_confidence,DECISION-TIME
025b81940cc96fecb448aa52,random_stratified,0,3146849,1,1,1,600,600,29.296875,29.296875,25,25,1,1,1,3146854,0,0.20978120978120979,0.20978120978120979,0.41956241956241958,True,correct,correct;high_confidence,DECISION-TIME
fbdbacc7e61267289a12e0c8,random_stratified,0,3151003,1,1,1,600,600,29.296875,29.296875,100,100,1,1,1,3151016,0,0.15021459227467809,0.15021459227467809,0.30042918454935619,True,correct,correct;high_confidence,DECISION-TIME
2edd71d3eee8a273e582cfb8,random_stratified,0,3151155,1,1,1,600,600,29.296875,29.296875,10,10,1,1,1,3151169,0,0.20978120978120979,0.20978120978120979,0.41956241956241958,True,correct,correct;high_confidence,DECISION-TIME
e48f959cc15e6223d0609d9c,random_stratified,0,3167863,2,2,35,500,600,12.20703125,14.6484375,25,25,1,35,26,3167874.3999999999,0,0.13953488372093023,0.13953488372093023,0.27906976744186052,True,correct,correct;high_confidence,DECISION-TIME
ae77fddf26390ffd098f9412,random_stratified,0,3169019,1,1,1,600,600,29.296875,29.296875,10,10,1,1,1,3169026,0,0.20978120978120979,0.20978120978120979,0.41956241956241958,True,correct,correct;high_confidence,DECISION-TIME
de247ca31545a3444b15917d,random_stratified,0,3169048,1,1,1,800,800,31.26953125,31.26953125,,,0,1,1,3169051,0,0.13953488372093023,0.13953488372093023,0.27906976744186052,True,correct,correct;high_confidence;feature_missingness,DECISION-TIME
9f5f3d9124a662b2c0a5b019,random_stratified,0,3175213,1,1,1,20,20,29.296875,29.296875,5,5,1,1,1,3175262,1,0.63414634146341464,0.63414634146341464,0.73170731707317072,False,low_confidence_error,false_positive;low_confidence,DECISION-TIME
f0afec53003812ccb11efe02,random_stratified,0,3177745,1,1,1,600,600,29.296875,29.296875,20,20,1,1,1,3177760,0,0.20978120978120979,0.20978120978120979,0.41956241956241958,True,correct,correct;high_confidence,DECISION-TIME
ddf974184ad4de791e31d0e5,random_stratified,0,3179797,2,2,2,600,600,2.9296875,2.9296875,100,100,1,2,2,3179806.5,0,0.073170731707317069,0.073170731707317069,0.14634146341463417,True,correct,correct;high_confidence,DECISION-TIME
2a833501fadca5b8403650fd,random_stratified,0,3184505,1,1,1,600,600,29.296875,29.296875,100,100,1,1,1,3185546,0,0.15204006750534366,0.15204006750534366,0.30408013501068731,True,correct,correct;high_confidence,DECISION-TIME
bd1d0ca8772c9cd050a94634,random_stratified,0,3186316,1,1,1,600,600,29.296875,29.296875,100,100,1,1,1,3186319,0,0.15330288291688407,0.15330288291688407,0.3066057658337682,True,correct,correct;high_confidence,DECISION-TIME
1278a5c7b8f56742f02d2eb2,random_stratified,0,3195148,1,1,1,600,600,29.296875,29.296875,100,100,1,1,1,3195152,0,0.16289459851431004,0.16289459851431004,0.32578919702862008,True,correct,correct;high_confidence,DECISION-TIME
e73331e8c5b5fd3df982a1e1,random_stratified,0,3200512,2,2,30,350,600,2,2,25,25,1,30,9,3200517.5666666669,0,0.073170731707317069,0.073170731707317069,0.14634146341463417,True,correct,correct;high_confidence,DECISION-TIME
c5dad7821ff8aeb8ac3c5d95,random_stratified,0,3202683,1,1,10,600,600,29.296875,29.296875,50,50,1,10,10,3202696,0,0.20978120978120979,0.20978120978120979,0.41956241956241958,True,correct,correct;high_confidence,DECISION-TIME
814d11964854f41d122678e2,random_stratified,1,3204539,2,2,2,600,600,29.296875,29.296875,100,100,1,2,2,3204553,0,0.13953488372093023,0.13953488372093023,0.27906976744186052,False,high_confidence_error,false_negative;high_confidence,DECISION-TIME
5537f55a7667f36a97d190b0,random_stratified,0,3208868,1,1,1,600,600,29.296875,29.296875,100,100,1,1,1,3208872,0,0.17780937227787993,0.17780937227787993,0.35561874455575992,True,correct,correct;high_confidence,DECISION-TIME
ee172c09b87c750e36f51282,random_stratified,0,3210554,1,1,1,1800,1800,58.59375,58.59375,100,100,1,1,1,3210612,0,0.20978120978120979,0.20978120978120979,0.41956241956241958,True,correct,correct;high_confidence,DECISION-TIME
310c34a65d4cfbd059b2f14b,random_stratified,0,3213637,1,1,1,600,600,29.296875,29.296875,100,100,1,1,1,3213640,0,0.18299745087835692,0.18299745087835692,0.3659949017567139,True,correct,correct;high_confidence,DECISION-TIME
e8c70306e60292a00f5c63fe,random_stratified,0,3216274,1,1,1,600,600,29.296875,29.296875,100,100,1,1,1,3216277,0,0.1858675419813352,0.1858675419813352,0.37173508396267041,True,correct,correct;high_confidence,DECISION-TIME
d1676c67376e9a5f1562e5e6,random_stratified,0,3222549,1,1,1,600,600,29.296875,29.296875,100,100,1,1,1,3222557,0,0.19270343170686705,0.19270343170686705,0.38540686341373409,True,correct,correct;high_confidence,DECISION-TIME
e441bdfa8c8ab9dc43b36969,random_stratified,1,3222811,1,1,1,100,100,58.59375,58.59375,100,100,1,1,1,3222814,1,0.84768211920529801,0.84768211920529801,0.30463576158940397,True,correct,correct;high_confidence,DECISION-TIME
3d9356f6f5a419a64c7fbf18,random_stratified,0,3225104,1,1,1,600,600,29.296875,29.296875,50,50,1,1,1,3225115,0,0.20978120978120979,0.20978120978120979,0.41956241956241958,True,correct,correct;high_confidence,DECISION-TIME
91c44caf4f74bb732527730c,random_stratified,1,3226587,1,1,1,20,20,29.296875,29.296875,10,10,1,1,1,3226600,1,0.63306500440605151,0.63306500440605151,0.73386999118789698,True,correct,correct;low_confidence,DECISION-TIME
a78d53c61790f0a952d47601,random_stratified,1,3228056,1,1,1,20,20,29.296875,29.296875,10,10,1,1,1,3228068,1,0.63404763081713855,0.63404763081713855,0.7319047383657229,True,correct,correct;low_confidence,DECISION-TIME
a39065d8ca06847ff2603380,random_stratified,0,3228619,1,1,1,600,600,29.296875,29.296875,25,25,1,1,1,3228622,0,0.20978120978120979,0.20978120978120979,0.41956241956241958,True,correct,correct;high_confidence,DECISION-TIME
f5355ac7fed638c7c77fcd64,random_stratified,1,3230870,1,1,1,600,600,29.296875,29.296875,10,10,1,1,1,3230883,0,0.20978120978120979,0.20978120978120979,0.41956241956241958,False,high_confidence_error,false_negative;high_confidence,DECISION-TIME
3099ba42079aa4a6fa51d065,random_stratified,1,3232136,1,1,1,600,600,29.296875,29.296875,10,10,1,1,1,3232146,0,0.20978120978120979,0.20978120978120979,0.41956241956241958,False,high_confidence_error,false_negative;high_confidence,DECISION-TIME
b499afd823aa19363af0c398,random_stratified,1,3243143,1,1,1,20,20,29.296875,29.296875,10,10,1,1,1,3243149,1,0.63414634146341464,0.63414634146341464,0.73170731707317072,True,correct,correct;low_confidence,DECISION-TIME
e143e29ae9e48ffc29508509,random_stratified,1,3246316,1,1,1,20,20,29.296875,29.296875,10,10,1,1,1,3246324,1,0.63414634146341464,0.63414634146341464,0.73170731707317072,True,correct,correct;low_confidence,DECISION-TIME
4174e6f94b85d0d2e63932ff,random_stratified,1,3249026,1,1,1,20,20,29.296875,29.296875,10,10,1,1,1,3249042,1,0.63414634146341464,0.63414634146341464,0.73170731707317072,True,correct,correct;low_confidence,DECISION-TIME
cc77cb7e938464e95b4658fe,random_stratified,0,3250472,2,2,5,1000,1600,43.9453125,58.59375,100,100,1,5,2,3250486.3999999999,0,0.13953488372093023,0.13953488372093023,0.27906976744186052,True,correct,correct;high_confidence,DECISION-TIME
8f944b93e420a35be8c4d6be,random_stratified,1,3250545,1,1,1,20,20,29.296875,29.296875,10,10,1,1,1,3250562,1,0.63414634146341464,0.63414634146341464,0.73170731707317072,True,correct,correct;low_confidence,DECISION-TIME
6bcf93b7482191f7ff50fb52,random_stratified,1,3250803,1,1,1,20,20,29.296875,29.296875,10,10,1,1,1,3250813,1,0.63414634146341464,0.63414634146341464,0.73170731707317072,True,correct,correct;low_confidence,DECISION-TIME
eada8c01f4ff5f8a175d3cc0,random_stratified,0,3258354,1,1,1,600,600,29.296875,29.296875,10,10,1,1,1,3258367,0,0.20978120978120979,0.20978120978120979,0.41956241956241958,True,correct,correct;high_confidence,DECISION-TIME
b45746cc13117735ad234015,random_stratified,1,3258446,1,1,1,600,600,29.296875,29.296875,10,10,1,1,1,3258459,0,0.20978120978120979,0.20978120978120979,0.41956241956241958,False,high_confidence_error,false_negative;high_confidence,DECISION-TIME
2a115527f0f4e0ffd26efdaa,random_stratified,1,3260650,1,1,1,600,600,29.296875,29.296875,10,10,1,1,1,3260657,0,0.20978120978120979,0.20978120978120979,0.41956241956241958,False,high_confidence_error,false_negative;high_confidence,DECISION-TIME
127ebd852d717db9505d240a,random_stratified,1,3265892,1,1,1,20,20,29.296875,29.296875,10,10,1,1,1,3265902,1,0.63414634146341464,0.63414634146341464,0.73170731707317072,True,correct,correct;low_confidence,DECISION-TIME
1c3a378b6e992d89a20ebe44,random_stratified,1,3267711,1,1,1,20,20,29.296875,29.296875,10,10,1,1,1,3267718,1,0.63414634146341464,0.63414634146341464,0.73170731707317072,True,correct,correct;low_confidence,DECISION-TIME
b22493a8a629d19439554bdb,random_stratified,1,3274054,1,1,1,20,20,29.296875,29.296875,10,10,1,1,1,3274062,1,0.63414634146341464,0.63414634146341464,0.73170731707317072,True,correct,correct;low_confidence,DECISION-TIME
1080e886a7155d0d08d79889,random_stratified,1,3274967,1,1,1,20,20,29.296875,29.296875,10,10,1,1,1,3274978,1,0.63414634146341464,0.63414634146341464,0.73170731707317072,True,correct,correct;low_confidence,DECISION-TIME
3f2bda8970823eb33c23b723,random_stratified,1,3275233,1,1,1,20,20,29.296875,29.296875,10,10,1,1,1,3275239,1,0.63414634146341464,0.63414634146341464,0.73170731707317072,True,correct,correct;low_confidence,DECISION-TIME
87493f2dadc33a0c3748a68e,random_stratified,0,3278328,1,1,1,1200,1200,29.296875,29.296875,5,5,1,1,1,3278331,0,0.15021459227467809,0.15021459227467809,0.30042918454935619,True,correct,correct;high_confidence,DECISION-TIME
cfdaac7f941765525ade438c,random_stratified,0,3282243,1,1,1,600,600,29.296875,29.296875,100,100,1,1,1,3282246,0,0.20000000000000001,0.20000000000000001,0.40000000000000002,True,correct,correct;high_confidence,DECISION-TIME
3cd862c5cf8d3bf453f7556b,random_stratified,1,3282275,1,1,1,20,20,29.296875,29.296875,10,10,1,1,1,3282288,1,0.63414634146341464,0.63414634146341464,0.73170731707317072,True,correct,correct;low_confidence,DECISION-TIME
815d99336bafa9e8521ded56,random_stratified,0,3287096,1,1,1,600,600,29.296875,29.296875,25,25,1,1,1,3287104,0,0.20978120978120979,0.20978120978120979,0.41956241956241958,True,correct,correct;high_confidence,DECISION-TIME
4e277e1a2e0cf6af254f5fd7,random_stratified,0,3287118,1,1,1,600,600,29.296875,29.296875,100,100,1,1,1,3287122,0,0.20000000000000001,0.20000000000000001,0.40000000000000002,True,correct,correct;high_confidence,DECISION-TIME
1389996e3d5f7860a63c157a,random_stratified,1,3289157,1,1,1,20,20,29.296875,29.296875,10,10,1,1,1,3289170,1,0.63414634146341464,0.63414634146341464,0.73170731707317072,True,correct,correct;low_confidence,DECISION-TIME
ea87a39da8d67b41a4cd9853,random_stratified,1,3290576,1,1,1,20,20,29.296875,29.296875,10,10,1,1,1,3290590,1,0.63414634146341464,0.63414634146341464,0.73170731707317072,True,correct,correct;low_confidence,DECISION-TIME
5959c363883d7196baccf2d4,random_stratified,0,3290713,1,1,1,600,600,29.296875,29.296875,100,100,1,1,1,3290720,0,0.20000000000000001,0.20000000000000001,0.40000000000000002,True,correct,correct;high_confidence,DECISION-TIME
3f2e2e25878fa3124cc2b99d,random_stratified,0,3291788,1,1,1,600,600,29.296875,29.296875,100,100,1,1,1,3291791,0,0.20000000000000001,0.20000000000000001,0.40000000000000002,True,correct,correct;high_confidence,DECISION-TIME
c3f3dc2ff742f83430d1be28,random_stratified,1,3294888,1,1,1,20,20,29.296875,29.296875,10,10,1,1,1,3294899,1,0.63414634146341464,0.63414634146341464,0.73170731707317072,True,correct,correct;low_confidence,DECISION-TIME
90c98ec89007fce29ad57039,random_stratified,1,3295273,1,1,1,20,20,29.296875,29.296875,10,10,1,1,1,3295280,1,0.63414634146341464,0.63414634146341464,0.73170731707317072,True,correct,correct;low_confidence,DECISION-TIME
62418f4c74bc61ea91487674,random_stratified,1,3296155,1,1,1,20,20,29.296875,29.296875,10,10,1,1,1,3296165,1,0.63414634146341464,0.63414634146341464,0.73170731707317072,True,correct,correct;low_confidence,DECISION-TIME
a7d57fd283293af4a2014198,random_stratified,0,3296462,1,1,1,600,600,29.296875,29.296875,25,25,1,1,1,3296465,0,0.20978120978120979,0.20978120978120979,0.41956241956241958,True,correct,correct;high_confidence,DECISION-TIME
9756108f22653d75f68c2af0,random_stratified,1,3297329,1,1,1,20,20,29.296875,29.296875,10,10,1,1,1,3297339,1,0.63414634146341464,0.63414634146341464,0.73170731707317072,True,correct,correct;low_confidence,DECISION-TIME
b691c9d0ff0799bb3bc6596e,random_stratified,1,3299624,1,1,1,20,20,29.296875,29.296875,10,10,1,1,1,3299627,1,0.63414634146341464,0.63414634146341464,0.73170731707317072,True,correct,correct;low_confidence,DECISION-TIME
a8e4e2c04777d3907624ff88,random_stratified,1,3300024,1,1,1,20,20,29.296875,29.296875,10,10,1,1,1,3300029,1,0.63414634146341464,0.63414634146341464,0.73170731707317072,True,correct,correct;low_confidence,DECISION-TIME
0d4bbfc9065ea1e423b42e87,random_stratified,0,3309822,1,1,1,600,600,29.296875,29.296875,25,25,1,1,1,3309835,0,0.20978120978120979,0.20978120978120979,0.41956241956241958,True,correct,correct;high_confidence,DECISION-TIME
7f792016ce562e8fcdca7177,random_stratified,0,3320658,1,1,1,600,600,29.296875,29.296875,50,50,1,1,1,3320668,0,0.20978120978120979,0.20978120978120979,0.41956241956241958,True,correct,correct;high_confidence,DECISION-TIME
0a2b542fe82ab8de8a907bf7,random_stratified,0,3326321,1,1,1,600,600,29.296875,29.296875,5,5,1,1,1,3326325,0,0.20978120978120979,0.20978120978120979,0.41956241956241958,True,correct,correct;high_confidence,DECISION-TIME
0c387413a8f4d5dec89c6df0,random_stratified,0,3327347,1,1,1,1800,1800,58.59375,58.59375,100,100,1,1,1,3348626,0,0.20978120978120979,0.20978120978120979,0.41956241956241958,True,correct,correct;high_confidence,DECISION-TIME
6b821dd64d37d99bcff26fc3,random_stratified,1,3336475,1,1,1,600,600,29.296875,29.296875,10,10,1,1,1,3336485,0,0.20978120978120979,0.20978120978120979,0.41956241956241958,False,high_confidence_error,false_negative;high_confidence,DECISION-TIME
e4817e5075d4839c5152fb42,random_stratified,0,3343573,1,1,1,600,600,29.296875,29.296875,100,100,1,1,1,3343576,0,0.20978120978120979,0.20978120978120979,0.41956241956241958,True,correct,correct;high_confidence,DECISION-TIME
a1192d6687c4702b9ccf37e4,random_stratified,1,3344820,1,1,1,600,600,29.296875,29.296875,50,50,1,1,1,3344823,0,0.20978120978120979,0.20978120978120979,0.41956241956241958,False,high_confidence_error,false_negative;high_confidence,DECISION-TIME
fcebb342953803606b317710,random_stratified,0,3353101,1,1,1,600,600,29.296875,29.296875,25,25,1,1,1,3353110,0,0.20978120978120979,0.20978120978120979,0.41956241956241958,True,correct,correct;high_confidence,DECISION-TIME
de35dca597646ef3fa16e0d3,random_stratified,1,3353460,1,1,1,1800,1800,58.59375,58.59375,200,200,1,1,1,3353821,0,0.15021459227467809,0.15021459227467809,0.30042918454935619,False,high_confidence_error,false_negative;high_confidence,DECISION-TIME
00e8ecc76ad6f5463024e7e4,random_stratified,0,3364641,2,2,9,350,600,29.296875,29.296875,100,100,1,9,9,3364644.5555555555,0,0.14285714285714285,0.14285714285714285,0.2857142857142857,True,correct,correct;high_confidence,DECISION-TIME
5f6e39c368efbe7191fca8f6,random_stratified,0,3370263,1,1,1,1000,1000,19.55078125,19.55078125,50,50,1,1,1,3370266,0,0.13953488372093023,0.13953488372093023,0.27906976744186052,True,correct,correct;high_confidence,DECISION-TIME
233957a821f23f224a2e0db6,random_stratified,0,3373185,1,1,8,600,600,29.296875,29.296875,50,50,1,8,3,3373209,0,0.20978120978120979,0.20978120978120979,0.41956241956241958,True,correct,correct;high_confidence,DECISION-TIME
41cee048df2946035b630914,random_stratified,0,3374443,2,2,4,600,600,29.296875,29.296875,50,50,1,4,2,3374447.5,0,0.15021459227467809,0.15021459227467809,0.30042918454935619,True,correct,correct;high_confidence,DECISION-TIME
b98fdd936dc9134b1797c01a,random_stratified,1,3379855,1,1,1,20,20,29.296875,29.296875,10,10,1,1,1,3379865,1,0.63414634146341464,0.63414634146341464,0.73170731707317072,True,correct,correct;low_confidence,DECISION-TIME
ce7a967912c81473541909d7,random_stratified,0,3386013,1,1,16,50,50,29.296875,29.296875,100,100,1,16,13,3386016.1875,0,0.20978120978120979,0.20978120978120979,0.41956241956241958,True,correct,correct;high_confidence,DECISION-TIME
16a50b8242d10fb7c958ba4a,random_stratified,0,3386145,1,1,1,600,600,29.296875,29.296875,100,100,1,1,1,3386154,0,0.20978120978120979,0.20978120978120979,0.41956241956241958,True,correct,correct;high_confidence,DECISION-TIME
0ae57644d204b0fef2b69637,random_stratified,0,3387416,1,1,1,600,600,29.296875,29.296875,100,100,1,1,1,3387423,0,0.20978120978120979,0.20978120978120979,0.41956241956241958,True,correct,correct;high_confidence,DECISION-TIME
880c0faff24acf761dd1cd4e,random_stratified,1,3392414,1,1,1,1800,1800,58.59375,58.59375,100,100,1,1,1,3392416,0,0.20978120978120979,0.20978120978120979,0.41956241956241958,False,high_confidence_error,false_negative;high_confidence,DECISION-TIME
9b678d37abe330ac87408922,random_stratified,0,3393631,1,1,1,600,600,29.296875,29.296875,100,100,1,1,1,3393638,0,0.20978120978120979,0.20978120978120979,0.41956241956241958,True,correct,correct;high_confidence,DECISION-TIME
70e8276d178f929b4346af88,random_stratified,1,3394684,1,1,1,600,600,29.296875,29.296875,100,100,1,1,1,3394709,0,0.20978120978120979,0.20978120978120979,0.41956241956241958,False,high_confidence_error,false_negative;high_confidence,DECISION-TIME
c91eb249c1129b3dd87b5e6b,random_stratified,1,3394685,1,1,1,600,600,29.296875,29.296875,100,100,1,1,1,3394739,0,0.20978120978120979,0.20978120978120979,0.41956241956241958,False,high_confidence_error,false_negative;high_confidence,DECISION-TIME
1a404fb8fe9af23df2317fad,random_stratified,1,3395099,1,1,1,600,600,29.296875,29.296875,100,100,1,9,7,3398013,0,0.20978120978120979,0.20978120978120979,0.41956241956241958,False,high_confidence_error,false_negative;high_confidence,DECISION-TIME
7c1422e4c6c8134069785632,random_stratified,1,3395871,1,1,1,600,600,29.296875,29.296875,100,100,1,2,2,3396146,0,0.20978120978120979,0.20978120978120979,0.41956241956241958,False,high_confidence_error,false_negative;high_confidence,DECISION-TIME
56d44c49fba8b3417a9cb94e,random_stratified,1,3396094,1,1,1,600,600,29.296875,29.296875,100,100,1,1,1,3396141,0,0.20978120978120979,0.20978120978120979,0.41956241956241958,False,high_confidence_error,false_negative;high_confidence,DECISION-TIME
973ab7c840526d3002c70ae1,random_stratified,0,3399580,1,1,1,600,600,29.296875,29.296875,100,100,1,1,1,3399681,0,0.20978120978120979,0.20978120978120979,0.41956241956241958,True,correct,correct;high_confidence,DECISION-TIME
ba9d1b82ed965941adc7f35d,random_stratified,0,3400664,1,1,1,600,600,29.296875,29.296875,50,50,1,1,1,3400671,0,0.20978120978120979,0.20978120978120979,0.41956241956241958,True,correct,correct;high_confidence,DECISION-TIME
801c58031ca1b38f731e6339,random_stratified,0,3402658,1,1,1,600,600,29.296875,29.296875,25,25,1,1,1,3402668,0,0.20978120978120979,0.20978120978120979,0.41956241956241958,True,correct,correct;high_confidence,DECISION-TIME
839ff780b813a340a5f220e9,random_stratified,0,3405283,2,2,13,400,600,2,2,25,25,1,13,5,3405288.923076923,0,0.073170731707317069,0.073170731707317069,0.14634146341463417,True,correct,correct;high_confidence,DECISION-TIME
1e94d68f58cfc4b8853e3070,random_stratified,1,3407760,1,1,1,600,600,29.296875,29.296875,50,50,1,1,1,3407767,0,0.20978120978120979,0.20978120978120979,0.41956241956241958,False,high_confidence_error,false_negative;high_confidence,DECISION-TIME
c9ee8a4927a8e4b24f8a7d4f,random_stratified,1,3407779,1,1,1,600,600,29.296875,29.296875,50,50,1,1,1,3407788,0,0.20978120978120979,0.20978120978120979,0.41956241956241958,False,high_confidence_error,false_negative;high_confidence,DECISION-TIME
13d55399cd6de3cf8e140d9b,random_stratified,1,3408221,1,1,1,600,600,29.296875,29.296875,50,50,1,1,1,3408231,0,0.20978120978120979,0.20978120978120979,0.41956241956241958,False,high_confidence_error,false_negative;high_confidence,DECISION-TIME
1c4891ad1cfc5e788a0b039a,random_stratified,0,3411284,1,1,1,1800,1800,58.59375,58.59375,100,100,1,1,1,3411296,0,0.20978120978120979,0.20978120978120979,0.41956241956241958,True,correct,correct;high_confidence,DECISION-TIME
75aa6d7404288ddf1dd8ee87,random_stratified,0,3411655,2,2,6,500,600,2.9296875,3.90625,100,100,1,6,4,3411747.5,0,0.073170731707317069,0.073170731707317069,0.14634146341463417,True,correct,correct;high_confidence,DECISION-TIME
fc8ad6a11eb305bd76b5596c,random_stratified,0,3412036,2,2,40,900,1000,29.296875,29.296875,100,100,1,40,40,3412046.3500000001,0,0.13953488372093023,0.13953488372093023,0.27906976744186052,True,correct,correct;high_confidence,DECISION-TIME
8afbc5967d4f01ebcea61bb4,random_stratified,0,3412642,1,1,1,600,600,29.296875,29.296875,50,50,1,1,1,3412650,0,0.20978120978120979,0.20978120978120979,0.41956241956241958,True,correct,correct;high_confidence,DECISION-TIME
a7edfc515403cc3b056d235d,random_stratified,0,3416854,1,1,1,600,600,29.296875,29.296875,50,50,1,1,1,3416858,0,0.20978120978120979,0.20978120978120979,0.41956241956241958,True,correct,correct;high_confidence,DECISION-TIME
e4697249f8af1ca418617148,random_stratified,1,3429394,1,1,1,600,600,29.296875,29.296875,50,50,1,1,1,3429398,0,0.20978120978120979,0.20978120978120979,0.41956241956241958,False,high_confidence_error,false_negative;high_confidence,DECISION-TIME
22a83e4d0667e5c95f6e581a,random_stratified,1,3431571,1,1,4,1800,1800,58.59375,58.59375,100,100,1,4,4,3431575,0,0.20978120978120979,0.20978120978120979,0.41956241956241958,False,high_confidence_error,false_negative;high_confidence,DECISION-TIME
a5368d35769d954ea6ea73b4,random_stratified,0,3433035,1,1,1,600,600,29.296875,29.296875,50,50,1,1,1,3433048,0,0.20978120978120979,0.20978120978120979,0.41956241956241958,True,correct,correct;high_confidence,DECISION-TIME
8d7358729d555fc7480fd1f1,random_stratified,0,3434082,1,1,1,600,600,29.296875,29.296875,10,10,1,1,1,3434091,0,0.20978120978120979,0.20978120978120979,0.41956241956241958,True,correct,correct;high_confidence,DECISION-TIME
cef00ee54be851f7aad7de8e,random_stratified,0,3445598,1,1,1,600,600,29.296875,29.296875,25,25,1,1,1,3445608,0,0.20978120978120979,0.20978120978120979,0.41956241956241958,True,correct,correct;high_confidence,DECISION-TIME
d9fc73356646eed514ff7578,random_stratified,0,3449554,1,1,1,600,600,29.296875,29.296875,50,50,1,1,1,3449563,0,0.20978120978120979,0.20978120978120979,0.41956241956241958,True,correct,correct;high_confidence,DECISION-TIME
0d8339dab44255b7b8ef5e70,random_stratified,0,3455743,1,1,1,1000,1000,19.55078125,19.55078125,50,50,1,1,1,3455746,0,0.13953488372093023,0.13953488372093023,0.27906976744186052,True,correct,correct;high_confidence,DECISION-TIME
80f53c725ad1d2d63e721cec,random_stratified,0,3461761,1,1,1,1000,1000,19.55078125,19.55078125,50,50,1,1,1,3461764,0,0.13953488372093023,0.13953488372093023,0.27906976744186052,True,correct,correct;high_confidence,DECISION-TIME
d0f1c667acc08b1a1ab923c2,random_stratified,0,3468264,1,1,10,50,50,29.296875,29.296875,100,100,1,10,8,3468267,0,0.20978120978120979,0.20978120978120979,0.41956241956241958,True,correct,correct;high_confidence,DECISION-TIME
0c984dbcbc4e82f33e05c7ff,random_stratified,1,3468597,1,1,1,600,600,29.296875,29.296875,25,25,1,1,1,3468605,0,0.20978120978120979,0.20978120978120979,0.41956241956241958,False,high_confidence_error,false_negative;high_confidence,DECISION-TIME
8c630d79baca0a239ed4fae0,random_stratified,0,3468725,1,1,1,600,600,29.296875,29.296875,100,100,1,1,1,3468735,0,0.20978120978120979,0.20978120978120979,0.41956241956241958,True,correct,correct;high_confidence,DECISION-TIME
870bde7e64cbfa2de65c1444,random_stratified,0,3468743,1,1,1,600,600,29.296875,29.296875,100,100,1,1,1,3468757,0,0.20978120978120979,0.20978120978120979,0.41956241956241958,True,correct,correct;high_confidence,DECISION-TIME
e3bee45f2156a564be9ed783,random_stratified,0,3468814,2,2,51,500,600,19.53125,19.53125,50,50,1,51,39,3468827.6078431373,0,0.13953488372093023,0.13953488372093023,0.27906976744186052,True,correct,correct;high_confidence,DECISION-TIME
3755c2254273280dccc9dfd9,random_stratified,0,3474710,1,1,1,600,600,29.296875,29.296875,100,100,1,1,1,3474713,0,0.20978120978120979,0.20978120978120979,0.41956241956241958,True,correct,correct;high_confidence,DECISION-TIME
c1e4e6f7562ade366c52f3f8,random_stratified,0,3475056,1,1,1,600,600,29.296875,29.296875,50,50,1,1,1,3475059,0,0.20978120978120979,0.20978120978120979,0.41956241956241958,True,correct,correct;high_confidence,DECISION-TIME
2ad3415f5b34b1bfb3334bac,random_stratified,0,3482412,1,1,1,1800,1800,58.59375,58.59375,100,100,1,1,1,3482453,0,0.20978120978120979,0.20978120978120979,0.41956241956241958,True,correct,correct;high_confidence,DECISION-TIME
375582a663ba03fbfed2ca81,random_stratified,1,3485238,1,1,1,600,600,29.296875,29.296875,100,100,1,1,1,3485363,0,0.20978120978120979,0.20978120978120979,0.41956241956241958,False,high_confidence_error,false_negative;high_confidence,DECISION-TIME
9f61a70c1e3f010b0af0f241,random_stratified,1,3486389,1,1,1,600,600,29.296875,29.296875,100,100,1,1,1,3486424,0,0.20978120978120979,0.20978120978120979,0.41956241956241958,False,high_confidence_error,false_negative;high_confidence,DECISION-TIME
e1bb132708d804e7e31ea0da,random_stratified,0,3487649,1,1,1,600,600,29.296875,29.296875,100,100,1,1,1,3487670,0,0.20978120978120979,0.20978120978120979,0.41956241956241958,True,correct,correct;high_confidence,DECISION-TIME
0dfd5bd63aa42641367097a2,random_stratified,0,3488905,1,1,1,600,600,29.296875,29.296875,50,50,1,1,1,3488909,0,0.20978120978120979,0.20978120978120979,0.41956241956241958,True,correct,correct;high_confidence,DECISION-TIME
e9468523b801da007497923f,random_stratified,1,3489015,1,1,1,600,600,29.296875,29.296875,100,100,1,1,1,3489020,0,0.20978120978120979,0.20978120978120979,0.41956241956241958,False,high_confidence_error,false_negative;high_confidence,DECISION-TIME
50ae80b4dccaddc4c79afcbc,random_stratified,0,3489659,1,1,1,600,600,29.296875,29.296875,50,50,1,1,1,3489662,0,0.20978120978120979,0.20978120978120979,0.41956241956241958,True,correct,correct;high_confidence,DECISION-TIME
fd7624a6144e3fd14c8e1299,random_stratified,0,3489701,3,3,3,466.66666666666669,600,11.098958333333334,29.296875,25,25,1,3,3,3489704.6666666665,0,0.073170731707317069,0.073170731707317069,0.14634146341463417,True,correct,correct;high_confidence,DECISION-TIME
be89d0a0af6f072859fdcc5d,random_stratified,0,3490067,1,1,1,600,600,29.296875,29.296875,100,100,1,1,1,3490088,0,0.20978120978120979,0.20978120978120979,0.41956241956241958,True,correct,correct;high_confidence,DECISION-TIME
34a28097d622ed90789365c7,random_stratified,0,3490747,1,1,1,1000,1000,19.55078125,19.55078125,50,50,1,1,1,3490750,0,0.13953488372093023,0.13953488372093023,0.27906976744186052,True,correct,correct;high_confidence,DECISION-TIME
c6f2814b83174ce3b196ebaf,random_stratified,0,3493997,1,1,1,600,600,29.296875,29.296875,100,100,1,1,1,3494006,0,0.20978120978120979,0.20978120978120979,0.41956241956241958,True,correct,correct;high_confidence,DECISION-TIME
bf648ee6f86d3e0041eb7aaa,random_stratified,0,3494002,3,3,3,466.66666666666669,600,11.432291666666666,29.296875,25,25,1,3,3,3494006,0,0.073170731707317069,0.073170731707317069,0.14634146341463417,True,correct,correct;high_confidence,DECISION-TIME
fa89ccce6ceeaa215975da6f,random_stratified,0,3496852,1,1,1,600,600,29.296875,29.296875,50,50,1,1,1,3496855,0,0.20978120978120979,0.20978120978120979,0.41956241956241958,True,correct,correct;high_confidence,DECISION-TIME
206d08a574298adb04b462cd,random_stratified,0,3498043,2,2,5,350,600,29.296875,29.296875,50,50,1,5,2,3498047.6000000001,0,0.15021459227467809,0.15021459227467809,0.30042918454935619,True,correct,correct;high_confidence,DECISION-TIME
1cc173e775233afed36f7b45,random_stratified,0,3498551,1,1,1,20,20,29.296875,29.296875,10,10,1,1,1,3498563,1,0.63414634146341464,0.63414634146341464,0.73170731707317072,False,low_confidence_error,false_positive;low_confidence,DECISION-TIME
357f913d490d4bb0fedc5f8e,random_stratified,0,3500229,1,1,1,600,600,29.296875,29.296875,100,100,1,1,1,3500233,0,0.20978120978120979,0.20978120978120979,0.41956241956241958,True,correct,correct;high_confidence,DECISION-TIME
ab8202bd9fb1b6af1281b2fa,random_stratified,0,3508837,1,1,1,600,600,29.296875,29.296875,10,10,1,1,1,3508845,0,0.20978120978120979,0.20978120978120979,0.41956241956241958,True,correct,correct;high_confidence,DECISION-TIME
c3cfa09eaba8eb6b9437e1bc,random_stratified,0,3514111,1,1,1,600,600,29.296875,29.296875,5,5,1,1,1,3514125,0,0.20978120978120979,0.20978120978120979,0.41956241956241958,True,correct,correct;high_confidence,DECISION-TIME
261a9021d38adc376eeb44d5,random_stratified,1,3516815,1,1,1,600,600,29.296875,29.296875,50,50,1,1,1,3516818,0,0.20978120978120979,0.20978120978120979,0.41956241956241958,False,high_confidence_error,false_negative;high_confidence,DECISION-TIME
4bd7c570e28ab42882f4aa2c,random_stratified,0,3519603,1,1,1,600,600,29.296875,29.296875,10,10,1,1,1,3519614,0,0.20978120978120979,0.20978120978120979,0.41956241956241958,True,correct,correct;high_confidence,DECISION-TIME
7f2608be83a6212649003c83,random_stratified,0,3522911,2,2,7,150,200,17.08984375,29.296875,100,100,1,7,6,3522924.4285714286,0,0.13953488372093023,0.13953488372093023,0.27906976744186052,True,correct,correct;high_confidence,DECISION-TIME
74516c512aaf7d5821180f9b,random_stratified,0,3530001,2,2,3,950,1800,29.8046875,58.61328125,100,100,1,3,3,3530218.3333333335,0,0.073170731707317069,0.073170731707317069,0.14634146341463417,True,correct,correct;high_confidence,DECISION-TIME
8ebd327b434cd06d2ffea67f,random_stratified,0,3530091,1,1,1,600,600,29.296875,29.296875,100,100,1,1,1,3531206,0,0.20978120978120979,0.20978120978120979,0.41956241956241958,True,correct,correct;high_confidence,DECISION-TIME
2f29b0f15f4c944515e146a0,random_stratified,0,3537628,1,1,1,600,600,29.296875,29.296875,10,10,1,1,1,3537631,0,0.20978120978120979,0.20978120978120979,0.41956241956241958,True,correct,correct;high_confidence,DECISION-TIME
771e0f0d875cb817121cb33d,random_stratified,0,3541517,2,2,2,600,600,29.296875,29.296875,100,100,1,2,2,3541521,0,0.13953488372093023,0.13953488372093023,0.27906976744186052,True,correct,correct;high_confidence,DECISION-TIME
04c7972ba308f07e4f44a054,random_stratified,0,3543025,1,1,1,600,600,29.296875,29.296875,10,10,1,1,1,3543028,0,0.20978120978120979,0.20978120978120979,0.41956241956241958,True,correct,correct;high_confidence,DECISION-TIME
13a49508442dae14491342c1,random_stratified,0,3546021,1,1,1,600,600,29.296875,29.296875,100,100,1,1,1,3546033,0,0.20978120978120979,0.20978120978120979,0.41956241956241958,True,correct,correct;high_confidence,DECISION-TIME
248938f8f24c3db20063232b,random_stratified,1,3547669,1,1,1,1800,1800,58.59375,58.59375,100,100,1,1,1,3547690,0,0.20978120978120979,0.20978120978120979,0.41956241956241958,False,high_confidence_error,false_negative;high_confidence,DECISION-TIME
a5e24a3e58ac7cf481d80bdd,random_stratified,0,3554102,1,1,1,600,600,29.296875,29.296875,100,100,1,1,1,3554117,0,0.20978120978120979,0.20978120978120979,0.41956241956241958,True,correct,correct;high_confidence,DECISION-TIME
2e6322dd27478f071eb135e8,random_stratified,0,3555089,2,2,25,3000,4000,29.296875,29.296875,100,100,1,25,21,3555347.8799999999,0,0,0,0,True,correct,correct;high_confidence,DECISION-TIME
cbe8ddbf985f0f705031889d,random_stratified,0,3559123,1,1,1,600,600,29.296875,29.296875,100,100,1,1,1,3559127,0,0.20978120978120979,0.20978120978120979,0.41956241956241958,True,correct,correct;high_confidence,DECISION-TIME
03f372e4fd429920efeab154,random_stratified,0,3562324,1,1,1,1800,1800,58.59375,58.59375,100,100,1,1,1,3562329,0,0.20978120978120979,0.20978120978120979,0.41956241956241958,True,correct,correct;high_confidence,DECISION-TIME
1298da3f292e5fc37cb83395,random_stratified,0,3565988,2,2,31,600,600,29.296875,29.296875,100,100,1,31,17,3566001.6129032257,0,0.13953488372093023,0.13953488372093023,0.27906976744186052,True,correct,correct;high_confidence,DECISION-TIME
f2f46479c83f8f0631e97cbf,random_stratified,0,3571435,2,2,2,600,600,2.9296875,2.9296875,100,100,1,2,2,3571443,0,0.073170731707317069,0.073170731707317069,0.14634146341463417,True,correct,correct;high_confidence,DECISION-TIME
47208aa0478f8b771604fc22,random_stratified,1,3583831,1,1,1,600,600,29.296875,29.296875,200,200,1,1,1,3583838,0,0.14285714285714285,0.14285714285714285,0.2857142857142857,False,high_confidence_error,false_negative;high_confidence,DECISION-TIME
1336da3ca087aa7595dc448f,random_stratified,0,3592269,1,1,1,600,600,29.296875,29.296875,50,50,1,1,1,3592272,0,0.20978120978120979,0.20978120978120979,0.41956241956241958,True,correct,correct;high_confidence,DECISION-TIME
0d206797906409cd02e40cac,random_stratified,0,3593455,1,1,1,600,600,29.296875,29.296875,5,5,1,3,2,3595326,0,0.20978120978120979,0.20978120978120979,0.41956241956241958,True,correct,correct;high_confidence,DECISION-TIME
9310bba2cb1c2f435fbabbfb,random_stratified,1,3607470,1,1,1,600,600,29.296875,29.296875,10,10,1,1,1,3607476,0,0.20978120978120979,0.20978120978120979,0.41956241956241958,False,high_confidence_error,false_negative;high_confidence,DECISION-TIME
ad976ae5ce6dfdae55b232c3,random_stratified,0,3619546,2,2,23,600,600,15.625,19.53125,25,25,1,23,17,3619554.3913043477,0,0.13953488372093023,0.13953488372093023,0.27906976744186052,True,correct,correct;high_confidence,DECISION-TIME
f2c24b56448fbc2bc6c8899d,random_stratified,0,3623072,1,1,16,50,50,29.296875,29.296875,100,100,1,16,16,3623619,0,0.20978120978120979,0.20978120978120979,0.41956241956241958,True,correct,correct;high_confidence,DECISION-TIME
cdd994872056ead42ed5499b,random_stratified,0,3623616,2,2,2,600,600,29.296875,29.296875,100,100,1,2,1,3623628,0,0.13953488372093023,0.13953488372093023,0.27906976744186052,True,correct,correct;high_confidence,DECISION-TIME
d25e148cea37e3d6d563d13f,random_stratified,0,3625904,2,2,85,450,600,17.08984375,19.53125,25,25,1,89,44,3625966.3764705881,0,0.13953488372093023,0.13953488372093023,0.27906976744186052,True,correct,correct;high_confidence,DECISION-TIME
3692a16c21c5e6fd55c6a142,random_stratified,0,3628246,2,2,2,600,600,29.296875,29.296875,100,100,1,2,2,3628289.5,0,0.14128061730597674,0.14128061730597674,0.28256123461195348,True,correct,correct;high_confidence,DECISION-TIME
aa78a15ff78be4b70b245299,random_stratified,0,3629797,2,2,2,600,600,2.9296875,2.9296875,100,100,1,2,2,3629802.5,0,0.073170731707317069,0.073170731707317069,0.14634146341463417,True,correct,correct;high_confidence,DECISION-TIME
b72efa43f65e34a47f5b235b,random_stratified,0,3649286,2,2,10,700,800,29.296875,39.0625,25,25,1,10,8,3649302.3999999999,0,0.14285714285714285,0.14285714285714285,0.2857142857142857,True,correct,correct;high_confidence,DECISION-TIME
aca138207735031302e1dc3f,random_stratified,0,3654080,2,2,26,350,600,2,2,25,25,1,26,8,3654085,0,0.073170731707317069,0.073170731707317069,0.14634146341463417,True,correct,correct;high_confidence,DECISION-TIME
13742b5ef0f06822d76d03ce,random_stratified,1,3654877,1,1,1,600,600,29.296875,29.296875,100,100,1,1,1,3654948,0,0.20978120978120979,0.20978120978120979,0.41956241956241958,False,high_confidence_error,false_negative;high_confidence,DECISION-TIME
f745ad4c2d8aa86cb5e6015d,random_stratified,0,3655334,1,1,1,600,600,29.296875,29.296875,50,50,1,1,1,3655337,0,0.20978120978120979,0.20978120978120979,0.41956241956241958,True,correct,correct;high_confidence,DECISION-TIME
e81995630d9beca318ca4912,random_stratified,0,3659982,1,1,1,600,600,29.296875,29.296875,25,25,1,3,2,3660439,0,0.20978120978120979,0.20978120978120979,0.41956241956241958,True,correct,correct;high_confidence,DECISION-TIME
36c3795f0407a37fc9cdd791,random_stratified,0,3660629,1,1,1,600,600,29.296875,29.296875,25,25,1,1,1,3660642,0,0.20978120978120979,0.20978120978120979,0.41956241956241958,True,correct,correct;high_confidence,DECISION-TIME
de2aa18056ce00ca6047d8af,random_stratified,0,3665290,1,1,1,1800,1800,58.59375,58.59375,100,100,1,1,1,3671888,0,0.20978120978120979,0.20978120978120979,0.41956241956241958,True,correct,correct;high_confidence,DECISION-TIME
1fea72d90825d4b2c24c6d28,random_stratified,0,3667478,1,1,1,600,600,29.296875,29.296875,10,10,1,1,1,3667483,0,0.20978120978120979,0.20978120978120979,0.41956241956241958,True,correct,correct;high_confidence,DECISION-TIME
19a247f12de6843264925a35,random_stratified,0,3675116,1,1,1,600,600,29.296875,29.296875,100,100,1,3,2,3675569,0,0.20978120978120979,0.20978120978120979,0.41956241956241958,True,correct,correct;high_confidence,DECISION-TIME
f59e444bd020a85aacd8db78,random_stratified,1,3684007,1,1,1,600,600,29.296875,29.296875,10,10,1,1,1,3684013,0,0.20978120978120979,0.20978120978120979,0.41956241956241958,False,high_confidence_error,false_negative;high_confidence,DECISION-TIME
992dfb6cf464675e05c5996c,random_stratified,0,3684277,1,1,1,600,600,29.296875,29.296875,100,100,1,1,1,3684286,0,0.20978120978120979,0.20978120978120979,0.41956241956241958,True,correct,correct;high_confidence,DECISION-TIME
51b251b0921aecdde43cebdc,random_stratified,0,3689859,1,1,1,600,600,29.296875,29.296875,100,100,1,1,1,3689862,0,0.20978120978120979,0.20978120978120979,0.41956241956241958,True,correct,correct;high_confidence,DECISION-TIME
23cf6b63d94d07e590d01914,random_stratified,0,3703578,2,2,2,600,600,29.296875,29.296875,100,100,1,2,1,3703590,0,0.14200209708905084,0.14200209708905084,0.28400419417810174,True,correct,correct;high_confidence,DECISION-TIME
44c8b8c22d09d22880d90cbf,random_stratified,0,3705115,1,1,1,1600,1600,10.01953125,10.01953125,100,100,1,1,1,3705118,0,0.073170731707317069,0.073170731707317069,0.14634146341463417,True,correct,correct;high_confidence,DECISION-TIME
2482d0d6440e79b1cdd19419,random_stratified,0,3710379,1,1,1,1200,1200,29.296875,29.296875,5,5,1,1,1,3710382,0,0.15021459227467809,0.15021459227467809,0.30042918454935619,True,correct,correct;high_confidence,DECISION-TIME
630e10685e2f1dcaa15bbdcc,random_stratified,0,3722604,1,1,1,10,10,29.296875,29.296875,10,10,1,1,1,3722610,1,0.63414634146341464,0.63414634146341464,0.73170731707317072,False,low_confidence_error,false_positive;low_confidence,DECISION-TIME
84bf05457869c1487187b6f4,random_stratified,0,3724792,2,2,5,600,600,34.1796875,39.0625,50,50,1,5,4,3724798.2000000002,0,0.20978120978120979,0.20978120978120979,0.41956241956241958,True,correct,correct;high_confidence,DECISION-TIME
b39717e5c90e299e04eac6c6,random_stratified,1,3725583,1,1,1,600,600,29.296875,29.296875,100,100,1,1,1,3725619,0,0.20978120978120979,0.20978120978120979,0.41956241956241958,False,high_confidence_error,false_negative;high_confidence,DECISION-TIME
7384ec2f227ace05f19c9921,random_stratified,0,3726454,1,1,1,600,600,29.296875,29.296875,100,100,1,1,1,3726467,0,0.20978120978120979,0.20978120978120979,0.41956241956241958,True,correct,correct;high_confidence,DECISION-TIME
81aa5e9653d2ca028f900b4b,random_stratified,0,3731344,1,1,1,600,600,29.296875,29.296875,50,50,1,1,1,3731347,0,0.20978120978120979,0.20978120978120979,0.41956241956241958,True,correct,correct;high_confidence,DECISION-TIME
b5feb78985d4653bc3444e70,random_stratified,0,3736661,1,1,1,1800,1800,58.59375,58.59375,100,100,1,1,1,3740306,0,0.20978120978120979,0.20978120978120979,0.41956241956241958,True,correct,correct;high_confidence,DECISION-TIME
099d0f6f4cca333f0460c253,random_stratified,0,3739148,1,1,1,100,100,1.97265625,1.97265625,,,0,1,1,3739151,0,0.073170731707317069,0.073170731707317069,0.14634146341463417,True,correct,correct;high_confidence;feature_missingness,DECISION-TIME
42f47566d760255ec8d0e7f2,random_stratified,0,3741134,1,1,1,600,600,29.296875,29.296875,50,50,1,1,1,3741137,0,0.20978120978120979,0.20978120978120979,0.41956241956241958,True,correct,correct;high_confidence,DECISION-TIME
595e59d2b0b5e9376a0e3107,random_stratified,0,3744743,1,1,1,1600,1600,10.01953125,10.01953125,100,100,1,1,1,3762705,0,0.073170731707317069,0.073170731707317069,0.14634146341463417,True,correct,correct;high_confidence,DECISION-TIME
c4520d0c54c32344ff3a4abe,random_stratified,0,3744982,1,1,1,600,600,29.296875,29.296875,25,25,1,1,1,3744991,0,0.20978120978120979,0.20978120978120979,0.41956241956241958,True,correct,correct;high_confidence,DECISION-TIME
260a22356fa5a231a62337b5,random_stratified,0,3752724,1,1,1,600,600,29.296875,29.296875,100,100,1,1,1,3753121,0,0.20978120978120979,0.20978120978120979,0.41956241956241958,True,correct,correct;high_confidence,DECISION-TIME
9706852076d1c5aef7c2b077,random_stratified,0,3752724,1,1,1,600,600,29.296875,29.296875,100,100,1,1,1,3753710,0,0.20978120978120979,0.20978120978120979,0.41956241956241958,True,correct,correct;high_confidence,DECISION-TIME
7115c87b47ce09382db086e6,random_stratified,0,3752924,1,1,1,600,600,29.296875,29.296875,100,100,1,1,1,3752927,0,0.20978120978120979,0.20978120978120979,0.41956241956241958,True,correct,correct;high_confidence,DECISION-TIME
2540af4c414cb6fcd0c8d24d,random_stratified,0,3767432,1,1,1,1600,1600,29.296875,29.296875,100,100,1,1,1,3767439,0,0.13953488372093023,0.13953488372093023,0.27906976744186052,True,correct,correct;high_confidence,DECISION-TIME
39ff364c573ff3e70c9ecc74,random_stratified,0,3775132,1,1,1,100,100,29.296875,29.296875,25,25,1,1,1,3775146,0,0.20978120978120979,0.20978120978120979,0.41956241956241958,True,correct,correct;high_confidence,DECISION-TIME
f294da7b0bcf07f8ea9faa80,random_stratified,1,3776071,1,1,1,600,600,29.296875,29.296875,50,50,1,1,1,3776073,0,0.20978120978120979,0.20978120978120979,0.41956241956241958,False,high_confidence_error,false_negative;high_confidence,DECISION-TIME
88b475912ff727100621a0c7,random_stratified,0,3779196,1,1,4,1600,1600,58.59375,58.59375,100,100,1,4,3,3779207,0,0.20978120978120979,0.20978120978120979,0.41956241956241958,True,correct,correct;high_confidence,DECISION-TIME
203b7b230653d5e2c51fea5c,random_stratified,0,3780150,1,1,1,600,600,29.296875,29.296875,100,100,1,1,1,3780156,0,0.20978120978120979,0.20978120978120979,0.41956241956241958,True,correct,correct;high_confidence,DECISION-TIME
d92b34435bf282659797acbf,random_stratified,0,3783314,1,1,1,600,600,29.296875,29.296875,25,25,1,1,1,3783324,0,0.20978120978120979,0.20978120978120979,0.41956241956241958,True,correct,correct;high_confidence,DECISION-TIME
d123be9f02fde4ec181f2969,random_stratified,0,3785448,1,1,1,600,600,29.296875,29.296875,100,100,1,1,1,3785454,0,0.20978120978120979,0.20978120978120979,0.41956241956241958,True,correct,correct;high_confidence,DECISION-TIME
9ecdf82500d4a8ea37a99015,random_stratified,0,3791816,1,1,1,600,600,29.296875,29.296875,100,100,1,1,1,3791819,0,0.20978120978120979,0.20978120978120979,0.41956241956241958,True,correct,correct;high_confidence,DECISION-TIME
167a37ff55b8285dc61f166f,random_stratified,0,3793631,1,1,1,600,600,29.296875,29.296875,100,100,1,1,1,3793642,0,0.20978120978120979,0.20978120978120979,0.41956241956241958,True,correct,correct;high_confidence,DECISION-TIME
6edee071e83c7014c5bbf36c,random_stratified,0,3793758,1,1,1,600,600,29.296875,29.296875,100,100,1,1,1,3793764,0,0.20978120978120979,0.20978120978120979,0.41956241956241958,True,correct,correct;high_confidence,DECISION-TIME
c581eeca253390f9e52a9302,random_stratified,0,3797035,1,1,1,600,600,29.296875,29.296875,100,100,1,1,1,3797043,0,0.20978120978120979,0.20978120978120979,0.41956241956241958,True,correct,correct;high_confidence,DECISION-TIME
206eea218991198c5b951831,random_stratified,0,3800583,2,2,3,600,600,29.296875,29.296875,25,25,1,3,2,3800588,0,0.15021459227467809,0.15021459227467809,0.30042918454935619,True,correct,correct;high_confidence,DECISION-TIME
ee74ad3baf687acf34db81f4,random_stratified,0,3814342,1,1,1,600,600,29.296875,29.296875,25,25,1,1,1,3814347,0,0.20978120978120979,0.20978120978120979,0.41956241956241958,True,correct,correct;high_confidence,DECISION-TIME
77b2d21c569d8fc6a4e64a25,random_stratified,0,3828107,1,1,1,3200,3200,19.53125,19.53125,100,100,1,1,1,3828110,0,0,0,0,True,correct,correct;high_confidence,DECISION-TIME
695c52b646b29dd3ddc680f0,random_stratified,0,3835292,1,1,1,600,600,29.296875,29.296875,25,25,1,1,1,3835300,0,0.20978120978120979,0.20978120978120979,0.41956241956241958,True,correct,correct;high_confidence,DECISION-TIME
4ac31c28add5dc84961302f7,random_stratified,0,3837136,2,2,51,350,600,3.41796875,4.8828125,25,25,1,51,25,3837152.3137254901,0,0.073170731707317069,0.073170731707317069,0.14634146341463417,True,correct,correct;high_confidence,DECISION-TIME
765638643433b3a2faee653b,random_stratified,0,3862615,1,1,1,1000,1000,19.53125,19.53125,200,200,1,1,1,3862622,0,0.073170731707317069,0.073170731707317069,0.14634146341463417,True,correct,correct;high_confidence,DECISION-TIME
a4b9bd6858b140287f332d36,random_stratified,0,3864771,1,1,1,600,600,29.296875,29.296875,10,10,1,1,1,3864816,0,0.20978120978120979,0.20978120978120979,0.41956241956241958,True,correct,correct;high_confidence,DECISION-TIME
e2f03baaf3968ab158179aa6,random_stratified,0,3876955,1,1,1,600,600,29.296875,29.296875,100,100,1,1,1,3876968,0,0.20978120978120979,0.20978120978120979,0.41956241956241958,True,correct,correct;high_confidence,DECISION-TIME
ec911045e3646d639bc6e100,random_stratified,0,3879561,1,1,1,600,600,29.296875,29.296875,100,100,1,1,1,3879664,0,0.20978120978120979,0.20978120978120979,0.41956241956241958,True,correct,correct;high_confidence,DECISION-TIME
86dac0f365da8f16b6631bd2,random_stratified,0,3903120,1,1,1,600,600,29.296875,29.296875,5,5,1,1,1,3903127,0,0.20978120978120979,0.20978120978120979,0.41956241956241958,True,correct,correct;high_confidence,DECISION-TIME
afe71ffec7ac30b1240b635a,random_stratified,0,3903128,1,1,1,600,600,29.296875,29.296875,5,5,1,1,1,3903249,0,0.20978120978120979,0.20978120978120979,0.41956241956241958,True,correct,correct;high_confidence,DECISION-TIME
e9e02dc146ffbaa5b1234169,random_stratified,0,3903247,1,1,1,1800,1800,58.59375,58.59375,100,100,1,1,1,3903256,0,0.20978120978120979,0.20978120978120979,0.41956241956241958,True,correct,correct;high_confidence,DECISION-TIME
70d10b55c37e3c2e50bf402b,random_stratified,0,3903655,1,1,1,600,600,29.296875,29.296875,100,100,1,1,1,3903667,0,0.20978120978120979,0.20978120978120979,0.41956241956241958,True,correct,correct;high_confidence,DECISION-TIME
cc71a422ada69a72b28978a2,random_stratified,1,3914979,1,1,20,600,600,29.296875,29.296875,100,100,1,27,5,3915253,0,0.20978120978120979,0.20978120978120979,0.41956241956241958,False,high_confidence_error,false_negative;high_confidence,DECISION-TIME
cbd62a8a569fe6e6f2d84d75,random_stratified,0,3916561,1,1,1,600,600,29.296875,29.296875,100,100,1,1,1,3916573,0,0.20978120978120979,0.20978120978120979,0.41956241956241958,True,correct,correct;high_confidence,DECISION-TIME
3e24ab7e8549a96bb873f1a2,random_stratified,0,3931739,1,1,1,20,20,29.296875,29.296875,10,10,1,1,1,3931748,1,0.63414634146341464,0.63414634146341464,0.73170731707317072,False,low_confidence_error,false_positive;low_confidence,DECISION-TIME
4c3080873feca88cd1ce914f,random_stratified,0,3931827,1,1,1,600,600,29.296875,29.296875,5,5,1,1,1,3931838,0,0.20978120978120979,0.20978120978120979,0.41956241956241958,True,correct,correct;high_confidence,DECISION-TIME
37bde08d6c6ca4b0931d1134,random_stratified,0,3937743,1,1,1,600,600,29.296875,29.296875,5,5,1,1,1,3937748,0,0.20978120978120979,0.20978120978120979,0.41956241956241958,True,correct,correct;high_confidence,DECISION-TIME
5e5215ff5059071a66607c27,random_stratified,1,3940148,2,2,21,600,600,29.296875,29.296875,25,25,1,21,15,3940161,0,0.20978120978120979,0.20978120978120979,0.41956241956241958,False,high_confidence_error,false_negative;high_confidence,DECISION-TIME
9b0ea272d6d54076864f6a9f,random_stratified,0,3946682,1,1,1,100,100,29.296875,29.296875,25,25,1,1,1,3946695,0,0.20978120978120979,0.20978120978120979,0.41956241956241958,True,correct,correct;high_confidence,DECISION-TIME
bff11614b1626682f04ad3e0,random_stratified,0,3951894,1,1,2,1800,1800,58.59375,58.59375,100,100,1,2,1,3951907,0,0.20978120978120979,0.20978120978120979,0.41956241956241958,True,correct,correct;high_confidence,DECISION-TIME
a597d63174a6abc3d8b86e8a,random_stratified,0,3952659,2,2,70,600,600,29.296875,29.296875,25,25,1,70,51,3952669.3285714285,0,0.20978120978120979,0.20978120978120979,0.41956241956241958,True,correct,correct;high_confidence,DECISION-TIME
59178ac2c67f40ccc9093f4f,random_stratified,0,3960248,2,2,6,500,600,2.9296875,3.90625,100,100,1,6,5,3960263.8333333335,0,0.073170731707317069,0.073170731707317069,0.14634146341463417,True,correct,correct;high_confidence,DECISION-TIME
26bf730feb780cc10853244a,random_stratified,0,3963853,1,1,1,600,600,29.296875,29.296875,100,100,1,1,1,3963873,0,0.20978120978120979,0.20978120978120979,0.41956241956241958,True,correct,correct;high_confidence,DECISION-TIME
e351109feec4190bdc0783fe,random_stratified,0,3964200,1,1,1,600,600,29.296875,29.296875,100,100,1,1,1,3964205,0,0.20978120978120979,0.20978120978120979,0.41956241956241958,True,correct,correct;high_confidence,DECISION-TIME
3b4e7a7c21426a7027c5df0d,random_stratified,1,3970488,2,2,15,600,600,17.08984375,24.4140625,25,25,1,15,14,3970504,0,0.13953488372093023,0.13953488372093023,0.27906976744186052,False,high_confidence_error,false_negative;high_confidence,DECISION-TIME
66227833aedee5d5a9cde9cb,random_stratified,0,3982778,1,1,1,600,600,29.296875,29.296875,100,100,1,1,1,3982791,0,0.20978120978120979,0.20978120978120979,0.41956241956241958,True,correct,correct;high_confidence,DECISION-TIME
1a2811ecc279533bae3a4a77,random_stratified,0,3984515,2,2,4,600,600,29.296875,29.296875,100,100,1,6,4,3987223.8333333335,0,0.15021459227467809,0.15021459227467809,0.30042918454935619,True,correct,correct;high_confidence,DECISION-TIME
800e72941d7f68fd78b95112,random_stratified,0,3985203,1,1,1,1000,1000,19.55078125,19.55078125,50,50,1,1,1,3985206,0,0.13953488372093023,0.13953488372093023,0.27906976744186052,True,correct,correct;high_confidence,DECISION-TIME
c0092909e61cf1abfd4c8680,random_stratified,0,3987627,1,1,1,600,600,29.296875,29.296875,100,100,1,1,1,3987640,0,0.20978120978120979,0.20978120978120979,0.41956241956241958,True,correct,correct;high_confidence,DECISION-TIME
3fb86612541cb3538b53b904,random_stratified,0,3993883,1,1,1,600,600,29.296875,29.296875,25,25,1,1,1,3993891,0,0.20978120978120979,0.20978120978120979,0.41956241956241958,True,correct,correct;high_confidence,DECISION-TIME
9d8d3bc12e0e82bab7e3aea8,random_stratified,0,3999296,1,1,1,600,600,29.296875,29.296875,100,100,1,1,1,3999299,0,0.20978120978120979,0.20978120978120979,0.41956241956241958,True,correct,correct;high_confidence,DECISION-TIME
4796afaa941bfbd6b45f58a2,random_stratified,0,3999854,1,1,1,200,200,4.90234375,4.90234375,,,0,1,1,3999857,0,0.13953488372093023,0.13953488372093023,0.27906976744186052,True,correct,correct;high_confidence;feature_missingness,DECISION-TIME
b847814d39b47db443fdffdd,random_stratified,0,4000507,2,2,41,350,600,3.41796875,4.8828125,25,25,1,41,19,4000518.3902439023,0,0.073170731707317069,0.073170731707317069,0.14634146341463417,True,correct,correct;high_confidence,DECISION-TIME
b40d2006b4c2aef474df1a55,random_stratified,0,4002284,1,1,1,600,600,29.296875,29.296875,100,100,1,3,2,4002741,0,0.20978120978120979,0.20978120978120979,0.41956241956241958,True,correct,correct;high_confidence,DECISION-TIME
ea820a760f88fd0dc6812bf5,random_stratified,0,4008340,1,1,1,3200,3200,19.53125,19.53125,100,100,1,1,1,4008343,0,0,0,0,True,correct,correct;high_confidence,DECISION-TIME
21cf389a63e6b0c8600f0f77,random_stratified,0,4010391,1,1,1,600,600,29.296875,29.296875,50,50,1,1,1,4010394,0,0.20978120978120979,0.20978120978120979,0.41956241956241958,True,correct,correct;high_confidence,DECISION-TIME
6b54eea12e2b40954150db14,random_stratified,0,4011557,3,3,3,466.66666666666669,600,11.098958333333334,29.296875,25,25,1,3,3,4011561,0,0.073170731707317069,0.073170731707317069,0.14634146341463417,True,correct,correct;high_confidence,DECISION-TIME
0f660be546e1db3bfcf8c6ec,random_stratified,0,4017488,1,1,1,600,600,29.296875,29.296875,50,50,1,1,1,4017497,0,0.20978120978120979,0.20978120978120979,0.41956241956241958,True,correct,correct;high_confidence,DECISION-TIME
43f836fc5bd56886a8672056,random_stratified,0,4020084,2,2,45,450,600,18.5546875,19.53125,25,25,1,45,45,4020120.777777778,0,0.14285714285714285,0.14285714285714285,0.2857142857142857,True,correct,correct;high_confidence,DECISION-TIME
24e9384de9c4486c1917dbdf,random_stratified,0,4022582,2,2,51,450,800,10.76171875,19.55078125,,,0,51,51,4022622.6862745099,0,0.073170731707317069,0.073170731707317069,0.14634146341463417,True,correct,correct;high_confidence;feature_missingness,DECISION-TIME
127b8152798bae783672efcf,random_stratified,0,4025955,1,1,1,600,600,29.296875,29.296875,50,50,1,1,1,4025966,0,0.20978120978120979,0.20978120978120979,0.41956241956241958,True,correct,correct;high_confidence,DECISION-TIME
afe51ffdca1cd4c3892bb180,random_stratified,0,4032499,1,1,1,1800,1800,58.59375,58.59375,100,100,1,1,1,4032512,0,0.20978120978120979,0.20978120978120979,0.41956241956241958,True,correct,correct;high_confidence,DECISION-TIME
c76ae4c3a2689ce5db6b4430,random_stratified,0,4034138,1,1,1,100,100,29.296875,29.296875,25,25,1,1,1,4034154,1,0.50728536759739518,0.50728536759739518,0.98542926480520965,False,low_confidence_error,false_positive;low_confidence,DECISION-TIME
2ad6f7e500f8e757a2fd71ff,random_stratified,1,4035626,1,1,1,600,600,29.296875,29.296875,50,50,1,1,1,4035629,0,0.20978120978120979,0.20978120978120979,0.41956241956241958,False,high_confidence_error,false_negative;high_confidence,DECISION-TIME
f8210918e2a284cff644834d,random_stratified,1,4036692,1,1,1,1800,1800,58.59375,58.59375,100,100,1,1,1,4036701,0,0.20978120978120979,0.20978120978120979,0.41956241956241958,False,high_confidence_error,false_negative;high_confidence,DECISION-TIME
7a084a4865bc78d265767235,random_stratified,0,4040396,1,1,1,600,600,29.296875,29.296875,10,10,1,1,1,4040405,0,0.20978120978120979,0.20978120978120979,0.41956241956241958,True,correct,correct;high_confidence,DECISION-TIME
5748719aabcad0f9bdf23dbe,random_stratified,0,4044975,2,2,10,600,600,29.296875,29.296875,25,25,1,10,7,4044984.7999999998,0,0.20978120978120979,0.20978120978120979,0.41956241956241958,True,correct,correct;high_confidence,DECISION-TIME
d03eabac13b27d013be23d6e,random_stratified,0,4046330,1,1,1,600,600,29.296875,29.296875,25,25,1,1,1,4046339,0,0.20978120978120979,0.20978120978120979,0.41956241956241958,True,correct,correct;high_confidence,DECISION-TIME
f89c7caf53de4795c2a4162c,random_stratified,0,4058468,2,2,11,600,600,29.296875,29.296875,25,25,1,11,9,4058482.9090909092,0,0.20978120978120979,0.20978120978120979,0.41956241956241958,True,correct,correct;high_confidence,DECISION-TIME
bc5f11147792deba78f2d06c,random_stratified,0,4061262,1,1,1,600,600,29.296875,29.296875,100,100,1,1,1,4061364,0,0.20978120978120979,0.20978120978120979,0.41956241956241958,True,correct,correct;high_confidence,DECISION-TIME
d2a8e9e7a48865009cc28309,random_stratified,0,4061988,1,1,1,600,600,29.296875,29.296875,100,100,1,1,1,4061998,0,0.20978120978120979,0.20978120978120979,0.41956241956241958,True,correct,correct;high_confidence,DECISION-TIME
7b3d07892cdf9cd02e4c7764,random_stratified,1,4069021,2,2,2,1,1,0.09765625,0.09765625,100,100,1,15,15,4069121.3571428573,0,0.13953488372093023,0.13953488372093023,0.27906976744186052,False,high_confidence_error,false_negative;high_confidence,DECISION-TIME
5831a1da60986e661626f251,random_stratified,0,4073855,1,1,1,600,600,29.296875,29.296875,100,100,1,1,1,4073859,0,0.20978120978120979,0.20978120978120979,0.41956241956241958,True,correct,correct;high_confidence,DECISION-TIME
ef32b25fbb3182e4a5d9a7d4,random_stratified,0,4081330,1,1,1,1000,1000,19.55078125,19.55078125,50,50,1,1,1,4081333,0,0.13953488372093023,0.13953488372093023,0.27906976744186052,True,correct,correct;high_confidence,DECISION-TIME
f037a430bfa40bca54156a7e,random_stratified,1,4086510,1,1,1,1800,1800,58.59375,58.59375,100,100,1,2,2,4086786,0,0.20978120978120979,0.20978120978120979,0.41956241956241958,False,high_confidence_error,false_negative;high_confidence,DECISION-TIME
761458b2f6b63d1b9ed81c48,random_stratified,0,4088247,1,1,1,600,600,29.296875,29.296875,10,10,1,1,1,4088256,0,0.20978120978120979,0.20978120978120979,0.41956241956241958,True,correct,correct;high_confidence,DECISION-TIME
dbf6ac8cbac6c917acc3e50b,random_stratified,0,4089092,1,1,1,600,600,29.296875,29.296875,100,100,1,1,1,4089096,0,0.20978120978120979,0.20978120978120979,0.41956241956241958,True,correct,correct;high_confidence,DECISION-TIME
854259e05e69e35ce42165e6,random_stratified,0,4093778,1,1,1,600,600,29.296875,29.296875,100,100,1,1,1,4093785,0,0.20978120978120979,0.20978120978120979,0.41956241956241958,True,correct,correct;high_confidence,DECISION-TIME
6879bba91b463bceac2bbbb3,random_stratified,1,4095730,1,1,8,1800,1800,58.59375,58.59375,100,100,1,8,6,4095837,0,0.20978120978120979,0.20978120978120979,0.41956241956241958,False,high_confidence_error,false_negative;high_confidence,DECISION-TIME
b653a5ddda11abf48a0cb59d,random_stratified,0,4106887,1,1,1,20,20,29.296875,29.296875,10,10,1,1,1,4106892,1,0.63414634146341464,0.63414634146341464,0.73170731707317072,False,low_confidence_error,false_positive;low_confidence,DECISION-TIME
6acbc85b86006319108c33e5,random_stratified,0,4107937,1,1,1,600,600,29.296875,29.296875,100,100,1,1,1,4107942,0,0.20978120978120979,0.20978120978120979,0.41956241956241958,True,correct,correct;high_confidence,DECISION-TIME
3183004b67e144d93ab962c6,random_stratified,0,4108275,1,1,1,600,600,29.296875,29.296875,100,100,1,1,1,4108286,0,0.20978120978120979,0.20978120978120979,0.41956241956241958,True,correct,correct;high_confidence,DECISION-TIME
f4c50e16516080051c841331,random_stratified,0,4108582,1,1,1,600,600,29.296875,29.296875,100,100,1,1,1,4108641,0,0.20978120978120979,0.20978120978120979,0.41956241956241958,True,correct,correct;high_confidence,DECISION-TIME
9c09fbc6cd9b424c1e2efd6f,random_stratified,0,4111128,1,1,1,600,600,29.296875,29.296875,100,100,1,1,1,4111227,0,0.20978120978120979,0.20978120978120979,0.41956241956241958,True,correct,correct;high_confidence,DECISION-TIME
2948b555f82e254c32f29c59,random_stratified,0,4119443,1,1,1,600,600,29.296875,29.296875,10,10,1,1,1,4119455,0,0.20978120978120979,0.20978120978120979,0.41956241956241958,True,correct,correct;high_confidence,DECISION-TIME
852db4e3c86f71fac1acd990,random_stratified,0,4119928,1,1,1,600,600,29.296875,29.296875,100,100,1,1,1,4119931,0,0.20978120978120979,0.20978120978120979,0.41956241956241958,True,correct,correct;high_confidence,DECISION-TIME
eaaf2c59f4c8ca57c76c3584,random_stratified,0,4120699,1,1,1,100,100,29.296875,29.296875,25,25,1,1,1,4120705,1,0.56501646151202878,0.56501646151202878,0.86996707697594244,False,low_confidence_error,false_positive;low_confidence,DECISION-TIME
d6143717c11aca1fee3f0e08,random_stratified,0,4131871,2,2,7,600,600,29.296875,29.296875,100,100,1,7,7,4131875.1428571427,0,0.15021459227467809,0.15021459227467809,0.30042918454935619,True,correct,correct;high_confidence,DECISION-TIME
39f32bc263b7ce6ecfc6c02f,random_stratified,0,4136861,2,2,26,600,1000,48.828125,78.125,25,25,1,26,25,4136873,0,0.20978120978120979,0.20978120978120979,0.41956241956241958,True,correct,correct;high_confidence,DECISION-TIME
b3678efab3737e9d7d404008,random_stratified,0,4143071,1,1,1,1800,1800,58.59375,58.59375,100,100,1,1,1,4143081,0,0.20978120978120979,0.20978120978120979,0.41956241956241958,True,correct,correct;high_confidence,DECISION-TIME
18f11bb17de4949951ae14b8,random_stratified,0,4143628,1,1,1,600,600,29.296875,29.296875,100,100,1,1,1,4155288,0,0.20978120978120979,0.20978120978120979,0.41956241956241958,True,correct,correct;high_confidence,DECISION-TIME
2cb5fc9a7894b91cc6d8dd5f,random_stratified,0,4152563,1,1,50,800,800,29.296875,29.296875,50,50,1,50,22,4152571.5600000001,0,0.20978120978120979,0.20978120978120979,0.41956241956241958,True,correct,correct;high_confidence,DECISION-TIME
c82053d8222e420171e7e71e,random_stratified,0,4154614,1,1,1,600,600,29.296875,29.296875,100,100,1,1,1,4154657,0,0.20978120978120979,0.20978120978120979,0.41956241956241958,True,correct,correct;high_confidence,DECISION-TIME
461bb53b71904e94861ffeb1,random_stratified,0,4159706,2,2,105,600,600,14.6484375,19.53125,25,25,1,105,65,4159788.0666666669,0,0.13953488372093023,0.13953488372093023,0.27906976744186052,True,correct,correct;high_confidence,DECISION-TIME
4b8fd44a69c693882f18ada6,random_stratified,0,4161619,3,3,12,466.66666666666669,600,11.098958333333334,29.296875,25,25,1,12,8,4161623.9166666665,0,0.073170731707317069,0.073170731707317069,0.14634146341463417,True,correct,correct;high_confidence,DECISION-TIME
b331f49f3b2854963b3a47ce,random_stratified,1,4161659,1,1,1,600,600,29.296875,29.296875,100,100,1,1,1,4161668,0,0.20978120978120979,0.20978120978120979,0.41956241956241958,False,high_confidence_error,false_negative;high_confidence,DECISION-TIME
32fb9331e5cf525684dccb7b,random_stratified,0,4168669,1,1,48,200,200,4,4,50,50,1,48,31,4169187.0625,0,0.13953488372093023,0.13953488372093023,0.27906976744186052,True,correct,correct;high_confidence,DECISION-TIME
24cb8856786187698ae08f69,random_stratified,0,4169294,1,1,1,600,600,29.296875,29.296875,100,100,1,1,1,4169297,0,0.20978120978120979,0.20978120978120979,0.41956241956241958,True,correct,correct;high_confidence,DECISION-TIME
c4e55df8e67f9ebf973e6a6c,random_stratified,0,4170621,1,1,1,600,600,29.296875,29.296875,100,100,1,1,1,4170624,0,0.20978120978120979,0.20978120978120979,0.41956241956241958,True,correct,correct;high_confidence,DECISION-TIME
48a39855f255c67d842e9942,random_stratified,0,4172884,1,1,1,600,600,29.296875,29.296875,50,50,1,1,1,4172890,0,0.20978120978120979,0.20978120978120979,0.41956241956241958,True,correct,correct;high_confidence,DECISION-TIME
8fd2a82b6461263b2be2c5e8,random_stratified,0,4177491,1,1,1,1000,1000,19.55078125,19.55078125,50,50,1,1,1,4177494,0,0.13953488372093023,0.13953488372093023,0.27906976744186052,True,correct,correct;high_confidence,DECISION-TIME
271395c5ae39f61e18c55fb3,random_stratified,0,4184910,2,2,20,500,600,12.20703125,14.6484375,25,25,1,20,14,4184923.7999999998,0,0.13953488372093023,0.13953488372093023,0.27906976744186052,True,correct,correct;high_confidence,DECISION-TIME
cba879c4bbb214004555e08e,random_stratified,1,4204259,1,1,1,600,600,29.296875,29.296875,100,100,1,1,1,4204272,0,0.20978120978120979,0.20978120978120979,0.41956241956241958,False,high_confidence_error,false_negative;high_confidence,DECISION-TIME
26ca2ecad6d5b8817e9bdcee,random_stratified,1,4204263,1,1,1,600,600,29.296875,29.296875,100,100,1,1,1,4204273,0,0.20978120978120979,0.20978120978120979,0.41956241956241958,False,high_confidence_error,false_negative;high_confidence,DECISION-TIME
f1bbcaa80a1f212bca321303,random_stratified,1,4204927,1,1,1,800,800,31.26953125,31.26953125,,,0,1,1,4204930,0,0.13953488372093023,0.13953488372093023,0.27906976744186052,False,high_confidence_error,false_negative;high_confidence;feature_missingness,DECISION-TIME
015d8242cfe19b105ed845fe,random_stratified,0,4205376,1,1,1,10,10,29.296875,29.296875,10,10,1,1,1,4205381,1,0.63414634146341464,0.63414634146341464,0.73170731707317072,False,low_confidence_error,false_positive;low_confidence,DECISION-TIME
21b74085dbbac33fd61123f4,random_stratified,0,4205848,1,1,1,600,600,29.296875,29.296875,10,10,1,1,1,4205859,0,0.20978120978120979,0.20978120978120979,0.41956241956241958,True,correct,correct;high_confidence,DECISION-TIME
4fc668df28ebddc2e8821a72,random_stratified,0,4207231,1,1,1,100,100,29.296875,29.296875,25,25,1,1,1,4207264,1,0.62285842843136552,0.62285842843136552,0.75428314313726896,False,low_confidence_error,false_positive;low_confidence,DECISION-TIME
84421f05eacbd147fb8e2332,random_stratified,1,4207901,1,1,1,600,600,29.296875,29.296875,50,50,1,1,1,4207904,0,0.20978120978120979,0.20978120978120979,0.41956241956241958,False,high_confidence_error,false_negative;high_confidence,DECISION-TIME
f904a3197cd6f33967779850,random_stratified,1,4214833,1,1,1,600,600,29.296875,29.296875,100,100,1,1,1,4214947,0,0.20978120978120979,0.20978120978120979,0.41956241956241958,False,high_confidence_error,false_negative;high_confidence,DECISION-TIME
89f5c81d7ffb1de5b317b96d,random_stratified,0,4226687,2,2,30,100,100,2.9296875,2.9296875,20,20,1,30,17,4226697.0666666664,0,0.13953488372093023,0.13953488372093023,0.27906976744186052,True,correct,correct;high_confidence,DECISION-TIME
8195c8a9873f281af31e4132,random_stratified,0,4229485,1,1,16,50,50,29.296875,29.296875,100,100,1,16,10,4229488.375,0,0.20978120978120979,0.20978120978120979,0.41956241956241958,True,correct,correct;high_confidence,DECISION-TIME
0f7ba33872f77c9c6c73bc3a,random_stratified,0,4229943,1,1,1,600,600,29.296875,29.296875,100,100,1,1,1,4229949,0,0.20978120978120979,0.20978120978120979,0.41956241956241958,True,correct,correct;high_confidence,DECISION-TIME
5fcc9e529e13c47466dd64e7,random_stratified,0,4252612,1,1,1,3200,3200,19.53125,19.53125,100,100,1,1,1,4252615,0,0.071606706837270093,0.071606706837270093,0.14321341367454021,True,correct,correct;high_confidence,DECISION-TIME
a5f095d1137f026b1d1333bd,random_stratified,0,4252702,2,2,6,500,600,2.9296875,3.90625,100,100,1,6,4,4252795.833333333,0,0.073170731707317069,0.073170731707317069,0.14634146341463417,True,correct,correct;high_confidence,DECISION-TIME
0262f89e9f6d4b8390c1937a,random_stratified,1,4255037,1,1,1,1800,1800,58.59375,58.59375,100,100,1,1,1,4255154,0,0.20978120978120979,0.20978120978120979,0.41956241956241958,False,high_confidence_error,false_negative;high_confidence,DECISION-TIME
bbb127d4cdc8082b3839d11c,random_stratified,0,4256931,1,1,1,600,600,29.296875,29.296875,25,25,1,1,1,4256943,0,0.20978120978120979,0.20978120978120979,0.41956241956241958,True,correct,correct;high_confidence,DECISION-TIME
cd030202d70931368f419ebc,random_stratified,1,4268914,1,1,1,600,600,29.296875,29.296875,10,10,1,1,1,4268924,0,0.20978120978120979,0.20978120978120979,0.41956241956241958,False,high_confidence_error,false_negative;high_confidence,DECISION-TIME
c06138bd8b81e5ae0d619602,random_stratified,0,4276059,1,1,1,600,600,29.296875,29.296875,50,50,1,2,2,4277004,0,0.20978120978120979,0.20978120978120979,0.41956241956241958,True,correct,correct;high_confidence,DECISION-TIME
45407fdf5aad2f6a71792b98,random_stratified,0,4278297,1,1,1,600,600,29.296875,29.296875,100,100,1,1,1,4278309,0,0.20978120978120979,0.20978120978120979,0.41956241956241958,True,correct,correct;high_confidence,DECISION-TIME
8bd3aa137c58cc2d4f8cfe6e,random_stratified,0,4279496,1,1,1,600,600,29.296875,29.296875,50,50,1,1,1,4279506,0,0.20978120978120979,0.20978120978120979,0.41956241956241958,True,correct,correct;high_confidence,DECISION-TIME
40a1058e8f1edabb41315f06,random_stratified,0,4279520,1,1,1,600,600,29.296875,29.296875,50,50,1,1,1,4279527,0,0.20978120978120979,0.20978120978120979,0.41956241956241958,True,correct,correct;high_confidence,DECISION-TIME
4b0ea648771f09d530301e2f,random_stratified,0,4292808,1,1,1,600,600,29.296875,29.296875,10,10,1,1,1,4292820,0,0.20978120978120979,0.20978120978120979,0.41956241956241958,True,correct,correct;high_confidence,DECISION-TIME
4ee0d330b6c72dfb0bf4cc39,random_stratified,0,4293562,1,1,1,600,600,29.296875,29.296875,100,100,1,1,1,4293565,0,0.20978120978120979,0.20978120978120979,0.41956241956241958,True,correct,correct;high_confidence,DECISION-TIME
bafd57e22f201f795e177e40,random_stratified,0,4296228,1,1,1,600,600,29.296875,29.296875,25,25,1,1,1,4296235,0,0.20978120978120979,0.20978120978120979,0.41956241956241958,True,correct,correct;high_confidence,DECISION-TIME
8d55602714826a25c149ab87,random_stratified,0,4304517,1,1,4,600,600,29.296875,29.296875,25,25,1,4,4,4304555.25,0,0.20978120978120979,0.20978120978120979,0.41956241956241958,True,correct,correct;high_confidence,DECISION-TIME
9c0545177c90ccd761f6e8fb,random_stratified,0,4309198,3,3,4,600,600,29.296875,29.296875,100,100,1,4,2,4309275.25,0,0.13953488372093023,0.13953488372093023,0.27906976744186052,True,correct,correct;high_confidence,DECISION-TIME
49abbc953aab4318c2f85076,random_stratified,0,4314814,1,1,16,50,50,29.296875,29.296875,100,100,1,16,11,4314817.6875,0,0.20978120978120979,0.20978120978120979,0.41956241956241958,True,correct,correct;high_confidence,DECISION-TIME
6ae8114b66b97906bd95b2e3,random_stratified,0,4315584,1,1,1,600,600,29.296875,29.296875,100,100,1,1,1,4315598,0,0.20978120978120979,0.20978120978120979,0.41956241956241958,True,correct,correct;high_confidence,DECISION-TIME
b2550546713595bfe0e67ac8,random_stratified,0,4317738,1,1,1,600,600,29.296875,29.296875,100,100,1,1,1,4317749,0,0.20978120978120979,0.20978120978120979,0.41956241956241958,True,correct,correct;high_confidence,DECISION-TIME
cd34fccb774fd91c09f9ecd3,random_stratified,0,4327049,2,2,6,500,600,2.9296875,3.90625,100,100,1,6,2,4327144.166666667,0,0.073170731707317069,0.073170731707317069,0.14634146341463417,True,correct,correct;high_confidence,DECISION-TIME
2bba45d7e5806690d7142d33,random_stratified,1,4327326,1,1,1,1200,1200,29.296875,29.296875,100,100,1,1,1,4329891,0,0.13953488372093023,0.13953488372093023,0.27906976744186052,False,high_confidence_error,false_negative;high_confidence,DECISION-TIME
4394db316718db75b2f33c59,random_stratified,0,4327936,1,1,1,10,10,29.296875,29.296875,10,10,1,1,1,4327942,1,0.63414634146341464,0.63414634146341464,0.73170731707317072,False,low_confidence_error,false_positive;low_confidence,DECISION-TIME
5a1dccb3ca1e6c9398712900,random_stratified,0,4334532,1,1,2,1800,1800,58.59375,58.59375,100,100,1,2,2,4334537.5,0,0.20978120978120979,0.20978120978120979,0.41956241956241958,True,correct,correct;high_confidence,DECISION-TIME
3a4c3727c5974f36e760a1f0,random_stratified,1,4342077,1,1,1,600,600,29.296875,29.296875,100,100,1,2,2,4342354,0,0.20978120978120979,0.20978120978120979,0.41956241956241958,False,high_confidence_error,false_negative;high_confidence,DECISION-TIME
f086b4ee19a7438233914fb0,random_stratified,1,4342734,2,2,55,325,600,73.2421875,97.65625,50,50,1,55,42,4342748,1,0.84768211920529801,0.84768211920529801,0.30463576158940397,True,correct,correct;high_confidence,DECISION-TIME
202987fc24ec2d5e8acccf3b,random_stratified,0,4343418,1,1,1,600,600,29.296875,29.296875,25,25,1,1,1,4343459,0,0.20978120978120979,0.20978120978120979,0.41956241956241958,True,correct,correct;high_confidence,DECISION-TIME
6af1159c2dd44e149a40ff5b,random_stratified,1,4343709,1,1,1,1800,1800,58.59375,58.59375,100,100,1,1,1,4343719,0,0.20978120978120979,0.20978120978120979,0.41956241956241958,False,high_confidence_error,false_negative;high_confidence,DECISION-TIME
2622f1200575e53b6dc65235,random_stratified,0,4351279,1,1,1,600,600,29.296875,29.296875,100,100,1,1,1,4351405,0,0.20978120978120979,0.20978120978120979,0.41956241956241958,True,correct,correct;high_confidence,DECISION-TIME
b626cd42d73f9ac386c544fc,random_stratified,0,4358678,1,1,1,600,600,29.296875,29.296875,10,10,1,1,1,4358686,0,0.20978120978120979,0.20978120978120979,0.41956241956241958,True,correct,correct;high_confidence,DECISION-TIME
99f16fcda10986aee09fba0f,random_stratified,1,4358830,1,1,1,600,600,29.296875,29.296875,10,10,1,1,1,4358842,0,0.20978120978120979,0.20978120978120979,0.41956241956241958,False,high_confidence_error,false_negative;high_confidence,DECISION-TIME
d7b34a3884d541296ef38f50,random_stratified,0,4360221,1,1,1,600,600,29.296875,29.296875,100,100,1,1,1,4360226,0,0.20978120978120979,0.20978120978120979,0.41956241956241958,True,correct,correct;high_confidence,DECISION-TIME
2b2728322ee33db2ce00fcc2,random_stratified,0,4370318,1,1,1,3200,3200,19.53125,19.53125,100,100,1,1,1,4370321,0,0.073170731707317069,0.073170731707317069,0.14634146341463417,True,correct,correct;high_confidence,DECISION-TIME
228a01017385d37520bc686c,random_stratified,1,4379927,1,1,1,600,600,29.296875,29.296875,100,100,1,1,1,4379941,0,0.20978120978120979,0.20978120978120979,0.41956241956241958,False,high_confidence_error,false_negative;high_confidence,DECISION-TIME
90632b9db210163d944c7815,random_stratified,0,4382105,1,1,1,600,600,29.296875,29.296875,25,25,1,3,2,4382562,0,0.20978120978120979,0.20978120978120979,0.41956241956241958,True,correct,correct;high_confidence,DECISION-TIME
de5c7434b7ebe19b07728249,random_stratified,1,4387003,1,1,1,600,600,29.296875,29.296875,100,100,1,1,1,4387009,0,0.20978120978120979,0.20978120978120979,0.41956241956241958,False,high_confidence_error,false_negative;high_confidence,DECISION-TIME
187db781e7f1178071af7b46,random_stratified,0,4392063,1,1,1,600,600,29.296875,29.296875,100,100,1,1,1,4392066,0,0.20978120978120979,0.20978120978120979,0.41956241956241958,True,correct,correct;high_confidence,DECISION-TIME
c34ba67c69ea0ef48b931588,random_stratified,0,4399124,1,1,1,600,600,29.296875,29.296875,25,25,1,1,1,4399135,0,0.20978120978120979,0.20978120978120979,0.41956241956241958,True,correct,correct;high_confidence,DECISION-TIME
147859ea60f7af29a3f36e6d,random_stratified,0,4400849,1,1,1,600,600,29.296875,29.296875,25,25,1,1,1,4400863,0,0.20978120978120979,0.20978120978120979,0.41956241956241958,True,correct,correct;high_confidence,DECISION-TIME
25b28ae4de3da4cb2ef50143,random_stratified,0,4401757,1,1,1,600,600,29.296875,29.296875,5,5,1,1,1,4401766,0,0.20978120978120979,0.20978120978120979,0.41956241956241958,True,correct,correct;high_confidence,DECISION-TIME
899f7feb62c626c9280b63dc,random_stratified,0,4411142,1,1,1,600,600,29.296875,29.296875,50,50,1,1,1,4411148,0,0.20978120978120979,0.20978120978120979,0.41956241956241958,True,correct,correct;high_confidence,DECISION-TIME
f69d4bc553468697605c9b08,random_stratified,0,4413550,2,2,52,1000,1000,9.765625,9.765625,10,10,1,52,36,4413564.115384615,0,0.073170731707317069,0.073170731707317069,0.14634146341463417,True,correct,correct;high_confidence,DECISION-TIME
90e3132e1002eefa57a5cd11,random_stratified,0,4420487,1,1,1,1000,1000,19.55078125,19.55078125,50,50,1,1,1,4420490,0,0.13953488372093023,0.13953488372093023,0.27906976744186052,True,correct,correct;high_confidence,DECISION-TIME
f0245769c42c899fdd859e15,random_stratified,0,4423522,1,1,1,600,600,29.296875,29.296875,25,25,1,1,1,4423531,0,0.20978120978120979,0.20978120978120979,0.41956241956241958,True,correct,correct;high_confidence,DECISION-TIME
9bbd08a2aea2f4d290190ec5,random_stratified,0,4431869,1,1,1,600,600,29.296875,29.296875,100,100,1,1,1,4431992,0,0.20978120978120979,0.20978120978120979,0.41956241956241958,True,correct,correct;high_confidence,DECISION-TIME
ea4834709405957475a5f202,random_stratified,0,4439649,1,1,1,600,600,29.296875,29.296875,100,100,1,1,1,4439652,0,0.20978120978120979,0.20978120978120979,0.41956241956241958,True,correct,correct;high_confidence,DECISION-TIME
721a868eacd7a2aba387ccd6,random_stratified,0,4443545,1,1,1,600,600,29.296875,29.296875,10,10,1,1,1,4443549,0,0.20978120978120979,0.20978120978120979,0.41956241956241958,True,correct,correct;high_confidence,DECISION-TIME
0a93d5f45dd7d63dbff7e4bf,random_stratified,0,4451082,2,2,4,600,600,29.296875,29.296875,100,100,1,4,2,4451093.75,0,0.15021459227467809,0.15021459227467809,0.30042918454935619,True,correct,correct;high_confidence,DECISION-TIME
9d503ffec5b7fb7e9ccb580e,random_stratified,0,4453743,1,1,1,600,600,29.296875,29.296875,100,100,1,1,1,4453751,0,0.20978120978120979,0.20978120978120979,0.41956241956241958,True,correct,correct;high_confidence,DECISION-TIME
d8cc5d0f7a8852595048a3aa,random_stratified,0,4464773,1,1,1,600,600,29.296875,29.296875,100,100,1,1,1,4464776,0,0.20978120978120979,0.20978120978120979,0.41956241956241958,True,correct,correct;high_confidence,DECISION-TIME
964e9da0c59f62709470cdca,random_stratified,1,4466360,1,1,1,600,600,29.296875,29.296875,50,50,1,1,1,4466363,0,0.20978120978120979,0.20978120978120979,0.41956241956241958,False,high_confidence_error,false_negative;high_confidence,DECISION-TIME
ebefec1175bfcf5fc14fb465,random_stratified,0,4466977,1,1,1,600,600,29.296875,29.296875,100,100,1,1,1,4466980,0,0.20978120978120979,0.20978120978120979,0.41956241956241958,True,correct,correct;high_confidence,DECISION-TIME
024bc064a8417aa8463a227b,random_stratified,0,4471469,1,1,1,600,600,29.296875,29.296875,25,25,1,1,1,4471566,0,0.20978120978120979,0.20978120978120979,0.41956241956241958,True,correct,correct;high_confidence,DECISION-TIME
2722aee48b48a96dc2dd26b3,random_stratified,0,4481615,1,1,1,600,600,29.296875,29.296875,25,25,1,1,1,4481621,0,0.20978120978120979,0.20978120978120979,0.41956241956241958,True,correct,correct;high_confidence,DECISION-TIME
703e3852cab89d3f8f4a7590,random_stratified,0,4484774,1,1,1,600,600,29.296875,29.296875,25,25,1,1,1,4484787,0,0.20978120978120979,0.20978120978120979,0.41956241956241958,True,correct,correct;high_confidence,DECISION-TIME
9aeee00f2a9b53d6763ae3a6,random_stratified,0,4489978,1,1,1,100,100,29.296875,29.296875,25,25,1,1,1,4489991,1,0.63414634146341464,0.63414634146341464,0.73170731707317072,False,low_confidence_error,false_positive;low_confidence,DECISION-TIME
f7ce52903d134916dc001810,random_stratified,0,4491704,2,2,9,600,600,29.296875,29.296875,25,25,1,15,8,4491913.555555556,0,0.20978120978120979,0.20978120978120979,0.41956241956241958,True,correct,correct;high_confidence,DECISION-TIME
ffe09bbd383de94a81d734cf,random_stratified,0,4497270,1,1,1,600,600,29.296875,29.296875,100,100,1,1,1,4497278,0,0.20978120978120979,0.20978120978120979,0.41956241956241958,True,correct,correct;high_confidence,DECISION-TIME
c6d3cde2ae60a27f09b3bb67,random_stratified,1,4499258,2,2,38,600,600,19.53125,29.296875,25,25,1,38,33,4499272,0,0.13953488372093023,0.13953488372093023,0.27906976744186052,False,high_confidence_error,false_negative;high_confidence,DECISION-TIME
328e128a607d4bb846b9386e,random_stratified,0,4503210,1,1,1,1800,1800,58.59375,58.59375,100,100,1,1,1,4503624,0,0.20978120978120979,0.20978120978120979,0.41956241956241958,True,correct,correct;high_confidence,DECISION-TIME
032c3923d4343f94cdd81261,random_stratified,0,4505166,1,1,1,600,600,29.296875,29.296875,100,100,1,1,1,4505288,0,0.20978120978120979,0.20978120978120979,0.41956241956241958,True,correct,correct;high_confidence,DECISION-TIME
4b35b915182b0ec46512f9df,random_stratified,0,4505840,1,1,1,600,600,29.296875,29.296875,100,100,1,1,1,4505953,0,0.20978120978120979,0.20978120978120979,0.41956241956241958,True,correct,correct;high_confidence,DECISION-TIME
db40da2af44e844a8624cec5,random_stratified,0,4510149,1,1,1,600,600,29.296875,29.296875,100,100,1,2,2,4510455,0,0.20978120978120979,0.20978120978120979,0.41956241956241958,True,correct,correct;high_confidence,DECISION-TIME
6907afafc346d0e28f1fc3ab,random_stratified,1,4512666,1,1,1,600,600,29.296875,29.296875,100,100,1,1,1,4512763,0,0.20978120978120979,0.20978120978120979,0.41956241956241958,False,high_confidence_error,false_negative;high_confidence,DECISION-TIME
6c654b1d7d5ba4077ef911ef,random_stratified,1,4513918,1,1,1,600,600,29.296875,29.296875,100,100,1,1,1,4513999,0,0.20978120978120979,0.20978120978120979,0.41956241956241958,False,high_confidence_error,false_negative;high_confidence,DECISION-TIME
8c2f118ccbbd089eb3ff0672,random_stratified,1,4515324,1,1,1,600,600,29.296875,29.296875,100,100,1,1,1,4515336,0,0.20978120978120979,0.20978120978120979,0.41956241956241958,False,high_confidence_error,false_negative;high_confidence,DECISION-TIME
21f8a77ce3c49ab3b72d8506,random_stratified,1,4515717,1,1,1,600,600,29.296875,29.296875,100,100,1,1,1,4515722,0,0.20978120978120979,0.20978120978120979,0.41956241956241958,False,high_confidence_error,false_negative;high_confidence,DECISION-TIME
1ce5a556feb898089dff8cbf,random_stratified,0,4529787,1,1,1,600,600,29.296875,29.296875,10,10,1,1,1,4529799,0,0.20978120978120979,0.20978120978120979,0.41956241956241958,True,correct,correct;high_confidence,DECISION-TIME
e15584210b039fa8a72006c9,random_stratified,0,4539529,1,1,16,200,200,4,4,50,50,1,16,8,4539532.0625,0,0.13953488372093023,0.13953488372093023,0.27906976744186052,True,correct,correct;high_confidence,DECISION-TIME
e5ce8924c3ab4700abb98e7a,random_stratified,0,4541886,1,1,1,600,600,29.296875,29.296875,10,10,1,1,1,4541896,0,0.20978120978120979,0.20978120978120979,0.41956241956241958,True,correct,correct;high_confidence,DECISION-TIME
3d83442ec6be9bb352120173,random_stratified,0,4551411,1,1,1,600,600,29.296875,29.296875,10,10,1,1,1,4551619,0,0.20978120978120979,0.20978120978120979,0.41956241956241958,True,correct,correct;high_confidence,DECISION-TIME
ad25d49004f472823e6908de,random_stratified,0,4551932,2,2,30,600,600,29.296875,29.296875,25,25,1,30,24,4551942.5,0,0.20978120978120979,0.20978120978120979,0.41956241956241958,True,correct,correct;high_confidence,DECISION-TIME
2aa7a844055b46c0e0e2298a,random_stratified,0,4554635,1,1,1,600,600,29.296875,29.296875,100,100,1,1,1,4554639,0,0.20978120978120979,0.20978120978120979,0.41956241956241958,True,correct,correct;high_confidence,DECISION-TIME
992c0d33e0073921396bf2e3,random_stratified,0,4569064,1,1,1,600,600,29.296875,29.296875,100,100,1,1,1,4569067,0,0.20978120978120979,0.20978120978120979,0.41956241956241958,True,correct,correct;high_confidence,DECISION-TIME
759cc00ab63a9822e6173550,random_stratified,0,4581006,1,1,1,100,100,1.97265625,1.97265625,,,0,1,1,4581010,0,0.13953488372093023,0.13953488372093023,0.27906976744186052,True,correct,correct;high_confidence;feature_missingness,DECISION-TIME
d9f13ddb5f584dc2579a687f,random_stratified,1,4585535,1,1,2,9000,9000,300,300,800,800,1,2,2,4585543,1,0.84768211920529801,0.84768211920529801,0.30463576158940397,True,correct,correct;high_confidence,DECISION-TIME
164505e622ecbc33f76f07a3,random_stratified,0,4587707,1,1,10,50,50,29.296875,29.296875,100,100,1,10,6,4587710,0,0.20978120978120979,0.20978120978120979,0.41956241956241958,True,correct,correct;high_confidence,DECISION-TIME
4c01a09d94c7c5ab9aaa8f37,random_stratified,0,4588799,1,1,1,600,600,29.296875,29.296875,25,25,1,1,1,4588808,0,0.20978120978120979,0.20978120978120979,0.41956241956241958,True,correct,correct;high_confidence,DECISION-TIME
5717d523898bf34859b5c8c9,random_stratified,0,4589254,1,1,1,600,600,29.296875,29.296875,100,100,1,1,1,4589265,0,0.20978120978120979,0.20978120978120979,0.41956241956241958,True,correct,correct;high_confidence,DECISION-TIME
7cdf7067ce7911a829aece60,random_stratified,0,4590293,1,1,1,600,600,29.296875,29.296875,10,10,1,1,1,4590334,0,0.20978120978120979,0.20978120978120979,0.41956241956241958,True,correct,correct;high_confidence,DECISION-TIME
2240586137861f8324124365,random_stratified,1,4590915,2,2,7,700,1200,15,20,25,25,1,7,5,4591868,0,0.073170731707317069,0.073170731707317069,0.14634146341463417,False,high_confidence_error,false_negative;high_confidence,DECISION-TIME
e24fe38bea4e097f3b2b1b2c,random_stratified,0,4595598,2,2,51,500,600,19.53125,19.53125,50,50,1,52,41,4595658.333333333,0,0.14285714285714285,0.14285714285714285,0.2857142857142857,True,correct,correct;high_confidence,DECISION-TIME
18a66c215758e6ce6682c0e6,random_stratified,0,4598426,1,1,1,600,600,29.296875,29.296875,100,100,1,1,1,4598436,0,0.20978120978120979,0.20978120978120979,0.41956241956241958,True,correct,correct;high_confidence,DECISION-TIME
507dae2330bf93a400204cf1,random_stratified,0,4602084,2,2,50,600,600,29.296875,29.296875,100,100,1,50,50,4602259.7400000002,0,0.15021459227467809,0.15021459227467809,0.30042918454935619,True,correct,correct;high_confidence,DECISION-TIME
c4b3773d5bba0388d3c947b2,random_stratified,0,4602198,1,1,1,1800,1800,58.59375,58.59375,100,100,1,1,1,4602324,0,0.20978120978120979,0.20978120978120979,0.41956241956241958,True,correct,correct;high_confidence,DECISION-TIME
3e3f6d4919c646567d4a6ef6,random_stratified,0,4603895,2,2,4,600,600,29.296875,29.296875,50,50,1,4,2,4603900.25,0,0.15021459227467809,0.15021459227467809,0.30042918454935619,True,correct,correct;high_confidence,DECISION-TIME
3edfd9ad1ca0a59c6034f230,random_stratified,1,4607506,1,1,1,1800,1800,58.59375,58.59375,100,100,1,1,1,4607518,0,0.20978120978120979,0.20978120978120979,0.41956241956241958,False,high_confidence_error,false_negative;high_confidence,DECISION-TIME
b63ca0d1b012225c90e464a5,random_stratified,1,4608018,1,1,1,1800,1800,58.59375,58.59375,100,100,1,1,1,4608022,0,0.20978120978120979,0.20978120978120979,0.41956241956241958,False,high_confidence_error,false_negative;high_confidence,DECISION-TIME
e2c1bd89cac5703c99b0a3cd,random_stratified,0,4611354,2,2,6,600,600,29.296875,39.0625,100,100,1,6,6,4611365.833333333,0,0.15021459227467809,0.15021459227467809,0.30042918454935619,True,correct,correct;high_confidence,DECISION-TIME
e01ade2355d61fabf058a00c,random_stratified,0,4618678,1,1,1,600,600,29.296875,29.296875,10,10,1,1,1,4618682,0,0.20978120978120979,0.20978120978120979,0.41956241956241958,True,correct,correct;high_confidence,DECISION-TIME
114cbda7f6fa708435ad2084,random_stratified,0,4635838,1,1,1,600,600,29.296875,29.296875,25,25,1,1,1,4635845,0,0.20978120978120979,0.20978120978120979,0.41956241956241958,True,correct,correct;high_confidence,DECISION-TIME
64e7ab5e2c3585b5121d9807,random_stratified,0,4648033,1,1,1,600,600,29.296875,29.296875,25,25,1,1,1,4648037,0,0.20978120978120979,0.20978120978120979,0.41956241956241958,True,correct,correct;high_confidence,DECISION-TIME
671bf1e37a71afbab638be99,random_stratified,0,4660918,1,1,1,600,600,29.296875,29.296875,50,50,1,2,2,4661853,0,0.20978120978120979,0.20978120978120979,0.41956241956241958,True,correct,correct;high_confidence,DECISION-TIME
5556a0ce878d879fd25c43fd,random_stratified,0,4660945,1,1,1,600,600,29.296875,29.296875,100,100,1,1,1,4660950,0,0.20978120978120979,0.20978120978120979,0.41956241956241958,True,correct,correct;high_confidence,DECISION-TIME
c5008de5ea4e85c7f0e41123,random_stratified,0,4678620,1,1,1,600,600,29.296875,29.296875,25,25,1,1,1,4678625,0,0.20978120978120979,0.20978120978120979,0.41956241956241958,True,correct,correct;high_confidence,DECISION-TIME
a6003f12695570191760febd,random_stratified,0,4683193,1,1,1,1800,1800,58.59375,58.59375,100,100,1,1,1,4683197,0,0.20978120978120979,0.20978120978120979,0.41956241956241958,True,correct,correct;high_confidence,DECISION-TIME
617ef800b45849cec0af4a7c,random_stratified,0,4684452,1,1,1,1600,1600,29.296875,29.296875,100,100,1,1,1,4684457,0,0.13953488372093023,0.13953488372093023,0.27906976744186052,True,correct,correct;high_confidence,DECISION-TIME
2d2767abffcdb94a9787de0a,random_stratified,0,4694757,3,3,5,466.66666666666669,600,11.098958333333334,29.296875,25,25,1,5,3,4694761.7999999998,0,0.073170731707317069,0.073170731707317069,0.14634146341463417,True,correct,correct;high_confidence,DECISION-TIME
7d5a682de7f8b3a88cf15643,random_stratified,0,4695131,1,1,1,600,600,29.296875,29.296875,100,100,1,1,1,4695134,0,0.20978120978120979,0.20978120978120979,0.41956241956241958,True,correct,correct;high_confidence,DECISION-TIME
35fc8e0957a6296f6ef57e0b,random_stratified,1,4696039,1,1,1,600,600,29.296875,29.296875,100,100,1,1,1,4696046,0,0.20978120978120979,0.20978120978120979,0.41956241956241958,False,high_confidence_error,false_negative;high_confidence,DECISION-TIME
ef6622a479ee411d382865c0,random_stratified,0,4698343,1,1,1,1800,1800,58.59375,58.59375,100,100,1,1,1,4698352,0,0.20978120978120979,0.20978120978120979,0.41956241956241958,True,correct,correct;high_confidence,DECISION-TIME
b6a062f53be818c0f1620053,random_stratified,0,4698723,1,1,1,50,50,48.828125,48.828125,500,500,1,1,1,4698726,0,0.20978120978120979,0.20978120978120979,0.41956241956241958,True,correct,correct;high_confidence,DECISION-TIME
0127d190101ac32a1cd83e49,random_stratified,0,4699074,2,2,65,450,600,16.11328125,29.296875,25,25,1,65,34,4699080.9384615384,0,0.13953488372093023,0.13953488372093023,0.27906976744186052,True,correct,correct;high_confidence,DECISION-TIME
0dad1a7c1ceca566bc7ead53,random_stratified,0,4702891,1,1,18,600,600,29.296875,29.296875,100,100,1,18,5,4703018.5,0,0.20978120978120979,0.20978120978120979,0.41956241956241958,True,correct,correct;high_confidence,DECISION-TIME
adcd0f26cfff99a271ac5b98,random_stratified,0,4718282,1,1,1,1600,1600,29.296875,29.296875,100,100,1,1,1,4718296,0,0.13953488372093023,0.13953488372093023,0.27906976744186052,True,correct,correct;high_confidence,DECISION-TIME
d5bfc35940c2241a39097467,random_stratified,1,4722519,1,1,1,1800,1800,58.59375,58.59375,100,100,1,1,1,4722636,0,0.20978120978120979,0.20978120978120979,0.41956241956241958,False,high_confidence_error,false_negative;high_confidence,DECISION-TIME
3f0d05339b6e2282eeb12c5a,random_stratified,0,4722603,1,1,1,600,600,29.296875,29.296875,25,25,1,1,1,4722608,0,0.20978120978120979,0.20978120978120979,0.41956241956241958,True,correct,correct;high_confidence,DECISION-TIME
11dbca2665dbf04a7fe9aeca,random_stratified,0,4739951,2,2,51,500,600,19.53125,19.53125,50,50,1,51,39,4739966.823529412,0,0.1423495958189549,0.1423495958189549,0.2846991916379098,True,correct,correct;high_confidence,DECISION-TIME
157e0aac6c6d57f5ca8d8817,random_stratified,0,4748172,1,1,3,1600,1600,31.25,31.25,100,100,1,3,3,4748350.333333333,0,0.13953488372093023,0.13953488372093023,0.27906976744186052,True,correct,correct;high_confidence,DECISION-TIME
222ba858c6e9bdafe795fd94,random_stratified,0,4750426,1,1,2,600,600,29.296875,29.296875,100,100,1,2,1,4750429,0,0.20978120978120979,0.20978120978120979,0.41956241956241958,True,correct,correct;high_confidence,DECISION-TIME
42c088b38e096a0cedef08d7,random_stratified,0,4751703,1,1,1,600,600,29.296875,29.296875,50,50,1,1,1,4751759,0,0.20978120978120979,0.20978120978120979,0.41956241956241958,True,correct,correct;high_confidence,DECISION-TIME
c84aaae41426c4ff348d7847,random_stratified,1,4756367,1,1,1,600,600,29.296875,29.296875,100,100,1,4,3,4756999,0,0.20978120978120979,0.20978120978120979,0.41956241956241958,False,high_confidence_error,false_negative;high_confidence,DECISION-TIME
7b40c8ea7dfe403e08092d32,random_stratified,1,4757559,1,1,1,600,600,29.296875,29.296875,25,25,1,1,1,4757566,0,0.20978120978120979,0.20978120978120979,0.41956241956241958,False,high_confidence_error,false_negative;high_confidence,DECISION-TIME
89a2e8a164420d9845278ea6,random_stratified,0,4758581,1,1,1,1000,1000,19.55078125,19.55078125,50,50,1,1,1,4758584,0,0.13953488372093023,0.13953488372093023,0.27906976744186052,True,correct,correct;high_confidence,DECISION-TIME
279c9d03e72c206952956678,random_stratified,0,4765288,1,1,1,1000,1000,19.55078125,19.55078125,50,50,1,1,1,4765291,0,0.13953488372093023,0.13953488372093023,0.27906976744186052,True,correct,correct;high_confidence,DECISION-TIME
b04c0e484f218825b56a3fd9,random_stratified,0,4766344,2,2,6,600,600,58.59375,58.59375,25,25,1,6,5,4766356.333333333,1,0.84768211920529801,0.84768211920529801,0.30463576158940397,False,high_confidence_error,false_positive;high_confidence,DECISION-TIME
46c85213ec5387713a943016,random_stratified,1,4772607,1,1,1,800,800,29.296875,29.296875,400,400,1,1,1,4772611,0,0.073170731707317069,0.073170731707317069,0.14634146341463417,False,high_confidence_error,false_negative;high_confidence,DECISION-TIME
1e3fd118f57b682267db5dca,random_stratified,0,4773858,1,1,1,600,600,29.296875,29.296875,100,100,1,1,1,4773863,0,0.20978120978120979,0.20978120978120979,0.41956241956241958,True,correct,correct;high_confidence,DECISION-TIME
e9f584fc8a059e5cb508aaca,random_stratified,1,4775532,1,1,1,600,600,29.296875,29.296875,100,100,1,1,1,4775539,0,0.20978120978120979,0.20978120978120979,0.41956241956241958,False,high_confidence_error,false_negative;high_confidence,DECISION-TIME
97431c80e122f52d37ea5bf8,random_stratified,1,4775933,1,1,1,600,600,29.296875,29.296875,100,100,1,1,1,4775942,0,0.20978120978120979,0.20978120978120979,0.41956241956241958,False,high_confidence_error,false_negative;high_confidence,DECISION-TIME
7face325cf16964473bf8d18,random_stratified,0,4776514,1,1,1,100,100,1.97265625,1.97265625,,,0,1,1,4776518,0,0.13953488372093023,0.13953488372093023,0.27906976744186052,True,correct,correct;high_confidence;feature_missingness,DECISION-TIME
d6fcc323bc630e5cabc158b0,random_stratified,0,4779635,2,2,3,200,300,78.125,78.125,100,100,1,3,2,4779647.666666667,1,0.84768211920529801,0.84768211920529801,0.30463576158940397,False,high_confidence_error,false_positive;high_confidence,DECISION-TIME
14a1995e9fb9cf43df4a4555,random_stratified,0,4780454,2,2,3,600,600,29.296875,29.296875,100,100,1,3,2,4780459,0,0.15021459227467809,0.15021459227467809,0.30042918454935619,True,correct,correct;high_confidence,DECISION-TIME
b638478f8904b60d929947e5,random_stratified,0,4781060,1,1,1,200,200,0.99609375,0.99609375,,,0,1,1,4781063,0,0.073170731707317069,0.073170731707317069,0.14634146341463417,True,correct,correct;high_confidence;feature_missingness,DECISION-TIME
d76de52e575ce59457601547,random_stratified,0,4781181,1,1,1,600,600,29.296875,29.296875,100,100,1,1,1,4781193,0,0.20978120978120979,0.20978120978120979,0.41956241956241958,True,correct,correct;high_confidence,DECISION-TIME
2dec45ebd55a2d7ad32e6d79,random_stratified,0,4782900,1,1,1,600,600,29.296875,29.296875,100,100,1,1,1,4782990,0,0.20978120978120979,0.20978120978120979,0.41956241956241958,True,correct,correct;high_confidence,DECISION-TIME
b8d27bf629755130678368f0,random_stratified,0,4786163,1,1,5,600,600,19.53125,19.53125,100,100,1,5,5,4786178.7999999998,0,0.15021459227467809,0.15021459227467809,0.30042918454935619,True,correct,correct;high_confidence,DECISION-TIME
c1b0501a2715b625abcc2114,random_stratified,0,4786307,2,2,11,350,600,2,2,25,25,1,11,7,4786311.9090909092,0,0.073170731707317069,0.073170731707317069,0.14634146341463417,True,correct,correct;high_confidence,DECISION-TIME
637dedb61cc7868cffeaa59e,random_stratified,0,4788814,2,2,24,350,600,2,2,25,25,1,24,5,4788821.375,0,0.073170731707317069,0.073170731707317069,0.14634146341463417,True,correct,correct;high_confidence,DECISION-TIME
6832a3cff673efd7f38df3da,random_stratified,0,4792248,2,2,2,600,600,29.296875,29.296875,25,25,1,2,2,4792253.5,0,0.20978120978120979,0.20978120978120979,0.41956241956241958,True,correct,correct;high_confidence,DECISION-TIME
34880b00a475c195ecbcdc50,random_stratified,1,4792441,1,1,1,600,600,29.296875,29.296875,100,100,1,1,1,4792536,0,0.20978120978120979,0.20978120978120979,0.41956241956241958,False,high_confidence_error,false_negative;high_confidence,DECISION-TIME
289028b8fc94f726da5f9d24,random_stratified,1,4797425,1,1,1,600,600,29.296875,29.296875,100,100,1,1,1,4797524,0,0.20978120978120979,0.20978120978120979,0.41956241956241958,False,high_confidence_error,false_negative;high_confidence,DECISION-TIME
1f7f3aba270d722d57e171c7,random_stratified,0,4798108,1,1,1,1200,1200,29.296875,29.296875,100,100,1,1,1,4798158,0,0.13953488372093023,0.13953488372093023,0.27906976744186052,True,correct,correct;high_confidence,DECISION-TIME
0394a1b8959ebd7bff887975,random_stratified,0,4804365,2,2,11,350,600,2,2,25,25,1,11,8,4804370.9090909092,0,0.13953488372093023,0.13953488372093023,0.27906976744186052,True,correct,correct;high_confidence,DECISION-TIME
81b1627cc072f6058189c09e,random_stratified,0,4805727,3,3,12,466.66666666666669,600,10.932291666666666,29.296875,25,25,1,12,11,4805731.833333333,0,0.073170731707317069,0.073170731707317069,0.14634146341463417,True,correct,correct;high_confidence,DECISION-TIME
05579b43d61f0523ea6d59ae,random_stratified,0,4807569,1,1,1,100,100,29.296875,29.296875,25,25,1,1,1,4807580,1,0.63414634146341464,0.63414634146341464,0.73170731707317072,False,low_confidence_error,false_positive;low_confidence,DECISION-TIME
1385f37ea97b70b789070c5f,random_stratified,0,4812481,1,1,1,600,600,29.296875,29.296875,100,100,1,3,2,4812940,0,0.20978120978120979,0.20978120978120979,0.41956241956241958,True,correct,correct;high_confidence,DECISION-TIME
6ff75b47ee32f9cd62b5282d,random_stratified,0,4813898,2,2,25,600,600,19.53125,19.53125,20,20,1,25,21,4813911.0800000001,0,0.15021459227467809,0.15021459227467809,0.30042918454935619,True,correct,correct;high_confidence,DECISION-TIME
38c978e72a505783063d84a3,random_stratified,0,4826967,1,1,2,600,600,29.296875,29.296875,100,100,1,2,1,4827039,0,0.20978120978120979,0.20978120978120979,0.41956241956241958,True,correct,correct;high_confidence,DECISION-TIME
b87d9375d0c538441ea652c6,random_stratified,0,4829758,3,3,6,600,600,29.296875,29.296875,100,100,1,6,2,4829768.5,0,0.13953488372093023,0.13953488372093023,0.27906976744186052,True,correct,correct;high_confidence,DECISION-TIME
1809ba69a5d4d7e051bf87a2,random_stratified,1,4829785,1,1,18,1800,1800,58.59375,58.59375,100,100,1,7,7,4829793,0,0.15021459227467809,0.15021459227467809,0.30042918454935619,False,high_confidence_error,false_negative;high_confidence,DECISION-TIME
7868a2edb5cdcf8147f6e48c,random_stratified,0,4832458,1,1,1,20,20,29.296875,29.296875,5,5,1,1,1,4832471,1,0.84768211920529801,0.84768211920529801,0.30463576158940397,False,high_confidence_error,false_positive;high_confidence,DECISION-TIME
f036f2ef5398b08a4cf3ff03,random_stratified,0,4832472,1,1,1,20,20,29.296875,29.296875,5,5,1,1,1,4832482,1,0.84768211920529801,0.84768211920529801,0.30463576158940397,False,high_confidence_error,false_positive;high_confidence,DECISION-TIME
ce0d8460d4b1d8bae660314e,random_stratified,0,4833136,1,1,1,600,600,29.296875,29.296875,50,50,1,1,1,4833139,0,0.20978120978120979,0.20978120978120979,0.41956241956241958,True,correct,correct;high_confidence,DECISION-TIME
7f55157b0059f3b24e778dca,random_stratified,1,4833176,1,1,1,600,600,29.296875,29.296875,100,100,1,1,1,4833182,0,0.20978120978120979,0.20978120978120979,0.41956241956241958,False,high_confidence_error,false_negative;high_confidence,DECISION-TIME
c24403191ee1543c7266f634,random_stratified,0,4835869,1,1,10,1000,1000,29.296875,29.296875,100,100,1,13,5,4836036.2999999998,0,0.15021459227467809,0.15021459227467809,0.30042918454935619,True,correct,correct;high_confidence,DECISION-TIME
c8319e15a3c267b68b203dd0,random_stratified,0,4837330,1,1,1,600,600,29.296875,29.296875,100,100,1,1,1,4837336,0,0.20978120978120979,0.20978120978120979,0.41956241956241958,True,correct,correct;high_confidence,DECISION-TIME
30a3d9e09dedaf3e4c748e80,random_stratified,1,4837743,1,1,1,600,600,29.296875,29.296875,100,100,1,1,1,4837849,0,0.20978120978120979,0.20978120978120979,0.41956241956241958,False,high_confidence_error,false_negative;high_confidence,DECISION-TIME
ca6461571cf20ad121c127f6,random_stratified,0,4840547,2,2,11,600,600,29.296875,29.296875,25,25,1,11,11,4840556.3636363633,0,0.20978120978120979,0.20978120978120979,0.41956241956241958,True,correct,correct;high_confidence,DECISION-TIME
15ef1620afdb82f552b00162,random_stratified,1,4841358,1,1,1,600,600,29.296875,29.296875,100,100,1,1,1,4841476,0,0.20978120978120979,0.20978120978120979,0.41956241956241958,False,high_confidence_error,false_negative;high_confidence,DECISION-TIME
bd35830ac13205b7d8aa7adc,random_stratified,0,4843994,2,2,38,1200,1200,29.296875,48.828125,25,25,1,38,37,4844068.5263157897,0,0.13953488372093023,0.13953488372093023,0.27906976744186052,True,correct,correct;high_confidence,DECISION-TIME
e94d0bed64f5fdd8020b3c35,random_stratified,0,4844539,1,1,1,600,600,29.296875,29.296875,25,25,1,1,1,4844548,0,0.20978120978120979,0.20978120978120979,0.41956241956241958,True,correct,correct;high_confidence,DECISION-TIME
5aa089ae2c1c0145b434051a,random_stratified,0,4844845,1,1,10,600,600,29.296875,29.296875,50,50,1,12,5,4845034.2000000002,0,0.20978120978120979,0.20978120978120979,0.41956241956241958,True,correct,correct;high_confidence,DECISION-TIME
f90c5a402cb2c94415c1c570,random_stratified,1,4844852,1,1,1,600,600,29.296875,29.296875,25,25,1,1,1,4844954,0,0.20978120978120979,0.20978120978120979,0.41956241956241958,False,high_confidence_error,false_negative;high_confidence,DECISION-TIME
a96422e4e40ec1a90d9aa220,random_stratified,0,4845536,1,1,1,100,100,29.296875,29.296875,25,25,1,1,1,4845547,1,0.63414634146341464,0.63414634146341464,0.73170731707317072,False,low_confidence_error,false_positive;low_confidence,DECISION-TIME
d5f998f6c30e1a17d5135a0d,random_stratified,0,4851805,1,1,1,1600,1600,29.296875,29.296875,100,100,1,3,2,4852264,0,0.13953488372093023,0.13953488372093023,0.27906976744186052,True,correct,correct;high_confidence,DECISION-TIME
2d84e9ef0828b3fbcc916e83,random_stratified,0,4854450,3,3,6,466.66666666666669,600,11.098958333333334,29.296875,25,25,1,6,3,4854454.333333333,0,0.073170731707317069,0.073170731707317069,0.14634146341463417,True,correct,correct;high_confidence,DECISION-TIME
1d608db6505e4f245a3f5138,random_stratified,0,4855984,2,2,7,600,600,39.0625,58.59375,25,25,1,7,6,4855999.5714285718,0,0.20978120978120979,0.20978120978120979,0.41956241956241958,True,correct,correct;high_confidence,DECISION-TIME
4a95edf8ec2bf77496ad9fa8,random_stratified,0,4856793,1,1,1,600,600,29.296875,29.296875,100,100,1,1,1,4856900,0,0.20978120978120979,0.20978120978120979,0.41956241956241958,True,correct,correct;high_confidence,DECISION-TIME
1b9423e4d2c49559988ae56f,random_stratified,0,4861683,1,1,1,1200,1200,29.296875,29.296875,100,100,1,1,1,4861704,0,0.13953488372093023,0.13953488372093023,0.27906976744186052,True,correct,correct;high_confidence,DECISION-TIME
eec8c215cfe456d39a6c7b58,random_stratified,0,4861883,1,1,1,1200,1200,29.296875,29.296875,100,100,1,1,1,4861899,0,0.13953488372093023,0.13953488372093023,0.27906976744186052,True,correct,correct;high_confidence,DECISION-TIME
66a096e68c28cd926a431a6e,random_stratified,0,4861987,1,1,1,600,600,29.296875,29.296875,100,100,1,1,1,4861991,0,0.20978120978120979,0.20978120978120979,0.41956241956241958,True,correct,correct;high_confidence,DECISION-TIME
b5ea820e53649ce81fd27ea8,random_stratified,0,4862961,3,3,4,466.66666666666669,600,11.765625,29.296875,25,25,1,4,3,4862965.25,0,0.073170731707317069,0.073170731707317069,0.14634146341463417,True,correct,correct;high_confidence,DECISION-TIME
d28758237f26dc8015ca2979,random_stratified,1,4862976,1,1,1,600,600,29.296875,29.296875,100,100,1,1,1,4862979,0,0.20978120978120979,0.20978120978120979,0.41956241956241958,False,high_confidence_error,false_negative;high_confidence,DECISION-TIME
9484ad234e42e0b588d5f762,random_stratified,0,4865357,2,2,4,600,600,29.296875,29.296875,50,50,1,4,4,4866062.75,0,0.20978120978120979,0.20978120978120979,0.41956241956241958,True,correct,correct;high_confidence,DECISION-TIME
d0b6d87884a3245d07f87445,random_stratified,0,4866704,1,1,1,600,600,29.296875,29.296875,100,100,1,1,1,4866737,0,0.20978120978120979,0.20978120978120979,0.41956241956241958,True,correct,correct;high_confidence,DECISION-TIME
d8b2fff581c06f4fc7810f8d,random_stratified,0,4868098,2,2,11,600,600,29.296875,29.296875,50,50,1,11,11,4868102.0909090908,0,0.20978120978120979,0.20978120978120979,0.41956241956241958,True,correct,correct;high_confidence,DECISION-TIME
5bb3c703ab1942feb603f3a4,random_stratified,0,4868224,1,1,1,600,600,29.296875,29.296875,50,50,1,1,1,4868236,0,0.20978120978120979,0.20978120978120979,0.41956241956241958,True,correct,correct;high_confidence,DECISION-TIME
0926ebe600f3bef963c621e0,random_stratified,0,4870802,1,1,1,1000,1000,19.55078125,19.55078125,50,50,1,1,1,4870805,0,0.13953488372093023,0.13953488372093023,0.27906976744186052,True,correct,correct;high_confidence,DECISION-TIME
71b637ce20c6fa12a6213b91,random_stratified,0,4872449,2,2,38,350,600,2.75,3.5,25,25,1,38,19,4872454,0,0.13953488372093023,0.13953488372093023,0.27906976744186052,True,correct,correct;high_confidence,DECISION-TIME
d652079c9f0604b327926df8,random_stratified,1,4872609,1,1,2,200,200,9.765625,9.765625,100,100,1,2,2,4872621,0,0.15021459227467809,0.15021459227467809,0.30042918454935619,False,high_confidence_error,false_negative;high_confidence,DECISION-TIME
c0ef084713b23ebd0d0c41cc,random_stratified,0,4883397,2,2,21,600,600,29.296875,29.296875,100,100,1,21,20,4883408.1904761903,0,0.15021459227467809,0.15021459227467809,0.30042918454935619,True,correct,correct;high_confidence,DECISION-TIME
5a9c47ea7a271caad44f7f45,random_stratified,0,4883622,1,1,50,600,600,29.296875,29.296875,5,5,1,50,14,4883625.9800000004,0,0.20978120978120979,0.20978120978120979,0.41956241956241958,True,correct,correct;high_confidence,DECISION-TIME
a470ebc7ed0ad609860d6c74,random_stratified,1,4885122,1,1,1,600,600,29.296875,29.296875,10,10,1,1,1,4885132,0,0.20978120978120979,0.20978120978120979,0.41956241956241958,False,high_confidence_error,false_negative;high_confidence,DECISION-TIME
b51dced4a7cbd0a58a39f87a,random_stratified,1,4885867,1,1,1,600,600,29.296875,29.296875,100,100,1,1,1,4885890,0,0.20978120978120979,0.20978120978120979,0.41956241956241958,False,high_confidence_error,false_negative;high_confidence,DECISION-TIME
6fe80bccb92db9fafe3cb2a8,random_stratified,1,4891724,1,1,1,600,600,29.296875,29.296875,10,10,1,1,1,4891729,0,0.20978120978120979,0.20978120978120979,0.41956241956241958,False,high_confidence_error,false_negative;high_confidence,DECISION-TIME
8ec7e722d888bee55882150b,random_stratified,1,4893473,1,1,1,600,600,29.296875,29.296875,10,10,1,1,1,4893478,0,0.20978120978120979,0.20978120978120979,0.41956241956241958,False,high_confidence_error,false_negative;high_confidence,DECISION-TIME
9fc40cd2713ae85e2128ef46,random_stratified,0,4897006,3,3,12,466.66666666666669,600,10.765625,29.296875,25,25,1,12,10,4897012.833333333,0,0.073170731707317069,0.073170731707317069,0.14634146341463417,True,correct,correct;high_confidence,DECISION-TIME
b7ec86b88f08a1ccbc37a7d1,random_stratified,0,4897732,1,1,1,100,100,29.296875,29.296875,25,25,1,1,1,4897842,1,0.63414634146341464,0.63414634146341464,0.73170731707317072,False,low_confidence_error,false_positive;low_confidence,DECISION-TIME
96b58489b800c2a17793b294,random_stratified,0,4899416,1,1,1,1200,1200,29.296875,29.296875,10,10,1,1,1,4900535,0,0.15021459227467809,0.15021459227467809,0.30042918454935619,True,correct,correct;high_confidence,DECISION-TIME
94d1ebb18b30a88aa625e0d0,random_stratified,0,4900901,1,1,1,600,600,29.296875,29.296875,100,100,1,1,1,4902506,0,0.20978120978120979,0.20978120978120979,0.41956241956241958,True,correct,correct;high_confidence,DECISION-TIME
3dd34db2f6a58b05f387d12d,random_stratified,0,4903755,1,1,1,600,600,29.296875,29.296875,10,10,1,1,1,4906734,0,0.20978120978120979,0.20978120978120979,0.41956241956241958,True,correct,correct;high_confidence,DECISION-TIME
6478a48925a1161b2c4a8e6a,random_stratified,0,4904088,1,1,1,600,600,29.296875,29.296875,10,10,1,1,1,4909399,0,0.20978120978120979,0.20978120978120979,0.41956241956241958,True,correct,correct;high_confidence,DECISION-TIME
38cd15c014511054f4844f16,random_stratified,0,4912947,1,1,1,3200,3200,19.53125,19.53125,100,100,1,1,1,4912952,0,0.073170731707317069,0.073170731707317069,0.14634146341463417,True,correct,correct;high_confidence,DECISION-TIME
439af5dfb53f9d7b4f296a79,random_stratified,0,4921655,1,1,1,600,600,29.296875,29.296875,100,100,1,1,1,4921664,0,0.20978120978120979,0.20978120978120979,0.41956241956241958,True,correct,correct;high_confidence,DECISION-TIME
38537fa18fa105897a1357dd,random_stratified,0,4923219,1,1,2,600,600,29.296875,29.296875,100,100,1,2,1,4923222,0,0.20978120978120979,0.20978120978120979,0.41956241956241958,True,correct,correct;high_confidence,DECISION-TIME
af7802fbc38038937c48f302,random_stratified,0,4925083,1,1,1,600,600,29.296875,29.296875,25,25,1,1,1,4925095,0,0.20978120978120979,0.20978120978120979,0.41956241956241958,True,correct,correct;high_confidence,DECISION-TIME
f082386a901db71646ea34d7,random_stratified,1,4928710,1,1,1,600,600,29.296875,29.296875,10,10,1,1,1,4928722,0,0.20978120978120979,0.20978120978120979,0.41956241956241958,False,high_confidence_error,false_negative;high_confidence,DECISION-TIME
8d6eafb830ddca142e5c0487,random_stratified,1,4928888,1,1,1,600,600,29.296875,29.296875,10,10,1,1,1,4928902,0,0.20978120978120979,0.20978120978120979,0.41956241956241958,False,high_confidence_error,false_negative;high_confidence,DECISION-TIME
0c2a224e30f316e83819140e,random_stratified,1,4930078,1,1,1,600,600,29.296875,29.296875,10,10,1,1,1,4930090,0,0.20978120978120979,0.20978120978120979,0.41956241956241958,False,high_confidence_error,false_negative;high_confidence,DECISION-TIME
14ae97997bdc5dce0ec8e0ce,random_stratified,0,4932495,1,1,1,600,600,29.296875,29.296875,15,15,1,1,1,4932504,0,0.20978120978120979,0.20978120978120979,0.41956241956241958,True,correct,correct;high_confidence,DECISION-TIME
50a8f78ae232cfbc9f101d56,random_stratified,0,4932731,1,1,1,1000,1000,19.55078125,19.55078125,50,50,1,1,1,4932734,0,0.13953488372093023,0.13953488372093023,0.27906976744186052,True,correct,correct;high_confidence,DECISION-TIME
148aff408879673c790f00ec,random_stratified,0,4936934,1,1,1,600,600,29.296875,29.296875,10,10,1,1,1,4936947,0,0.20978120978120979,0.20978120978120979,0.41956241956241958,True,correct,correct;high_confidence,DECISION-TIME
188d75288ca78c9c8942f980,random_stratified,0,4937082,1,1,1,600,600,29.296875,29.296875,10,10,1,1,1,4937099,0,0.20978120978120979,0.20978120978120979,0.41956241956241958,True,correct,correct;high_confidence,DECISION-TIME
cb1ad64f35184a64f7fa93b8,random_stratified,0,4942034,1,1,1,600,600,29.296875,29.296875,50,50,1,1,1,4942040,0,0.20978120978120979,0.20978120978120979,0.41956241956241958,True,correct,correct;high_confidence,DECISION-TIME
f0941464c5d21b6c72526aae,random_stratified,0,4949301,1,1,1,600,600,29.296875,29.296875,10,10,1,1,1,4949305,0,0.20978120978120979,0.20978120978120979,0.41956241956241958,True,correct,correct;high_confidence,DECISION-TIME
61a570dfdc584e97440e1e60,random_stratified,0,4950928,1,1,1,600,600,29.296875,29.296875,10,10,1,1,1,4950941,0,0.20978120978120979,0.20978120978120979,0.41956241956241958,True,correct,correct;high_confidence,DECISION-TIME
306007505db1fd8268223d3c,random_stratified,0,4950932,1,1,1,600,600,29.296875,29.296875,10,10,1,1,1,4950963,0,0.20978120978120979,0.20978120978120979,0.41956241956241958,True,correct,correct;high_confidence,DECISION-TIME
55acfe835f111a3a58be6c86,random_stratified,1,4955800,1,1,1,600,600,29.296875,29.296875,25,25,1,1,1,4955818,0,0.20978120978120979,0.20978120978120979,0.41956241956241958,False,high_confidence_error,false_negative;high_confidence,DECISION-TIME
10fbd304e25fff6ef8171ce9,random_stratified,0,4955839,1,1,1,600,600,29.296875,29.296875,10,10,1,1,1,4955842,0,0.20978120978120979,0.20978120978120979,0.41956241956241958,True,correct,correct;high_confidence,DECISION-TIME
4273b9b28e2544aaba6a93fb,random_stratified,1,4957945,1,1,1,600,600,29.296875,29.296875,100,100,1,1,1,4957954,0,0.20978120978120979,0.20978120978120979,0.41956241956241958,False,high_confidence_error,false_negative;high_confidence,DECISION-TIME
679482213135373dd8784818,random_stratified,0,4959827,2,2,13,400,600,2,2,25,25,1,13,10,4959832.923076923,0,0.13953488372093023,0.13953488372093023,0.27906976744186052,True,correct,correct;high_confidence,DECISION-TIME
03d67243afd0a31d80028db1,random_stratified,0,4961427,1,1,1,600,600,29.296875,29.296875,100,100,1,1,1,4961430,0,0.20978120978120979,0.20978120978120979,0.41956241956241958,True,correct,correct;high_confidence,DECISION-TIME
2907b84aa256ed82d374e716,random_stratified,0,4962242,1,1,1,600,600,29.296875,29.296875,10,10,1,1,1,4962248,0,0.20978120978120979,0.20978120978120979,0.41956241956241958,True,correct,correct;high_confidence,DECISION-TIME
112d94e88ed02c2b245f51a8,random_stratified,0,4963951,1,1,1,600,600,29.296875,29.296875,50,50,1,1,1,4963963,0,0.20978120978120979,0.20978120978120979,0.41956241956241958,True,correct,correct;high_confidence,DECISION-TIME
0b06b2d6e82d9d4d011fbc28,random_stratified,1,4963954,2,2,4,600,600,12.6953125,15.625,25,25,1,6,5,4963956,0,0.13953488372093023,0.13953488372093023,0.27906976744186052,False,high_confidence_error,false_negative;high_confidence,DECISION-TIME
599eb5d69c27b6c7d19eface,random_stratified,0,4965934,1,1,1,600,600,29.296875,29.296875,50,50,1,1,1,4965940,0,0.20978120978120979,0.20978120978120979,0.41956241956241958,True,correct,correct;high_confidence,DECISION-TIME
4b69036166d51a94ef19abaa,random_stratified,0,4978393,1,1,1,600,600,29.296875,29.296875,25,25,1,1,1,4978406,0,0.20978120978120979,0.20978120978120979,0.41956241956241958,True,correct,correct;high_confidence,DECISION-TIME
7e4bc8ff2a6c8541f5a8f61a,random_stratified,0,4978459,2,2,30,150,200,2.9296875,2.9296875,20,20,1,30,20,4978465.833333333,0,0.13953488372093023,0.13953488372093023,0.27906976744186052,True,correct,correct;high_confidence,DECISION-TIME
cb152038ed90c355949eef46,random_stratified,0,4982750,1,1,1,600,600,29.296875,29.296875,100,100,1,3,2,4983207,0,0.20978120978120979,0.20978120978120979,0.41956241956241958,True,correct,correct;high_confidence,DECISION-TIME
d5492e849252f21821d45438,random_stratified,1,4985839,1,1,1,1800,1800,58.59375,58.59375,100,100,1,1,1,4985851,0,0.20978120978120979,0.20978120978120979,0.41956241956241958,False,high_confidence_error,false_negative;high_confidence,DECISION-TIME
16ff9e13d83007e74a239125,random_stratified,0,4986063,1,1,1,1200,1200,29.296875,29.296875,10,10,1,1,1,4986075,0,0.15021459227467809,0.15021459227467809,0.30042918454935619,True,correct,correct;high_confidence,DECISION-TIME
7f6d499cfdf2c8ab6f2ea139,random_stratified,0,5003850,1,1,1,600,600,29.296875,29.296875,10,10,1,1,1,5003856,0,0.20978120978120979,0.20978120978120979,0.41956241956241958,True,correct,correct;high_confidence,DECISION-TIME
70888c22ec34197a33271f7f,random_stratified,0,5005972,1,1,1,600,600,29.296875,29.296875,100,100,1,1,1,5008610,0,0.20978120978120979,0.20978120978120979,0.41956241956241958,True,correct,correct;high_confidence,DECISION-TIME
2366b3093bd0e15bcfbfaf65,random_stratified,0,5006581,2,2,15,325,600,73.2421875,97.65625,25,25,1,15,15,5006593.1333333338,1,0.84768211920529801,0.84768211920529801,0.30463576158940397,False,high_confidence_error,false_positive;high_confidence,DECISION-TIME
02f759bdcbea7be2e21605dd,random_stratified,0,5012781,2,2,3,600,600,29.296875,29.296875,100,100,1,3,2,5012785,0,0.15021459227467809,0.15021459227467809,0.30042918454935619,True,correct,correct;high_confidence,DECISION-TIME
f3b0fdde10c87c07d5ae0033,random_stratified,0,5016780,2,2,4,600,600,29.296875,29.296875,50,50,1,4,4,5016898.25,0,0.20978120978120979,0.20978120978120979,0.41956241956241958,True,correct,correct;high_confidence,DECISION-TIME
d9ee3dff091f5bf517b0373e,random_stratified,0,5025999,1,1,1,600,600,29.296875,29.296875,100,100,1,1,1,5026077,0,0.20978120978120979,0.20978120978120979,0.41956241956241958,True,correct,correct;high_confidence,DECISION-TIME
7f9e33b4a7f01ee7dc6f57f4,random_stratified,0,5032962,1,1,1,600,600,29.296875,29.296875,100,100,1,1,1,5032976,0,0.20978120978120979,0.20978120978120979,0.41956241956241958,True,correct,correct;high_confidence,DECISION-TIME
a3319b015d9b9d0c9b40c000,random_stratified,0,5037833,1,1,1,1800,1800,58.59375,58.59375,100,100,1,1,1,5037843,0,0.20978120978120979,0.20978120978120979,0.41956241956241958,True,correct,correct;high_confidence,DECISION-TIME
12d9d9046c0ff501e718a0ed,random_stratified,1,5039321,1,1,1,600,600,29.296875,29.296875,100,100,1,1,1,5039438,0,0.20978120978120979,0.20978120978120979,0.41956241956241958,False,high_confidence_error,false_negative;high_confidence,DECISION-TIME
2409ee2188283d0043e037dc,random_stratified,0,5040058,1,1,1,600,600,29.296875,29.296875,10,10,1,1,1,5040069,0,0.20978120978120979,0.20978120978120979,0.41956241956241958,True,correct,correct;high_confidence,DECISION-TIME
fe0b3e02ea3226e36111ab8f,random_stratified,0,5047827,1,1,1,600,600,29.296875,29.296875,10,10,1,1,1,5047839,0,0.20978120978120979,0.20978120978120979,0.41956241956241958,True,correct,correct;high_confidence,DECISION-TIME
c45cb7f5b957f8b191daa459,random_stratified,1,5050399,1,1,1,600,600,9.765625,9.765625,400,400,1,1,1,5050412,0,0.073170731707317069,0.073170731707317069,0.14634146341463417,False,high_confidence_error,false_negative;high_confidence,DECISION-TIME
2ef94eec1dfdaf5405c8353e,random_stratified,0,5056156,1,1,1,600,600,29.296875,29.296875,25,25,1,1,1,5056167,0,0.20978120978120979,0.20978120978120979,0.41956241956241958,True,correct,correct;high_confidence,DECISION-TIME
e7ddb513f079959e3e2ace3e,random_stratified,0,5069402,1,1,1,1200,1200,29.296875,29.296875,100,100,1,1,1,5069412,0,0.13953488372093023,0.13953488372093023,0.27906976744186052,True,correct,correct;high_confidence,DECISION-TIME
f5b87272da6ec2533217e076,random_stratified,0,5070479,1,1,1,600,600,29.296875,29.296875,300,300,1,1,1,5070482,0,0.13953488372093023,0.13953488372093023,0.27906976744186052,True,correct,correct;high_confidence,DECISION-TIME
08b7966cae914f38893522a1,random_stratified,1,5071190,1,1,1,1000,1000,9.765625,9.765625,400,400,1,1,1,5072233,0,0.073170731707317069,0.073170731707317069,0.14634146341463417,False,high_confidence_error,false_negative;high_confidence,DECISION-TIME
64491cebdf51f3b6eb41dc43,random_stratified,0,5072520,1,1,1,600,600,29.296875,29.296875,100,100,1,1,1,5072529,0,0.20978120978120979,0.20978120978120979,0.41956241956241958,True,correct,correct;high_confidence,DECISION-TIME
7e296bb882558b696fcab3cd,random_stratified,0,5075306,1,1,1,600,600,29.296875,29.296875,100,100,1,1,1,5075311,0,0.20978120978120979,0.20978120978120979,0.41956241956241958,True,correct,correct;high_confidence,DECISION-TIME
25d87ae1673ea11559f656ce,random_stratified,0,5088798,1,1,1,600,600,29.296875,29.296875,10,10,1,1,1,5088804,0,0.20978120978120979,0.20978120978120979,0.41956241956241958,True,correct,correct;high_confidence,DECISION-TIME
0f7c6c1f21a45a78c901511c,random_stratified,0,5089439,1,1,1,600,600,29.296875,29.296875,10,10,1,1,1,5089453,0,0.20978120978120979,0.20978120978120979,0.41956241956241958,True,correct,correct;high_confidence,DECISION-TIME
3e5670bb5d923d0b89dd12a8,random_stratified,0,5091657,1,1,1,600,600,29.296875,29.296875,100,100,1,1,1,5091666,0,0.20978120978120979,0.20978120978120979,0.41956241956241958,True,correct,correct;high_confidence,DECISION-TIME
9f9d3435838f72a34dc07433,random_stratified,0,5093000,1,1,1,600,600,29.296875,29.296875,50,50,1,1,1,5093003,0,0.20978120978120979,0.20978120978120979,0.41956241956241958,True,correct,correct;high_confidence,DECISION-TIME
36b7a6645929f6ae07adffa7,random_stratified,0,5110235,2,2,30,600,600,29.296875,29.296875,10,10,1,30,30,5110271.5666666664,0,0.20978120978120979,0.20978120978120979,0.41956241956241958,True,correct,correct;high_confidence,DECISION-TIME
0305a398ae9e2b14b172314e,random_stratified,1,5116399,1,1,1,600,600,29.296875,29.296875,100,100,1,1,1,5116447,0,0.20978120978120979,0.20978120978120979,0.41956241956241958,False,high_confidence_error,false_negative;high_confidence,DECISION-TIME
8c805c4a7e46ce982cd2ac8e,random_stratified,1,5120367,1,1,1,600,600,29.296875,29.296875,100,100,1,1,1,5120370,0,0.20978120978120979,0.20978120978120979,0.41956241956241958,False,high_confidence_error,false_negative;high_confidence,DECISION-TIME
f7179e219b1634b0e82c6ae1,random_stratified,0,5122982,1,1,1,600,600,29.296875,29.296875,25,25,1,1,1,5122985,0,0.20978120978120979,0.20978120978120979,0.41956241956241958,True,correct,correct;high_confidence,DECISION-TIME
a365f29d39755b8d1f26a7ec,random_stratified,0,5125483,1,1,1,600,600,29.296875,29.296875,15,15,1,1,1,5125492,0,0.20978120978120979,0.20978120978120979,0.41956241956241958,True,correct,correct;high_confidence,DECISION-TIME
2271bb8c30cd4bae3aa73752,random_stratified,1,5129229,1,1,1,100,100,24.4140625,24.4140625,100,100,1,1,1,5129278,0,0.20978120978120979,0.20978120978120979,0.41956241956241958,False,high_confidence_error,false_negative;high_confidence,DECISION-TIME
33264fce4d1cf334d582d785,random_stratified,1,5134488,2,2,6,600,600,14.6484375,14.6484375,25,25,1,6,3,5134500,0,0.13953488372093023,0.13953488372093023,0.27906976744186052,False,high_confidence_error,false_negative;high_confidence,DECISION-TIME
ea02c23d05659857815b0854,random_stratified,0,5140026,1,1,1,600,600,29.296875,29.296875,15,15,1,1,1,5140038,0,0.20978120978120979,0.20978120978120979,0.41956241956241958,True,correct,correct;high_confidence,DECISION-TIME
44636ab624a44adfa48a9397,random_stratified,0,5152408,1,1,1,1800,1800,58.59375,58.59375,100,100,1,1,1,5152453,0,0.20978120978120979,0.20978120978120979,0.41956241956241958,True,correct,correct;high_confidence,DECISION-TIME
dbba0eaa077874147b6a198d,random_stratified,0,5161904,1,1,1,600,600,29.296875,29.296875,100,100,1,1,1,5161954,0,0.20978120978120979,0.20978120978120979,0.41956241956241958,True,correct,correct;high_confidence,DECISION-TIME
df54cd747e25e59b7cc5254e,random_stratified,0,5164927,1,1,1,600,600,29.296875,29.296875,100,100,1,1,1,5164940,0,0.20978120978120979,0.20978120978120979,0.41956241956241958,True,correct,correct;high_confidence,DECISION-TIME
d8a530d3571246b96be7bbee,random_stratified,0,5167796,2,2,37,350,600,2,2,25,25,1,37,15,5171476.1351351347,0,0.13953488372093023,0.13953488372093023,0.27906976744186052,True,correct,correct;high_confidence,DECISION-TIME
41a6e17eca15f41c21a32f08,random_stratified,0,5168012,1,1,1,600,600,29.296875,29.296875,50,50,1,1,1,5168024,0,0.20978120978120979,0.20978120978120979,0.41956241956241958,True,correct,correct;high_confidence,DECISION-TIME
cf38e6404633f5502c0a145f,random_stratified,0,5174315,1,1,1,600,600,29.296875,29.296875,100,100,1,1,1,5174326,0,0.20978120978120979,0.20978120978120979,0.41956241956241958,True,correct,correct;high_confidence,DECISION-TIME
2f0a0cb4376b17158953822d,random_stratified,0,5178220,1,1,1,600,600,29.296875,29.296875,10,10,1,1,1,5178232,0,0.20978120978120979,0.20978120978120979,0.41956241956241958,True,correct,correct;high_confidence,DECISION-TIME
d67558be2c44383ddb4ebdef,random_stratified,0,5187217,1,1,1,600,600,29.296875,29.296875,25,25,1,1,1,5187228,0,0.20978120978120979,0.20978120978120979,0.41956241956241958,True,correct,correct;high_confidence,DECISION-TIME
ac2b92205b796a2fde0c32c0,random_stratified,0,5190815,1,1,1,600,600,29.296875,29.296875,100,100,1,1,1,5191181,0,0.20978120978120979,0.20978120978120979,0.41956241956241958,True,correct,correct;high_confidence,DECISION-TIME
0ff002250474639e07347e05,random_stratified,0,5193058,1,1,1,1000,1000,19.55078125,19.55078125,50,50,1,1,1,5193061,0,0.13953488372093023,0.13953488372093023,0.27906976744186052,True,correct,correct;high_confidence,DECISION-TIME
98a698be207ee25e81921c01,random_stratified,1,5193428,1,1,1,600,600,29.296875,29.296875,100,100,1,1,1,5193475,0,0.20978120978120979,0.20978120978120979,0.41956241956241958,False,high_confidence_error,false_negative;high_confidence,DECISION-TIME
cea09361741732fccf7fe028,random_stratified,0,5197203,1,1,1,100,100,1.97265625,1.97265625,,,0,1,1,5197206,0,0.13953488372093023,0.13953488372093023,0.27906976744186052,True,correct,correct;high_confidence;feature_missingness,DECISION-TIME
3342b98a8c6a7f28f67c9d84,random_stratified,0,5199269,1,1,1,100,100,29.296875,29.296875,25,25,1,1,1,5199305,1,0.63414634146341464,0.63414634146341464,0.73170731707317072,False,low_confidence_error,false_positive;low_confidence,DECISION-TIME
734b6aa58ab2a22e01ccb6ab,random_stratified,0,5202229,1,1,1,600,600,29.296875,29.296875,100,100,1,1,1,5202236,0,0.20978120978120979,0.20978120978120979,0.41956241956241958,True,correct,correct;high_confidence,DECISION-TIME
d29cb1d87f7c335ee643f1ba,random_stratified,1,5203741,1,1,1,600,600,29.296875,29.296875,100,100,1,1,1,5203745,0,0.20978120978120979,0.20978120978120979,0.41956241956241958,False,high_confidence_error,false_negative;high_confidence,DECISION-TIME
ba98a011903c05647c0d925f,random_stratified,0,5204504,2,2,4,600,600,29.296875,29.296875,50,50,1,4,2,5204508.5,0,0.20978120978120979,0.20978120978120979,0.41956241956241958,True,correct,correct;high_confidence,DECISION-TIME
9172cba4c5377b0eacc5e100,random_stratified,1,5204768,1,1,1,600,600,29.296875,29.296875,100,100,1,1,1,5204780,0,0.20978120978120979,0.20978120978120979,0.41956241956241958,False,high_confidence_error,false_negative;high_confidence,DECISION-TIME
9216f07c3d9ab7e94b8986cb,random_stratified,0,5206466,1,1,1,1200,1200,29.296875,29.296875,100,100,1,1,1,5206478,0,0.13953488372093023,0.13953488372093023,0.27906976744186052,True,correct,correct;high_confidence,DECISION-TIME
a4c157dfdacba40878526c15,random_stratified,0,5211590,1,1,1,1800,1800,58.59375,58.59375,100,100,1,1,1,5211619,0,0.20978120978120979,0.20978120978120979,0.41956241956241958,True,correct,correct;high_confidence,DECISION-TIME
dc17bb085f02210431f6b409,random_stratified,0,5212016,1,1,1,600,600,29.296875,29.296875,100,100,1,1,1,5212061,0,0.20978120978120979,0.20978120978120979,0.41956241956241958,True,correct,correct;high_confidence,DECISION-TIME
300d43827d1192111f5ccfcf,random_stratified,0,5216854,1,1,1,100,100,29.296875,29.296875,100,100,1,1,1,5216968,0,0.20978120978120979,0.20978120978120979,0.41956241956241958,True,correct,correct;high_confidence,DECISION-TIME
15d27d7fe4361f64a66b8f4d,random_stratified,0,5216902,1,1,10,50,50,29.296875,29.296875,100,100,1,10,6,5216905.2000000002,0,0.20978120978120979,0.20978120978120979,0.41956241956241958,True,correct,correct;high_confidence,DECISION-TIME
e588e07bab3e3dfa99250829,random_stratified,1,5218224,1,1,1,600,600,29.296875,29.296875,100,100,1,1,1,5218238,0,0.20978120978120979,0.20978120978120979,0.41956241956241958,False,high_confidence_error,false_negative;high_confidence,DECISION-TIME
b79c1c648a3b0a3738101503,random_stratified,0,5219678,1,1,1,600,600,29.296875,29.296875,25,25,1,1,1,5219684,0,0.20978120978120979,0.20978120978120979,0.41956241956241958,True,correct,correct;high_confidence,DECISION-TIME
772258060387edeff32a552a,random_stratified,0,5226579,1,1,1,20,20,29.296875,29.296875,10,10,1,1,1,5226585,1,0.84768211920529801,0.84768211920529801,0.30463576158940397,False,high_confidence_error,false_positive;high_confidence,DECISION-TIME
9319051ec470a78dcbe1a945,random_stratified,0,5227980,2,2,51,600,600,29.296875,39.0625,100,100,1,53,45,5228030.8039215682,0,0.20978120978120979,0.20978120978120979,0.41956241956241958,True,correct,correct;high_confidence,DECISION-TIME
32394dd881bc657f552b4c5f,random_stratified,1,5234570,1,1,1,1800,1800,292.96875,292.96875,400,400,1,1,1,5234576,1,0.84768211920529801,0.84768211920529801,0.30463576158940397,True,correct,correct;high_confidence,DECISION-TIME
e1ab0530883335921803e78d,random_stratified,1,5237441,1,1,1,100,100,29.296875,29.296875,100,100,1,1,1,5237556,0,0.20978120978120979,0.20978120978120979,0.41956241956241958,False,high_confidence_error,false_negative;high_confidence,DECISION-TIME
b53bc3d17a584f57549af759,random_stratified,0,5242099,1,1,1,100,100,29.296875,29.296875,100,100,1,3,2,5242554,0,0.20978120978120979,0.20978120978120979,0.41956241956241958,True,correct,correct;high_confidence,DECISION-TIME
1e326a94347fd1d8da80437f,random_stratified,0,5242288,1,1,1,100,100,29.296875,29.296875,100,100,1,3,2,5242772,0,0.20978120978120979,0.20978120978120979,0.41956241956241958,True,correct,correct;high_confidence,DECISION-TIME
fe5741235cf035f451e53aa8,random_stratified,0,5261691,1,1,1,600,600,29.296875,29.296875,100,100,1,1,1,5261700,0,0.20978120978120979,0.20978120978120979,0.41956241956241958,True,correct,correct;high_confidence,DECISION-TIME
20124953c07591e0bd6c53b1,random_stratified,0,5265459,1,1,1,800,800,29.296875,29.296875,50,50,1,1,1,5265462,0,0.20978120978120979,0.20978120978120979,0.41956241956241958,True,correct,correct;high_confidence,DECISION-TIME
f3e6bd7e98b2eb0b86373e39,random_stratified,0,5266194,1,1,1,100,100,29.296875,29.296875,100,100,1,1,1,5266292,0,0.20978120978120979,0.20978120978120979,0.41956241956241958,True,correct,correct;high_confidence,DECISION-TIME
1df7a569a3e561f33ec2d1b9,random_stratified,1,5266274,1,1,1,100,100,29.296875,29.296875,100,100,1,1,1,5266382,0,0.20978120978120979,0.20978120978120979,0.41956241956241958,False,high_confidence_error,false_negative;high_confidence,DECISION-TIME
ea5b636d1d321b84b15cb44a,random_stratified,0,5266619,1,1,1,20,20,29.296875,29.296875,5,5,1,1,1,5266630,1,0.84768211920529801,0.84768211920529801,0.30463576158940397,False,high_confidence_error,false_positive;high_confidence,DECISION-TIME
df166bf131040c62312ed748,random_stratified,0,5272959,2,2,55,325,600,73.2421875,97.65625,25,25,1,55,26,5274243.3636363633,1,0.84768211920529801,0.84768211920529801,0.30463576158940397,False,high_confidence_error,false_positive;high_confidence,DECISION-TIME
76798b8f9c73f4440a7c35ae,random_stratified,0,5273968,1,1,1,100,100,29.296875,29.296875,100,100,1,3,2,5274424,0,0.20978120978120979,0.20978120978120979,0.41956241956241958,True,correct,correct;high_confidence,DECISION-TIME
8440bdc2ef7226cfc8c415b9,random_stratified,1,5274802,1,1,1,600,600,29.296875,29.296875,200,200,1,1,1,5274804,0,0.15021459227467809,0.15021459227467809,0.30042918454935619,False,high_confidence_error,false_negative;high_confidence,DECISION-TIME
25e3bb552fe4b8ad2cd809e4,random_stratified,0,5276209,2,2,16,120,120,29.296875,29.296875,40,40,1,16,15,5276223.25,0,0.20978120978120979,0.20978120978120979,0.41956241956241958,True,correct,correct;high_confidence,DECISION-TIME
3878d58fcccc4dab13098107,random_stratified,0,5276849,1,1,1,100,100,1.97265625,1.97265625,,,0,1,1,5276853,0,0.13953488372093023,0.13953488372093023,0.27906976744186052,True,correct,correct;high_confidence;feature_missingness,DECISION-TIME
bfdcd013108916a8f9583482,random_stratified,0,5279010,2,2,41,350,600,4.8828125,4.8828125,25,25,1,41,19,5279022.5365853654,0,0.13953488372093023,0.13953488372093023,0.27906976744186052,True,correct,correct;high_confidence,DECISION-TIME
f16d1a9693972df4092af344,random_stratified,0,5282066,1,1,1,600,600,29.296875,29.296875,100,100,1,1,1,5282073,0,0.20978120978120979,0.20978120978120979,0.41956241956241958,True,correct,correct;high_confidence,DECISION-TIME
fae65eece1942c65fb107f14,random_stratified,1,5286411,1,1,1,1800,1800,58.59375,58.59375,100,100,1,1,1,5286421,0,0.20978120978120979,0.20978120978120979,0.41956241956241958,False,high_confidence_error,false_negative;high_confidence,DECISION-TIME
ee76adf3779a4c5516452563,random_stratified,0,5290901,1,1,1,600,600,29.296875,29.296875,100,100,1,1,1,5290904,0,0.20978120978120979,0.20978120978120979,0.41956241956241958,True,correct,correct;high_confidence,DECISION-TIME
4740b2b38463b2a90fea1bbb,random_stratified,0,5302009,1,1,1,600,600,29.296875,29.296875,100,100,1,1,1,5302012,0,0.20978120978120979,0.20978120978120979,0.41956241956241958,True,correct,correct;high_confidence,DECISION-TIME
442c9b0e1419653f7bc7bc9b,random_stratified,0,5302373,1,1,1,600,600,29.296875,29.296875,25,25,1,1,1,5302383,0,0.20978120978120979,0.20978120978120979,0.41956241956241958,True,correct,correct;high_confidence,DECISION-TIME
5fa0fc582f09c48efd0ae60b,random_stratified,0,5306842,1,1,1,600,600,29.296875,29.296875,100,100,1,1,1,5306845,0,0.20978120978120979,0.20978120978120979,0.41956241956241958,True,correct,correct;high_confidence,DECISION-TIME
2e015cdaa8ea433ced3d442f,random_stratified,0,5307487,1,1,1,600,600,29.296875,29.296875,50,50,1,1,1,5307493,0,0.20978120978120979,0.20978120978120979,0.41956241956241958,True,correct,correct;high_confidence,DECISION-TIME
d3dd4c056f99426d325e611a,random_stratified,0,5308987,1,1,16,800,800,58.59375,58.59375,100,100,1,16,4,5308991.1875,1,0.84768211920529801,0.84768211920529801,0.30463576158940397,False,high_confidence_error,false_positive;high_confidence,DECISION-TIME
8373de6d266bfa7fa0b1a096,random_stratified,0,5310366,1,1,1,600,600,29.296875,29.296875,50,50,1,1,1,5310374,0,0.20978120978120979,0.20978120978120979,0.41956241956241958,True,correct,correct;high_confidence,DECISION-TIME
cf63263ff95036bc0e290acc,random_stratified,0,5311026,1,1,1,600,600,29.296875,29.296875,100,100,1,1,1,5311030,0,0.20978120978120979,0.20978120978120979,0.41956241956241958,True,correct,correct;high_confidence,DECISION-TIME
bcd3f9e46cd62e77db551a63,random_stratified,0,5315079,1,1,1,500,500,29.296875,29.296875,20,20,1,1,1,5315089,0,0.20978120978120979,0.20978120978120979,0.41956241956241958,True,correct,correct;high_confidence,DECISION-TIME
5c563f61d655550fab58b4f4,random_stratified,0,5315501,2,2,2,600,600,2.9296875,2.9296875,100,100,1,2,2,5315513,0,0.073170731707317069,0.073170731707317069,0.14634146341463417,True,correct,correct;high_confidence,DECISION-TIME
09aa9fd2741dbc4b7b25ab9b,random_stratified,0,5317607,3,3,3,466.66666666666669,600,11.098958333333334,29.296875,25,25,1,3,3,5317611.333333333,0,0.073170731707317069,0.073170731707317069,0.14634146341463417,True,correct,correct;high_confidence,DECISION-TIME
d994a59fd5feae169f25ea30,random_stratified,0,5322042,1,1,1,1200,1200,29.296875,29.296875,100,100,1,1,1,5322089,0,0.14285714285714285,0.14285714285714285,0.2857142857142857,True,correct,correct;high_confidence,DECISION-TIME
5e9dab4ba0b13c1e47eefc9e,random_stratified,0,5329016,1,1,1,600,600,29.296875,29.296875,10,10,1,1,1,5329024,0,0.20978120978120979,0.20978120978120979,0.41956241956241958,True,correct,correct;high_confidence,DECISION-TIME
954282cd73786bc0b6492317,random_stratified,0,5329101,1,1,1,800,800,31.26953125,31.26953125,,,0,1,1,5329104,0,0.15021459227467809,0.15021459227467809,0.30042918454935619,True,correct,correct;high_confidence;feature_missingness,DECISION-TIME
57babfabcc0a08d3fc4aaaf8,random_stratified,0,5330221,1,1,1,600,600,29.296875,29.296875,100,100,1,1,1,5330224,0,0.20978120978120979,0.20978120978120979,0.41956241956241958,True,correct,correct;high_confidence,DECISION-TIME
eb09b4ef76bc5d3999ad58f3,random_stratified,0,5330906,1,1,1,600,600,29.296875,29.296875,100,100,1,1,1,5331016,0,0.20978120978120979,0.20978120978120979,0.41956241956241958,True,correct,correct;high_confidence,DECISION-TIME
78669fd8fc4c4c087a85edf7,random_stratified,1,5335617,1,1,1,600,600,29.296875,29.296875,10,10,1,1,1,5335624,0,0.20978120978120979,0.20978120978120979,0.41956241956241958,False,high_confidence_error,false_negative;high_confidence,DECISION-TIME
65628bf8fe844c5e8bf32f3f,random_stratified,0,5343691,1,1,1,600,600,29.296875,29.296875,25,25,1,1,1,5343699,0,0.20978120978120979,0.20978120978120979,0.41956241956241958,True,correct,correct;high_confidence,DECISION-TIME
5b1966c8636f861e6e0f407f,random_stratified,0,5349855,1,1,10,600,600,29.296875,29.296875,50,50,1,10,8,5349858,0,0.20978120978120979,0.20978120978120979,0.41956241956241958,True,correct,correct;high_confidence,DECISION-TIME
5a7dccd4ecfc3c6b377a2f9a,random_stratified,0,5351035,1,1,1,600,600,29.296875,29.296875,25,25,1,1,1,5351048,0,0.20978120978120979,0.20978120978120979,0.41956241956241958,True,correct,correct;high_confidence,DECISION-TIME
2e51c961a822877422009093,random_stratified,1,5353538,1,1,1,600,600,29.296875,29.296875,10,10,1,1,1,5353544,0,0.20978120978120979,0.20978120978120979,0.41956241956241958,False,high_confidence_error,false_negative;high_confidence,DECISION-TIME
fce459151dca4b6e83894105,random_stratified,1,5358136,2,2,2,600,600,29.296875,29.296875,25,25,1,4,3,5358594,0,0.20978120978120979,0.20978120978120979,0.41956241956241958,False,high_confidence_error,false_negative;high_confidence,DECISION-TIME
e7e8df275999633439ade156,random_stratified,0,5364557,1,1,1,800,800,29.296875,29.296875,50,50,1,2,2,5364833,0,0.20978120978120979,0.20978120978120979,0.41956241956241958,True,correct,correct;high_confidence,DECISION-TIME
da27b6d57028f3b0295b0703,random_stratified,0,5365519,1,1,5,1800,1800,58.59375,58.59375,100,100,1,5,3,5365634.4000000004,0,0.20978120978120979,0.20978120978120979,0.41956241956241958,True,correct,correct;high_confidence,DECISION-TIME
c5981e396aed47495421152f,random_stratified,0,5371611,1,1,1,500,500,29.296875,29.296875,20,20,1,1,1,5371622,0,0.20978120978120979,0.20978120978120979,0.41956241956241958,True,correct,correct;high_confidence,DECISION-TIME
7c0e0d4295fbb56bcab0c891,random_stratified,0,5373544,1,1,1,600,600,29.296875,29.296875,100,100,1,1,1,5373547,0,0.20978120978120979,0.20978120978120979,0.41956241956241958,True,correct,correct;high_confidence,DECISION-TIME
b9dac053ef9ebe918c511968,random_stratified,0,5374750,1,1,1,600,600,29.296875,29.296875,100,100,1,1,1,5374753,0,0.20978120978120979,0.20978120978120979,0.41956241956241958,True,correct,correct;high_confidence,DECISION-TIME
ab2d20ac2ca77dd40a31a4a3,random_stratified,1,5375597,1,1,1,600,600,29.296875,29.296875,100,100,1,1,1,5375665,0,0.20978120978120979,0.20978120978120979,0.41956241956241958,False,high_confidence_error,false_negative;high_confidence,DECISION-TIME
c67da0e80cd4c614f9848df3,random_stratified,0,5375699,1,1,1,1800,1800,58.59375,58.59375,100,100,1,1,1,5376925,0,0.20978120978120979,0.20978120978120979,0.41956241956241958,True,correct,correct;high_confidence,DECISION-TIME
fed657b1ffa446de95296478,random_stratified,0,5380704,1,1,1,600,600,29.296875,29.296875,100,100,1,1,1,5380742,0,0.20978120978120979,0.20978120978120979,0.41956241956241958,True,correct,correct;high_confidence,DECISION-TIME
082ec7367ab45eaecfdd0220,random_stratified,0,5381440,3,3,4,466.66666666666669,600,11.765625,29.296875,25,25,1,4,3,5381444.25,0,0.073170731707317069,0.073170731707317069,0.14634146341463417,True,correct,correct;high_confidence,DECISION-TIME
ad0fb3a53759145799a6afdd,random_stratified,0,5381726,2,2,6,600,600,58.59375,58.59375,25,25,1,6,6,5381740,1,0.84768211920529801,0.84768211920529801,0.30463576158940397,False,high_confidence_error,false_positive;high_confidence,DECISION-TIME
974f927bbde98b9dcb52a577,random_stratified,0,5381981,3,3,5,466.66666666666669,600,17.098958333333332,29.296875,25,25,1,5,3,5381989.2000000002,0,0.13953488372093023,0.13953488372093023,0.27906976744186052,True,correct,correct;high_confidence,DECISION-TIME
a23c610a4bcb8aeeaa8db143,random_stratified,0,5382713,3,3,4,466.66666666666669,600,11.765625,29.296875,25,25,1,4,3,5382717.75,0,0.073170731707317069,0.073170731707317069,0.14634146341463417,True,correct,correct;high_confidence,DECISION-TIME
c26b0dbcc7bcc138bd2862a0,random_stratified,1,5384269,1,1,1,600,600,29.296875,29.296875,100,100,1,1,1,5384280,0,0.20978120978120979,0.20978120978120979,0.41956241956241958,False,high_confidence_error,false_negative;high_confidence,DECISION-TIME
107ad38992671235fd35e0bb,random_stratified,0,5386661,1,1,1,600,600,29.296875,29.296875,100,100,1,1,1,5386670,0,0.20978120978120979,0.20978120978120979,0.41956241956241958,True,correct,correct;high_confidence,DECISION-TIME
186518265ceb1df51f82a6a7,random_stratified,0,5387940,1,1,1,800,800,9.765625,9.765625,100,100,1,1,1,5388033,0,0.13953488372093023,0.13953488372093023,0.27906976744186052,True,correct,correct;high_confidence,DECISION-TIME
d718d13d3d085160ab061575,random_stratified,0,5392537,1,1,1,600,600,29.296875,29.296875,25,25,1,1,1,5392542,0,0.20978120978120979,0.20978120978120979,0.41956241956241958,True,correct,correct;high_confidence,DECISION-TIME
d6812f820dfe52c69af74354,random_stratified,0,5394330,1,1,1,600,600,29.296875,29.296875,100,100,1,1,1,5394339,0,0.20978120978120979,0.20978120978120979,0.41956241956241958,True,correct,correct;high_confidence,DECISION-TIME
14f6673a945e0d186a936dbc,random_stratified,0,5396866,1,1,1,100,100,29.296875,29.296875,100,100,1,1,1,5396880,0,0.20978120978120979,0.20978120978120979,0.41956241956241958,True,correct,correct;high_confidence,DECISION-TIME
92744ca4fc39280b9179dc0c,random_stratified,0,5397442,1,1,1,100,100,24.4140625,24.4140625,100,100,1,1,1,5397445,0,0.20978120978120979,0.20978120978120979,0.41956241956241958,True,correct,correct;high_confidence,DECISION-TIME
0a1230c387b2487532c06232,random_stratified,0,5402361,2,2,4,600,600,29.296875,29.296875,50,50,1,4,2,5402365.25,0,0.20978120978120979,0.20978120978120979,0.41956241956241958,True,correct,correct;high_confidence,DECISION-TIME
c88f06e1b1f3166d3ca50a21,random_stratified,0,5409887,1,1,1,100,100,29.296875,29.296875,100,100,1,1,1,5409895,0,0.20978120978120979,0.20978120978120979,0.41956241956241958,True,correct,correct;high_confidence,DECISION-TIME
75e2fda5e45df2130e16deab,random_stratified,0,5415564,1,1,1,100,100,29.296875,29.296875,25,25,1,1,1,5418911,1,0.63414634146341464,0.63414634146341464,0.73170731707317072,False,low_confidence_error,false_positive;low_confidence,DECISION-TIME
ad50e0009f5266d0deebd600,random_stratified,0,5415905,1,1,1,100,100,29.296875,29.296875,25,25,1,1,1,5419136,1,0.63414634146341464,0.63414634146341464,0.73170731707317072,False,low_confidence_error,false_positive;low_confidence,DECISION-TIME
7b0c65a0f18076bbb595fd24,random_stratified,0,5416801,1,1,1,100,100,29.296875,29.296875,25,25,1,1,1,5420158,1,0.63414634146341464,0.63414634146341464,0.73170731707317072,False,low_confidence_error,false_positive;low_confidence,DECISION-TIME
ae2e09c18f2aea8178163af2,random_stratified,0,5417206,2,2,11,350,600,2,2,25,25,1,11,8,5417211.5454545459,0,0.13953488372093023,0.13953488372093023,0.27906976744186052,True,correct,correct;high_confidence,DECISION-TIME
3cb83376c4785cdb5c29acfc,random_stratified,0,5427070,1,1,1,600,600,29.296875,29.296875,100,100,1,1,1,5427073,0,0.20978120978120979,0.20978120978120979,0.41956241956241958,True,correct,correct;high_confidence,DECISION-TIME
4cd4dcb0b966b93b126bb27e,random_stratified,0,5431564,1,1,1,600,600,29.296875,29.296875,50,50,1,1,1,5431569,0,0.20978120978120979,0.20978120978120979,0.41956241956241958,True,correct,correct;high_confidence,DECISION-TIME
db674f0955ea02dfa8f0a88c,random_stratified,0,5442776,1,1,1,1000,1000,19.55078125,19.55078125,50,50,1,1,1,5442779,0,0.13953488372093023,0.13953488372093023,0.27906976744186052,True,correct,correct;high_confidence,DECISION-TIME
a3b53eab82a187730f1bb506,random_stratified,0,5445209,1,1,1,600,600,29.296875,29.296875,100,100,1,1,1,5445218,0,0.20978120978120979,0.20978120978120979,0.41956241956241958,True,correct,correct;high_confidence,DECISION-TIME
2e9faf5fbdee685c6e62077d,random_stratified,1,5446226,2,2,13,400,600,2,2,25,25,1,13,7,5446284,0,0.13953488372093023,0.13953488372093023,0.27906976744186052,False,high_confidence_error,false_negative;high_confidence,DECISION-TIME
ac76e42f1f12b79b6ec6cb7b,random_stratified,0,5446257,2,2,13,400,600,2,2,25,25,1,13,6,5446338.538461538,0,0.13953488372093023,0.13953488372093023,0.27906976744186052,True,correct,correct;high_confidence,DECISION-TIME
08c3726469a51c69c40acc99,random_stratified,0,5447536,1,1,1,1800,1800,58.59375,58.59375,100,100,1,1,1,5447892,0,0.20978120978120979,0.20978120978120979,0.41956241956241958,True,correct,correct;high_confidence,DECISION-TIME
9cef9323b365a209eaf69ec3,random_stratified,0,5456046,1,1,1,1000,1000,19.55078125,19.55078125,50,50,1,1,1,5456049,0,0.13953488372093023,0.13953488372093023,0.27906976744186052,True,correct,correct;high_confidence,DECISION-TIME
7db0fd9ae3b62ba7001b31d4,random_stratified,0,5457347,1,1,1,600,600,29.296875,29.296875,50,50,1,1,1,5457357,0,0.20978120978120979,0.20978120978120979,0.41956241956241958,True,correct,correct;high_confidence,DECISION-TIME
6a7f90ca28378f987eaaeefc,random_stratified,1,5461857,1,1,1,600,600,29.296875,29.296875,100,100,1,1,1,5461861,0,0.20978120978120979,0.20978120978120979,0.41956241956241958,False,high_confidence_error,false_negative;high_confidence,DECISION-TIME
bec54116724176033e23d689,random_stratified,0,5466137,1,1,20,600,600,29.296875,29.296875,100,100,1,26,21,5466787.7999999998,0,0.20978120978120979,0.20978120978120979,0.41956241956241958,True,correct,correct;high_confidence,DECISION-TIME
b869666b49e6510a03c29638,random_stratified,0,5467731,1,1,1,600,600,29.296875,29.296875,100,100,1,1,1,5467755,0,0.20978120978120979,0.20978120978120979,0.41956241956241958,True,correct,correct;high_confidence,DECISION-TIME
11631e4007ca47b628ce28e3,random_stratified,0,5471716,1,1,1,600,600,29.296875,29.296875,25,25,1,1,1,5471727,0,0.20978120978120979,0.20978120978120979,0.41956241956241958,True,correct,correct;high_confidence,DECISION-TIME
8c9134c04dabf1b97484771c,random_stratified,0,5472169,1,1,1,600,600,29.296875,29.296875,25,25,1,1,1,5472183,0,0.20978120978120979,0.20978120978120979,0.41956241956241958,True,correct,correct;high_confidence,DECISION-TIME
49a6a33d265b37a2a7ef102b,random_stratified,1,5472560,1,1,1,600,600,29.296875,29.296875,100,100,1,1,1,5472567,0,0.20978120978120979,0.20978120978120979,0.41956241956241958,False,high_confidence_error,false_negative;high_confidence,DECISION-TIME
5cfbd935497192b8b2128dbd,random_stratified,1,5472992,2,2,2,600,600,29.296875,29.296875,100,100,1,2,2,5473001,0,0.15021459227467809,0.15021459227467809,0.30042918454935619,False,high_confidence_error,false_negative;high_confidence,DECISION-TIME
9e5cddbe122a683447d911f3,random_stratified,0,5475027,2,2,23,600,600,14.6484375,19.53125,25,25,1,23,20,5475034.3043478262,0,0.13953488372093023,0.13953488372093023,0.27906976744186052,True,correct,correct;high_confidence,DECISION-TIME
7f2b19ee20902e22d5368073,random_stratified,0,5475757,1,1,1,600,600,29.296875,29.296875,100,100,1,1,1,5475793,0,0.20978120978120979,0.20978120978120979,0.41956241956241958,True,correct,correct;high_confidence,DECISION-TIME
a2fb3be7cafacd2bbc3647c0,random_stratified,0,5477036,3,3,3,466.66666666666669,600,11.598958333333334,29.296875,25,25,1,3,3,5477040.666666667,0,0.073170731707317069,0.073170731707317069,0.14634146341463417,True,correct,correct;high_confidence,DECISION-TIME
c5d99eed75feaee99658ffea,random_stratified,0,5480894,2,2,4,600,600,29.296875,29.296875,50,50,1,4,2,5480899,0,0.20978120978120979,0.20978120978120979,0.41956241956241958,True,correct,correct;high_confidence,DECISION-TIME
0d112c29575276d828cb3ee9,random_stratified,1,5484229,1,1,1,600,600,29.296875,29.296875,100,100,1,1,1,5484241,0,0.20978120978120979,0.20978120978120979,0.41956241956241958,False,high_confidence_error,false_negative;high_confidence,DECISION-TIME
11c70e078ffcca6946f719d4,random_stratified,0,5484502,1,1,1,600,600,29.296875,29.296875,50,50,1,1,1,5484512,0,0.20978120978120979,0.20978120978120979,0.41956241956241958,True,correct,correct;high_confidence,DECISION-TIME
839b188218f6bfd05e0a8a06,random_stratified,1,5484639,1,1,16,1800,1800,97.65625,97.65625,100,100,1,16,15,5484643,1,0.84768211920529801,0.84768211920529801,0.30463576158940397,True,correct,correct;high_confidence,DECISION-TIME
1be584f8f391d10ef89b3f9b,random_stratified,0,5487155,2,2,4,600,600,29.296875,29.296875,50,50,1,4,2,5487160.25,0,0.20978120978120979,0.20978120978120979,0.41956241956241958,True,correct,correct;high_confidence,DECISION-TIME
fcce9b3cb8a3395b612f58c5,random_stratified,0,5493855,1,1,1,100,100,29.296875,29.296875,100,100,1,1,1,5493860,0,0.20978120978120979,0.20978120978120979,0.41956241956241958,True,correct,correct;high_confidence,DECISION-TIME
3cbf1ad2b3f4ab2258c15db8,random_stratified,0,5500428,1,1,24,1800,1800,58.59375,58.59375,100,100,1,24,21,5500437.583333333,0,0.20978120978120979,0.20978120978120979,0.41956241956241958,True,correct,correct;high_confidence,DECISION-TIME
892e0f1092d440ae0f8e6c0d,random_stratified,0,5502024,1,1,1,100,100,29.296875,29.296875,25,25,1,1,1,5502034,1,0.71463487623213606,0.71463487623213606,0.57073024753572787,False,low_confidence_error,false_positive;low_confidence,DECISION-TIME
b17fadb6afebcad2a76fb3fb,random_stratified,0,5502324,1,1,1,100,100,29.296875,29.296875,25,25,1,1,1,5502334,1,0.71509991140013907,0.71509991140013907,0.56980017719972187,False,low_confidence_error,false_positive;low_confidence,DECISION-TIME
db8e6beec518e3a62a983504,random_stratified,0,5503743,1,1,1,600,600,29.296875,29.296875,100,100,1,1,1,5503750,0,0.20978120978120979,0.20978120978120979,0.41956241956241958,True,correct,correct;high_confidence,DECISION-TIME
301ca9ddad905eb26c823a37,random_stratified,0,5511674,2,2,35,600,600,34.1796875,39.0625,20,20,1,37,23,5512229.6571428571,0,0.20978120978120979,0.20978120978120979,0.41956241956241958,True,correct,correct;high_confidence,DECISION-TIME
6657ec4498f53f3f9899a119,random_stratified,0,5518480,1,1,1,600,600,29.296875,29.296875,25,25,1,1,1,5518483,0,0.20978120978120979,0.20978120978120979,0.41956241956241958,True,correct,correct;high_confidence,DECISION-TIME
2d6a4f7b7bf4332de2561ddc,random_stratified,0,5521973,1,1,1,600,600,29.296875,29.296875,25,25,1,1,1,5521978,0,0.20978120978120979,0.20978120978120979,0.41956241956241958,True,correct,correct;high_confidence,DECISION-TIME
b2f2f4a451a6ba318f9380e9,random_stratified,0,5541205,2,2,11,600,600,29.296875,29.296875,25,25,1,11,11,5541211.4545454541,0,0.20978120978120979,0.20978120978120979,0.41956241956241958,True,correct,correct;high_confidence,DECISION-TIME
95654571c1009adf870364e4,random_stratified,0,5545621,1,1,1,600,600,29.296875,29.296875,100,100,1,1,1,5545631,0,0.20978120978120979,0.20978120978120979,0.41956241956241958,True,correct,correct;high_confidence,DECISION-TIME
256db3b3f7f66f06f807fef2,random_stratified,1,5548558,1,1,1,600,600,29.296875,29.296875,100,100,1,1,1,5548607,0,0.20978120978120979,0.20978120978120979,0.41956241956241958,False,high_confidence_error,false_negative;high_confidence,DECISION-TIME
4f5866ac58506d9a8c19cebf,random_stratified,1,5548764,1,1,8,400,400,5.859375,5.859375,100,100,1,8,5,5548767,0,0.13953488372093023,0.13953488372093023,0.27906976744186052,False,high_confidence_error,false_negative;high_confidence,DECISION-TIME
c7bef8fb16d193f060fb909c,random_stratified,1,5553038,2,2,28,1350,2400,29.296875,39.0625,25,25,1,31,20,5554173.75,0,0.073170731707317069,0.073170731707317069,0.14634146341463417,False,high_confidence_error,false_negative;high_confidence,DECISION-TIME
a99e8d42d899bd951d6f2fc9,random_stratified,1,5559271,1,1,1,600,600,29.296875,29.296875,100,100,1,1,1,5559368,0,0.20978120978120979,0.20978120978120979,0.41956241956241958,False,high_confidence_error,false_negative;high_confidence,DECISION-TIME
37a80f87b59955e0ad7ec608,random_stratified,1,5561380,2,2,11,600,600,29.296875,29.296875,100,100,1,79,60,5561548.493150685,1,0.84768211920529801,0.84768211920529801,0.30463576158940397,True,correct,correct;high_confidence,DECISION-TIME
41530c96d049e42fcc47ab2b,random_stratified,0,5568525,1,1,1,600,600,29.296875,29.296875,100,100,1,1,1,5568539,0,0.20978120978120979,0.20978120978120979,0.41956241956241958,True,correct,correct;high_confidence,DECISION-TIME
00b022b6b524f270a415aa54,random_stratified,0,5572471,1,1,1,600,600,29.296875,29.296875,25,25,1,1,1,5572478,0,0.20978120978120979,0.20978120978120979,0.41956241956241958,True,correct,correct;high_confidence,DECISION-TIME
87b0759d9c9ffccb30f25dd4,random_stratified,0,5574923,1,1,1,100,100,29.296875,29.296875,100,100,1,1,1,5574928,0,0.20978120978120979,0.20978120978120979,0.41956241956241958,True,correct,correct;high_confidence,DECISION-TIME
9f4fd49db7fd55dc6745c3b6,random_stratified,0,5579356,2,2,6,700,800,16.6015625,29.296875,50,50,1,6,2,5579363,0,0.13953488372093023,0.13953488372093023,0.27906976744186052,True,correct,correct;high_confidence,DECISION-TIME
48863db516a443091bf1b612,random_stratified,0,5587743,1,1,1,600,600,29.296875,29.296875,10,10,1,1,1,5587753,0,0.20978120978120979,0.20978120978120979,0.41956241956241958,True,correct,correct;high_confidence,DECISION-TIME
da4ba63c53572bb608ab6ce1,random_stratified,1,5589583,1,1,1,100,100,29.296875,29.296875,25,25,1,1,1,5589594,1,0.84768211920529801,0.84768211920529801,0.30463576158940397,True,correct,correct;high_confidence,DECISION-TIME
53c3d09b4bb30380bdd209b7,random_stratified,1,5591134,1,1,1,100,100,29.296875,29.296875,25,25,1,1,1,5591142,1,0.84768211920529801,0.84768211920529801,0.30463576158940397,True,correct,correct;high_confidence,DECISION-TIME
e91f050c2d0da681ceb389ac,random_stratified,1,5591337,1,1,1,100,100,29.296875,29.296875,25,25,1,1,1,5591343,1,0.84768211920529801,0.84768211920529801,0.30463576158940397,True,correct,correct;high_confidence,DECISION-TIME
7d536a624223cbfea6cc8c67,random_stratified,1,5591610,1,1,1,100,100,29.296875,29.296875,25,25,1,1,1,5591614,1,0.84768211920529801,0.84768211920529801,0.30463576158940397,True,correct,correct;high_confidence,DECISION-TIME
2ab4ea248f0a6cc5e6761ea9,random_stratified,1,5591699,1,1,1,100,100,29.296875,29.296875,25,25,1,1,1,5591705,1,0.84768211920529801,0.84768211920529801,0.30463576158940397,True,correct,correct;high_confidence,DECISION-TIME
35bb0943627486c65325522a,random_stratified,0,5591921,2,2,58,350,600,2.25,2.5,25,25,1,58,21,5591928,0,0.13953488372093023,0.13953488372093023,0.27906976744186052,True,correct,correct;high_confidence,DECISION-TIME
503fb9ce5704fec068acc3fc,random_stratified,1,5592302,1,1,1,100,100,29.296875,29.296875,25,25,1,1,1,5592307,1,0.84768211920529801,0.84768211920529801,0.30463576158940397,True,correct,correct;high_confidence,DECISION-TIME
603b3b6317e3f16cd985f089,random_stratified,1,5592322,1,1,1,100,100,29.296875,29.296875,25,25,1,1,1,5592327,1,0.84768211920529801,0.84768211920529801,0.30463576158940397,True,correct,correct;high_confidence,DECISION-TIME
354d1b455e937792bf65fb64,random_stratified,1,5592793,1,1,1,100,100,29.296875,29.296875,25,25,1,1,1,5592798,1,0.84768211920529801,0.84768211920529801,0.30463576158940397,True,correct,correct;high_confidence,DECISION-TIME
c00e026a29ad961cd81caac0,random_stratified,1,5593190,1,1,1,100,100,29.296875,29.296875,25,25,1,1,1,5593201,1,0.84768211920529801,0.84768211920529801,0.30463576158940397,True,correct,correct;high_confidence,DECISION-TIME
0c9250f78273c79a7ab35233,random_stratified,1,5593249,1,1,1,100,100,29.296875,29.296875,25,25,1,1,1,5593260,1,0.84768211920529801,0.84768211920529801,0.30463576158940397,True,correct,correct;high_confidence,DECISION-TIME
9e69c82957f885e3b38f07a4,random_stratified,0,5593764,1,1,1,600,600,29.296875,29.296875,10,10,1,1,1,5593773,0,0.20978120978120979,0.20978120978120979,0.41956241956241958,True,correct,correct;high_confidence,DECISION-TIME
d7f46511988120e007e28c4a,random_stratified,1,5594290,1,1,1,100,100,29.296875,29.296875,25,25,1,1,1,5594295,1,0.84768211920529801,0.84768211920529801,0.30463576158940397,True,correct,correct;high_confidence,DECISION-TIME
a500d7fd2890b587a91923a2,random_stratified,0,5596087,1,1,1,600,600,29.296875,29.296875,10,10,1,1,1,5596134,0,0.20978120978120979,0.20978120978120979,0.41956241956241958,True,correct,correct;high_confidence,DECISION-TIME
4eae254d50e1935d498ef848,random_stratified,0,5596454,1,1,1,1800,1800,58.59375,58.59375,100,100,1,1,1,5596465,0,0.20978120978120979,0.20978120978120979,0.41956241956241958,True,correct,correct;high_confidence,DECISION-TIME
5cd2dfb3d02569aa7ca199ca,random_stratified,1,5597938,1,1,1,100,100,29.296875,29.296875,25,25,1,1,1,5597953,1,0.84768211920529801,0.84768211920529801,0.30463576158940397,True,correct,correct;high_confidence,DECISION-TIME
f47c066dc8e25e490e3ac217,random_stratified,1,5597964,1,1,1,100,100,29.296875,29.296875,25,25,1,1,1,5597972,1,0.84768211920529801,0.84768211920529801,0.30463576158940397,True,correct,correct;high_confidence,DECISION-TIME
52b9d9bd99b5d5d2811694d0,random_stratified,1,5598050,1,1,1,100,100,29.296875,29.296875,25,25,1,1,1,5598062,1,0.84768211920529801,0.84768211920529801,0.30463576158940397,True,correct,correct;high_confidence,DECISION-TIME
7e86d8c6a504e83b088c7e84,random_stratified,1,5598259,1,1,1,100,100,29.296875,29.296875,25,25,1,1,1,5598264,1,0.84768211920529801,0.84768211920529801,0.30463576158940397,True,correct,correct;high_confidence,DECISION-TIME
7de14c2154d8c7a2b22792cc,random_stratified,1,5598393,1,1,1,100,100,29.296875,29.296875,25,25,1,1,1,5598405,1,0.84768211920529801,0.84768211920529801,0.30463576158940397,True,correct,correct;high_confidence,DECISION-TIME
2c26b7522ce66597ddb2f0b0,random_stratified,1,5599550,1,1,1,100,100,29.296875,29.296875,25,25,1,1,1,5599558,1,0.84768211920529801,0.84768211920529801,0.30463576158940397,True,correct,correct;high_confidence,DECISION-TIME
8c8ecf505b3b0d0e45367d6a,random_stratified,1,5599632,1,1,1,100,100,29.296875,29.296875,25,25,1,1,1,5599637,1,0.84768211920529801,0.84768211920529801,0.30463576158940397,True,correct,correct;high_confidence,DECISION-TIME
f1ee839853048e1f61fc83bb,random_stratified,1,5599742,1,1,1,100,100,29.296875,29.296875,25,25,1,1,1,5599748,1,0.84768211920529801,0.84768211920529801,0.30463576158940397,True,correct,correct;high_confidence,DECISION-TIME
c64a55cf145a01aa9de9f7db,random_stratified,1,5599973,1,1,1,100,100,29.296875,29.296875,25,25,1,1,1,5599979,1,0.84768211920529801,0.84768211920529801,0.30463576158940397,True,correct,correct;high_confidence,DECISION-TIME
2f7125440a46f2082652a3fb,random_stratified,1,5601339,1,1,1,100,100,29.296875,29.296875,25,25,1,1,1,5601343,1,0.84768211920529801,0.84768211920529801,0.30463576158940397,True,correct,correct;high_confidence,DECISION-TIME
ff70f9b569cd6cdd7f13b7bb,random_stratified,0,5601683,1,1,10,600,600,29.296875,29.296875,100,100,1,10,9,5601695.7000000002,0,0.20978120978120979,0.20978120978120979,0.41956241956241958,True,correct,correct;high_confidence,DECISION-TIME
0a415f385786d13e97c42cc6,random_stratified,1,5601779,1,1,1,100,100,29.296875,29.296875,25,25,1,1,1,5601785,1,0.84768211920529801,0.84768211920529801,0.30463576158940397,True,correct,correct;high_confidence,DECISION-TIME
6bad1d895978f64a007649c9,random_stratified,0,5601837,1,1,1,600,600,29.296875,29.296875,25,25,1,1,1,5601845,0,0.20978120978120979,0.20978120978120979,0.41956241956241958,True,correct,correct;high_confidence,DECISION-TIME
71182b1543640222ff813dbb,random_stratified,1,5603184,1,1,1,100,100,29.296875,29.296875,25,25,1,1,1,5603190,1,0.84768211920529801,0.84768211920529801,0.30463576158940397,True,correct,correct;high_confidence,DECISION-TIME
541118fc83ac6fc24c0473df,random_stratified,1,5604604,1,1,1,100,100,29.296875,29.296875,25,25,1,1,1,5604615,1,0.84768211920529801,0.84768211920529801,0.30463576158940397,True,correct,correct;high_confidence,DECISION-TIME
3c002e55cd198713e4cfc90f,random_stratified,1,5604772,1,1,1,100,100,29.296875,29.296875,25,25,1,1,1,5604776,1,0.84768211920529801,0.84768211920529801,0.30463576158940397,True,correct,correct;high_confidence,DECISION-TIME
7509cea4d0df72d90436e722,random_stratified,1,5604870,1,1,1,100,100,29.296875,29.296875,25,25,1,1,1,5604876,1,0.84768211920529801,0.84768211920529801,0.30463576158940397,True,correct,correct;high_confidence,DECISION-TIME
b578d9a4c3b906491d09ec1b,random_stratified,1,5606386,1,1,1,100,100,29.296875,29.296875,25,25,1,1,1,5606394,1,0.84768211920529801,0.84768211920529801,0.30463576158940397,True,correct,correct;high_confidence,DECISION-TIME
3ae30514d9d23db06536e5f6,random_stratified,1,5606773,1,1,1,100,100,29.296875,29.296875,25,25,1,1,1,5606785,1,0.84768211920529801,0.84768211920529801,0.30463576158940397,True,correct,correct;high_confidence,DECISION-TIME
6bfccb477ecd15ee1f753ba5,random_stratified,1,5606799,1,1,1,100,100,29.296875,29.296875,25,25,1,1,1,5606804,1,0.84768211920529801,0.84768211920529801,0.30463576158940397,True,correct,correct;high_confidence,DECISION-TIME
0d7a40f454847187d7f61a75,random_stratified,1,5607239,1,1,1,100,100,29.296875,29.296875,25,25,1,1,1,5607247,1,0.84768211920529801,0.84768211920529801,0.30463576158940397,True,correct,correct;high_confidence,DECISION-TIME
353fa70c0d97e73820876d21,random_stratified,1,5608241,1,1,1,100,100,29.296875,29.296875,25,25,1,1,1,5608251,1,0.84768211920529801,0.84768211920529801,0.30463576158940397,True,correct,correct;high_confidence,DECISION-TIME
6ead8bdf113ba00d891020cb,random_stratified,1,5608393,1,1,1,100,100,29.296875,29.296875,25,25,1,1,1,5608401,1,0.84768211920529801,0.84768211920529801,0.30463576158940397,True,correct,correct;high_confidence,DECISION-TIME
22e0f027e82189f11087b50d,random_stratified,1,5609529,1,1,1,100,100,29.296875,29.296875,25,25,1,1,1,5609535,1,0.84768211920529801,0.84768211920529801,0.30463576158940397,True,correct,correct;high_confidence,DECISION-TIME
b5c5d4f233585fbdebcfb866,random_stratified,0,5610878,1,1,20,200,200,24.4140625,24.4140625,100,100,1,20,18,5610899.9500000002,0,0.20978120978120979,0.20978120978120979,0.41956241956241958,True,correct,correct;high_confidence,DECISION-TIME
2f867f6dde26bf0da73aa9ee,random_stratified,0,5611085,2,2,9,600,600,29.296875,29.296875,25,25,1,9,8,5611099,0,0.20978120978120979,0.20978120978120979,0.41956241956241958,True,correct,correct;high_confidence,DECISION-TIME
6a839ebda46af3019fe60ebe,random_stratified,0,5611304,1,1,1,600,600,29.296875,29.296875,100,100,1,1,1,5611308,0,0.20978120978120979,0.20978120978120979,0.41956241956241958,True,correct,correct;high_confidence,DECISION-TIME
b212db76ff117c47ef310157,random_stratified,1,5613679,1,1,1,100,100,29.296875,29.296875,25,25,1,1,1,5613688,1,0.84768211920529801,0.84768211920529801,0.30463576158940397,True,correct,correct;high_confidence,DECISION-TIME
cd8b51af500abefec3699a2f,random_stratified,0,5614838,1,1,1,600,600,29.296875,29.296875,10,10,1,1,1,5614875,0,0.20978120978120979,0.20978120978120979,0.41956241956241958,True,correct,correct;high_confidence,DECISION-TIME
bfc2b75a8df28b6d218da3f1,random_stratified,0,5614877,1,1,1,600,600,29.296875,29.296875,10,10,1,1,1,5614915,0,0.20978120978120979,0.20978120978120979,0.41956241956241958,True,correct,correct;high_confidence,DECISION-TIME
ad771bb83543873236af84a8,random_stratified,0,5614884,1,1,1,600,600,29.296875,29.296875,10,10,1,1,1,5614894,0,0.20978120978120979,0.20978120978120979,0.41956241956241958,True,correct,correct;high_confidence,DECISION-TIME
b15abf91b01aca596c5ef935,random_stratified,1,5615849,1,1,1,100,100,29.296875,29.296875,25,25,1,1,1,5615858,1,0.84768211920529801,0.84768211920529801,0.30463576158940397,True,correct,correct;high_confidence,DECISION-TIME
3a755d46483ac7b4784ea02c,random_stratified,0,5615928,1,1,1,600,600,29.296875,29.296875,50,50,1,1,1,5615938,0,0.20978120978120979,0.20978120978120979,0.41956241956241958,True,correct,correct;high_confidence,DECISION-TIME
d9b9ad078e1c8468f51e9917,random_stratified,1,5616385,1,1,1,100,100,29.296875,29.296875,25,25,1,1,1,5616392,1,0.84768211920529801,0.84768211920529801,0.30463576158940397,True,correct,correct;high_confidence,DECISION-TIME
189d876236e5f97a7d48f6a9,random_stratified,1,5617205,1,1,1,100,100,29.296875,29.296875,25,25,1,1,1,5617211,1,0.84768211920529801,0.84768211920529801,0.30463576158940397,True,correct,correct;high_confidence,DECISION-TIME
12bd40d087d77ad134d17572,random_stratified,1,5621208,1,1,1,100,100,29.296875,29.296875,25,25,1,1,1,5621218,1,0.84768211920529801,0.84768211920529801,0.30463576158940397,True,correct,correct;high_confidence,DECISION-TIME
a8e12e7f7b4f5628dff4bd83,random_stratified,1,5624803,1,1,1,100,100,29.296875,29.296875,25,25,1,1,1,5624807,1,0.84768211920529801,0.84768211920529801,0.30463576158940397,True,correct,correct;high_confidence,DECISION-TIME
8a2c174e1237a66d4b86f871,random_stratified,1,5625285,1,1,1,100,100,29.296875,29.296875,25,25,1,1,1,5625288,1,0.84768211920529801,0.84768211920529801,0.30463576158940397,True,correct,correct;high_confidence,DECISION-TIME
6b9126f66b412cb4a8a14ee1,random_stratified,1,5625446,1,1,1,100,100,29.296875,29.296875,25,25,1,1,1,5625449,1,0.84768211920529801,0.84768211920529801,0.30463576158940397,True,correct,correct;high_confidence,DECISION-TIME
a03ee512ee81f795bd2aedea,random_stratified,1,5626403,1,1,1,100,100,29.296875,29.296875,25,25,1,1,1,5626416,1,0.84768211920529801,0.84768211920529801,0.30463576158940397,True,correct,correct;high_confidence,DECISION-TIME
1936577c6cd71eb70827f6c7,random_stratified,1,5629400,1,1,1,100,100,29.296875,29.296875,25,25,1,1,1,5629408,1,0.84768211920529801,0.84768211920529801,0.30463576158940397,True,correct,correct;high_confidence,DECISION-TIME
bfc148f8f685f90370b5e407,random_stratified,1,5630072,1,1,1,100,100,29.296875,29.296875,25,25,1,1,1,5630076,1,0.84768211920529801,0.84768211920529801,0.30463576158940397,True,correct,correct;high_confidence,DECISION-TIME
52f22aa0feeea8aa0e432b3e,random_stratified,1,5630325,1,1,1,100,100,29.296875,29.296875,25,25,1,1,1,5630332,1,0.84768211920529801,0.84768211920529801,0.30463576158940397,True,correct,correct;high_confidence,DECISION-TIME
bf949f2aeeae58d7a36f1545,random_stratified,1,5631084,1,1,1,100,100,29.296875,29.296875,25,25,1,1,1,5631093,1,0.84768211920529801,0.84768211920529801,0.30463576158940397,True,correct,correct;high_confidence,DECISION-TIME
c2ea309f19ca52b5653b8470,random_stratified,0,5633241,1,1,1,600,600,29.296875,29.296875,100,100,1,1,1,5633386,0,0.20978120978120979,0.20978120978120979,0.41956241956241958,True,correct,correct;high_confidence,DECISION-TIME
3f3ff99a4dc3f4ad6975ad9e,random_stratified,0,5633249,1,1,1,800,800,29.296875,29.296875,50,50,1,1,1,5633255,0,0.20978120978120979,0.20978120978120979,0.41956241956241958,True,correct,correct;high_confidence,DECISION-TIME
fde41d24d50500bc4fab43b2,random_stratified,0,5639688,2,2,3,600,600,29.296875,29.296875,100,100,1,3,2,5639693,0,0.15021459227467809,0.15021459227467809,0.30042918454935619,True,correct,correct;high_confidence,DECISION-TIME
f4196adddd4693ffeb12a523,random_stratified,1,5642050,1,1,1,100,100,29.296875,29.296875,25,25,1,1,1,5642057,1,0.84768211920529801,0.84768211920529801,0.30463576158940397,True,correct,correct;high_confidence,DECISION-TIME
1baacb7e5a0cf5b27f65b3ba,random_stratified,0,5642249,1,1,1,800,800,29.296875,29.296875,50,50,1,1,1,5642261,0,0.20978120978120979,0.20978120978120979,0.41956241956241958,True,correct,correct;high_confidence,DECISION-TIME
d47ee77050a50783f98ec931,random_stratified,1,5645549,1,1,1,100,100,29.296875,29.296875,25,25,1,1,1,5645553,1,0.84768211920529801,0.84768211920529801,0.30463576158940397,True,correct,correct;high_confidence,DECISION-TIME
58c005a35a77d9db02f588a2,random_stratified,0,5666709,1,1,1,600,600,29.296875,29.296875,25,25,1,1,1,5666718,0,0.20978120978120979,0.20978120978120979,0.41956241956241958,True,correct,correct;high_confidence,DECISION-TIME
4b52cc8265b9b527ff456892,random_stratified,0,5668729,1,1,1,600,600,29.296875,29.296875,5,5,1,1,1,5668734,0,0.20978120978120979,0.20978120978120979,0.41956241956241958,True,correct,correct;high_confidence,DECISION-TIME
1d58f7e0322c9636ec9c3d25,random_stratified,0,5668731,1,1,1,600,600,29.296875,29.296875,5,5,1,1,1,5668743,0,0.20978120978120979,0.20978120978120979,0.41956241956241958,True,correct,correct;high_confidence,DECISION-TIME
c7ceab7748d99d8a34fa3e72,random_stratified,0,5669909,1,1,1,600,600,29.296875,29.296875,100,100,1,1,1,5669912,0,0.20978120978120979,0.20978120978120979,0.41956241956241958,True,correct,correct;high_confidence,DECISION-TIME
a7b8696fd11e17307f25e6eb,random_stratified,0,5670508,1,1,1,600,600,29.296875,29.296875,100,100,1,1,1,5670511,0,0.20978120978120979,0.20978120978120979,0.41956241956241958,True,correct,correct;high_confidence,DECISION-TIME
0c259f2300044a2491a247aa,random_stratified,0,5670803,1,1,1,600,600,29.296875,29.296875,100,100,1,1,1,5670811,0,0.20978120978120979,0.20978120978120979,0.41956241956241958,True,correct,correct;high_confidence,DECISION-TIME
c9c62696552fdea53dd10bc4,random_stratified,0,5674686,1,1,1,800,800,31.26953125,31.26953125,,,0,1,1,5674689,0,0.15021459227467809,0.15021459227467809,0.30042918454935619,True,correct,correct;high_confidence;feature_missingness,DECISION-TIME
a79cac6545825e498de0baf8,random_stratified,1,5675022,1,1,1,100,100,29.296875,29.296875,25,25,1,1,1,5675026,1,0.84768211920529801,0.84768211920529801,0.30463576158940397,True,correct,correct;high_confidence,DECISION-TIME
9bcc8cb71eac4812a4417de9,random_stratified,1,5676941,1,1,1,100,100,29.296875,29.296875,25,25,1,1,1,5676947,1,0.84768211920529801,0.84768211920529801,0.30463576158940397,True,correct,correct;high_confidence,DECISION-TIME
be9635bdbaab562f69018ba1,random_stratified,1,5677303,1,1,1,100,100,29.296875,29.296875,25,25,1,1,1,5677309,1,0.84768211920529801,0.84768211920529801,0.30463576158940397,True,correct,correct;high_confidence,DECISION-TIME
fd66a38bcf4d558408ab28f7,random_stratified,1,5677693,1,1,1,100,100,29.296875,29.296875,25,25,1,1,1,5677703,1,0.84768211920529801,0.84768211920529801,0.30463576158940397,True,correct,correct;high_confidence,DECISION-TIME
a3ff94f05ee97d2ed1136ec6,random_stratified,1,5677879,1,1,1,100,100,29.296875,29.296875,25,25,1,1,1,5677883,1,0.84768211920529801,0.84768211920529801,0.30463576158940397,True,correct,correct;high_confidence,DECISION-TIME
edb2069b400557a534a6c3b4,random_stratified,1,5677986,1,1,1,100,100,29.296875,29.296875,25,25,1,1,1,5677994,1,0.84768211920529801,0.84768211920529801,0.30463576158940397,True,correct,correct;high_confidence,DECISION-TIME
5eb247fb4bdf8174909299df,random_stratified,1,5678172,1,1,1,100,100,29.296875,29.296875,25,25,1,1,1,5678185,1,0.84768211920529801,0.84768211920529801,0.30463576158940397,True,correct,correct;high_confidence,DECISION-TIME
4a1a8635f4155accbc0b69bb,random_stratified,1,5678367,1,1,1,100,100,29.296875,29.296875,25,25,1,1,1,5678376,1,0.84768211920529801,0.84768211920529801,0.30463576158940397,True,correct,correct;high_confidence,DECISION-TIME
a3045caaf113ae3d15605dce,random_stratified,1,5678711,1,1,1,100,100,29.296875,29.296875,25,25,1,1,1,5678718,1,0.84768211920529801,0.84768211920529801,0.30463576158940397,True,correct,correct;high_confidence,DECISION-TIME
458cfa302deaa7c237f0ee12,random_stratified,1,5678887,1,1,1,100,100,29.296875,29.296875,25,25,1,1,1,5678899,1,0.84768211920529801,0.84768211920529801,0.30463576158940397,True,correct,correct;high_confidence,DECISION-TIME
6adf970f6cd3d3a27b5f03d0,random_stratified,1,5678950,1,1,1,100,100,29.296875,29.296875,25,25,1,1,1,5678960,1,0.84768211920529801,0.84768211920529801,0.30463576158940397,True,correct,correct;high_confidence,DECISION-TIME
f3fde0f71f626b846d4daa29,random_stratified,1,5679141,1,1,1,100,100,29.296875,29.296875,25,25,1,1,1,5679150,1,0.84768211920529801,0.84768211920529801,0.30463576158940397,True,correct,correct;high_confidence,DECISION-TIME
ec2776d9619fd23383214a15,random_stratified,1,5679225,1,1,1,100,100,29.296875,29.296875,25,25,1,1,1,5679232,1,0.84768211920529801,0.84768211920529801,0.30463576158940397,True,correct,correct;high_confidence,DECISION-TIME
4d0b5949b843d23336784f37,random_stratified,1,5679320,1,1,1,100,100,29.296875,29.296875,25,25,1,1,1,5679331,1,0.84768211920529801,0.84768211920529801,0.30463576158940397,True,correct,correct;high_confidence,DECISION-TIME
48b7ed11b442b7ba2a100aa3,random_stratified,1,5679357,1,1,1,100,100,29.296875,29.296875,25,25,1,1,1,5679361,1,0.84768211920529801,0.84768211920529801,0.30463576158940397,True,correct,correct;high_confidence,DECISION-TIME
b58673c4b1f6a4323ab0ea90,random_stratified,1,5679678,1,1,1,100,100,29.296875,29.296875,25,25,1,1,1,5679683,1,0.84768211920529801,0.84768211920529801,0.30463576158940397,True,correct,correct;high_confidence,DECISION-TIME
1d6b560a1bd67204911efc9a,random_stratified,1,5679743,1,1,1,100,100,29.296875,29.296875,25,25,1,1,1,5679754,1,0.84768211920529801,0.84768211920529801,0.30463576158940397,True,correct,correct;high_confidence,DECISION-TIME
83c0add9422cc0983d139b73,random_stratified,1,5680027,1,1,1,100,100,29.296875,29.296875,25,25,1,1,1,5680036,1,0.84768211920529801,0.84768211920529801,0.30463576158940397,True,correct,correct;high_confidence,DECISION-TIME
e245c835cd3af461da99bc57,random_stratified,0,5680044,1,1,1,600,600,29.296875,29.296875,10,10,1,1,1,5680056,0,0.20978120978120979,0.20978120978120979,0.41956241956241958,True,correct,correct;high_confidence,DECISION-TIME
6286515d8f618050b7bb23b1,random_stratified,1,5680670,1,1,1,100,100,29.296875,29.296875,25,25,1,1,1,5680682,1,0.84768211920529801,0.84768211920529801,0.30463576158940397,True,correct,correct;high_confidence,DECISION-TIME
09bb81b60ba6584cd7877e40,random_stratified,1,5680907,1,1,1,100,100,29.296875,29.296875,25,25,1,1,1,5680914,1,0.84768211920529801,0.84768211920529801,0.30463576158940397,True,correct,correct;high_confidence,DECISION-TIME
9443630b06c5509252a2dbc6,random_stratified,1,5681107,1,1,1,100,100,29.296875,29.296875,25,25,1,1,1,5681116,1,0.84768211920529801,0.84768211920529801,0.30463576158940397,True,correct,correct;high_confidence,DECISION-TIME
3ac6849a38837571f667a9db,random_stratified,1,5681245,1,1,1,100,100,29.296875,29.296875,25,25,1,1,1,5681255,1,0.84768211920529801,0.84768211920529801,0.30463576158940397,True,correct,correct;high_confidence,DECISION-TIME
bef2d07c4e3d59bf2e5487ef,random_stratified,1,5681283,1,1,1,100,100,29.296875,29.296875,25,25,1,1,1,5681296,1,0.84768211920529801,0.84768211920529801,0.30463576158940397,True,correct,correct;high_confidence,DECISION-TIME
a640e898f240004820fd44d2,random_stratified,1,5681826,1,1,1,100,100,29.296875,29.296875,25,25,1,1,1,5681839,1,0.84768211920529801,0.84768211920529801,0.30463576158940397,True,correct,correct;high_confidence,DECISION-TIME
38e8ee86e4f55b201fbaa3f2,random_stratified,1,5682128,1,1,1,100,100,29.296875,29.296875,25,25,1,1,1,5682143,1,0.84768211920529801,0.84768211920529801,0.30463576158940397,True,correct,correct;high_confidence,DECISION-TIME
2d77db24fc86f63a91301085,random_stratified,1,5682492,1,1,1,100,100,29.296875,29.296875,25,25,1,1,1,5682503,1,0.84768211920529801,0.84768211920529801,0.30463576158940397,True,correct,correct;high_confidence,DECISION-TIME
8ea78ae040c4de3883c4841f,random_stratified,1,5683285,1,1,1,100,100,29.296875,29.296875,25,25,1,1,1,5683289,1,0.84768211920529801,0.84768211920529801,0.30463576158940397,True,correct,correct;high_confidence,DECISION-TIME
358d9306c50ca4c7078fb7cc,random_stratified,1,5683349,1,1,1,100,100,29.296875,29.296875,25,25,1,1,1,5683360,1,0.84768211920529801,0.84768211920529801,0.30463576158940397,True,correct,correct;high_confidence,DECISION-TIME
6e0d57fe5dfd5538497fd434,random_stratified,1,5683705,1,1,1,100,100,29.296875,29.296875,25,25,1,1,1,5683711,1,0.84768211920529801,0.84768211920529801,0.30463576158940397,True,correct,correct;high_confidence,DECISION-TIME
f63a22c735467f7c14ecc295,random_stratified,1,5684245,1,1,1,100,100,29.296875,29.296875,25,25,1,1,1,5684255,1,0.84768211920529801,0.84768211920529801,0.30463576158940397,True,correct,correct;high_confidence,DECISION-TIME
d7b2961c0be58f891829992e,random_stratified,1,5684352,1,1,1,100,100,29.296875,29.296875,25,25,1,1,1,5684356,1,0.84768211920529801,0.84768211920529801,0.30463576158940397,True,correct,correct;high_confidence,DECISION-TIME
07f298acf44ab2eaac6aaa33,random_stratified,1,5684612,1,1,1,100,100,29.296875,29.296875,25,25,1,1,1,5684618,1,0.84768211920529801,0.84768211920529801,0.30463576158940397,True,correct,correct;high_confidence,DECISION-TIME
bf664b17f7eac380c3fead6f,random_stratified,1,5685220,1,1,1,100,100,29.296875,29.296875,25,25,1,1,1,5685231,1,0.84768211920529801,0.84768211920529801,0.30463576158940397,True,correct,correct;high_confidence,DECISION-TIME
39dbc70e73b228ab26f6fa40,random_stratified,1,5685274,1,1,1,100,100,29.296875,29.296875,25,25,1,1,1,5685281,1,0.84768211920529801,0.84768211920529801,0.30463576158940397,True,correct,correct;high_confidence,DECISION-TIME
1d9f1d13d04435abf6f0f2c1,random_stratified,1,5685811,1,1,1,100,100,29.296875,29.296875,25,25,1,1,1,5685815,1,0.84768211920529801,0.84768211920529801,0.30463576158940397,True,correct,correct;high_confidence,DECISION-TIME
af20b67d4e240d0a4e2eaa92,random_stratified,1,5686146,1,1,1,100,100,29.296875,29.296875,25,25,1,1,1,5686157,1,0.84768211920529801,0.84768211920529801,0.30463576158940397,True,correct,correct;high_confidence,DECISION-TIME
f7d22f56f4b798d1b8de4215,random_stratified,1,5686647,1,1,1,100,100,29.296875,29.296875,25,25,1,1,1,5686651,1,0.84768211920529801,0.84768211920529801,0.30463576158940397,True,correct,correct;high_confidence,DECISION-TIME
822210fb21daeebb63e9224f,random_stratified,1,5687438,1,1,1,100,100,29.296875,29.296875,25,25,1,1,1,5687447,1,0.84768211920529801,0.84768211920529801,0.30463576158940397,True,correct,correct;high_confidence,DECISION-TIME
dc079099e4d3650b540bd23f,random_stratified,0,5687983,2,2,13,350,600,2,2,25,25,1,13,6,5688088.615384615,0,0.13953488372093023,0.13953488372093023,0.27906976744186052,True,correct,correct;high_confidence,DECISION-TIME
10a52139d894056e3643c95c,random_stratified,1,5688027,1,1,1,100,100,29.296875,29.296875,25,25,1,1,1,5688039,1,0.84768211920529801,0.84768211920529801,0.30463576158940397,True,correct,correct;high_confidence,DECISION-TIME
80f36ab1dde8d42ed09cabea,random_stratified,1,5688097,1,1,1,100,100,29.296875,29.296875,25,25,1,1,1,5688109,1,0.84768211920529801,0.84768211920529801,0.30463576158940397,True,correct,correct;high_confidence,DECISION-TIME
2fa77c5d918e08226312bfae,random_stratified,1,5688300,1,1,1,100,100,29.296875,29.296875,25,25,1,1,1,5688310,1,0.84768211920529801,0.84768211920529801,0.30463576158940397,True,correct,correct;high_confidence,DECISION-TIME
ee90ff30430a0b3fc216e81a,random_stratified,1,5688350,1,1,1,100,100,29.296875,29.296875,25,25,1,1,1,5688361,1,0.84768211920529801,0.84768211920529801,0.30463576158940397,True,correct,correct;high_confidence,DECISION-TIME
d5549118ceaeec3c1814d023,random_stratified,0,5688458,2,2,26,350,600,2,2,25,25,1,26,10,5691419.769230769,0,0.13953488372093023,0.13953488372093023,0.27906976744186052,True,correct,correct;high_confidence,DECISION-TIME
27050c44021bef0157898fff,random_stratified,1,5689366,1,1,1,100,100,29.296875,29.296875,25,25,1,1,1,5689375,1,0.84768211920529801,0.84768211920529801,0.30463576158940397,True,correct,correct;high_confidence,DECISION-TIME
f7f88db40e6b275f2290c52b,random_stratified,1,5689610,1,1,1,100,100,29.296875,29.296875,25,25,1,1,1,5689616,1,0.84768211920529801,0.84768211920529801,0.30463576158940397,True,correct,correct;high_confidence,DECISION-TIME
57f22addecf0caf29bfa9bee,random_stratified,1,5689657,1,1,1,100,100,29.296875,29.296875,25,25,1,1,1,5689667,1,0.84768211920529801,0.84768211920529801,0.30463576158940397,True,correct,correct;high_confidence,DECISION-TIME
73ef75295012393a7046737d,random_stratified,1,5690124,1,1,1,100,100,29.296875,29.296875,25,25,1,1,1,5690129,1,0.84768211920529801,0.84768211920529801,0.30463576158940397,True,correct,correct;high_confidence,DECISION-TIME
7117c3126a4bcabdf8817931,random_stratified,1,5690259,1,1,1,100,100,29.296875,29.296875,25,25,1,1,1,5690270,1,0.84768211920529801,0.84768211920529801,0.30463576158940397,True,correct,correct;high_confidence,DECISION-TIME
a64e7b84436c5dfc5676c6dc,random_stratified,1,5690285,1,1,1,100,100,29.296875,29.296875,25,25,1,1,1,5690290,1,0.84768211920529801,0.84768211920529801,0.30463576158940397,True,correct,correct;high_confidence,DECISION-TIME
66ef9646068a88b401d03aa1,random_stratified,1,5691169,1,1,1,100,100,29.296875,29.296875,25,25,1,1,1,5691174,1,0.84768211920529801,0.84768211920529801,0.30463576158940397,True,correct,correct;high_confidence,DECISION-TIME
44904052f085769d58f390dd,random_stratified,1,5691218,1,1,1,100,100,29.296875,29.296875,25,25,1,1,1,5691224,1,0.84768211920529801,0.84768211920529801,0.30463576158940397,True,correct,correct;high_confidence,DECISION-TIME
f05da60c64bb9a57be63985f,random_stratified,1,5691597,1,1,1,100,100,29.296875,29.296875,25,25,1,1,1,5691605,1,0.84768211920529801,0.84768211920529801,0.30463576158940397,True,correct,correct;high_confidence,DECISION-TIME
3f17f8c18c92ef607b68e831,random_stratified,1,5691633,1,1,1,100,100,29.296875,29.296875,25,25,1,1,1,5691645,1,0.84768211920529801,0.84768211920529801,0.30463576158940397,True,correct,correct;high_confidence,DECISION-TIME
b6c08abf29df20fd34f439c7,random_stratified,1,5692064,1,1,1,100,100,29.296875,29.296875,25,25,1,1,1,5692078,1,0.84768211920529801,0.84768211920529801,0.30463576158940397,True,correct,correct;high_confidence,DECISION-TIME
53a33abf5a46dc464dfefcab,random_stratified,1,5693009,1,1,1,100,100,29.296875,29.296875,25,25,1,1,1,5693012,1,0.84768211920529801,0.84768211920529801,0.30463576158940397,True,correct,correct;high_confidence,DECISION-TIME
231cd010151371088ab7ee68,random_stratified,1,5693022,1,1,1,100,100,29.296875,29.296875,25,25,1,1,1,5693032,1,0.84768211920529801,0.84768211920529801,0.30463576158940397,True,correct,correct;high_confidence,DECISION-TIME
786a9da0619cd2270d3aaf41,random_stratified,1,5696159,1,1,1,100,100,29.296875,29.296875,25,25,1,1,1,5696165,1,0.84768211920529801,0.84768211920529801,0.30463576158940397,True,correct,correct;high_confidence,DECISION-TIME
acf22a526b742543a38235ac,random_stratified,1,5696594,1,1,1,100,100,29.296875,29.296875,25,25,1,1,1,5696597,1,0.84768211920529801,0.84768211920529801,0.30463576158940397,True,correct,correct;high_confidence,DECISION-TIME
794f7d9da26b18d191b60a01,random_stratified,1,5697163,1,1,1,100,100,29.296875,29.296875,25,25,1,1,1,5697171,1,0.84768211920529801,0.84768211920529801,0.30463576158940397,True,correct,correct;high_confidence,DECISION-TIME
2327d793799d0b9db3a8fb98,random_stratified,1,5697218,1,1,1,100,100,29.296875,29.296875,25,25,1,1,1,5697230,1,0.84768211920529801,0.84768211920529801,0.30463576158940397,True,correct,correct;high_confidence,DECISION-TIME
1b6c550a8f8d6b3735d0bd15,random_stratified,0,5697421,1,1,1,20,20,29.296875,29.296875,5,5,1,1,1,5697432,1,0.84768211920529801,0.84768211920529801,0.30463576158940397,False,high_confidence_error,false_positive;high_confidence,DECISION-TIME
8801af54ceed7e8c5901a29b,random_stratified,1,5697980,1,1,1,100,100,29.296875,29.296875,25,25,1,1,1,5697983,1,0.84768211920529801,0.84768211920529801,0.30463576158940397,True,correct,correct;high_confidence,DECISION-TIME
22150874f7f05dd20130a706,random_stratified,0,5698037,1,1,1,600,600,29.296875,29.296875,10,10,1,1,1,5698045,0,0.20978120978120979,0.20978120978120979,0.41956241956241958,True,correct,correct;high_confidence,DECISION-TIME
8bee67f2681ce8b913f9083e,random_stratified,1,5698306,1,1,1,100,100,29.296875,29.296875,25,25,1,1,1,5698316,1,0.84768211920529801,0.84768211920529801,0.30463576158940397,True,correct,correct;high_confidence,DECISION-TIME
92cf99839094fc8245b225ef,random_stratified,1,5698569,1,1,1,100,100,29.296875,29.296875,25,25,1,1,1,5698578,1,0.84768211920529801,0.84768211920529801,0.30463576158940397,True,correct,correct;high_confidence,DECISION-TIME
23af44dc279c94ef20254175,random_stratified,1,5698788,1,1,1,100,100,29.296875,29.296875,25,25,1,1,1,5698800,1,0.84768211920529801,0.84768211920529801,0.30463576158940397,True,correct,correct;high_confidence,DECISION-TIME
50470eb46369827360aa642d,random_stratified,1,5699651,1,1,1,100,100,29.296875,29.296875,25,25,1,1,1,5699665,1,0.84768211920529801,0.84768211920529801,0.30463576158940397,True,correct,correct;high_confidence,DECISION-TIME
da773ed6ac8b963be310e04d,random_stratified,0,5699655,1,1,1,600,600,29.296875,29.296875,100,100,1,1,1,5699663,0,0.20978120978120979,0.20978120978120979,0.41956241956241958,True,correct,correct;high_confidence,DECISION-TIME
e439018b9568aa7328de706d,random_stratified,1,5699655,1,1,1,100,100,29.296875,29.296875,25,25,1,1,1,5699664,1,0.84768211920529801,0.84768211920529801,0.30463576158940397,True,correct,correct;high_confidence,DECISION-TIME
3abffb6fedcaf1470230746d,random_stratified,1,5699703,1,1,1,100,100,29.296875,29.296875,25,25,1,1,1,5699714,1,0.84768211920529801,0.84768211920529801,0.30463576158940397,True,correct,correct;high_confidence,DECISION-TIME
d75e9889e73e6ce49a32b1b5,random_stratified,1,5700306,1,1,1,100,100,29.296875,29.296875,25,25,1,1,1,5700316,1,0.84768211920529801,0.84768211920529801,0.30463576158940397,True,correct,correct;high_confidence,DECISION-TIME
e119b0168daee8d6fad675a9,random_stratified,0,5700851,1,1,1,600,600,29.296875,29.296875,100,100,1,1,1,5700855,0,0.20978120978120979,0.20978120978120979,0.41956241956241958,True,correct,correct;high_confidence,DECISION-TIME
323f851085611c48665282e7,random_stratified,1,5701252,1,1,1,100,100,29.296875,29.296875,25,25,1,1,1,5701261,1,0.84768211920529801,0.84768211920529801,0.30463576158940397,True,correct,correct;high_confidence,DECISION-TIME
28aef97262316eb2dfc3166c,random_stratified,1,5701458,1,1,1,100,100,29.296875,29.296875,25,25,1,1,1,5701461,1,0.84768211920529801,0.84768211920529801,0.30463576158940397,True,correct,correct;high_confidence,DECISION-TIME
3e3916f5eea12876e635970a,random_stratified,0,5701769,1,1,1,600,600,29.296875,29.296875,50,50,1,1,1,5701772,0,0.20978120978120979,0.20978120978120979,0.41956241956241958,True,correct,correct;high_confidence,DECISION-TIME
c101a7ede99a99fcacdb8400,random_stratified,0,5701854,1,1,1,600,600,29.296875,29.296875,50,50,1,1,1,5701857,0,0.20978120978120979,0.20978120978120979,0.41956241956241958,True,correct,correct;high_confidence,DECISION-TIME
79c3e55342711ff665313273,random_stratified,0,5702046,2,2,6,600,600,29.296875,29.296875,25,25,1,6,2,5702054.166666667,0,0.20978120978120979,0.20978120978120979,0.41956241956241958,True,correct,correct;high_confidence,DECISION-TIME
a692843862d27f21455255b5,random_stratified,1,5702374,1,1,1,100,100,29.296875,29.296875,25,25,1,1,1,5702385,1,0.84768211920529801,0.84768211920529801,0.30463576158940397,True,correct,correct;high_confidence,DECISION-TIME
f138afea72374597b88ffa1e,random_stratified,1,5702469,1,1,1,100,100,29.296875,29.296875,25,25,1,1,1,5702476,1,0.84768211920529801,0.84768211920529801,0.30463576158940397,True,correct,correct;high_confidence,DECISION-TIME
26f77699d04ed86537961d3c,random_stratified,1,5703481,1,1,1,100,100,29.296875,29.296875,25,25,1,1,1,5703491,1,0.84768211920529801,0.84768211920529801,0.30463576158940397,True,correct,correct;high_confidence,DECISION-TIME
c779a39d50c1ba2d374d5c77,random_stratified,1,5703957,1,1,1,100,100,29.296875,29.296875,25,25,1,1,1,5703962,1,0.84768211920529801,0.84768211920529801,0.30463576158940397,True,correct,correct;high_confidence,DECISION-TIME
3b1a806e64a51300a7de82c9,random_stratified,0,5704020,1,1,10,50,50,29.296875,29.296875,100,100,1,10,7,5704031,1,0.57057066600561634,0.57057066600561634,0.85885866798876731,False,low_confidence_error,false_positive;low_confidence,DECISION-TIME
06a7103f360bac65f44df608,random_stratified,1,5704170,1,1,1,100,100,29.296875,29.296875,25,25,1,1,1,5704183,1,0.84768211920529801,0.84768211920529801,0.30463576158940397,True,correct,correct;high_confidence,DECISION-TIME
a40dba016e0f2d2a4bce2492,random_stratified,0,5704227,2,2,15,700,800,34.1796875,39.0625,25,25,1,15,8,5704239.1333333338,0,0.20978120978120979,0.20978120978120979,0.41956241956241958,True,correct,correct;high_confidence,DECISION-TIME
74e5ea900c87b667748f1a73,random_stratified,1,5704327,1,1,1,100,100,29.296875,29.296875,25,25,1,1,1,5704334,1,0.84768211920529801,0.84768211920529801,0.30463576158940397,True,correct,correct;high_confidence,DECISION-TIME
8530b67b12da475ba4723ed2,random_stratified,1,5704681,1,1,1,100,100,29.296875,29.296875,25,25,1,1,1,5704685,1,0.84768211920529801,0.84768211920529801,0.30463576158940397,True,correct,correct;high_confidence,DECISION-TIME
67ca3dd848c97aafee2940a1,random_stratified,1,5706921,1,1,1,100,100,29.296875,29.296875,25,25,1,1,1,5706926,1,0.84768211920529801,0.84768211920529801,0.30463576158940397,True,correct,correct;high_confidence,DECISION-TIME
0690f3911821143eed3d3692,random_stratified,1,5707699,1,1,1,100,100,29.296875,29.296875,25,25,1,1,1,5707709,1,0.84768211920529801,0.84768211920529801,0.30463576158940397,True,correct,correct;high_confidence,DECISION-TIME
689b2839e35644589000d736,random_stratified,1,5709036,1,1,1,1800,1800,15.625,15.625,100,100,1,1,1,5709039,0,0.073170731707317069,0.073170731707317069,0.14634146341463417,False,high_confidence_error,false_negative;high_confidence,DECISION-TIME
501f99eddc596f31266b2656,random_stratified,1,5709046,1,1,1,100,100,29.296875,29.296875,25,25,1,1,1,5709055,1,0.84768211920529801,0.84768211920529801,0.30463576158940397,True,correct,correct;high_confidence,DECISION-TIME
fad7649a9c0b8fdc977a6cd3,random_stratified,1,5711341,1,1,1,100,100,29.296875,29.296875,25,25,1,1,1,5711355,1,0.84768211920529801,0.84768211920529801,0.30463576158940397,True,correct,correct;high_confidence,DECISION-TIME
f09b151f0465120a19adbfc1,random_stratified,0,5714112,1,1,1,600,600,29.296875,29.296875,100,100,1,1,1,5714115,0,0.20978120978120979,0.20978120978120979,0.41956241956241958,True,correct,correct;high_confidence,DECISION-TIME
6a6905ea3abd1474a0f66db5,random_stratified,1,5715583,1,1,1,100,100,29.296875,29.296875,25,25,1,1,1,5715591,1,0.84768211920529801,0.84768211920529801,0.30463576158940397,True,correct,correct;high_confidence,DECISION-TIME
782b85d76c7e458fce7febd0,random_stratified,1,5717446,2,2,60,350,600,4.8828125,4.8828125,50,50,1,88,65,5719074.5185185187,0,0.20978120978120979,0.20978120978120979,0.41956241956241958,False,high_confidence_error,false_negative;high_confidence,DECISION-TIME
f7e1ff9e03f35877c472898f,random_stratified,1,5728547,1,1,1,1200,1200,29.296875,29.296875,100,100,1,2,2,5729488,0,0.15021459227467809,0.15021459227467809,0.30042918454935619,False,high_confidence_error,false_negative;high_confidence,DECISION-TIME
0178122889b6b038503abdbe,random_stratified,0,5729808,1,1,1,600,600,29.296875,29.296875,100,100,1,1,1,5729821,0,0.20978120978120979,0.20978120978120979,0.41956241956241958,True,correct,correct;high_confidence,DECISION-TIME
1fa02a876203d55affac8c51,random_stratified,0,5741707,1,1,1,800,800,9.765625,9.765625,100,100,1,1,1,5741719,0,0.13953488372093023,0.13953488372093023,0.27906976744186052,True,correct,correct;high_confidence,DECISION-TIME
67c403c60c68e302e8ed5a0e,random_stratified,0,5743374,2,2,51,250,400,19.53125,19.53125,50,50,1,51,42,5743385.9607843133,0,0.20978120978120979,0.20978120978120979,0.41956241956241958,True,correct,correct;high_confidence,DECISION-TIME
5607351ccaf49492f06a7397,random_stratified,0,5743908,1,1,1,600,600,29.296875,29.296875,50,50,1,1,1,5743917,0,0.20978120978120979,0.20978120978120979,0.41956241956241958,True,correct,correct;high_confidence,DECISION-TIME
ee40339867ac6d2f1fad01a5,random_stratified,0,5745869,1,1,1,600,600,29.296875,29.296875,200,200,1,1,1,5745882,0,0.15021459227467809,0.15021459227467809,0.30042918454935619,True,correct,correct;high_confidence,DECISION-TIME
160934c20ccc162d0c473764,random_stratified,0,5748238,1,1,1,600,600,29.296875,29.296875,100,100,1,1,1,5748250,0,0.20978120978120979,0.20978120978120979,0.41956241956241958,True,correct,correct;high_confidence,DECISION-TIME
63309c0e29c1ced697595be2,random_stratified,0,5749013,1,1,1,600,600,29.296875,29.296875,100,100,1,1,1,5749020,0,0.20978120978120979,0.20978120978120979,0.41956241956241958,True,correct,correct;high_confidence,DECISION-TIME
8036d51aad9e645c8ed84d2f,random_stratified,0,5751907,1,1,1,1200,1200,29.296875,29.296875,100,100,1,1,1,5751918,0,0.15021459227467809,0.15021459227467809,0.30042918454935619,True,correct,correct;high_confidence,DECISION-TIME
9ff18cf3cc2b0427b7b7c3bf,random_stratified,0,5755537,1,1,1,600,600,29.296875,29.296875,50,50,1,1,1,5755543,0,0.20978120978120979,0.20978120978120979,0.41956241956241958,True,correct,correct;high_confidence,DECISION-TIME
b8bd22cdbc40cfb8f85bd72c,random_stratified,0,5755600,2,2,29,350,600,2,2,25,25,1,29,8,5755605.8620689651,0,0.13953488372093023,0.13953488372093023,0.27906976744186052,True,correct,correct;high_confidence,DECISION-TIME
1f825b2c557c966ac3bf15e3,random_stratified,1,5756219,1,1,1,600,600,29.296875,29.296875,50,50,1,1,1,5756224,0,0.20978120978120979,0.20978120978120979,0.41956241956241958,False,high_confidence_error,false_negative;high_confidence,DECISION-TIME
1b7ea26a3783708364a1d869,random_stratified,0,5759883,1,1,1,600,600,29.296875,29.296875,50,50,1,1,1,5759896,0,0.20978120978120979,0.20978120978120979,0.41956241956241958,True,correct,correct;high_confidence,DECISION-TIME
fa89e0ac945447c4d0b34410,random_stratified,0,5765272,1,1,1,600,600,29.296875,29.296875,100,100,1,1,1,5765275,0,0.20978120978120979,0.20978120978120979,0.41956241956241958,True,correct,correct;high_confidence,DECISION-TIME
e1e7da96d7fabd21118f5556,random_stratified,1,5770126,1,1,1,600,600,29.296875,29.296875,100,100,1,1,1,5770133,0,0.20978120978120979,0.20978120978120979,0.41956241956241958,False,high_confidence_error,false_negative;high_confidence,DECISION-TIME
048fdb4565f23397abc47d84,random_stratified,1,5770439,1,1,1,600,600,29.296875,29.296875,100,100,1,1,1,5770453,0,0.20978120978120979,0.20978120978120979,0.41956241956241958,False,high_confidence_error,false_negative;high_confidence,DECISION-TIME
68ce749b2e8fd748a13e655f,random_stratified,1,5770542,1,1,1,600,600,29.296875,29.296875,100,100,1,1,1,5770552,0,0.20978120978120979,0.20978120978120979,0.41956241956241958,False,high_confidence_error,false_negative;high_confidence,DECISION-TIME
46ec3d492c479e92f203e07e,random_stratified,1,5771353,1,1,1,600,600,29.296875,29.296875,100,100,1,1,1,5771356,0,0.20978120978120979,0.20978120978120979,0.41956241956241958,False,high_confidence_error,false_negative;high_confidence,DECISION-TIME
8283b37412758e0dc20bf28a,random_stratified,0,5772116,1,1,1,100,100,29.296875,29.296875,100,100,1,1,1,5772130,0,0.20978120978120979,0.20978120978120979,0.41956241956241958,True,correct,correct;high_confidence,DECISION-TIME
3cdd030ff7a2b9d39338fcd9,random_stratified,0,5772646,2,2,26,350,600,2,2,25,25,1,26,12,5775464.384615385,0,0.13953488372093023,0.13953488372093023,0.27906976744186052,True,correct,correct;high_confidence,DECISION-TIME
150bad425a43bcd4c3394755,random_stratified,0,5777655,1,1,1,600,600,29.296875,29.296875,100,100,1,1,1,5777660,0,0.20978120978120979,0.20978120978120979,0.41956241956241958,True,correct,correct;high_confidence,DECISION-TIME
75026cef27ce3b8d64c3a6bd,random_stratified,0,5785906,1,1,1,600,600,29.296875,29.296875,10,10,1,1,1,5785949,0,0.20978120978120979,0.20978120978120979,0.41956241956241958,True,correct,correct;high_confidence,DECISION-TIME
81b9678be984765d6ca72a13,random_stratified,0,5787747,1,1,1,600,600,29.296875,29.296875,100,100,1,1,1,5787750,0,0.20978120978120979,0.20978120978120979,0.41956241956241958,True,correct,correct;high_confidence,DECISION-TIME
6d986de3e7662c70a95be30c,random_stratified,0,5788083,1,1,1,600,600,29.296875,29.296875,200,200,1,1,1,5788086,0,0.15021459227467809,0.15021459227467809,0.30042918454935619,True,correct,correct;high_confidence,DECISION-TIME
c990311c70316f17431939cc,random_stratified,0,5790151,1,1,1,600,600,29.296875,29.296875,100,100,1,1,1,5790154,0,0.20978120978120979,0.20978120978120979,0.41956241956241958,True,correct,correct;high_confidence,DECISION-TIME
30245a18cb499ee2549d17c1,random_stratified,1,5790847,1,1,1,600,600,29.296875,29.296875,25,25,1,1,1,5790857,0,0.20978120978120979,0.20978120978120979,0.41956241956241958,False,high_confidence_error,false_negative;high_confidence,DECISION-TIME
be9e046f35848346a57ce118,random_stratified,0,5795134,1,1,10,600,600,19.53125,19.53125,50,50,1,10,10,5795145.0999999996,0,0.20978120978120979,0.20978120978120979,0.41956241956241958,True,correct,correct;high_confidence,DECISION-TIME
c6dd3dc7a5d0c9e8362b202c,random_stratified,0,5795184,1,1,1,600,600,29.296875,29.296875,100,100,1,1,1,5795198,0,0.20978120978120979,0.20978120978120979,0.41956241956241958,True,correct,correct;high_confidence,DECISION-TIME
081f41524834d2b4c1b32317,random_stratified,0,5795777,1,1,1,600,600,29.296875,29.296875,50,50,1,1,1,5795789,0,0.20978120978120979,0.20978120978120979,0.41956241956241958,True,correct,correct;high_confidence,DECISION-TIME
a24e2d776a8c4bc64cce35de,random_stratified,0,5796472,1,1,20,1500,1500,9.765625,9.765625,100,100,1,20,19,5796483.0499999998,0,0.073170731707317069,0.073170731707317069,0.14634146341463417,True,correct,correct;high_confidence,DECISION-TIME
d0bf16b9e5f59fd83362c0a8,random_stratified,0,5797690,1,1,1,600,600,29.296875,29.296875,25,25,1,1,1,5797699,0,0.20978120978120979,0.20978120978120979,0.41956241956241958,True,correct,correct;high_confidence,DECISION-TIME
b4b9dd8cbda3ba21c6e10959,random_stratified,0,5798555,1,1,1,600,600,29.296875,29.296875,100,100,1,1,1,5798563,0,0.20978120978120979,0.20978120978120979,0.41956241956241958,True,correct,correct;high_confidence,DECISION-TIME
78a77655b109020e619e6aaa,random_stratified,0,5799665,1,1,1,1000,1000,19.55078125,19.55078125,50,50,1,1,1,5799668,0,0.14285714285714285,0.14285714285714285,0.2857142857142857,True,correct,correct;high_confidence,DECISION-TIME
9c86656954939692ef8a6ed8,random_stratified,1,5800675,1,1,1,600,600,29.296875,29.296875,100,100,1,1,1,5800684,0,0.20978120978120979,0.20978120978120979,0.41956241956241958,False,high_confidence_error,false_negative;high_confidence,DECISION-TIME
5b37824ff71cc13c3a1dcd89,random_stratified,0,5803774,1,1,1,1200,1200,29.296875,29.296875,100,100,1,1,1,5803805,0,0.15021459227467809,0.15021459227467809,0.30042918454935619,True,correct,correct;high_confidence,DECISION-TIME
ab6ace6b68e765bae709ca06,random_stratified,0,5821266,1,1,1,600,600,29.296875,29.296875,100,100,1,1,1,5821275,0,0.20978120978120979,0.20978120978120979,0.41956241956241958,True,correct,correct;high_confidence,DECISION-TIME
d07f94093a2f118a483eaecb,random_stratified,1,5823746,1,1,1,600,600,29.296875,29.296875,10,10,1,1,1,5823753,0,0.20978120978120979,0.20978120978120979,0.41956241956241958,False,high_confidence_error,false_negative;high_confidence,DECISION-TIME
2e74af5f1db3c2e4459ac087,random_stratified,1,5824431,1,1,1,600,600,29.296875,29.296875,100,100,1,1,1,5824446,0,0.20978120978120979,0.20978120978120979,0.41956241956241958,False,high_confidence_error,false_negative;high_confidence,DECISION-TIME
2b0140a860e04bf6c49d2415,random_stratified,0,5824902,1,1,10,50,50,29.296875,29.296875,100,100,1,10,10,5824904.7999999998,1,0.63414634146341464,0.63414634146341464,0.73170731707317072,False,low_confidence_error,false_positive;low_confidence,DECISION-TIME
a9460b2edfff41547f7c8da4,random_stratified,0,5825449,1,1,1,600,600,29.296875,29.296875,100,100,1,1,1,5825452,0,0.20978120978120979,0.20978120978120979,0.41956241956241958,True,correct,correct;high_confidence,DECISION-TIME
31e94ee8ad181cabf77622df,random_stratified,0,5832234,1,1,1,1800,1800,58.59375,58.59375,100,100,1,2,2,5833177,0,0.20978120978120979,0.20978120978120979,0.41956241956241958,True,correct,correct;high_confidence,DECISION-TIME
169f15293c6ac7afa6ad8314,random_stratified,1,5835767,1,1,1,1200,1200,29.296875,29.296875,100,100,1,1,1,5835773,0,0.15021459227467809,0.15021459227467809,0.30042918454935619,False,high_confidence_error,false_negative;high_confidence,DECISION-TIME
af832aa713424f12e131e4b1,random_stratified,0,5836642,1,1,1,1800,1800,58.59375,58.59375,100,100,1,3,2,5838512,0,0.20978120978120979,0.20978120978120979,0.41956241956241958,True,correct,correct;high_confidence,DECISION-TIME
7c1e8ef1eadd08e93da87fa2,random_stratified,1,5837563,1,1,1,100,100,29.296875,29.296875,25,25,1,1,1,5837568,1,0.84768211920529801,0.84768211920529801,0.30463576158940397,True,correct,correct;high_confidence,DECISION-TIME
8dc8705d15b01f4dce705622,random_stratified,1,5837571,1,1,1,100,100,29.296875,29.296875,25,25,1,1,1,5837578,1,0.84768211920529801,0.84768211920529801,0.30463576158940397,True,correct,correct;high_confidence,DECISION-TIME
afd9ca78d6cae76ad676f5f4,random_stratified,1,5838463,1,1,1,100,100,29.296875,29.296875,25,25,1,1,1,5838471,1,0.84768211920529801,0.84768211920529801,0.30463576158940397,True,correct,correct;high_confidence,DECISION-TIME
c183ab12408172098acf7e74,random_stratified,1,5838779,1,1,1,100,100,29.296875,29.296875,25,25,1,1,1,5838784,1,0.84768211920529801,0.84768211920529801,0.30463576158940397,True,correct,correct;high_confidence,DECISION-TIME
87b89195e9cea3495ac1f7e4,random_stratified,1,5839623,1,1,1,100,100,29.296875,29.296875,25,25,1,1,1,5839635,1,0.84768211920529801,0.84768211920529801,0.30463576158940397,True,correct,correct;high_confidence,DECISION-TIME
e74756018741729f779ee09d,random_stratified,1,5839717,1,1,1,100,100,29.296875,29.296875,25,25,1,1,1,5839725,1,0.84768211920529801,0.84768211920529801,0.30463576158940397,True,correct,correct;high_confidence,DECISION-TIME
0cb91fc86979402915d99393,random_stratified,0,5839903,1,1,10,50,50,29.296875,29.296875,100,100,1,10,7,5839906.2000000002,1,0.63414634146341464,0.63414634146341464,0.73170731707317072,False,low_confidence_error,false_positive;low_confidence,DECISION-TIME
e3eaaf180f18ac3bcfc711d9,random_stratified,0,5839922,1,1,1,600,600,29.296875,29.296875,10,10,1,1,1,5839926,0,0.20978120978120979,0.20978120978120979,0.41956241956241958,True,correct,correct;high_confidence,DECISION-TIME
47b5c184c24948f870f23775,random_stratified,0,5845830,1,1,1,600,600,29.296875,29.296875,100,100,1,1,1,5845833,0,0.20978120978120979,0.20978120978120979,0.41956241956241958,True,correct,correct;high_confidence,DECISION-TIME
6b3305f9a956c4142cd5bf0d,random_stratified,0,5847085,1,1,1,600,600,29.296875,29.296875,10,10,1,1,1,5847099,0,0.20978120978120979,0.20978120978120979,0.41956241956241958,True,correct,correct;high_confidence,DECISION-TIME
6004e042a9e2f51490994566,random_stratified,0,5847858,1,1,1,800,800,31.26953125,31.26953125,,,0,1,1,5847862,0,0.15021459227467809,0.15021459227467809,0.30042918454935619,True,correct,correct;high_confidence;feature_missingness,DECISION-TIME
d9cb3b64635ce4a62fac8b3d,random_stratified,0,5848564,1,1,1,600,600,29.296875,29.296875,50,50,1,1,1,5848573,0,0.20978120978120979,0.20978120978120979,0.41956241956241958,True,correct,correct;high_confidence,DECISION-TIME
6bf4e4211cb3838e5b05bdaa,random_stratified,0,5849833,2,2,28,600,600,17.08984375,24.4140625,25,25,1,28,18,5849849.9285714282,0,0.13953488372093023,0.13953488372093023,0.27906976744186052,True,correct,correct;high_confidence,DECISION-TIME
a6442dc7c2df6f50e7b707b6,random_stratified,0,5851546,1,1,1,100,100,29.296875,29.296875,100,100,1,1,1,5851553,0,0.20978120978120979,0.20978120978120979,0.41956241956241958,True,correct,correct;high_confidence,DECISION-TIME
3fdf7715f0b34ff5a5646e51,random_stratified,0,5851550,1,1,1,600,600,29.296875,29.296875,100,100,1,1,1,5851553,0,0.20978120978120979,0.20978120978120979,0.41956241956241958,True,correct,correct;high_confidence,DECISION-TIME
13987e5ac3446499fab539b4,random_stratified,1,5855432,1,1,1,600,600,29.296875,29.296875,10,10,1,1,1,5855436,0,0.20978120978120979,0.20978120978120979,0.41956241956241958,False,high_confidence_error,false_negative;high_confidence,DECISION-TIME
01c0502df6e94beb46cd1424,random_stratified,0,5861372,2,2,10,600,600,29.296875,29.296875,25,25,1,10,9,5861380.0999999996,0,0.20978120978120979,0.20978120978120979,0.41956241956241958,True,correct,correct;high_confidence,DECISION-TIME
7098f62dbb5f8544cdf36f80,random_stratified,0,5871192,1,1,1,1000,1000,19.55078125,19.55078125,50,50,1,1,1,5871195,0,0.14285714285714285,0.14285714285714285,0.2857142857142857,True,correct,correct;high_confidence,DECISION-TIME
7801f4e3658e3ed99cedd388,random_stratified,0,5871896,1,1,1,600,600,29.296875,29.296875,10,10,1,1,1,5871903,0,0.20978120978120979,0.20978120978120979,0.41956241956241958,True,correct,correct;high_confidence,DECISION-TIME
b6b1a81e14dc862306c1e9bd,random_stratified,0,5871897,1,1,1,600,600,29.296875,29.296875,10,10,1,1,1,5871903,0,0.20978120978120979,0.20978120978120979,0.41956241956241958,True,correct,correct;high_confidence,DECISION-TIME
603568c0caa77024cdf4d232,random_stratified,0,5872090,1,1,1,600,600,29.296875,29.296875,10,10,1,1,1,5872135,0,0.20978120978120979,0.20978120978120979,0.41956241956241958,True,correct,correct;high_confidence,DECISION-TIME
66951765cc519aace5aa816c,random_stratified,0,5877077,1,1,10,600,600,29.296875,29.296875,50,50,1,10,6,5877080.9000000004,0,0.20978120978120979,0.20978120978120979,0.41956241956241958,True,correct,correct;high_confidence,DECISION-TIME
60087aabaa6d5ee1385ef981,random_stratified,0,5883960,2,2,21,700,800,11.71875,19.53125,50,50,1,21,19,5883969.333333333,0,0.13953488372093023,0.13953488372093023,0.27906976744186052,True,correct,correct;high_confidence,DECISION-TIME
da57fe651f14e69cdf494143,random_stratified,0,5884325,1,1,1,600,600,29.296875,29.296875,100,100,1,1,1,5884330,0,0.20978120978120979,0.20978120978120979,0.41956241956241958,True,correct,correct;high_confidence,DECISION-TIME
5b1fc394069ef8fa46a5ec7e,random_stratified,0,5885263,1,1,1,600,600,29.296875,29.296875,100,100,1,1,1,5885273,0,0.20978120978120979,0.20978120978120979,0.41956241956241958,True,correct,correct;high_confidence,DECISION-TIME
e99e470fe3ebf23ff82b3867,random_stratified,0,5889556,1,1,1,600,600,29.296875,29.296875,25,25,1,1,1,5889562,0,0.20978120978120979,0.20978120978120979,0.41956241956241958,True,correct,correct;high_confidence,DECISION-TIME
2c3aa1988c9903c0f62d61d4,random_stratified,1,5905674,2,2,4,350,600,29.296875,29.296875,100,100,1,29,29,5905825.4642857146,1,0.84768211920529801,0.84768211920529801,0.30463576158940397,True,correct,correct;high_confidence,DECISION-TIME
69483a2132cfd5bfcdfd765f,random_stratified,0,5906378,1,1,1,600,600,29.296875,29.296875,100,100,1,1,1,5906384,0,0.20978120978120979,0.20978120978120979,0.41956241956241958,True,correct,correct;high_confidence,DECISION-TIME
0854a8c735e51df4ac021ba4,random_stratified,1,5910159,1,1,1,600,600,29.296875,29.296875,25,25,1,1,1,5910162,0,0.20978120978120979,0.20978120978120979,0.41956241956241958,False,high_confidence_error,false_negative;high_confidence,DECISION-TIME
afc0a81fa928b01d03a27ddf,random_stratified,0,5911704,1,1,1,200,200,0.99609375,0.99609375,,,0,1,1,5911707,0,0.13953488372093023,0.13953488372093023,0.27906976744186052,True,correct,correct;high_confidence;feature_missingness,DECISION-TIME
3cebce6ca161049e46408339,random_stratified,0,5919343,1,1,1,600,600,29.296875,29.296875,5,5,1,1,1,5919350,0,0.20978120978120979,0.20978120978120979,0.41956241956241958,True,correct,correct;high_confidence,DECISION-TIME
b45fb26ede75f9a5fb22131b,random_stratified,0,5920256,1,1,1,800,800,29.296875,29.296875,50,50,1,1,1,5920262,0,0.20978120978120979,0.20978120978120979,0.41956241956241958,True,correct,correct;high_confidence,DECISION-TIME
d3512eff0c047dbe19d5ad92,random_stratified,0,5927536,2,2,13,400,600,2,2,25,25,1,13,13,5927540.923076923,0,0.13953488372093023,0.13953488372093023,0.27906976744186052,True,correct,correct;high_confidence,DECISION-TIME
35b17eb7354211453edb8b48,random_stratified,0,5933247,1,1,1,100,100,29.296875,29.296875,10,10,1,1,1,5933261,1,0.84768211920529801,0.84768211920529801,0.30463576158940397,False,high_confidence_error,false_positive;high_confidence,DECISION-TIME
9d62a3273bad266a0b024499,random_stratified,0,5933417,1,1,1,10,10,29.296875,29.296875,10,10,1,1,1,5933430,1,0.84768211920529801,0.84768211920529801,0.30463576158940397,False,high_confidence_error,false_positive;high_confidence,DECISION-TIME
3d08f3a476a22e0996f9daf8,random_stratified,0,5933799,1,1,1,600,600,29.296875,29.296875,10,10,1,1,1,5933811,0,0.20978120978120979,0.20978120978120979,0.41956241956241958,True,correct,correct;high_confidence,DECISION-TIME
5940f57dbdadb0d69f800619,random_stratified,1,5937587,1,1,1,600,600,29.296875,29.296875,100,100,1,1,1,5937599,0,0.20978120978120979,0.20978120978120979,0.41956241956241958,False,high_confidence_error,false_negative;high_confidence,DECISION-TIME
8e3671b958adac4dcc0334be,random_stratified,0,5940562,1,1,1,600,600,29.296875,29.296875,10,10,1,1,1,5940567,0,0.20978120978120979,0.20978120978120979,0.41956241956241958,True,correct,correct;high_confidence,DECISION-TIME
a8461b7b877b959f31188f7b,random_stratified,0,5943822,1,1,1,600,600,29.296875,29.296875,25,25,1,1,1,5943826,0,0.20978120978120979,0.20978120978120979,0.41956241956241958,True,correct,correct;high_confidence,DECISION-TIME
4ef7cbf0b8d1edda27011b70,random_stratified,0,5944212,1,1,1,600,600,29.296875,29.296875,100,100,1,1,1,5944246,0,0.20978120978120979,0.20978120978120979,0.41956241956241958,True,correct,correct;high_confidence,DECISION-TIME
8585a189d9b2ba7d2c699889,random_stratified,1,5945013,1,1,1,600,600,29.296875,29.296875,100,100,1,1,1,5945051,0,0.20978120978120979,0.20978120978120979,0.41956241956241958,False,high_confidence_error,false_negative;high_confidence,DECISION-TIME
47afeaa692818a140ea828e2,random_stratified,1,5945346,1,1,1,600,600,29.296875,29.296875,100,100,1,1,1,5945353,0,0.20978120978120979,0.20978120978120979,0.41956241956241958,False,high_confidence_error,false_negative;high_confidence,DECISION-TIME
75f0f953812e9647c106c54e,random_stratified,0,5951227,1,1,1,20,20,29.296875,29.296875,5,5,1,1,1,5951240,1,0.84768211920529801,0.84768211920529801,0.30463576158940397,False,high_confidence_error,false_positive;high_confidence,DECISION-TIME
4d2807fdb3cabd60db868a31,random_stratified,0,5955464,2,2,28,350,600,2,2,25,25,1,28,10,5958405.2857142854,0,0.13953488372093023,0.13953488372093023,0.27906976744186052,True,correct,correct;high_confidence,DECISION-TIME
a8aca17b2a55b9855350788e,random_stratified,0,5956227,1,1,1,600,600,29.296875,29.296875,10,10,1,1,1,5956232,0,0.20978120978120979,0.20978120978120979,0.41956241956241958,True,correct,correct;high_confidence,DECISION-TIME
960e4d27dac32428f8c79d31,random_stratified,0,5956257,1,1,1,600,600,29.296875,29.296875,10,10,1,1,1,5956263,0,0.20978120978120979,0.20978120978120979,0.41956241956241958,True,correct,correct;high_confidence,DECISION-TIME
609f52126542c8e77048b442,random_stratified,0,5958241,1,1,1,600,600,29.296875,29.296875,100,100,1,1,1,5958246,0,0.20978120978120979,0.20978120978120979,0.41956241956241958,True,correct,correct;high_confidence,DECISION-TIME
a5ff7cd0086af73313f95f9c,random_stratified,0,5959205,1,1,1,4000,4000,46.875,46.875,50,50,1,1,1,5959210,0,0.073170731707317069,0.073170731707317069,0.14634146341463417,True,correct,correct;high_confidence,DECISION-TIME
d66e40448e4da49300a0dc36,random_stratified,0,5961995,1,1,1,600,600,29.296875,29.296875,100,100,1,1,1,5962008,0,0.20978120978120979,0.20978120978120979,0.41956241956241958,True,correct,correct;high_confidence,DECISION-TIME
11f933a93ed98bf30ebde47d,random_stratified,0,5963641,1,1,1,600,600,29.296875,29.296875,100,100,1,1,1,5963650,0,0.20978120978120979,0.20978120978120979,0.41956241956241958,True,correct,correct;high_confidence,DECISION-TIME
0e499ab42c42ff7ed1cb918b,random_stratified,1,5968914,1,1,1,600,600,29.296875,29.296875,25,25,1,1,1,5968917,0,0.20978120978120979,0.20978120978120979,0.41956241956241958,False,high_confidence_error,false_negative;high_confidence,DECISION-TIME
0b0509043681306a41a3cc9e,random_stratified,1,5971265,1,1,1,100,100,29.296875,29.296875,100,100,1,1,1,5971270,0,0.20978120978120979,0.20978120978120979,0.41956241956241958,False,high_confidence_error,false_negative;high_confidence,DECISION-TIME
3ad7a1a6f050df30c328d1e7,random_stratified,0,5972237,1,1,1,100,100,29.296875,29.296875,100,100,1,1,1,5972243,0,0.20978120978120979,0.20978120978120979,0.41956241956241958,True,correct,correct;high_confidence,DECISION-TIME
a4cc5bd0e8d5b94cce67893a,random_stratified,0,5977967,1,1,1,600,600,29.296875,29.296875,100,100,1,1,1,5977977,0,0.20978120978120979,0.20978120978120979,0.41956241956241958,True,correct,correct;high_confidence,DECISION-TIME
460d04243fe4d43f71d2cf11,random_stratified,1,5983873,1,1,1,1200,1200,29.296875,29.296875,100,100,1,1,1,5983883,0,0.15021459227467809,0.15021459227467809,0.30042918454935619,False,high_confidence_error,false_negative;high_confidence,DECISION-TIME
bf6fed02ff95eeeb97684eac,random_stratified,1,5984016,1,1,1,1200,1200,29.296875,29.296875,100,100,1,1,1,5984022,0,0.15021459227467809,0.15021459227467809,0.30042918454935619,False,high_confidence_error,false_negative;high_confidence,DECISION-TIME
a097b25d95ed2852415413be,random_stratified,0,5986005,1,1,1,200,200,3.92578125,3.92578125,,,0,1,1,5986105,0,0.13953488372093023,0.13953488372093023,0.27906976744186052,True,correct,correct;high_confidence;feature_missingness,DECISION-TIME
1312683f8495f7dad0318cdf,random_stratified,1,5986342,1,1,1,400,400,29.296875,29.296875,100,100,1,1,1,5986381,0,0.20978120978120979,0.20978120978120979,0.41956241956241958,False,high_confidence_error,false_negative;high_confidence,DECISION-TIME
e9f4763af2e4ed45c60f6a6f,random_stratified,0,5988410,1,1,1,1600,1600,29.296875,29.296875,100,100,1,1,1,5988416,0,0.13953488372093023,0.13953488372093023,0.27906976744186052,True,correct,correct;high_confidence,DECISION-TIME
857d45cdeeede4029ec718bd,random_stratified,1,5989959,2,2,2,600,600,34.1796875,39.0625,10,10,1,2,2,5989967,0,0.20978120978120979,0.20978120978120979,0.41956241956241958,False,high_confidence_error,false_negative;high_confidence,DECISION-TIME
9f2fab1e1311df93e0b0b479,random_stratified,0,5991637,2,2,11,350,500,4.8828125,4.8828125,50,50,1,11,6,5991649.1818181816,0,0.13953488372093023,0.13953488372093023,0.27906976744186052,True,correct,correct;high_confidence,DECISION-TIME
311ceb8df2a5f3803b64707f,random_stratified,1,5996050,1,1,1,600,600,29.296875,29.296875,100,100,1,1,1,5996053,0,0.20978120978120979,0.20978120978120979,0.41956241956241958,False,high_confidence_error,false_negative;high_confidence,DECISION-TIME
1126a367d88512be47df556a,random_stratified,0,5996223,2,2,5,600,600,29.296875,29.296875,100,100,1,5,5,5996232,0,0.20000000000000001,0.20000000000000001,0.40000000000000002,True,correct,correct;high_confidence,DECISION-TIME
1710e9cea726b9bc8e5dc74f,random_stratified,0,6002746,3,3,12,466.66666666666669,600,11.598958333333334,29.296875,25,25,1,12,7,6002859.083333333,0,0.13953488372093023,0.13953488372093023,0.27906976744186052,True,correct,correct;high_confidence,DECISION-TIME
9166b64c9efa59c0d5de9bc7,random_stratified,0,6006300,1,1,1,600,600,29.296875,29.296875,100,100,1,1,1,6006395,0,0.20978120978120979,0.20978120978120979,0.41956241956241958,True,correct,correct;high_confidence,DECISION-TIME
4c1ebcb345306a5e3cb98949,random_stratified,1,6011031,1,1,1,600,600,29.296875,29.296875,100,100,1,1,1,6011038,0,0.20978120978120979,0.20978120978120979,0.41956241956241958,False,high_confidence_error,false_negative;high_confidence,DECISION-TIME
2dd45e2ef94cb7bb563d1e84,random_stratified,0,6014219,1,1,1,600,600,29.296875,29.296875,100,100,1,1,1,6014232,0,0.20978120978120979,0.20978120978120979,0.41956241956241958,True,correct,correct;high_confidence,DECISION-TIME
09aeaa57c8c20d33111b93db,random_stratified,0,6020183,1,1,1,600,600,29.296875,29.296875,25,25,1,1,1,6020218,0,0.20978120978120979,0.20978120978120979,0.41956241956241958,True,correct,correct;high_confidence,DECISION-TIME
4b976e57d6f6eee0d123e5ba,random_stratified,0,6020569,1,1,1,100,100,29.296875,29.296875,25,25,1,1,1,6021032,1,0.84768211920529801,0.84768211920529801,0.30463576158940397,False,high_confidence_error,false_positive;high_confidence,DECISION-TIME
fda5abe8301902c6307bac3d,random_stratified,0,6020691,1,1,1,100,100,29.296875,29.296875,25,25,1,1,1,6021388,1,0.84768211920529801,0.84768211920529801,0.30463576158940397,False,high_confidence_error,false_positive;high_confidence,DECISION-TIME
d687b2688cc2f7d21bc6f3bc,random_stratified,0,6021343,1,1,1,600,600,29.296875,29.296875,100,100,1,1,1,6021346,0,0.20978120978120979,0.20978120978120979,0.41956241956241958,True,correct,correct;high_confidence,DECISION-TIME
127c25f6f013b17bc9d35219,random_stratified,0,6024916,1,1,1,600,600,29.296875,29.296875,100,100,1,1,1,6026728,0,0.20978120978120979,0.20978120978120979,0.41956241956241958,True,correct,correct;high_confidence,DECISION-TIME
41c69fda8e499d4dd806364f,random_stratified,0,6024927,1,1,1,600,600,29.296875,29.296875,100,100,1,1,1,6026852,0,0.20978120978120979,0.20978120978120979,0.41956241956241958,True,correct,correct;high_confidence,DECISION-TIME
e19ec7c8f124a824ec1f153a,random_stratified,0,6024956,1,1,1,600,600,29.296875,29.296875,100,100,1,1,1,6028168,0,0.20978120978120979,0.20978120978120979,0.41956241956241958,True,correct,correct;high_confidence,DECISION-TIME
5e71c07012d16c1164035bc4,random_stratified,0,6025971,2,2,55,400,600,29.296875,29.296875,25,25,1,55,36,6025978.3272727272,0,0.20978120978120979,0.20978120978120979,0.41956241956241958,True,correct,correct;high_confidence,DECISION-TIME
d40f66d5a7a34020e79911d0,random_stratified,0,6036065,1,1,1,20,20,29.296875,29.296875,5,5,1,1,1,6039303,1,0.84768211920529801,0.84768211920529801,0.30463576158940397,False,high_confidence_error,false_positive;high_confidence,DECISION-TIME
d58caf4e0b0c3627cadac8db,random_stratified,0,6036220,1,1,1,20,20,29.296875,29.296875,5,5,1,1,1,6039500,1,0.84768211920529801,0.84768211920529801,0.30463576158940397,False,high_confidence_error,false_positive;high_confidence,DECISION-TIME
6adf9275af5ea0af1120f04e,random_stratified,0,6037957,1,1,1,600,600,29.296875,29.296875,100,100,1,1,1,6037967,0,0.20978120978120979,0.20978120978120979,0.41956241956241958,True,correct,correct;high_confidence,DECISION-TIME
2548ab71a44e0f7580785cd7,random_stratified,0,6038429,1,1,1,20,20,29.296875,29.296875,10,10,1,1,1,6040533,1,0.84768211920529801,0.84768211920529801,0.30463576158940397,False,high_confidence_error,false_positive;high_confidence,DECISION-TIME
d2acc50549aca0a6208f0b67,random_stratified,0,6038449,1,1,1,20,20,29.296875,29.296875,10,10,1,1,1,6040560,1,0.84768211920529801,0.84768211920529801,0.30463576158940397,False,high_confidence_error,false_positive;high_confidence,DECISION-TIME
41ead64d844642f5f981cd1f,random_stratified,0,6039815,2,2,28,350,600,2,2,25,25,1,28,10,6041094.5,0,0.13953488372093023,0.13953488372093023,0.27906976744186052,True,correct,correct;high_confidence,DECISION-TIME
874e781aee108231974fcb13,random_stratified,0,6041893,1,1,1,600,600,29.296875,29.296875,10,10,1,1,1,6041897,0,0.20978120978120979,0.20978120978120979,0.41956241956241958,True,correct,correct;high_confidence,DECISION-TIME
6622dad331d349248c9df480,random_stratified,0,6042456,1,1,1,600,600,29.296875,29.296875,10,10,1,1,1,6042689,0,0.20978120978120979,0.20978120978120979,0.41956241956241958,True,correct,correct;high_confidence,DECISION-TIME
d91ee3ada21dba88002a4cf5,random_stratified,0,6053881,1,1,1,600,600,29.296875,29.296875,25,25,1,1,1,6053887,0,0.20978120978120979,0.20978120978120979,0.41956241956241958,True,correct,correct;high_confidence,DECISION-TIME
a0e25bce1372e1da7e80bce3,random_stratified,0,6058409,2,2,4,600,600,29.296875,29.296875,50,50,1,4,2,6058414.25,0,0.20978120978120979,0.20978120978120979,0.41956241956241958,True,correct,correct;high_confidence,DECISION-TIME
8b5abb591bc852b5cff0aff5,random_stratified,0,6066629,1,1,1,20,20,29.296875,29.296875,5,5,1,1,1,6066641,1,0.84768211920529801,0.84768211920529801,0.30463576158940397,False,high_confidence_error,false_positive;high_confidence,DECISION-TIME
d50f35fa7a554406242c585c,random_stratified,0,6073218,1,1,1,3200,3200,156.25,156.25,800,800,1,1,1,6073221,1,0.63414634146341464,0.63414634146341464,0.73170731707317072,False,low_confidence_error,false_positive;low_confidence,DECISION-TIME
b28d784129612a077eae7b2e,random_stratified,0,6074800,1,1,1,800,800,35.15625,35.15625,100,100,1,1,1,6074811,0,0.20978120978120979,0.20978120978120979,0.41956241956241958,True,correct,correct;high_confidence,DECISION-TIME
d6d87a80d09a1e7a59d19adb,random_stratified,0,6076170,3,3,66,600,600,29.296875,29.296875,100,100,1,66,57,6076179.3030303027,0,0.15021459227467809,0.15021459227467809,0.30042918454935619,True,correct,correct;high_confidence,DECISION-TIME
e847be106b292bc0d904b00b,random_stratified,0,6078516,2,2,51,1200,1200,29.296875,29.296875,25,25,1,51,43,6078528.8039215682,0,0.15021459227467809,0.15021459227467809,0.30042918454935619,True,correct,correct;high_confidence,DECISION-TIME
8ec780e195162dba1e7a74d0,random_stratified,0,6081535,1,1,1,600,600,29.296875,29.296875,100,100,1,1,1,6081538,0,0.20978120978120979,0.20978120978120979,0.41956241956241958,True,correct,correct;high_confidence,DECISION-TIME
bcec522ec72f6e2da342b83e,random_stratified,0,6086994,1,1,1,600,600,29.296875,29.296875,100,100,1,1,1,6086997,0,0.20978120978120979,0.20978120978120979,0.41956241956241958,True,correct,correct;high_confidence,DECISION-TIME
96f397e0df82fd5cf638b74f,random_stratified,1,6088302,1,1,1,600,600,29.296875,29.296875,10,10,1,1,1,6088305,0,0.20978120978120979,0.20978120978120979,0.41956241956241958,False,high_confidence_error,false_negative;high_confidence,DECISION-TIME
c118515f93bd82c74a167f0d,random_stratified,0,6093128,1,1,1,600,600,29.296875,29.296875,100,100,1,1,1,6093139,0,0.20978120978120979,0.20978120978120979,0.41956241956241958,True,correct,correct;high_confidence,DECISION-TIME
faeeadfb34c53f7d2747e499,random_stratified,1,6095058,1,1,1,600,600,29.296875,29.296875,25,25,1,1,1,6095065,0,0.20978120978120979,0.20978120978120979,0.41956241956241958,False,high_confidence_error,false_negative;high_confidence,DECISION-TIME
c16dbe6b8d6ebc5573e7d990,random_stratified,1,6105497,1,1,1,20,20,29.296875,29.296875,5,5,1,1,1,6105503,1,0.84768211920529801,0.84768211920529801,0.30463576158940397,True,correct,correct;high_confidence,DECISION-TIME
1752c3b8892f7918b14079ef,random_stratified,0,6106977,1,1,1,1000,1000,19.55078125,19.55078125,50,50,1,1,1,6106980,0,0.15021459227467809,0.15021459227467809,0.30042918454935619,True,correct,correct;high_confidence,DECISION-TIME
ccdfd19c136fda87bb1ff7ec,random_stratified,0,6107024,1,1,1,100,100,29.296875,29.296875,25,25,1,1,1,6107027,1,0.84768211920529801,0.84768211920529801,0.30463576158940397,False,high_confidence_error,false_positive;high_confidence,DECISION-TIME
87d91747a2f48c38550fc52c,random_stratified,0,6107671,1,1,1,600,600,29.296875,29.296875,100,100,1,1,1,6107680,0,0.20978120978120979,0.20978120978120979,0.41956241956241958,True,correct,correct;high_confidence,DECISION-TIME
be6fab37120520dd62cc7640,random_stratified,1,6108114,1,1,1,20,20,29.296875,29.296875,5,5,1,1,1,6108124,1,0.84768211920529801,0.84768211920529801,0.30463576158940397,True,correct,correct;high_confidence,DECISION-TIME
134971e2eba33b2f325f3e86,random_stratified,0,6123562,2,2,2,600,600,29.296875,29.296875,100,100,2,2,2,6123643.5,0,0.20978120978120979,0.20978120978120979,0.41956241956241958,True,correct,correct;high_confidence,DECISION-TIME
eca90a0e2eada081aadc8e56,random_stratified,0,6124403,1,1,1,600,600,29.296875,29.296875,100,100,1,1,1,6124415,0,0.20978120978120979,0.20978120978120979,0.41956241956241958,True,correct,correct;high_confidence,DECISION-TIME
764de24f439006ded36cae42,random_stratified,0,6128142,1,1,1,800,800,35.15625,35.15625,100,100,1,1,1,6128149,0,0.20978120978120979,0.20978120978120979,0.41956241956241958,True,correct,correct;high_confidence,DECISION-TIME
d206ab1dd77c0394a83cddde,random_stratified,0,6130475,1,1,1,600,600,29.296875,29.296875,10,10,1,1,1,6130479,0,0.20978120978120979,0.20978120978120979,0.41956241956241958,True,correct,correct;high_confidence,DECISION-TIME
21efe1dacd48571bda646e4f,random_stratified,0,6143712,1,1,1,800,800,35.15625,35.15625,100,100,1,1,1,6143716,0,0.20978120978120979,0.20978120978120979,0.41956241956241958,True,correct,correct;high_confidence,DECISION-TIME
cdac18045b4fc8af434d05fa,random_stratified,0,6149560,1,1,1,1000,1000,19.55078125,19.55078125,50,50,1,1,1,6149675,0,0.15021459227467809,0.15021459227467809,0.30042918454935619,True,correct,correct;high_confidence,DECISION-TIME
e743af8afc1dbae892698651,random_stratified,0,6155099,2,2,51,500,600,14.6484375,19.53125,50,50,1,52,38,6155111.076923077,0,0.13953488372093023,0.13953488372093023,0.27906976744186052,True,correct,correct;high_confidence,DECISION-TIME
301af52cf506e6c497106b09,random_stratified,0,6158232,1,1,1,600,600,29.296875,29.296875,100,100,1,1,1,6158236,0,0.20978120978120979,0.20978120978120979,0.41956241956241958,True,correct,correct;high_confidence,DECISION-TIME
a6b234f7d78fc5cd0fde505d,random_stratified,0,6159239,1,1,1,600,600,29.296875,29.296875,200,200,1,1,1,6159249,0,0.20978120978120979,0.20978120978120979,0.41956241956241958,True,correct,correct;high_confidence,DECISION-TIME
fbdf099f134d0fec0d8964f8,random_stratified,0,6164287,1,1,1,600,600,29.296875,29.296875,25,25,1,1,1,6164292,0,0.20978120978120979,0.20978120978120979,0.41956241956241958,True,correct,correct;high_confidence,DECISION-TIME
c7441d870343edcce9b472ca,random_stratified,0,6166527,1,1,1,600,600,29.296875,29.296875,25,25,1,1,1,6166537,0,0.20978120978120979,0.20978120978120979,0.41956241956241958,True,correct,correct;high_confidence,DECISION-TIME
9ea62d44d6ec4bab95b19e8e,random_stratified,0,6167734,1,1,1,1000,1000,19.55078125,19.55078125,50,50,1,1,1,6167737,0,0.15021459227467809,0.15021459227467809,0.30042918454935619,True,correct,correct;high_confidence,DECISION-TIME
9a5739f756a2c316b2f6f86f,random_stratified,1,6168303,1,1,1,600,600,29.296875,29.296875,10,10,1,1,1,6168311,0,0.20978120978120979,0.20978120978120979,0.41956241956241958,False,high_confidence_error,false_negative;high_confidence,DECISION-TIME
7066f79f8c5cfac62354224c,random_stratified,0,6169500,1,1,1,600,600,29.296875,29.296875,25,25,1,1,1,6169506,0,0.20978120978120979,0.20978120978120979,0.41956241956241958,True,correct,correct;high_confidence,DECISION-TIME
62f81619f05194a9c1a0919a,random_stratified,0,6170458,1,1,1,1000,1000,19.55078125,19.55078125,50,50,1,1,1,6170461,0,0.15021459227467809,0.15021459227467809,0.30042918454935619,True,correct,correct;high_confidence,DECISION-TIME
e427b54139bf625b97c212c0,random_stratified,0,6170794,1,1,1,600,600,29.296875,29.296875,100,100,1,1,1,6170806,0,0.20978120978120979,0.20978120978120979,0.41956241956241958,True,correct,correct;high_confidence,DECISION-TIME
6656c3e859c6d69127e9f9b6,random_stratified,0,6173786,1,1,1,600,600,29.296875,29.296875,100,100,1,1,1,6173789,0,0.20978120978120979,0.20978120978120979,0.41956241956241958,True,correct,correct;high_confidence,DECISION-TIME
11d482d9066c8ff01f56d49e,random_stratified,0,6180093,1,1,1,800,800,35.15625,35.15625,100,100,1,1,1,6180132,0,0.20978120978120979,0.20978120978120979,0.41956241956241958,True,correct,correct;high_confidence,DECISION-TIME
4693bb6532bd7fbcbaaaf2e1,random_stratified,0,6192716,2,2,11,350,600,2,2,25,25,1,11,6,6192721.8181818184,0,0.13953488372093023,0.13953488372093023,0.27906976744186052,True,correct,correct;high_confidence,DECISION-TIME
9946161c3f0ef15d86cdca0a,random_stratified,0,6196198,1,1,1,600,600,29.296875,29.296875,10,10,1,1,1,6196208,0,0.20978120978120979,0.20978120978120979,0.41956241956241958,True,correct,correct;high_confidence,DECISION-TIME
250693db6c09acdb15224531,random_stratified,0,6198798,1,1,1,1800,1800,58.59375,58.59375,100,100,1,1,1,6198802,0,0.20978120978120979,0.20978120978120979,0.41956241956241958,True,correct,correct;high_confidence,DECISION-TIME
a7a005875c30c671c845cda7,random_stratified,1,6201024,1,1,1,600,600,29.296875,29.296875,10,10,1,1,1,6201035,0,0.20978120978120979,0.20978120978120979,0.41956241956241958,False,high_confidence_error,false_negative;high_confidence,DECISION-TIME
4bc33e20f28fabdc8e785742,random_stratified,0,6203899,1,1,1,600,600,29.296875,29.296875,100,100,1,1,1,6208518,0,0.20978120978120979,0.20978120978120979,0.41956241956241958,True,correct,correct;high_confidence,DECISION-TIME
1c0298efbe72f10ddda83a86,random_stratified,0,6203903,1,1,1,600,600,29.296875,29.296875,100,100,1,1,1,6208640,0,0.20978120978120979,0.20978120978120979,0.41956241956241958,True,correct,correct;high_confidence,DECISION-TIME
ee211ada273f96b789f04a1b,random_stratified,0,6217857,1,1,1,800,800,29.296875,29.296875,50,50,1,1,1,6217864,0,0.20978120978120979,0.20978120978120979,0.41956241956241958,True,correct,correct;high_confidence,DECISION-TIME
2cabb39ab115c6719b53a787,random_stratified,0,6219454,2,2,2,600,600,29.296875,29.296875,100,100,1,2,2,6219458.5,0,0.20978120978120979,0.20978120978120979,0.41956241956241958,True,correct,correct;high_confidence,DECISION-TIME
5b1ba975f88990fc6b61dadd,random_stratified,0,6219962,1,1,1,600,600,29.296875,29.296875,100,100,1,1,1,6219966,0,0.20978120978120979,0.20978120978120979,0.41956241956241958,True,correct,correct;high_confidence,DECISION-TIME
50a2624b026a5b4ddcf1e41e,random_stratified,0,6223028,1,1,1,600,600,29.296875,29.296875,100,100,1,1,1,6223033,0,0.20978120978120979,0.20978120978120979,0.41956241956241958,True,correct,correct;high_confidence,DECISION-TIME
e29c52f1bd07d7b9d3458b9b,random_stratified,0,6227259,1,1,8,100,100,24.4140625,24.4140625,100,100,1,9,9,6227379.625,0,0.20978120978120979,0.20978120978120979,0.41956241956241958,True,correct,correct;high_confidence,DECISION-TIME
8974da2d333ae25eaedb1407,random_stratified,0,6232728,1,1,1,600,600,29.296875,29.296875,100,100,1,1,1,6232731,0,0.20978120978120979,0.20978120978120979,0.41956241956241958,True,correct,correct;high_confidence,DECISION-TIME
3d4c6d6dcef9dccac523f480,random_stratified,0,6240463,1,1,1,600,600,29.296875,29.296875,25,25,1,1,1,6240471,0,0.20978120978120979,0.20978120978120979,0.41956241956241958,True,correct,correct;high_confidence,DECISION-TIME
a75a49ea8bfafcca010ead90,random_stratified,0,6243273,1,1,1,600,600,29.296875,29.296875,100,100,1,1,1,6243285,0,0.20978120978120979,0.20978120978120979,0.41956241956241958,True,correct,correct;high_confidence,DECISION-TIME
53ccbce7739365189aed95e6,random_stratified,0,6254432,1,1,1,20,20,29.296875,29.296875,5,5,1,1,1,6254437,1,0.84768211920529801,0.84768211920529801,0.30463576158940397,False,high_confidence_error,false_positive;high_confidence,DECISION-TIME
ba885e81e9bb80031cf34c61,random_stratified,0,6279005,1,1,1,600,600,29.296875,29.296875,10,10,1,1,1,6279009,0,0.20978120978120979,0.20978120978120979,0.41956241956241958,True,correct,correct;high_confidence,DECISION-TIME
9d49ce687be04c8fe719bfc2,random_stratified,0,6286762,1,1,1,600,600,29.296875,29.296875,10,10,1,1,1,6287017,0,0.20978120978120979,0.20978120978120979,0.41956241956241958,True,correct,correct;high_confidence,DECISION-TIME
2ffeb667da7e019aaced78ad,random_stratified,0,6286796,1,1,1,600,600,29.296875,29.296875,10,10,1,1,1,6287642,0,0.20978120978120979,0.20978120978120979,0.41956241956241958,True,correct,correct;high_confidence,DECISION-TIME
a59d181c6da548791b3c1542,random_stratified,0,6296542,1,1,1,600,600,29.296875,29.296875,100,100,1,1,1,6296545,0,0.20978120978120979,0.20978120978120979,0.41956241956241958,True,correct,correct;high_confidence,DECISION-TIME
9dc00dab24938f29a7577dee,random_stratified,0,6303526,1,1,1,600,600,29.296875,29.296875,10,10,1,1,1,6303563,0,0.20978120978120979,0.20978120978120979,0.41956241956241958,True,correct,correct;high_confidence,DECISION-TIME
f31b5465e20a0cb6fc53330b,random_stratified,0,6303533,1,1,1,600,600,29.296875,29.296875,10,10,1,1,1,6303572,0,0.20978120978120979,0.20978120978120979,0.41956241956241958,True,correct,correct;high_confidence,DECISION-TIME
2a48177bb31f6bb0ef271df3,random_stratified,0,6311471,1,1,1,1000,1000,19.55078125,19.55078125,50,50,1,1,1,6311474,0,0.15021459227467809,0.15021459227467809,0.30042918454935619,True,correct,correct;high_confidence,DECISION-TIME
404c2e496a61303466492e4c,random_stratified,0,6311976,1,1,1,600,600,29.296875,29.296875,100,100,1,1,1,6311989,0,0.20978120978120979,0.20978120978120979,0.41956241956241958,True,correct,correct;high_confidence,DECISION-TIME
0a1836d15f77aebea1099e99,random_stratified,0,6316038,1,1,1,600,600,29.296875,29.296875,25,25,1,1,1,6316047,0,0.20978120978120979,0.20978120978120979,0.41956241956241958,True,correct,correct;high_confidence,DECISION-TIME
4c542234f0a56ffc7f83164b,random_stratified,1,6321613,1,1,1,1800,1800,58.59375,58.59375,100,100,1,1,1,6325154,0,0.20978120978120979,0.20978120978120979,0.41956241956241958,False,high_confidence_error,false_negative;high_confidence,DECISION-TIME
633845b4efb30697cfd35d11,random_stratified,0,6322234,1,1,1,1000,1000,19.55078125,19.55078125,50,50,1,1,1,6322238,0,0.15021459227467809,0.15021459227467809,0.30042918454935619,True,correct,correct;high_confidence,DECISION-TIME
414de47a643dd813fc8d544e,random_stratified,0,6330817,1,1,1,600,600,29.296875,29.296875,25,25,1,1,1,6330821,0,0.20978120978120979,0.20978120978120979,0.41956241956241958,True,correct,correct;high_confidence,DECISION-TIME
999f8cfe8ad3bc5099396f0d,random_stratified,0,6333478,1,1,1,600,600,29.296875,29.296875,25,25,1,1,1,6333481,0,0.20978120978120979,0.20978120978120979,0.41956241956241958,True,correct,correct;high_confidence,DECISION-TIME
6ec9ce5fea2b795bb51dc006,random_stratified,0,6335183,1,1,1,600,600,29.296875,29.296875,100,100,1,1,1,6335186,0,0.20978120978120979,0.20978120978120979,0.41956241956241958,True,correct,correct;high_confidence,DECISION-TIME
469e04520c7d4a323614e41b,random_stratified,0,6337952,1,1,1,2300,2300,29.296875,29.296875,10,10,1,1,1,6337965,0,0.13953488372093023,0.13953488372093023,0.27906976744186052,True,correct,correct;high_confidence,DECISION-TIME
f8c9382ba9e7f17fff319d4a,random_stratified,0,6338512,1,1,1,600,600,29.296875,29.296875,100,100,1,1,1,6338515,0,0.20978120978120979,0.20978120978120979,0.41956241956241958,True,correct,correct;high_confidence,DECISION-TIME
3c569ee9e17f727b47bc6602,random_stratified,0,6338811,1,1,1,600,600,29.296875,29.296875,10,10,1,1,1,6338817,0,0.20978120978120979,0.20978120978120979,0.41956241956241958,True,correct,correct;high_confidence,DECISION-TIME
33d22bf38b2d8038d2481a74,random_stratified,0,6351711,1,1,1,800,800,35.15625,35.15625,100,100,1,1,1,6351716,0,0.20978120978120979,0.20978120978120979,0.41956241956241958,True,correct,correct;high_confidence,DECISION-TIME
4c0976e8bbae1221d39412d8,random_stratified,0,6352145,1,1,1,20,20,29.296875,29.296875,10,10,1,1,1,6352158,1,0.84768211920529801,0.84768211920529801,0.30463576158940397,False,high_confidence_error,false_positive;high_confidence,DECISION-TIME
46965cfac1fa091abf1d1d65,random_stratified,0,6354033,1,1,1,600,600,29.296875,29.296875,100,100,1,1,1,6354044,0,0.20978120978120979,0.20978120978120979,0.41956241956241958,True,correct,correct;high_confidence,DECISION-TIME
1bb8f15b2255699724993501,random_stratified,0,6356477,1,1,10,50,50,29.296875,29.296875,100,100,1,10,7,6356925.4000000004,1,0.63414634146341464,0.63414634146341464,0.73170731707317072,False,low_confidence_error,false_positive;low_confidence,DECISION-TIME
5e29eb16a835e23065e16f41,random_stratified,0,6362234,1,1,1,600,600,29.296875,29.296875,100,100,1,1,1,6362238,0,0.20978120978120979,0.20978120978120979,0.41956241956241958,True,correct,correct;high_confidence,DECISION-TIME
9f13f8a1d6718b956279b9a2,random_stratified,1,6363625,1,1,1,600,600,29.296875,29.296875,100,100,1,1,1,6363632,0,0.20978120978120979,0.20978120978120979,0.41956241956241958,False,high_confidence_error,false_negative;high_confidence,DECISION-TIME
24797b887acdc2d20c9229fa,random_stratified,1,6364197,1,1,1,600,600,29.296875,29.296875,100,100,1,1,1,6364205,0,0.20978120978120979,0.20978120978120979,0.41956241956241958,False,high_confidence_error,false_negative;high_confidence,DECISION-TIME
e87474fbfae7dab96aa278af,random_stratified,0,6366127,1,1,1,800,800,31.26953125,31.26953125,,,0,1,1,6366130,0,0.15021459227467809,0.15021459227467809,0.30042918454935619,True,correct,correct;high_confidence;feature_missingness,DECISION-TIME
c78dd1c8ef900fe9430b9188,random_stratified,0,6367062,1,1,1,100,100,29.296875,29.296875,25,25,1,1,1,6367070,1,0.84768211920529801,0.84768211920529801,0.30463576158940397,False,high_confidence_error,false_positive;high_confidence,DECISION-TIME
bc138dcd949fb76a8fa1e60b,random_stratified,0,6369334,1,1,1,600,600,29.296875,29.296875,25,25,1,1,1,6369338,0,0.20978120978120979,0.20978120978120979,0.41956241956241958,True,correct,correct;high_confidence,DECISION-TIME
67accdf8789f3d5fec87988a,random_stratified,0,6377197,2,2,51,600,600,29.296875,29.296875,50,50,1,51,15,6377214.4705882352,0,0.20978120978120979,0.20978120978120979,0.41956241956241958,True,correct,correct;high_confidence,DECISION-TIME
75528d8a64a609059a2bcba3,random_stratified,0,6378832,2,2,25,600,600,19.53125,19.53125,20,20,1,32,22,6379102.3200000003,0,0.20978120978120979,0.20978120978120979,0.41956241956241958,True,correct,correct;high_confidence,DECISION-TIME
54a0c6a940ec93be063c5fa0,random_stratified,0,6383436,1,1,1,600,600,29.296875,29.296875,100,100,1,1,1,6383443,0,0.20978120978120979,0.20978120978120979,0.41956241956241958,True,correct,correct;high_confidence,DECISION-TIME
ef6dce4961cc21f939a10194,random_stratified,1,6388975,1,1,1,600,600,29.296875,29.296875,100,100,1,1,1,6388985,0,0.20978120978120979,0.20978120978120979,0.41956241956241958,False,high_confidence_error,false_negative;high_confidence,DECISION-TIME
02b846006fe615b210c6727c,random_stratified,0,6393685,1,1,1,600,600,29.296875,29.296875,100,100,1,1,1,6393691,0,0.20978120978120979,0.20978120978120979,0.41956241956241958,True,correct,correct;high_confidence,DECISION-TIME
806c1d69e727ebf577e6194c,random_stratified,0,6396606,1,1,8,600,600,29.296875,29.296875,25,25,1,8,1,6396610.125,0,0.20978120978120979,0.20978120978120979,0.41956241956241958,True,correct,correct;high_confidence,DECISION-TIME
cd0414cd1b1b0a9df2f9c10b,random_stratified,0,6407374,1,1,1,600,600,29.296875,29.296875,100,100,1,1,1,6407377,0,0.20978120978120979,0.20978120978120979,0.41956241956241958,True,correct,correct;high_confidence,DECISION-TIME
3ee51c411bc318ab753d2dc3,random_stratified,0,6412458,1,1,1,600,600,29.296875,29.296875,10,10,1,1,1,6412464,0,0.20978120978120979,0.20978120978120979,0.41956241956241958,True,correct,correct;high_confidence,DECISION-TIME
84895fe5307fb9e5bd9a25d0,random_stratified,0,6412536,1,1,1,600,600,29.296875,29.296875,10,10,1,1,1,6412543,0,0.20978120978120979,0.20978120978120979,0.41956241956241958,True,correct,correct;high_confidence,DECISION-TIME
375df14e01bb70fd524124e7,random_stratified,0,6412662,1,1,1,600,600,29.296875,29.296875,100,100,1,1,1,6412675,0,0.20978120978120979,0.20978120978120979,0.41956241956241958,True,correct,correct;high_confidence,DECISION-TIME
228caf2b27b5bc8ee1d2ec5b,random_stratified,0,6413974,1,1,1,1000,1000,19.55078125,19.55078125,50,50,1,1,1,6413977,0,0.15021459227467809,0.15021459227467809,0.30042918454935619,True,correct,correct;high_confidence,DECISION-TIME
bb0c38fccdcf2db9042a8f15,random_stratified,0,6416142,1,1,1,600,600,29.296875,29.296875,100,100,1,1,1,6416151,0,0.20978120978120979,0.20978120978120979,0.41956241956241958,True,correct,correct;high_confidence,DECISION-TIME
e72f176da82ac8aa069b59d9,random_stratified,0,6417318,1,1,1,800,800,35.15625,35.15625,100,100,1,1,1,6417325,0,0.20978120978120979,0.20978120978120979,0.41956241956241958,True,correct,correct;high_confidence,DECISION-TIME
6e043cab3f16b1aed54613ba,random_stratified,0,6418188,1,1,1,600,600,29.296875,29.296875,100,100,1,1,1,6418195,0,0.20978120978120979,0.20978120978120979,0.41956241956241958,True,correct,correct;high_confidence,DECISION-TIME
98791ffabe8ccecbab64ca06,random_stratified,1,6422603,2,2,31,1200,1200,19.53125,19.53125,25,25,1,31,14,6422609,0,0.13953488372093023,0.13953488372093023,0.27906976744186052,False,high_confidence_error,false_negative;high_confidence,DECISION-TIME
e596539636232cec95e55a94,random_stratified,0,6423098,1,1,1,600,600,29.296875,29.296875,100,100,1,1,1,6423103,0,0.20978120978120979,0.20978120978120979,0.41956241956241958,True,correct,correct;high_confidence,DECISION-TIME
d8605767c2b389b7b91ecc3a,random_stratified,0,6424144,1,1,1,600,600,29.296875,29.296875,10,10,1,1,1,6424156,0,0.20978120978120979,0.20978120978120979,0.41956241956241958,True,correct,correct;high_confidence,DECISION-TIME
c64fe81e0ede8baae45e75b6,random_stratified,1,6426269,1,1,1,600,600,29.296875,29.296875,100,100,1,1,1,6426281,0,0.20978120978120979,0.20978120978120979,0.41956241956241958,False,high_confidence_error,false_negative;high_confidence,DECISION-TIME
4bc9ae804b224b7a0879b403,random_stratified,0,6426318,1,1,1,600,600,29.296875,29.296875,100,100,1,1,1,6426335,0,0.20978120978120979,0.20978120978120979,0.41956241956241958,True,correct,correct;high_confidence,DECISION-TIME
43f48c48f9b289c8ca4d3e59,random_stratified,0,6427683,1,1,1,1800,1800,58.59375,58.59375,100,100,1,1,1,6427692,0,0.20978120978120979,0.20978120978120979,0.41956241956241958,True,correct,correct;high_confidence,DECISION-TIME
0c0729dadbfd27e1b2bb2648,random_stratified,0,6428189,2,2,101,450,800,10.76171875,19.55078125,,,0,101,98,6428206.4059405942,0,0.13953488372093023,0.13953488372093023,0.27906976744186052,True,correct,correct;high_confidence;feature_missingness,DECISION-TIME
2f5fb1bb0dba9cd78c085cb1,random_stratified,1,6432103,1,1,1,600,600,29.296875,29.296875,25,25,1,1,1,6432110,0,0.20978120978120979,0.20978120978120979,0.41956241956241958,False,high_confidence_error,false_negative;high_confidence,DECISION-TIME
f805023f2c567e9b1fccbb57,random_stratified,0,6433690,1,1,1,600,600,29.296875,29.296875,100,100,1,1,1,6433693,0,0.20978120978120979,0.20978120978120979,0.41956241956241958,True,correct,correct;high_confidence,DECISION-TIME
6d1087537d17e7531d1460df,random_stratified,0,6434596,1,1,1,800,800,35.15625,35.15625,100,100,1,1,1,6434604,0,0.20978120978120979,0.20978120978120979,0.41956241956241958,True,correct,correct;high_confidence,DECISION-TIME
a79e4112ce6405ee0983319a,random_stratified,1,6437017,1,1,1,600,600,29.296875,29.296875,300,300,1,1,1,6437030,0,0.14285714285714285,0.14285714285714285,0.2857142857142857,False,high_confidence_error,false_negative;high_confidence,DECISION-TIME
a3a64b454315ba39ca004726,random_stratified,0,6447044,1,1,1,1800,1800,58.59375,58.59375,100,100,1,2,2,6447981,0,0.20978120978120979,0.20978120978120979,0.41956241956241958,True,correct,correct;high_confidence,DECISION-TIME
fb37314e7c8864620d6c9df6,random_stratified,0,6448765,1,1,1,1800,1800,58.59375,58.59375,100,100,1,1,1,6448773,0,0.20978120978120979,0.20978120978120979,0.41956241956241958,True,correct,correct;high_confidence,DECISION-TIME
735b4fb4507f1294105f4ecc,random_stratified,0,6449352,1,1,10,50,50,29.296875,29.296875,100,100,1,10,7,6449355.2999999998,1,0.63414634146341464,0.63414634146341464,0.73170731707317072,False,low_confidence_error,false_positive;low_confidence,DECISION-TIME
